abstract_id,dups
690983,{'university of north dakota': 12}
690285,"{'universidad de carabobo': 6, 'universidad san francisco de quito': 12}"
689623,"{'indian institute of technology  bombay': 12, 'indian institute of technology bombay': 18}"
693016,"{'the university of texas at austin': 30, 'the university of texas at tyler': 6, 'brown university': 24}"
693805,{'reservoir engineering research institute': 12}
685179,"{'indian institute of technology kharagpur': 30, 'process consultant': 6}"
683467,"{'the university of tulsa': 12, 'university of tulsa': 6}"
683842,{'imperial college london': 6}
689976,{'tulane university': 18}
691466,"{'university of pittsburgh': 12, 'oak ridge institure of science and education': 6, 'national energy technology laboratory': 12, 'leidos research support team': 6}"
685550,"{'kuwait oil company': 12, 'kuwait university': 12}"
686395,"{'king fahd university of petroleum and minerals': 18, 'kfupm': 6, 'saudi aramco': 12}"
693745,"{'reservoir engineering research institute': 4, 'reri': 2}"
684611,{'the university of tulsa': 4}
684615,"{'texas aandm university - kingsville': 2, 'texas aandm university-kingsville': 4}"
686354,"{'zhejiang university': 10, 'tianjin university': 2, 'ningbo tech university': 2}"
691038,{'utah state university': 4}
685560,{'saudi aramco oil company': 6}
682367,{'university of calgary': 2}
701365,{'not found': 2}
688791,{'the ohio state university': 12}
690844,{'pennsylvania state university': 12}
692181,{'national renewable energy laboratory': 8}
691499,{'massachusetts institute of technology': 16}
688921,"{'university of kansas': 4, 'the university of kansas': 8}"
700656,{'not found': 4}
689823,{'michigan technological university': 24}
689951,"{'netl support contractor': 8, 'national energy technology laboratory': 24}"
691843,{'university of utah': 8}
701370,{'not found': 56}
701374,{'not found': 56}
701373,"{'mars  inc': 54, 'orbillion bio  inc': 56, 'twelve': 56, 'hax': 56, '': 2}"
690540,"{'argonne national laboratory': 20, 'oak ridge national laboratory': 4, 'national renewable energy laboratory': 8}"
689229,{'iowa state university': 12}
691359,"{'aspen technology  inc': 20, 'aspen technology inc': 8}"
686938,"{'process systems engineering   rwth aachen university': 4, 'jara-energy': 4, 'ku leuven': 4}"
686878,"{'tonkomo llc': 8, 'washington state university': 4, 'nexceris': 8, 'karlsruhe institute of technology': 12}"
687046,"{'division of energy and environment technology  kist school  university of science and technology': 4, 'korea institute of science and technology': 8}"
691292,"{'utah state university': 4, 'university of sfax': 2}"
691614,"{'stevens institute of technology': 2, 'new jersey center for microchemical systems  stevens institute of technology': 2}"
694010,{'purdue university': 4}
694041,{'purdue university': 4}
689382,{'university of texas at tyler': 4}
689487,{'university of texas at tyler': 4}
688639,{'university of texas at tyler': 4}
687594,"{'west virginia university': 6, 'netl support contractor': 4, 'national energy technology laboratory': 2}"
687761,"{'worcester polytechnic institute': 8, 'bath university': 2}"
690086,"{'saudi aramco': 4, 'sabic': 4}"
687730,{'pacific northwest national laboratory': 14}
686020,{'kbc advanced technologies inc': 4}
683457,"{'national energy technology laboratory': 6, 'netl support contractor': 2, 'university of pittsburgh': 4}"
681514,"{'indian institute of technology guwahati': 4, 'indian institute of technology madras': 2}"
682027,{'west virginia university': 8}
690854,{'virginia commonwealth university': 4}
691797,{'brigham young university': 8}
690347,{'lafayette college': 4}
693508,{'brigham young university': 8}
686036,{'clemson university': 4}
684051,{'university of calgary': 10}
684143,{'independent consultant': 2}
690974,"{'aspentech de mexico': 2, 'mexican institute of petroleum': 4}"
688740,"{'university of texas at tyler': 4, 'university of tulsa': 2}"
693188,"{'south dakota school of mines and technology': 6, 'south dakota school of mines andtechnology': 2}"
689962,"{'university of padova': 4, 'montana state university-northern': 2, 'old dominion university': 2}"
693307,"{'south dakota school of mines and technology': 6, 'south dakota mines': 2, 'idaho national laboratory': 2, 'old dominion university': 2, 'virginia commonwealth university': 2, 'south dakota school of mines andtechnology': 2}"
686249,{'pacific northwest national laboratory': 8}
693589,"{'south dakota school of mines and technology': 6, 'south dakota mines': 2, 'south dakota school of mines andtechnology': 2}"
686104,{'biofine technology llc': 2}
701371,{'not found': 56}
701375,{'not found': 56}
701372,"{'tufts university': 56, 'the better meat co': 56, 'biomade': 56, 'mars  inc': 56}"
693491,"{'university of colorado boulder': 24, 'forge nano': 8}"
693586,{'university of arkansas': 8}
693270,{'fei': 16}
693129,"{'department of chemical engineering  massachusetts institute of technology': 8, 'department of chemical engineering  technion': 8, 'massachusetts institute of technology': 8}"
688162,{'national cheng kung university': 8}
688404,"{'kangwon national university  samcheok campus': 8, 'kyung hee university': 4, 'university of kentucky': 4, 'kangwon national university': 4}"
687936,{'king fahd university of petroleum and minerals': 4}
686391,"{'king fahd university of petroleum and minerals': 12, 'kfupm': 4, 'saudi aramco': 8}"
684012,{'korea research institute of chemical technology': 12}
682491,{'kongju national university': 20}
682499,"{'university of south africa': 12, 'hebei university of science and technology': 4}"
682446,{'retired': 4}
692097,{'netl': 4}
689660,"{'saudi aramco': 12, 'saudi aramco oil company': 4}"
698817,"{'warsaw university of technology': 4, 'eli lilly and company': 4}"
700534,{'not found': 4}
693638,"{'texas aandm university': 20, 'texas aandm': 4, 'university of missouri': 4, 'washington university in st  louis': 4}"
692980,"{'andrews university': 8, 'technical university of denmark': 4, 'ypf': 4}"
692348,{'stanford university': 4}
691389,{'argonne national laboratory': 12}
691050,"{'massachusetts institute of technology': 24, 'national energy technology laboratory': 4}"
690229,{'indian institute of technology  bombay': 8}
687545,{'pacific northwest national laboratory': 28}
688841,"{'west virginia university': 36, 'pacific northwest national laboratory': 18, 'north carolina state university': 18, 'h quest vanguard  inc': 6}"
690160,{'national energy technology laboratory': 12}
689530,{'stanford university': 54}
689541,"{'hankyong national university': 12, 'korea institute of industrial technology': 6, 'pohang university of science and technology': 6}"
693961,{'university of maryland': 6}
689445,{'saudi aramco': 42}
691747,"{'national university of singapore': 18, 'agency for science  technology and research': 12}"
699349,{'dow': 16}
697729,{'abbvie inc': 16}
700352,{'exxonmobil': 16}
700351,{'siemens industry software inc': 16}
697246,{'dupont': 16}
697311,{'carnegie mellon university': 56}
688015,{'university of alberta': 6}
688105,"{'washington university in st  louis': 4, 'gti energy': 2, 'university at buffalo': 2}"
686263,"{'dlr': 8, 'german aerospace center': 2}"
684906,"{'national cheng kung university': 4, 'city university of hong kong': 2}"
686558,"{'mit energy initiative': 2, 'mit department of mechanical engineering': 2, 'massachusetts institute of technology': 8}"
701308,{'not found': 2}
684325,"{'university of california riverside': 4, 'university of california  riverside': 2}"
684766,"{'university of maine': 8, 'university of southern maine': 2}"
689373,{'korea advanced institute of science and technology': 6}
685741,{'west virginia university': 10}
684348,{'the university of texas at el paso': 6}
687456,"{'national energy technology laboratory': 4, 'netl support contractor': 6}"
687087,"{'precision combustion  inc': 4, 'ge aerospace': 2}"
685129,"{'institution': 6, 'korea advanced institute of science and technology': 2}"
691272,{'university of utah': 6}
689406,{'south asian university': 6}
687003,"{'university of natural resources and life sciences': 2, 'chalmers university of technology': 2}"
693815,{'new mexico tech': 6}
700083,{'université de sherbrooke': 2}
682763,{'iowa state university': 4}
689744,{'saudi aramco': 18}
688778,{'university of kentucky': 6}
688181,"{'university at buffalo': 8, 'university of south carolina': 4}"
688277,{'université de sherbrooke': 8}
684641,"{'national energy technology laboratory': 2, 'u s  dept  of energy': 2}"
683779,{'west virginia university': 6}
686320,"{'lamar university': 6, 'wayne state university': 2}"
687107,"{'louisiana state university': 8, 'mezzo technologies': 4}"
687837,{'tsinghua university': 4}
693051,{'university of florida': 4}
684082,{'sinopec': 2}
688266,{'lamar university': 6}
700964,{'not found': 2}
684562,"{'università degli studi di padova': 4, 'université de sherbrooke': 2}"
688994,"{'kfupm': 2, 'king fahd university of petroleum and minerals': 6}"
683898,{'university college london': 16}
684422,"{'technical university of darmstadt': 8, 'friedrich-alexander-universität erlangen-nürnberg': 4}"
684940,"{'university of florida': 4, '': 4}"
686944,{'national university of singapore': 8}
700313,{'not found': 4}
689226,{'northwestern university': 8}
689565,"{'university of canterbury': 8, 'robinson research institute': 16, 'callaghan innovation': 4, 'university of wollongong': 8, 'ansto': 4}"
691818,{'massachusetts institute of technology': 12}
698800,{'university of utah': 2}
698801,{'massachusetts institute of technology': 2}
698802,{'cornell university': 2}
698475,{'not found': 8}
686737,{'university of california  los angeles': 32}
687838,{'rice university': 24}
692021,{'university of sheffield': 16}
685507,"{'indian institute of technology  bombay': 8, 'indian institute of technology bombay': 8}"
691928,{'massachusetts institute of technology': 14}
689546,{'university of naples federico ii': 42}
689205,{'the ohio state university': 98}
688224,"{'king fahad university of petroleum and minerals': 14, 'king fahd university of petroleum and minerals': 14}"
692904,{'massachusetts institute of technology': 56}
691870,"{'university of ribeirão preto': 28, 'etech ethanol engineering and technology': 14}"
690265,"{'west virginia university': 28, 'carnegie mellon university': 14, 'national energy technology laboratory': 14, 'aristosys  llc  contractor to national energy technology laboratory': 14}"
700099,{'not found': 14}
691882,{'purdue university': 28}
689025,"{'rowan university': 28, 'csir - central salt and marine chemicals research institute': 14}"
701496,{'not found': 4}
689245,{'university of utah': 12}
692705,"{'university of illinois chicago': 4, 'university of illinois at chicago': 8}"
692791,{'lehigh university': 24}
692993,{'harvard medical school': 16}
693693,"{'university of california los angeles': 4, 'ucla henry samueli school of engineering and applied science': 4}"
694019,{'pacific northwest national laboratory': 56}
687894,{'posco holdings': 24}
691372,{'georgia institute of technology': 12}
693174,{'university of kentucky': 12}
693389,"{'university at buffalo  the state university of new york': 12, 'university of colorado boulder': 8}"
690802,"{'university of illinois chicago': 12, 'oklahoma state university': 8}"
685745,{'the university of texas at austin': 12}
688831,{'the university of texas at austin': 20}
690987,"{'the university of alabama': 8, 'university of alabama': 8}"
687145,{'argonne national laboratory': 8}
689214,"{'university of kansas': 8, 'university of notre dame': 8}"
685996,{'university of kansas': 8}
684383,"{'universidad nacional de colombia': 4, 'univ lille  centrale lille  enscl  univ artois  umr 8181 - uccs- unité de catalyse et chimie du solide': 4, 'max-planck institute of colloids and interfaces': 4}"
691689,{'west virginia university': 10}
686563,{'university of pittsburgh': 2}
687884,"{'indian institute of technology bombay': 2, 'indian institute of technology  bombay': 2}"
688490,{'kaust': 10}
693875,{'indian institute of technology roorkee': 4}
694197,"{'texas aandm': 4, 'washington university in st  louis': 12, 'texas aandm university': 12, 'the university of tennessee knoxville': 4, 'washington state university': 4, 'texas transportation institute': 4, 'university of missouri': 4}"
682634,"{'washington state university': 8, 'pacific northwest national laboratory': 16, 'pnnl': 4, 'canmetenergy': 4}"
700456,{'not found': 4}
689212,"{'washington university in st  louis': 8, 'texas aandm university': 12, 'texas aandm': 12, 'washington state university': 8, 'university of tennessee': 8, 'university of tennessee-knoxville': 4, 'university of missouri': 4}"
691182,{'washington university in st louis': 12}
692448,"{'university of tennessee-knoxville': 12, 'university of california  riverside and center for environmental research and technology': 4, 'clark atlanta university': 4, 'suny college of environmental science and forestry': 12, 'state university of new york environmental science and forestry': 4, 'university of tennessee': 4}"
694236,{'university of new haven': 4}
688816,"{'universiry college london': 4, 'university college london': 8, 'university college london - torrington place': 4, 'imperial college london': 8}"
699139,{'not found': 4}
690609,{'eth zürich': 12}
691473,"{'aristotle university of thessaloniki': 14, 'center for interdisciplinary research and innovation of aristotle university of thessaloniki': 4, 'swedish environmental research institute': 16, 'italian national institute of health': 4, 'mario negri institute for pharmacological research': 4, 'norwegian institute for air research': 4, 'government of the united kingdom': 2, 'brunel university london': 2, 'university of naples federico i': 4, 'finnish institute of occupational health': 4, 'european environmental agency': 2, 'swiss federal laboratories for materials science and technology': 4, 'national institute of safety and health at work': 2, 'bionanonet': 2, 'masaryk university': 2, 'national institute for public health and the environment': 6, 'ministry of development': 2, '': 58}"
691009,"{'iit mumbai': 8, 'indian institute of technology - bombay': 4, 'vishwamitra research institute': 4}"
701261,{'not found': 4}
692494,"{'arizona state university': 4, 'ohio state university': 4}"
683216,"{'netl support contractor': 8, 'national energy technology laboratory': 16}"
683437,{'khalifa university': 8}
684101,{'tsinghua university': 8}
688017,{'south dakota state university': 8}
688023,{'south dakota state university': 8}
688173,{'wayne state university': 12}
688251,"{'wayne state university': 12, 'powercell': 4}"
689826,{'khalifa university': 4}
690791,{'pacific northwest national laboratory': 28}
691276,{'khalifa university': 8}
690911,"{'texas aandm university': 12, 'texas aandm energy institute  texas aandm university': 4}"
691191,{'argonne national laboratory': 24}
691643,{'massachusetts institute of technology': 16}
691933,{'argonne national laboratory': 24}
692240,{'massachusetts institute of technology': 16}
682388,"{'georgia institute of technology': 8, 'avnos': 8}"
683041,{'engineers india limited': 4}
691209,"{'the university of akron': 4, 'university of akron': 4, 'university of south carolina': 4}"
688725,"{'the university of alabama': 4, 'university of alabama': 4}"
690799,{'michigan technological university': 20}
688546,"{'northwestern university': 8, 'columbia university': 12}"
700890,{'not found': 4}
687857,"{'cospe  hankyong national university': 4, 'hankyong national university': 8, 'korea institute of industrial technology': 8}"
701357,{'university of california  los angeles': 2}
697220,{'not found': 2}
697219,{'inga group': 2}
701358,{'university of california  los angeles': 2}
699129,{'not found': 2}
700975,{'uc davis': 2}
700976,{'brigham young university': 2}
700594,"{'northeastern university': 2, 'us environmental protection agency': 2}"
700595,"{'northwestern university': 2, 'michigan technological university': 2}"
699131,{'not found': 2}
698236,{'not found': 8}
698234,{'massachusetts institute of technology': 8}
698237,{'not found': 8}
697309,{'the university of texas at austin': 2}
696647,{'the lubrizol corporation': 4}
696447,{'dupont': 4}
696297,{'mission possible partnership': 4}
695911,{'oxy low carbon ventures': 4}
698099,{'not found': 4}
685779,{'massachusetts institute of technology': 16}
688858,{'west virginia university': 12}
688927,{'lawrence livermore national laboratory': 20}
693252,{'texas aandm university': 16}
682151,"{'iowa state university': 8, 'university of iowa': 4}"
686939,"{'max planck institute for dynamics of complex technical systems': 4, 'otto von guericke university': 4}"
699650,{'university of missouri-columbia': 2}
699652,{'university of california  los angeles': 6}
699653,{'the university of alabama': 6}
699654,{'pennsylvania state university': 6}
699655,{'johns hopkins university': 4}
699656,{'university of notre dame': 2}
699657,{'imperial college london': 8}
697524,{'not found': 2}
697525,{'department of energy': 2}
697526,{'science history institute': 2}
697521,{'not found': 2}
697527,{'university of new mexico': 2}
697522,{'not found': 2}
697523,{'not found': 2}
695711,{'jhu': 2}
695636,{'kansas state university': 2}
695100,{'stony brook university': 2}
694243,{'new mexico institute of mining and technology': 2}
695751,{'not found': 2}
699775,{'epixc': 2}
699776,{'refinity': 2}
699780,{'stanford university': 2}
699781,{'siemens industry software inc': 2}
699782,{'university of south carolina': 2}
699783,{'not found': 2}
699784,{'not found': 2}
699785,{'not found': 2}
699786,"{'exxonmobil': 2, 'the dow chemical company': 2, 'siemens industry software inc': 2, 'stanford university': 2, 'nexight group': 2, 'gti energy': 2, 'university of south carolina': 2, 'refinity': 2, 'epixc': 2}"
695842,{'washington state university': 2}
694944,{'kaist': 2}
695635,{'university of nebraska-lincoln': 2}
694248,{'korea university': 2}
695800,{'auburn university': 2}
696075,{'not found': 2}
696056,{'stony brook university': 2}
696076,{'not found': 2}
696077,{'not found': 2}
699787,{'not found': 2}
699788,{'not found': 2}
697310,{'boston university': 4}
699908,{'pacific northwest national laboratory': 2}
697244,"{'new york university': 2, 'dow': 2}"
697245,"{'dow': 2, 'new york university': 2}"
698480,"{'georgia institute of technology': 2, 'avnos  inc': 2}"
700632,{'exxon mobil research and engineering': 2}
697728,{'lyten': 4}
697404,{'united cleanup oak ridge llc': 8}
697250,{'mid-atlantic technology  research and innovation center': 4}
697249,{'the lubrizol corporation': 12}
683418,{'mission possible partnership': 4}
689902,{'dastur energy  inc': 20}
696721,{'evonik nutrition and care gmbh': 4}
696402,{'bipc': 4}
696347,{'iso iec joint technical committee - quantum technologies': 4}
696655,{'aiche': 4}
697248,{'ials consulting': 2}
697247,{'the lubrizol corporation': 6}
691694,{'university of michigan': 4}
684617,{'university of sheffield': 4}
682328,{'penn state university': 2}
686618,{'michigan state university': 8}
687508,"{'pennsylvania state university': 8, 'the pennsylvania state university': 2}"
701275,{'not found': 2}
689233,{'university of south carolina': 6}
699620,{'university of michigan': 8}
691186,"{'vrije universiteit brussel': 8, 'vub': 2}"
691595,{'north carolina state university': 12}
693054,"{'the pennsylvania state university': 6, 'department of biology and entomology  pennsylvania state university': 4, 'penn state university': 2, 'department of internal medicine  university of michigan': 2}"
693420,{'university of maryland': 6}
693740,{'university of houston': 4}
694735,{'university of south florida': 2}
694734,{'vivodyne  inc': 2}
694733,{'university of virginia': 2}
690608,"{'university of delaware': 12, 'milliporesigma': 10, 'agilent technologies': 6}"
684093,"{'university college london': 6, 'university college hospital': 2}"
692213,{'vanderbilt university': 8}
694736,"{'university of south florida': 2, 'vivodyne  inc': 2, 'university of virginia': 2}"
701459,{'not found': 2}
695089,{'university of california san diego': 6}
687531,"{'university of delaware': 14, 'milliporesigma': 8, 'agilent technologies': 4}"
687742,{'stanford university': 10}
690019,{'harvard university': 6}
693119,"{'massachusetts institute of technology': 6, 'broad institute': 2}"
693477,{'university of illinois urbana-champaign': 4}
688859,{'university of colorado boulder': 4}
688220,{'university of chicago': 14}
692069,{'massachusetts institute of technology': 2}
694621,{'university of minnesota': 2}
692945,{'university of california  santa barbara': 4}
688952,"{'argonne national laboratory': 2, 'the university of chicago': 2, 'university of chicago': 4}"
682561,"{'nc state university': 4, 'institut charles sadron': 2}"
692053,"{'department of chemical and biomolecular engineering  university of delaware  newark': 4, 'university of delaware': 2}"
689381,{'colorado state university': 6}
689862,{'princeton university': 4}
693092,{'massachusetts institute of technology': 6}
686587,"{'university of oklahoma': 10, 'the university of oklahoma': 2}"
684576,"{'north carolina state university': 8, 'university of southern mississippi': 4, 'california institute of technology': 8, 'ohio state university': 4, 'semmelweis university': 4}"
689257,{'university of tennessee': 16}
693695,"{'university of illinois chicago': 12, 'university of chicago': 4}"
700634,{'not found': 4}
691142,{'university of florida': 8}
692898,{'university of michigan': 12}
688588,"{'the university of texas at austin': 16, 'mcketta department of chemical engineering  the university of texas at austin': 4}"
688912,"{'university of california, los angeles': 8}"
688117,{'stanford university': 24}
691438,{'university of south florida': 12}
687413,{'the dow chemical company': 26}
687018,{'eaton corporation': 2}
690717,{'the dow chemical company': 10}
691355,{'3m company': 2}
685347,{'dow': 2}
690454,{'the dow chemical company': 8}
694869,"{'the dow chemical company': 4, 'eaton corporation': 2, 'dow': 4, '3m company': 2}"
692819,{'rensselaer polytechnic institute': 42}
693647,{'rensselaer polytechnic institute': 14}
692684,{'rensselaer polytechnic institute': 14}
696407,{'rensselaer polytechnic institute': 14}
692008,{'rensselaer polytechnic institute': 14}
696442,{'rpi': 14}
693067,{'rensselaer polytechnic institute': 14}
687238,{'university of minnesota': 8}
690545,{'university of massachusetts amherst': 2}
692839,{'massachusetts institute of technology': 2}
694430,{'stanford university': 2}
689177,{'university of texas at austin': 2}
688100,{'university of colorado boulder': 2}
688738,{'case western reserve university': 2}
694184,{'university of delaware': 6}
693637,{'tufts university': 4}
683145,"{'university of southern california': 8, 'university of rochester': 2}"
691381,{'united states military academy': 10}
687223,"{'university of mississippi': 14, 'mississippi state university': 2, 'u s  army engineer research and development center': 2}"
685559,"{'department of chemical engineering tsinghua university': 2, 'tsinghua university': 2}"
688042,{'university of alberta': 2}
687891,"{'lysis consulting p c': 2, 'abu dhabi university': 4, 'aristotle university of thessaloniki': 2}"
693634,{'indian institute of technology  gandhinagar': 4}
694943,{'johns hopkins university school of medicine': 2}
701255,{'not found': 2}
685220,{'university of notre dame': 12}
689883,{'cornell university': 10}
690177,{'university of kentucky': 12}
690910,{'stanford university': 2}
692579,"{'nyu tandon school of engineering': 4, 'new york university': 2, 'johannes gutenberg university mainz': 4, 'new york university tandon school of engineering': 4, 'nyu college of dentistry': 4}"
693639,{'arizona state university': 14}
692677,{'university of southern california': 4}
684418,{'university of chicago': 4}
686077,"{'tufts university': 6, 'suny college of environmental science and forestry': 2}"
688278,"{'city college of new york  cuny': 6, 'advanced science research center at the cuny graduate center': 4, 'city college of new york': 2}"
685414,{'harvard university': 8}
688050,{'university of alberta': 2}
688109,{'university of california  berkeley': 4}
689360,{'california institute of technology': 4}
689965,"{'northeastern university': 4, 'university of pennsylvania': 6}"
692236,"{'university of california': 2, 'lawrence berkeley national laboratory': 2}"
684681,{'massachusetts institute of technology': 2}
691189,"{'university of massachusetts-amherst': 2, 'umass amherst  department of chemical engineering': 2, 'university of massachusetts amherst': 4, 'university of massachusetts': 2}"
693954,"{'university at buffalo  the state university of new york': 4, 'institute for lasers  photonics and biophotonics  university at buffalo': 2, 'university at buffalo': 4}"
691319,{'university of houston': 8}
689065,"{'georgia institute of technology': 4, 'university of wisconsin-madison': 2}"
692111,{'oregon state university': 6}
693241,{'university of nebraska-lincoln': 10}
686343,{'the university of tokyo': 12}
688547,{'indian institute of technology kharagpur': 4}
683481,"{'pakistan institute of engineering and applied sciences': 4, 'pakistan institute of nuclear science and technology': 4, 'khalifa university': 4}"
692227,"{'university of california  los angeles': 2, 'university of california, los angeles': 4}"
683139,{'lehigh university': 8}
683637,{'university of minnesota': 2}
687851,{'university of southern california': 2}
688186,{'the university of texas at austin': 10}
694877,{'texas aandm university': 2}
690934,{'new jersey institute of technology': 4}
694876,{'columbia university': 2}
695304,{'not found': 2}
685248,{'national renewable energy laboratory': 2}
692020,{'colorado school of mines': 6}
690739,{'new york university': 2}
689217,"{'university of massachusetts lowell': 14, 'umass lowell': 2}"
695300,{'not found': 2}
683827,{'rice university': 2}
695013,{'university of michigan': 2}
683377,"{'purdue university': 6, 'university of illinois urbana-champaign': 2}"
684471,{'university of california-los angeles': 10}
691682,{'university of connecticut': 10}
686118,{'auburn university': 4}
683590,"{'xi an jiaotong university': 6, 'northumbria university': 4, 'university of california  los angeles': 2, 'university of alberta': 2, 'university of tennessee': 2, 'xi an jiaotong uni': 2, 'university of california, los angeles': 2, 'ulca': 2, 'northumbria uni': 4, 'ore catapult': 2}"
692576,"{'qatar university': 8, 'texas aandm university at qatar': 4, 'university of waterloo': 4, 'national research council canada': 2}"
686356,"{'qatar university': 8, 'exxonmobil research qatar': 2, 'university of alberta': 2}"
686361,"{'ibb university': 2, 'kfupm': 2, 'qatar university': 4, 'king fahd university of petroleum and minerals': 2}"
688402,{'the university of jordan': 6}
689046,{'north carolina state university': 4}
685354,"{'king fahd university of petroleum and minerals': 2, 'kfupm': 2, 'university of sharjah': 2}"
692426,{'georgia state university': 2}
689001,{'the university of tulsa': 8}
693753,"{'the university of alabama': 2, 'university of alabama': 2}"
693341,{'university of houston': 4}
683270,"{'sungkyunkwan university': 8, 'khalifa university': 4}"
686382,"{'university of bologna': 2, 'alma mater studiorum - university of bologna': 4, 'national research council': 2}"
683921,{'indian institute of science': 4}
691152,"{'university of illinois at chicago': 6, 'university of virginia': 4, 'massachusetts institute of technology': 2}"
689130,"{'mork family department of chemical engineering and materials science  university of southern california': 6, 'university of southern california': 6}"
688718,{'university of minnesota-twin cities': 4}
695015,{'stanford university': 4}
685992,"{'the pennsylvania state university': 4, 'henkel': 4}"
691703,{'university of colorado boulder': 12}
690418,{'princeton': 4}
691253,"{'stanford university': 24, 'university of bayreuth': 4, 'university of california  merced': 8}"
688653,"{'university of tennessee': 8, 'virginia polytechnic institute and state university': 8, 'virginia tech': 4}"
689911,{'vanderbilt university': 16}
689535,{'university college cork': 8}
686895,"{'kitech': 4, 'korea institute of industrial technology': 12}"
687922,{'the university of toledo': 4}
693239,{'massachusetts institute of technology': 12}
693445,{'the university of maine': 8}
691091,"{'university of puerto rico - mayagüez': 4, 'universidad del atlántico': 4, 'university of puerto rico  mayaguez': 4}"
682494,{'korea institute of science and technology': 4}
684045,{'keio university': 12}
689175,{'lehigh university': 4}
684227,"{'korea advanced institute of science and technology': 8, 'pukyong national university': 8, 'los alamos national laboratory': 4}"
685157,"{'eth zurich': 12, 'korea advanced institute of science and technology': 12}"
687823,{'tsinghua university': 24}
689446,{'university of michigan': 4}
687543,"{'university of oklahoma': 16, 'university of wisconsin-madison': 4}"
688209,"{'drexel university': 8, 'massachusetts institute of technology': 8}"
691431,{'rice university': 12}
692675,{'university of arkansas': 12}
693598,{'university of oklahoma': 8}
693223,{'rice university': 12}
691167,"{'university of florida': 20, 'georgia institute of technology': 4, 'matmerize': 4}"
690027,{'university of florida': 8}
686809,{'university of oklahoma': 8}
690198,{'bucknell university': 4}
691974,{'university of florida': 8}
686271,"{'the ohio state university': 4, 'national taiwan university': 4, 'arizona state university': 4}"
692461,{'texas aandm university': 20}
697907,{'3p instruments': 12}
697956,{'king fahd university of petroleum and minerals': 4}
685312,{'stanford university': 8}
686221,"{'university of pittsburgh': 8, 'upmc surgery department': 4, 'hemocleanse technologies  llc': 4}"
687819,"{'famu-fsu college of engineering  florida state university': 8, 'high performance materials institute  florida state university': 4}"
688640,{'famu-fsu college of engineering  florida state university': 20}
689842,{'iitb': 4}
690392,{'university of houston': 8}
690801,{'massachusetts institute of technology': 4}
691406,{'university of houston': 16}
692468,{'university of utah': 8}
693220,"{'university of california, san diego': 4}"
693481,"{'university of california  riverside': 24, 'utrecht university': 4}"
693700,{'indian institute of technology bombay': 8}
686781,"{'los alamos national laboratory': 20, 'university of oklahoma': 4}"
691224,{'university of utah': 8}
693300,{'university of massachusetts-lowell': 4}
689337,"{'university of maryland baltimore county': 4, 'university of arkansas': 4, 'umbc': 4}"
688206,"{'university of arkansas': 24, 'university of maryland baltimore county': 8}"
690153,"{'penn state': 12, 'the pennsylvania state university': 4}"
690808,"{'penn state': 16, 'university of connecticut health center': 16, 'the pennsylvania state university': 4}"
691992,{'california institute of technology': 16}
697734,{'instituto de desarrollo tecnológico para la industria química  intec': 4}
687708,"{'university of virginia': 4, 'us department of energy': 4, 'doe netl': 4}"
688007,"{'georgia institute of technology': 8, 'university of wisconsin-madison': 4}"
688827,"{'center of excellence for aerospace particulate emissions reduction research missouri sandt  65409': 4, 'missouri university of science and technology  65409': 4}"
690494,"{'stanford university': 4, 'korea institute of science and technology': 4, 'korea advanced institute of science and technology': 4}"
690638,{'university of houston': 8}
690783,"{'university of houston': 20, 'stockholm university': 8, 'stony brook university': 12}"
691396,"{'university of houston': 16, 'university of pittsburgh': 8, 'rice university': 4}"
691877,"{'university of pittsburgh': 8, 'naval research labratory': 8, 'the pennsylvania state university': 4}"
692584,"{'university of colorado boulder': 8, 'cu boulder': 4, 'university of alabama in huntsville': 4, 'nasa marshall space flight center': 4}"
693026,{'university of houston': 16}
682396,"{'fau erlangen-nürnberg': 4, 'friedrich-alexander-universität erlangen-nürnberg': 4}"
691275,{'national laboratory astana  nazarbayev university': 4}
700134,{'khalifa university of science and technology': 28}
696362,{'texas aandm university': 32}
689701,"{'university college dublin  ireland': 8, 'university college dublin': 10, '': 2}"
687969,"{'purdue university': 12, 'university of illinois urbana-champaign': 4}"
683207,"{'netl support contractor': 12, 'national energy technology laboratory': 12}"
683731,{'yeungnam university': 12}
685336,{'north carolina state university': 20}
693913,"{'university of minnesota': 24, 'texas tech university': 4}"
693667,{'indian institute of technology madras': 12}
688403,{'kaust': 24}
688732,"{'pennsylvania state university': 4, 'penn state university': 4}"
687384,{'florida institute of technology': 16}
686153,"{'university of new mexico': 12, 'the university of new mexico': 4}"
699248,{'purdue university': 4}
699490,{'kwangwoon university': 4}
699493,{'kwangwoon university': 4}
686852,"{'kitech': 4, 'korea institute of industrial technology': 16, 'korea institute of science and technology': 4}"
689249,{'university of alabama': 12}
692875,{'university of georgia': 8}
693020,{'rowan university': 16}
685263,{'not found': 4}
694014,{'oakland university': 4}
692954,{'louisiana state university': 20}
693080,"{'the university of maine': 8, 'university of maine': 4}"
688449,{'bucknell university': 8}
686240,{'arizona state university': 8}
686322,{'qatar university': 16}
687438,{'king fahd university of petroleum and minerals': 12}
687379,"{'university of mississippi': 8, 'university of queensland': 4}"
688939,{'georgia institute of technology': 24}
686522,"{'arizona state university': 4, 'university of georgia': 4}"
683992,"{'the university of tennessee': 4, 'university of tennessee  knoxville': 4, 'university of tennessee': 8}"
689689,{'north carolina state university': 12}
696401,{'u s  department of energy': 14}
696403,{'century therapeutics': 14}
696405,{'merlyn emergence': 28}
696409,{'university college london': 14}
696406,{'georgia institute of technology': 14}
690394,"{'guangdong technion-israel institute of technology': 28, 'guangdong technion isreal institute of technology': 14, 'guangdong technion - israel institute of technology': 14}"
700093,{'massachusetts institute of technology': 14}
694941,{'georgia institute of technology': 2}
689988,{'university of florida': 8}
693517,{'university of california  irvine': 18}
692876,{'georgia institute of technology': 6}
690193,{'massachusetts institute of technology': 4}
691841,{'university of california  irvine': 10}
683896,"{'virginia tech': 4, 'virginia polytechnic institute and state universit': 2}"
692161,{'massachusetts institute of technology': 4}
692900,{'harvard university': 8}
693923,{'university of south florida': 8}
691702,"{'new jersey institute of technology': 6, 'ben-gurion university of the negev': 2, 'njit dept of chemical and materials engineering': 2}"
689930,"{'northumbria university': 8, 'ore catapult': 2}"
691380,{'university of minnesota   twin cities': 12}
684943,"{'university of minnesota': 2, 'texas aandm university': 4}"
684922,{'king fahd university of petroleum and minerals': 6}
684513,{'sungkyunkwan university': 12}
691852,"{'clemson university': 2, 'villanova university': 2}"
693784,{'indian institute of technology madras': 6}
682545,"{'texas aandm university': 24, 'argonne national laboratory': 8, 'university of chicago': 8}"
691653,{'massachusetts institute of technology': 8}
686660,"{'university of chicago': 8, 'argonne national laboratory': 16}"
694506,{'georgia institute of technology': 8}
684896,{'rice university': 8}
685417,{'massachusetts institute of technology': 2}
694448,{'universite catholique de louvain': 2}
693506,{'university of california  irvine': 2}
684306,{'the university of texas at austin': 10}
683380,"{'yale university': 8, 'purdue university': 4}"
688463,{'university of minnesota   twin cities': 12}
685979,"{'university of massachusetts amherst': 2, 'university of massachusetts': 2}"
689822,"{'wayne state university': 2, 'lawrence livermore national laboratory': 2, 'university of wisconsin - madison': 4, 'university of utah': 2, 'national institute of standards and technology  brookhaven national laboratory': 2, 'brookhaven national laboratory': 2, 'university of wisconsin-madison': 2, 'national institute of standards and technology': 2}"
688264,"{'university of maryland': 2, 'national university of singapore': 2}"
692432,"{'university of california  los angeles': 6, 'university of california-los angeles': 2}"
685321,{'university of minnesota   twin cities': 8}
690007,"{'worcester polytechnic institute': 4, 'university of akron': 2}"
685393,{'stanford university': 10}
690580,"{'the university of southern mississippi': 14, 'university of missouri columbia': 2, '': 2}"
691054,{'university of florida': 6}
691497,{'rice university': 6}
682297,"{'department of chemical and biomolecular engineering  new york university tandon school of engineering  brooklyn  new york  11201  usa': 6, 'colorado school of mines': 4, 'new york university': 8, 'brookhaven national laboratory': 2, 'new york university langone health': 2, 'university of delaware': 6, 'department of microbiology  new york university grossman school of medicine  new york  new york  10016  usa': 2, 'bernard and irene schwartz center for biomedical imaging  department of radiology  new york university grossman school of medicine  new york  new york  10016  usa': 6, 'department of radiation oncology  new york university grossman school of medicine  new york  new york  10016  usa': 2, 'corresponding authors': 2, 'new york university  tandon school of engineering': 2, 'new york university tandon school of engineering': 2}"
684405,"{'university of massachusetts amherst': 6, 'university of massachusetts - amherst': 2, 'basf se': 6}"
690301,"{'northwestern university': 8, 'the dow chemical company': 6, 'dow chemical company': 2}"
690497,{'princeton': 2}
691002,{'university of alabama': 6}
693776,"{'washington university in st  louis': 6, 'texas aandm university': 2}"
688201,"{'university of michigan': 4, 'cornell university': 4}"
701618,{'not found': 2}
686136,{'university of oklahoma': 8}
701619,{'not found': 2}
684366,{'the hong kong university of science and technology': 2}
684485,"{'purdue university': 4, 'university of colorado boulder': 16, 'university of oregon': 4}"
693392,{'university of maryland': 8}
689256,{'arizona state university': 8}
688065,{'massachusetts institute of technology': 8}
690283,{'university of north dakota': 8}
693566,{'california institute of technology': 24}
686766,"{'purdue university': 8, 'university of illinois urbana-champaign': 8, 'national yang ming chiao tung university': 8, 'university of delaware': 4}"
688565,{'the university of texas at austin': 16}
682657,"{'university of massachusetts lowell': 12, 'bentley university': 4, 'us army devcom soldier center': 4, 'university of massachussetts lowell': 4}"
693603,"{'arizona state university': 6, 'university of florida': 6, 'medical university of south carolina': 2}"
685022,{'university of notre dame': 4}
688071,{'university of notre dame': 10}
690090,"{'penn state': 18, 'the pennsylvania state university': 2}"
688212,{'university of notre dame': 14}
692678,"{'university of colorado  boulder': 2, 'cu boulder': 2, 'university of colorado boulder': 2}"
682456,{'university of new hampshire': 2}
690728,{'university of new hampshire': 4}
689349,"{'university of maryland baltimore county': 2, 'umbc': 2}"
684326,{'argonne national laboratory': 8}
693939,{'lawrence berkeley national laboratory': 8}
683541,{'university of delaware': 8}
690510,{'lakehead university': 8}
690812,{'georgia institute of technology': 24}
690097,"{'university of oklahoma': 16, 'university of wisconsin-madison': 4}"
691533,{'university of minnesota   twin cities': 16}
695293,{'carnegie mellon university': 4}
689804,{'us environmental protection agency': 4}
690249,"{'the university of kansas': 12, 'university of kansas': 12}"
693091,{'university of kentucky': 4}
691241,{'university of alabama': 8}
692614,{'university of rhode island': 4}
691106,"{'university of florida': 12, 'university of flroida': 4}"
693034,{'university of kentucky': 16}
683592,"{'us environmental protection agency': 12, 'oak ridge associated universities  us environmental protection agency': 4}"
684457,{'university of idaho': 8}
685764,"{'nc state university': 2, 'institute of macromolecular compounds of the russian academy of sciences': 2, 'cnrs  université de pau et des pays de l adour umr 5254  institut des sciences analytiques et de physico-chimie pour l environnement et les matériaux': 2}"
692057,{'california institute of technology': 6}
692546,"{'university of california berkeley': 2, 'university of california at berkeley': 2, 'university of california, berkeley': 2}"
686529,{'pennsylvania state university': 2}
686017,{'lehigh university': 4}
693136,"{'university of houston': 14, 'qatar university': 2, 'national institute of standards and technology': 2}"
683447,{'lehigh university': 4}
686663,{'texas aandm university': 2}
700696,{'not found': 2}
686475,"{'the university of texas at austin': 4, 'sivananthan laboratories inc': 2, 'sivananthan laboratories  inc': 2}"
687113,"{'university of illinois at urbana-champaign': 14, 'technical university of darmstadt': 4}"
695421,{'cornell university': 4}
691894,"{'university of california  los angeles': 2, 'university of california-los angeles': 2}"
695423,{'cornell university': 4}
688643,"{'purdue university': 6, 'university of illinois urbana-champaign': 2}"
695439,{'university of michigan': 4}
685659,{'university of michigan': 6}
687686,"{'university of california  los angeles': 2, 'imec': 4, 'university of california, los angeles': 2}"
682968,"{'university of illinois at urbana champaign': 14, 'princeton university': 2}"
687946,{'university of toronto': 2}
688055,{'sanofi': 4}
682574,{'university of washington': 2}
701246,{'not found': 2}
685410,{'cornell university': 8}
687233,{'university of idaho': 2}
692536,{'oregon state university': 2}
687391,"{'university of virginia': 14, 'glaxosmithkline': 2, 'us army devcom chemical biological center': 2}"
691950,{'mainstream engineering corporation': 14}
694093,"{'brookhaven national laboratory': 10, 'university of minnesota  twin cities': 4, 'johns hopkins university': 6, 'arizona state university': 2, 'university of minnesota': 2}"
684085,{'hkust': 2}
690333,{'mainstream engineering corporation': 8}
689380,{'zhejiang university': 2}
685734,"{'u s  army': 2, 'us army combat capabilities development command chemical biological center': 2}"
691624,"{'singapore-mit alliance for research and technology': 16, 'temasek life sciences laboratory': 8, 'massachusetts institute of technology': 8}"
695133,{'case western reserve university': 28}
687077,{'the ohio state university': 4}
688422,{'the chinese university of hong kong  shenzhen': 4}
693156,"{'penn state university': 4, 'the pennsylvania state university': 4}"
693105,{'stanford university': 8}
691171,{'university of illinois urbana-champaign': 4}
700463,{'not found': 4}
690217,{'auburn university': 12}
684044,{'keio university': 12}
691999,"{'university of pennsylvania': 6, 'sandia national laboratories': 2}"
693800,{'vanderbilt university': 2}
691367,"{'columbia university': 2, 'university of houston': 4}"
685708,"{'harvard university': 4, 'emmanuel college  university of cambridge': 2, 'harvard college': 6}"
691397,"{'university of california  riverside': 4, 'king saud bin abdulaziz university for health sciences  and king abdullah international medical research center  ministry of national guard health affairs': 2}"
692134,{'mississippi state university': 6}
686929,{'chang gung university': 6}
693615,{'south dakota school of mines and technology': 16}
686914,{'indian institute of technology bombay': 8}
683569,"{'auburn university': 16, 'tuskegee university': 12}"
689814,{'university of florida': 20}
686711,"{'university of louisiana at lafayette': 16, 'university of louisiana': 4}"
690250,"{'university of surrey': 12, 'mantisonix ltd': 4}"
684956,{'university of missouri': 16}
684074,{'the hong kong university of science and technology': 2}
694170,{'university of minnesota': 2}
694982,{'university of california  san diego': 18}
695438,{'university of california  san diego': 2}
691711,{'cornell university': 6}
685665,"{'department of chemical and biomolecular engineering  lehigh university': 2, 'georgia institute of technology': 2, 'lehigh university': 10, 'joint center for energy storage research': 2, 'indiana university': 2}"
687800,{'the ohio state university': 4}
688252,{'university of virginia': 4}
689348,"{'university of california  santa barbara': 6, 'the university of texas at austin': 4, 'the university of california  santa barbara': 4}"
689854,{'university of wisconsin madison': 6}
693414,{'california institute of technology': 6}
692151,"{'university of pennsylvania': 4, 'sandia national laboratories': 4}"
692431,{'michigan state university': 10}
692649,"{'university of pennsylvania': 6, 'harvard university': 2}"
691126,"{'imperial college london': 2, 'california institute of technology': 4}"
701495,{'not found': 4}
688197,{'stanford university': 20}
686811,{'university of oklahoma': 8}
693040,{'university of colorado boulder': 8}
691565,{'mississippi state university': 8}
690751,{'university of delaware': 12}
690477,"{'imperial college london': 32, 'university of oxford': 4}"
686307,{'zhejiang university': 12}
688717,"{'canakkale onsekiz mart univ': 4, 'canakkale onsekiz mart university': 8, 'dokuz eylul university': 4}"
690639,"{'university of texas  austin': 2, 'stanford university': 4}"
689594,{'stanford university': 10}
686572,"{'department of chemical and biomolecular engineering  lehigh university': 8, 'brookhaven national laboratory': 2, 'stony brook university': 4, 'lehigh university': 2}"
701299,{'not found': 2}
686000,{'university of connecticut': 6}
697739,"{'indian institute of technology madras': 6, 'swiss federal institute of materials and technology  empa': 2}"
684087,{'hkust': 2}
693457,{'shenzhen university': 12}
684894,{'university of oregon': 2}
694051,"{'university of colorado boulder': 2, 'university of colorado at boulder': 2}"
685067,{'korea advanced institute of science and technology': 6}
685716,{'university of michigan': 4}
691049,{'university of virginia': 4}
687327,{'uc irvine': 2}
686790,{'university of north dakota': 4}
687618,"{'lafayette college': 2, 'university of delaware': 8}"
686831,{'cornell university': 16}
688500,{'cornell university': 8}
690990,{'georgia institute of technology': 8}
682451,{'university of chicago': 8}
690610,"{'university of michigan': 40, 'university of california  riverside': 8}"
690521,{'the pennsylvania state university': 8}
691541,{'university of florida': 4}
701269,{'not found': 2}
697379,{'not found': 2}
690803,{'uc irvine': 12}
687126,{'university of nebraska-lincoln': 4}
682504,{'king fahd university of petroleum and mineral': 4}
691113,{'indian institute of technology bombay': 4}
695550,{'north carolina state university': 2}
695561,{'university of illinois at urbana-champaign': 2}
695573,{'university of michigan': 2}
696270,{'university of delaware': 2}
696152,{'massachusetts institute of technology': 2}
695071,{'university of virginia': 2}
688011,{'georgia institute of technology': 4}
692683,{'university of florida': 6}
687479,{'the university of alabama': 4}
688147,{'canakkale onsekiz mart university': 2}
688325,{'university of north carolina at charlotte': 4}
692723,"{'arizona state university': 2, 'university of georgia': 2}"
692846,{'university of georgia': 4}
699702,{'not found': 2}
691788,{'university of georgia': 4}
690104,"{'university of massachusetts lowell': 4, 'u s  army research laboratory': 2}"
689882,"{'university of massachusetts lowell': 8, 'university of colorado denver': 2, 'army research laboratory': 2}"
686863,"{'university of mississippi': 10, 'university of southern mississippi': 2, 'university of queensland': 2}"
690466,{'university of liege': 8}
688817,"{'texas aandm university': 8, 'university of minnesota': 2}"
689724,"{'university of california  riverside': 20, 'rowan university': 2, 'auburn university': 2, 'utrecht university': 2}"
690317,"{'penn state': 4, 'penn state college of medicine': 4, 'the pennsylvania state university': 2}"
686141,"{'university of pittsburgh': 4, 'upmc surgery department': 2, 'hemocleanse technologies  llc': 2}"
686178,"{'university of california san diego': 16, 'university of gothenburg': 6, 'cedars-sinai medical center': 2}"
683546,{'university college london': 6}
688857,{'stanford university': 8}
685759,{'university of notre dame': 8}
691972,{'university of florida': 4}
690734,{'massachusetts institute of technology': 6}
695069,"{'gsk': 2, 'university of virginia': 6}"
693533,{'south dakota school of mines and technology': 6}
690479,"{'canakkale onsekiz mart univ': 4, 'canakkale onsekiz mart university': 4}"
690946,{'auburn university': 10}
692354,"{'canakkale onsekiz mart university': 4, 'canakkale onsekiz mart univ': 2, 'university of south florida': 2}"
691405,{'university of missouri-columbia': 16}
689301,"{'carnegie mellon university': 4, 'massachusetts institue of technology': 2, 'massachusetts institute of technology': 2}"
693607,"{'louisiana state university': 14, 'louisiana tech university': 2}"
684810,"{'university of california  berkeley': 6, 'lawrence berkeley national laboratory': 4}"
690236,{'carnegie mellon university': 8}
693413,{'korea institute of energy technology': 6}
683716,{'university of michigan': 4}
693785,{'vanderbilt university': 2}
689075,{'virginia tech': 4}
690836,"{'texas aandm university': 6, 'army research lab': 2}"
693320,{'the university of maine': 4}
701545,{'not found': 2}
688739,"{'university of pittsburgh': 10, 'rochester institute of technology': 2}"
688217,"{'university of california  los angeles': 2, 'university of california-los angeles': 2}"
691347,"{'trinity college dublin': 6, 'école polytechnique fédérale de lausanne': 8}"
688368,{'university of rhode island': 2}
692616,{'stanford university': 4}
690455,{'georgia institute of technology': 10}
692024,{'university of akron': 2}
688523,"{'university of virginia': 6, 'johns hopkins university': 6, 'stanford synchrotron radiation lightsource  slac national accelerator laboratory': 2}"
687694,"{'university of california-los angeles': 4, 'university of california  los angeles': 6}"
691278,{'north carolina state university': 2}
691194,{'university of houston': 8}
685674,"{'university of colorado boulder': 2, 'purdue university': 2}"
687261,{'vanderbilt university': 10}
687921,{'northwestern university': 2}
700308,{'not found': 2}
691467,{'vanderbilt university': 4}
692602,"{'university of tennessee': 2, 'university of tennessee  knoxville': 2}"
688982,"{'lehigh university': 2, 'johns hopkins university': 2, 'cornell university': 2}"
688645,"{'university of colorado boulder': 6, 'forge nano': 6}"
693123,{'university of houston': 8}
683609,{'indian institute of science': 4}
693121,"{'purdue university': 4, 'university of maryland': 2}"
693221,"{'university of illinois at chicago': 6, 'university of illinois chicago': 2}"
695072,"{'university of california, los angeles': 2}"
688156,"{'university of arkansas': 6, 'umbc': 2}"
690872,"{'penn state': 10, 'penn state college of medicine': 4, 'penn state health milton s  hershey medical center': 2, 'the pennsylvania state university': 2}"
690158,{'iowa state university': 4}
695073,"{'northwestern university': 10, 'washington university school of medicine': 4, 'tsinghua university': 2}"
684283,"{'yale university': 4, 'university of california  santa barbara': 4}"
692270,"{'city college of new york': 4, 'the city college of new york': 2}"
682237,{'brigham young university': 6}
693236,{'university of mississippi medical center': 8}
695305,{'not found': 2}
695291,{'university of illinois at chicago': 10}
685227,{'university of illinois urbana-champaign': 4}
690534,"{'eth zürich': 10, 'paris-lodron university salzburg': 2}"
688347,"{'university of california  los angeles': 6, 'university of california  san diego': 4}"
700614,{'oregon state university': 2}
695299,{'not found': 2}
683890,{'the university of texas at austin': 2}
687952,{'south dakota state university': 4}
692039,{'virginia tech': 2}
693388,"{'university of illinois at chicago': 4, 'monash university': 2}"
688697,{'university of arizona': 2}
692183,{'massachusetts institute of technology': 4}
684066,{'university of california  berkeley': 4}
701267,{'not found': 2}
685538,{'national cheng kung university': 2}
691078,{'iit kharagpur': 8}
691879,"{'northeastern university': 4, 'university of maryland': 2}"
693669,{'georgia institute of technology': 12}
682864,{'university of new haven': 14}
694825,"{'university of wisconsin madison': 2, 'u  chicago': 2, 'lawrence berkeley national laboratory': 4, 'university of chicago': 2}"
686812,{'university of nebraska-lincoln': 6}
700367,{'not found': 2}
690360,{'technion - israel institute of technology': 6}
697368,{'not found': 2}
687039,"{'massachusetts institute of technology': 4, 'hanyang university': 2}"
684583,"{'massachusetts institute of technology': 2, 'stanford university': 2}"
686291,"{'university of pennsylvania': 12, 'university of massachusetts amherst': 4}"
683998,"{'university of houston': 8, 'carnegie mellon university': 2}"
692844,{'university of michigan': 2}
688528,"{'university of california  santa barbara': 2, 'the university of texas at austin': 6}"
691426,"{'university at buffalo  the state university of new york': 6, 'university at buffalo': 2}"
687199,"{'alma mater studiorum - university of bologna': 6, 'famu-fsu college of engineering': 2, 'florida aandm university-florida state university college of engineering': 2}"
685344,{'cornell university': 8}
690949,{'columbia university': 16}
691904,"{'university of rhode island': 16, 'rhode island school of design': 4}"
690680,{'texas aandm university': 8}
689800,"{'north carolina state university': 8, 'cornell university': 8}"
685903,"{'durban university of technology south africa': 4, 'indian instutute of technology roorkee': 4, 'durban university of technology': 8}"
694293,{'georgia institute of technology': 2}
700492,{'not found': 2}
691156,"{'harvard university': 10, 'university of pittsburgh': 4}"
691846,"{'university of california': 4, 'lawrence berkeley national laboratory': 2}"
692221,{'university of akron': 2}
692570,{'university of maryland': 2}
690787,{'cornell university': 10}
688118,{'princeton university': 2}
686012,"{'university of delaware': 18, 'university of pennsylvania': 4}"
683693,{'canmetenergy': 8}
686833,{'famu-fsu college of engineering': 2}
690576,"{'california institute of technology': 10, 'lparadis lbl gov': 2, 'lawrence berkeley national laboratory': 2}"
692113,{'university of virginia': 4}
685856,"{'changwon natiional university': 2, 'changwon national university': 2}"
690681,{'école polytechnique fédérale de lausanne': 2}
691127,"{'virginia tech': 6, 'argonne national laboratory': 2}"
684190,{'institute for basic science': 4}
692486,"{'university of illinois at chicago': 8, 'university of illinois chicago': 4}"
686067,"{'rutgers': 4, 'rutgers university': 4}"
687080,{'princeton university': 8}
694856,{'university of massachusetts': 4}
690692,{'massachusetts institute of technology': 12}
684754,{'the university of alabama': 8}
688009,{'university of delaware': 12}
687257,"{'university of virginia': 4, 'university of south carolina': 4, 'carnegie mellon university': 4, 'sandia national laboratories': 4}"
688789,{'case western reserve university': 4}
690779,{'boise state university': 16}
688944,{'university of notre dame': 8}
689757,"{'eth zurich': 4, 'university of patras': 8}"
683568,{'the pennsylvania state university': 2}
685816,"{'university of california, san diego': 2}"
691756,{'stanford university': 4}
692733,"{'purdue university': 2, 'university of notre dame': 2}"
695149,{'not found': 2}
690992,{'iowa state university': 4}
688215,{'national renewable energy laboratory': 6}
697937,{'not found': 2}
687769,{'iowa state university': 4}
687305,{'north carolina state university': 8}
688302,"{'national university of singapore': 4, 'tianjin university': 2}"
691492,{'north carolina state university': 4}
682503,"{'massachusetts institute of technology': 8, 'cornell': 2}"
693217,"{'texas tech university': 4, 'massachusetts institute of technology': 4}"
692467,"{'university of illinois at chicago': 6, 'university of virginia': 2}"
690560,{'university of houston': 8}
689437,{'indian institute of technology kharagpur': 6}
689872,"{'indian institute of technology delhi': 2, 'indian institute of technology  delhi': 2}"
692814,{'cornell university': 2}
693029,"{'the pennsylvania state university': 4, 'penn state': 2}"
700929,{'not found': 2}
687280,{'university of delaware': 4}
687575,{'university of pennsylvania': 8}
686726,"{'university of california  santa barbara': 6, 'university of california santa barbara': 2}"
698473,{'not found': 2}
686787,"{'pacific northwest national laboratory': 6, 'lanl': 2, 'university of washington': 2, 'university of chicago': 2}"
684029,"{'uc irvine': 20, 'georgia institute of technology': 6}"
683636,{'dartmouth college': 2}
689014,{'university of tennessee': 6}
688175,{'brigham young university': 2}
692853,"{'university of michigan': 4, 'the dow chemical company': 2}"
689922,{'prairie view a and m university': 4}
693139,"{'university at buffalo  the state university of new york': 6, 'university at buffalo  suny': 4}"
692500,{'stony brook university': 4}
691111,"{'lehigh university': 8, 'department of chemical and biomolecular engineering  lehigh university': 2, 'georgia institute of technology': 4}"
692377,"{'university of bologna': 4, 'university of edinburgh': 6, 'alma mater studiorum - university of bologna': 2, 'instm': 2}"
693724,"{'university of oklahoma': 24, 'university of north texas': 4}"
686774,{'university of illinois at urbana-champaign': 8}
688106,{'louisiana state university': 16}
686724,{'dartmouth college': 8}
692029,"{'university of chicago': 8, 'kanazawa university': 4}"
692545,{'vanderbilt university': 24}
692882,"{'the dow chemical company': 8, 'university of delaware': 4}"
690089,"{'politecnico di torino': 16, 'university of naples federico ii': 12}"
690143,{'the hong kong university of science and technology': 8}
691495,{'cornell university': 8}
691989,{'princeton university': 4}
697283,{'stony brook university': 4}
697279,{'national institute of standards and technology center for neutron research': 4}
686401,{'harvard medical school': 4}
696488,{'massachusetts institute of technology': 4}
696559,{'harvard medical school brigham and women s hospital': 4}
696572,{'harvard medical school': 4}
696577,{'purdue university': 4}
696578,{'massachusetts institute of technology': 4}
696582,{'simons foundation': 4}
696592,{'university of california santa barbara': 4}
696593,{'university of pittsburgh': 4}
696597,{'university of washington': 4}
696598,{'university of california  berkeley': 4}
696616,{'duke university': 4}
696623,{'university of minnesota   twin cities': 8}
696628,{'national renewable energy lab': 4}
696637,{'university of washington': 4}
696638,{'university of minnesota': 4}
696641,{'university of toronto': 4}
696642,{'los alamos national laboratory': 24}
696653,{'los alamos national laboratory': 24}
696643,{'massachusetts institute of technology': 4}
696652,{'oregon state university': 4}
696654,{'srm institute of science and technology': 4}
696659,{'international institute for nanotechnology': 4}
696661,{'princeton university': 4}
696579,{'university of notre dame': 4}
696669,{'purdue university': 4}
696672,{'korea advanced institute of science and technology': 4}
696677,{'stanford university': 4}
696678,{'university of illinois urbana-champaign': 4}
696687,{'university of michigan': 4}
696699,"{'massachusetts institute of technology': 36, 'university of massachusetts medical school': 12}"
696715,{'king abdullah university of science and technology': 4}
696717,{'the pennsylvania state university': 4}
696725,"{'clemson universty': 4, 'los alamos national laboratory': 4, 'clemson university': 4}"
696727,{'princeton university': 4}
696728,{'university of arkansas': 8}
696730,{'university of delaware': 4}
696735,{'university of california  berkeley': 4}
696736,{'slac national accelerator laboratory': 4}
696744,{'university of california  berkeley': 4}
696747,{'university of minnesota   twin cities': 4}
696749,{'arizona state university': 4}
696755,"{'city college of new york  cuny': 16, 'advanced science research center at the cuny graduate center': 4, 'city college of new york': 4}"
696756,{'texas aandm university': 8}
696757,{'princeton university': 4}
696758,{'university of illinois at urbana-champaign': 4}
696768,{'american university of the middle east': 12}
696769,{'university of massachusetts amherst': 4}
696773,{'the pennsylvania state university': 8}
696774,{'northwestern university': 4}
696776,{'university of wisconsin-madison': 4}
696781,"{'université catholique de louvain   place l  pasteur 1': 4, 'université catholique de louvain  place l  pasteur 1': 4}"
696782,{'columbia university': 4}
696795,{'university of michigan': 4}
696797,"{'epsrc future manufacturing research hub for continuous manufacturing and advanced crystallization': 4, 'university of strathclyde': 10, '': 2}"
696799,"{'delft university of technology': 8, 'university of amsterdam': 4}"
696802,"{'university of illinois chicago': 4, 'university of illinois at chicago': 4}"
696807,{'massachusetts institute of technology': 4}
696809,{'national renewable energy laboratory': 4}
696811,{'northwestern university': 4}
696815,"{'caltech institute of technology': 4, 'california institute of technology': 4}"
696818,{'national institute of standards and technology': 4}
696821,{'university of california santa barbara': 4}
696822,{'the university of oklahom': 4}
696823,{'the ohio state university': 8}
696833,{'oak ridge national laboratory': 4}
696837,{'texas aandm university': 4}
696838,"{'the university of queensland  australia': 4, 'indian institute of technology delhi': 4}"
696852,{'university of maryland baltimore': 4}
696853,{'seoul national university': 4}
696858,{'california institute of technology': 4}
696863,{'stanford university': 4}
696864,"{'stanford university': 8, 'northwestern university': 4}"
696875,{'university of illinois at urbana-champaign': 4}
696876,{'imperial college london': 4}
696879,{'national university of singapore': 12}
696881,{'technion - israel institute of technology': 4}
696885,{'nanoparticle systems engineering laboratory': 4}
696888,"{'massachusetts institute of technology': 8, 'the ohio state university': 4}"
696896,{'princeton university': 4}
696899,{'university of michigan': 4}
696903,{'indiana university': 4}
696910,{'clemson university': 4}
696926,{'stanford university': 4}
696928,{'massachusetts institute of technology': 4}
696940,{'university of connecticut': 4}
696943,{'massachusetts institute of technology': 4}
696948,{'university of massachusetts amherst': 12}
696950,{'yale university': 4}
696953,{'princeton university': 4}
696954,{'national institute of standards and technology': 4}
696961,{'indian institute of technology hyderabad': 8}
696965,{'lawrence berkeley national laboratory': 4}
696972,{'the university of alabama': 4}
696974,{'massachusetts institute of technology': 4}
696978,{'university of chicago': 4}
696979,{'rice university': 4}
696980,{'nyu tandon school of engineering': 4}
696982,{'texas aandm university': 4}
696983,{'university of colorado  boulder': 4}
696985,{'stanford university': 4}
696987,{'stanford university': 4}
696988,"{'oak ridge national laboratory': 28, 'massachusetts institute of technology': 4}"
696992,{'university of california  san diego': 4}
696994,{'university of louisiana at lafayette': 4}
696996,{'university of illinois at chicago': 8}
696997,{'michigan technological university': 4}
697003,{'massachusetts institute of technology': 4}
697006,{'princeton university': 4}
697008,{'university of missouri': 4}
697010,{'university of delaware': 4}
697011,{'princeton university': 4}
697014,{'university of utah': 4}
697016,{'university of california  berkeley': 4}
697017,{'massachusetts institute of technology': 4}
697027,{'rice university': 4}
697034,{'pacific northwest national laboratory': 12}
697036,{'georgia institute of technology': 4}
697040,{'university of south florida': 4}
697041,{'university of illinois urbana-champaign': 4}
697047,{'louisiana state university': 8}
697048,{'university of kentucky': 4}
697049,{'lawrence livermore national laboratory': 4}
697054,{'artie mcferrin department of chemical engineering  texas aandm university': 4}
697063,{'rensselaer polytechnic institute': 4}
697065,{'tufts university': 4}
697068,"{'university of california, los angeles': 4}"
697069,{'michigan state university': 4}
697071,{'university of oxford': 4}
697072,{'university of wisconsin   madison': 4}
697081,{'university of delaware': 4}
697082,{'massachusetts institute of technology': 4}
697087,{'stevens institute of technology': 4}
697089,{'university of virginia': 8}
697090,{'texas aandm university': 4}
697094,{'georgia institute of technology': 4}
697097,{'california institute of technology': 4}
697101,{'colorado school of mines': 4}
697103,{'carnegie mellon university': 4}
697108,{'northwestern university': 4}
697110,{'stevens institute of technology': 4}
697113,{'university of delaware': 4}
697116,{'university of pennsylvania': 4}
697117,{'wayne state university': 4}
697120,{'university of notre dame': 4}
697126,{'tokyo institute of technology': 12}
697127,{'university of michigan': 4}
697129,{'university of minnesota twin cities': 4}
697138,{'kansas state university': 4}
697146,{'northwestern university': 4}
697149,{'massachusetts institute of technology': 4}
697155,{'suncat center for interface science and catalysis  department of chemical engineering  stanford university': 4}
697157,{'university of connecticut': 4}
697167,{'massachusetts institute of technology': 4}
697178,{'university of california  los angeles': 4}
697179,{'texas aandm university': 4}
697180,{'university of connecticut': 8}
697185,{'california institute of technology': 4}
697191,{'stanford university': 4}
697193,{'massachusetts institute of technology': 4}
697201,{'massachusetts institute of technology': 4}
697203,{'university of california santa barbara': 4}
697205,"{'slac national accelerator laboratory': 8, 'suncat center for interface science and catalysis  slac national accelerator laboratory': 4}"
697206,{'university of california  santa barbara': 4}
696334,"{'noritake co  ltd': 4, 'tokyo institute of technology': 16}"
696335,{'korea institute of energy research': 8}
696340,{'yale university': 4}
696343,{'massachusetts institute of technology': 4}
696346,{'pacific northwest national laboratory': 4}
696348,{'instituto de investigaciones biomédicas  universidad nacional autónoma de méxico': 4}
696349,{'the university of texas at austin': 4}
696364,{'harvard medical school': 4}
696370,{'savannah river national laboratory': 4}
696372,{'korea institute of science and technology': 8}
696373,{'indian institute of technology madras': 8}
696410,{'northwestern university': 4}
696416,{'massachusetts institute of technology': 4}
696440,{'university of illinois chicago': 4}
696444,{'university of colorado boulder': 4}
696479,{'princeton university': 4}
696485,{'massachusetts institute of technology': 4}
696490,{'the university of texas at austin': 8}
696491,{'massachusetts institute of technology': 4}
696492,{'columbia university': 4}
696502,"{'purdue university': 12, 'university of california  san diego': 12, 'department of bioengineering and san diego supercomputer center  university of california  san diego': 4}"
696505,{'university of michigan': 4}
696508,{'terasaki institute': 4}
696512,{'university of pennsylvania': 4}
696525,"{'university of illinois urbana champaign': 4, 'university of illinois urbana-champaign': 4}"
696550,"{'the university of california  santa barbara': 4, 'university of california  santa barabara': 4}"
696229,{'massachusetts institute of thechnology': 4}
696230,{'khalifa university': 8}
696239,{'stanford university': 4}
696244,{'university of delaware': 4}
696249,{'human-centered sensing laboratory  eth zurich': 4}
696272,{'university of pennsylvania': 4}
696275,{'princeton university': 4}
696288,{'princeton university': 4}
696289,{'massachusetts institute of technology': 4}
696218,{'university of south carolina': 8}
696219,{'idaho national laboratory': 4}
696192,{'georgia institute of technology': 8}
696196,{'stanford university': 4}
696193,{'khalifa university': 4}
696190,{'massachusetts institute of technology': 4}
686436,{'national institutes of health': 4}
696158,{'university at buffalo': 4}
696168,{'university of delaware': 4}
696173,{'imperial college london': 4}
696181,{'purdue university': 4}
696185,{'university of colorado boulder': 4}
695475,{'northwestern university': 4}
695483,{'princeton university': 4}
695485,{'university of toronto': 4}
695506,{'harvard university': 24}
695510,{'harvard university': 4}
695576,{'harvard university': 24}
695582,{'lawrence berkeley national lab': 4}
695616,{'stanford university': 4}
695742,{'texas aandm university': 4}
695803,{'drexel university': 8}
695824,"{'indian institute of technology delhi': 4, 'indian institute of technology  delhi': 4}"
695827,{'rwth aachen university': 4}
695840,{'university of liverpool': 4}
695857,{'massachusetts institute of technology': 4}
695862,"{'university of illinois at urbana champaign': 4, 'university of illinois urbana-champaign': 4}"
695912,{'michigan technological university': 4}
695929,{'renewable resources and enabling sciences center  national renewable energy laboratory': 4}
695940,{'university of michigan': 4}
695982,{'university of illinois urbana-champaign': 4}
696043,"{'national renewable energy labrotary': 8, 'national renewable energy laboratory': 4}"
696060,{'stanford university': 4}
696124,{'massachusetts institute of technology': 4}
682137,{'case western reserve university': 4}
684033,{'university of california  san diego': 4}
684077,{'university of california  berkeley': 4}
684174,{'university of michigan': 4}
684191,"{'washington university in st louis': 4, 'university of delaware': 4, 'washington university in st  louis': 4}"
684193,{'northwestern university': 4}
684171,{'institute for protein design': 4}
684944,{'georgia institute of technology': 4}
685043,{'massachusetts institute of technology': 8}
685136,{'university of california  los angeles': 4}
685314,{'new jersey institute of technology': 12}
685455,{'texas aandm university': 8}
685663,{'georgia institute of technology': 4}
685728,{'cornell university': 4}
685834,"{'university of california - los angeles': 8, 'university of california  los angeles': 4}"
685991,{'exactmer limited': 4}
686031,{'los alamos national laboratory': 20}
686398,{'aaas nsf': 4}
686424,{'university of houston': 4}
686430,{'university of pennsylvania': 4}
686653,{'harvard university': 4}
686690,{'california institute of technology': 4}
686734,{'harvard university': 4}
686829,{'princeton university': 4}
686872,{'north carolina state university': 4}
687557,{'the university of texas at austin': 56}
687586,{'case western reserve university': 4}
687589,{'rice university': 8}
687647,{'national renewable energy laboratory': 4}
687750,{'drexel university': 4}
687764,{'massachusetts institute of technology': 8}
687889,{'ewha womans university': 8}
687955,{'broad institute of mit and harvard': 4}
688096,{'university of toronto': 4}
688221,{'university of pittsburgh': 4}
688396,{'princeton university': 4}
688411,{'stanford university': 4}
688853,{'stanford university': 4}
688920,{'university of notre dame': 16}
688963,{'university of new hampshire': 4}
689012,{'university at buffalo': 4}
689043,{'johns hopkins university': 4}
689071,{'school of chemistry  chemical engineering and biotechnology  nanyang technological university': 4}
689133,{'northwestern university': 4}
689165,{'national renewable energy lab': 4}
689362,{'university of california  santa barbara': 4}
689372,{'california institute of technology': 4}
689376,{'west virginia university': 4}
689410,{'university of notre dame': 8}
689421,{'nanyang technological university': 4}
689435,{'lawrence berkeley national laboratory': 4}
689449,{'university of chicago': 4}
689645,{'inha university': 8}
689787,"{'king fahd university of petroleum and minerals  dhahran': 4, 'king fahd university of petroleum and minerals': 4, 'king fahd university of petroleum and mineral': 4}"
689905,"{'king fahd university of petroleum and mineral': 8, 'king fahd university of petroleum and minerals': 4}"
689966,{'princeton university': 4}
689978,{'drexel university': 8}
690141,{'university of texas  austin': 4}
690282,{'auburn university': 4}
690325,{'university of missouri': 4}
690336,{'northwestern university': 12}
690501,{'central michigan university': 4}
690530,{'university of virginia': 4}
690544,"{'harvard university': 8, 'stanford university': 4}"
690551,{'purdue university': 4}
690613,{'trinity college dublin': 4}
690831,{'ming chi university of technology': 12}
690954,"{'university of pittsburgh': 6, '': 2}"
690972,"{'king fahd university of petroleum and minerals': 8, 'king fahd university of petroleum and mineral': 4}"
691003,{'north carolina state university': 4}
691025,{'university of utah': 8}
691032,{'massachusetts institute of technology': 4}
691240,{'u s  army devcom chemical biological center': 4}
691365,{'university of michigan': 8}
691416,{'university of chicago': 4}
691593,{'lawrence livermore national laboratory': 4}
691786,"{'rice university': 8, 'unist': 4}"
691796,{'university of new mexico': 4}
691957,{'university of pennsylvania': 4}
692058,{'university of california': 4}
692084,{'university of oklahoma': 4}
692125,{'university of houston': 4}
692205,{'university of oklahoma': 4}
692514,{'university of missouri': 4}
692731,"{'columbia university': 4, 'ucla henry samueli school of engineering and applied science': 4}"
692825,{'university of chicago': 4}
692842,{'the university of texas at austin': 4}
692861,{'penn state university': 4}
693012,{'university of illinois chicago': 4}
693164,"{'university of michigan': 12, 'indiana university': 16, 'ndiana university bloomington': 4}"
693210,{'stanford university': 4}
693245,{'rice university': 4}
693310,{'university of oklahoma': 4}
693473,{'the ohio state university wexner medical center': 4}
693487,{'university of chicago': 4}
693512,"{'new york university': 4, 'university of chicago': 4}"
693553,{'virginia tech': 8}
693602,{'georgia institute of technology': 4}
693682,{'california institute of technology': 4}
693698,{'harvard university': 4}
694161,{'university of oklahoma': 4}
694201,{'purdue university': 4}
694285,{'stanford university': 4}
694511,{'cape breton university': 4}
694608,{'arba minch university': 4}
694679,{'university of illinois at urbana-champaign': 4}
694881,{'university of toronto': 8}
694891,{'university at buffalo  the state university of new york': 8}
694960,{'university of michigan': 4}
695101,{'texas aandm university': 12}
695104,{'korea research institute of chemical technology': 4}
695187,{'korea university': 8}
695263,{'imperial college london': 4}
695307,{'massachusetts institute of technology': 4}
695398,{'harvard university': 4}
695462,{'massachusetts institute of technology': 4}
697043,{'university of illinois at urbana-champaign': 4}
697189,{'massachusetts institute of technology': 4}
697811,{'university college london': 4}
697628,{'auburn university': 4}
697613,{'university of chicago': 4}
697611,{'georgia institute of technology': 4}
697610,{'iowa state university': 4}
697514,{'lawrence berkeley national lab': 4}
685747,{'auburn university': 4}
697459,{'university of wisconsin-madison': 4}
694488,{'university of michigan': 4}
698155,{'university of california san diego': 4}
698156,{'stanford university': 4}
698324,{'university of virginia': 4}
698518,{'northwestern university': 4}
698570,{'los alamos national laboratory': 4}
686062,{'university of california san diego': 4}
699373,{'tufts university': 4}
699246,{'national renewable energy laboratory': 4}
699243,{'rice university': 4}
699916,{'brookhaven national laboratory': 4}
700022,{'massachusetts institute of technology': 4}
700029,{'the university of british columbia': 4}
700144,{'carnegie institution for science': 8}
700139,{'texas tech university': 8}
688369,{'iit hyderabad': 4}
700616,{'university of ottawa': 8}
700744,{'los alamos national laboratory': 4}
700745,{'university of nebraska-lincoln': 4}
700851,"{'carnegie mellon university': 2, 'not found': 2}"
700966,{'university of massachusetts lowell': 4}
700968,"{'lawrence berkeley national laboratory': 4, 'university of california  berkeley': 8, 'georgia institute of technology': 8}"
700974,{'arizona state university': 4}
696907,{'worcester polytechnic institute': 18}
697021,{'texas aandm university': 6}
697025,{'tufts university': 6}
697088,{'stevens institute of technology': 6}
697091,{'lawrence livermore national laboratory': 6}
697095,{'university of illinois at chicago': 12}
697105,{'pacific northwest national laboratory': 18}
697106,{'stevens institute of technology': 6}
697128,{'princeton university': 12}
697166,{'the ohio state university': 12}
697170,"{'slac national accelerator laboratory': 12, 'suncat center for interface science and catalysis  slac national accelerator laboratory': 6}"
696252,{'école polytechnique fédérale de lausanne': 6}
696553,{'university of illinois chicago': 6}
696726,"{'clemson universty': 6, 'los alamos national laboratory': 6, 'clemson university': 6}"
696784,{'university of virginia': 6}
696785,{'university of pittsburgh': 12}
696786,{'stanford university': 30}
696816,{'the ohio state university': 12}
696839,{'university of delaware': 6}
696866,{'indian institute of technology bombay': 12}
696878,{'worcester polytechnic institute': 6}
695589,{'clemson university': 6}
695883,{'clemson university': 6}
695922,"{'tokyo institute of technology': 12, 'noritake co limited': 6, 'kanagawa academy of science and technology': 6}"
689513,{'inha university': 6}
690596,{'university of houston': 12}
686290,{'university of utah': 6}
691429,"{'university of houston': 12, 'johns hopkins university': 6}"
691543,{'university of oklahoma': 18}
692207,{'university of south carolina': 24}
692724,{'university of wisconsin-madison': 12}
692738,{'university of houston': 12}
692863,"{'the ohio state university': 18, 'the college of wooster': 6}"
692949,{'university of houston': 18}
694518,{'dow': 6}
694948,{'industrial technology research institute': 6}
697869,{'university of wisconsin-madison': 6}
701030,{'northwestern university': 6}
701173,{'university of pittsburgh': 6}
696311,{'massachusetts institute of technology': 8}
696338,"{'imperial college london': 16, 'the university of manchester': 4}"
696521,{'university of notre dame': 8}
696524,"{'purdue university': 8, 'university of california  san diego': 12, 'department of bioengineering and san diego supercomputer center  university of california  san diego': 4}"
696528,"{'purdue university': 8, 'university of california  san diego': 12, 'department of bioengineering and san diego supercomputer center  university of california  san diego': 4}"
696563,{'west virginia university': 12}
696734,{'massachusetts institute of technology': 4}
696737,{'massachusetts institute of technology': 4}
696750,{'university of pittsburgh': 8}
696800,{'imperial college london': 4}
696829,{'purdue university': 12}
696894,{'the ohio state university': 8}
696895,{'texas aandm university': 4}
696923,{'university of maryland baltimore': 4}
696930,{'imperial college london': 4}
696936,{'university of colorado boulder': 8}
697018,"{'iit hyderabad': 4, 'indian institute of technology hyderabad': 4}"
697039,{'west virginia university': 4}
697055,{'stevens institute of technology': 4}
697102,{'pacific northwest national laboratory': 12}
697109,{'west virginia university': 4}
697119,{'university of colorado boulder': 8}
697137,{'west virginia university': 4}
697139,{'kansas state university': 4}
697140,{'west virginia university': 4}
697150,{'carnegie mellon university': 4}
697154,{'rice university': 4}
697168,{'university of notre dame': 4}
697173,{'suncat center for interface science and catalysis  department of chemical engineering  stanford university': 4}
689734,{'university of louisville': 4}
691225,{'louisiana state university': 4}
693792,{'pacific northwest national laboratory': 12}
696779,{'kansas state university': 4}
695253,"{'chulalongkorn university': 8, 'burapha university': 4, 'naresuan university': 4}"
681836,{'university of arkansas': 4}
697314,{'northwestern university': 8}
698471,{'purdue university': 4}
700612,{'auburn university': 8}
701171,{'texas aandm university': 8}
701172,"{'texas aandm university': 8, 'stellenbosch university': 16}"
701376,{'texas aandm university': 4}
696956,{'indiana university': 12}
696840,{'university of pennsylvania': 36}
696924,{'indian institute of technology hyderabad': 24}
697075,{'georgia institute of technology': 12}
696632,"{'stanford university': 84, 'the ohio state university': 12}"
696650,{'srm institute of science and technology': 12}
697145,{'university of missouri': 12}
696516,{'massachusetts institute of technology': 60}
696877,"{'indian institute of technology roorkee  uttarakhand  india': 12, 'indian institute of technology roorkee': 12, 'indian institute of technology roorkee  roorkee': 12, 'university of surrey': 12}"
696341,{'university of minnesota': 36}
696951,{'carnegie mellon university': 24}
695738,{'indian institute of technology': 12}
687842,{'arizona state university': 36}
693579,"{'lawrence berkeley national laboratory': 24, 'university of california  berkeley': 12}"
701130,{'yokohama national university': 24}
696231,{'khalifa university': 4}
696279,{'cornell university': 8}
696382,{'schlumberger  genvia': 8}
696424,{'cornell university': 4}
696540,"{'university of california, los angeles': 8}"
696543,{'the university of maine': 4}
696576,{'university of minnesota-twin cities': 8}
696630,{'johns hopkins university': 8}
696671,{'university of colorado boulder': 8}
696729,{'university of arkansas': 8}
696872,{'imperial college london': 4}
696912,{'indian institute of technology hyderabad': 8}
696935,{'lawrence berkeley national laboratory': 4}
697052,{'university of illinois at urbana-champaign': 4}
697053,{'louisiana state university': 4}
697190,{'auburn university': 8}
695804,{'pnnl': 4}
696009,{'tsinghua university': 8}
688143,{'the university of alabama': 4}
688270,"{'university of alabama': 4, 'the university of alabama': 4}"
690015,{'drexel university': 12}
691583,{'texas aandm university': 20}
691942,"{'university of pittsburgh': 8, 'oak ridge institure of science and education': 4, 'national energy technology laboratory': 8, 'leidos research support team': 4}"
692896,{'university of mississippi medical center': 4}
693361,"{'the pennsylvania state university': 4, 'penn state': 4}"
693620,{'university of mississippi medical center': 4}
694647,{'montana state university': 16}
695314,{'university of alabama': 12}
697616,{'iowa state university': 4}
698470,"{'the city college of new york': 4, 'city college of new york': 4}"
701175,{'massachusetts institute of technology': 8}
701391,{'worcester polytechnic institute': 4}
697104,{'university of california berkeley': 6}
696234,{'university of pittsburgh': 4}
696251,{'the university of alabama': 4}
696276,"{'university of california santa barbara': 8, 'university of california  santa barbara': 4, 'lawrence berkeley national laboratory': 12, 'joint bioenergy institute': 4, 'doe joint genome institute': 4, 'university of california': 4, 'university of wisconsin  madison': 4, 'university of wisconsin-madison': 4, 'university of california, los angeles': 4, 'university of california  los angeles': 4}"
696313,{'the ohio state university': 4}
696495,{'rowan university': 4}
696523,{'university of illinois at urbana champaign': 8}
696575,{'university of virginia': 4}
696590,{'university of delaware': 20}
696620,{'purdue university': 8}
696667,{'university of chicago': 12}
696702,{'louisiana state university': 8}
696740,{'penn state': 4}
696753,{'arizona state university': 4}
696789,{'university of washington': 4}
696794,"{'epsrc future manufacturing research hub for continuous manufacturing and advanced crystallization': 4, 'university of strathclyde': 12}"
696805,{'imperial college london': 4}
696826,"{'purdue university': 12, 'corteva agriscience': 4}"
696851,{'university of pittsburgh': 4}
696856,{'indian institute of technology jammu': 4}
696882,{'iit-jammu': 4}
696939,"{'rowan university': 4, 'massachusetts institute of technology': 4}"
696945,{'university of illinois': 4}
696962,"{'columbia university': 4, 'ucla henry samueli school of engineering and applied science': 4, 'university of california, los angeles': 4}"
696998,{'university of colorado boulder': 4}
696999,{'rutgers  the state university of new jersey': 4}
697037,"{'university of illinois urbana-champaign': 12, 'university of michigan ann arbor': 4}"
697044,{'massachusetts institute of technology': 4}
697046,"{'the city college of new york': 12, 'argonne national laboratory': 4, 'university of pennsylvania': 12, 'cuny advanced science research center': 4, 'city college of new york  cuny': 4, 'levich institute  city college of new york': 4}"
697066,{'university of houston': 16}
697077,{'university of illinois at chicago': 8}
697078,"{'nyu tandon school of engineering': 12, 'nyu college of dentistry': 24, 'university of nottingham': 4}"
697100,{'north carolina state university': 16}
697124,"{'university of illinois at chicago': 4, 'university of illinois chicago': 4}"
697136,{'new jersey institute of technology': 8}
697210,"{'university of kansas': 16, 'the university of kansas': 4}"
696183,{'purdue university': 8}
695976,{'merck': 4}
695577,"{'massachusetts institute of technology': 8, 'singapore-mit alliance for research and technology  centre': 4}"
695520,{'university at buffalo  the state university of new york': 8}
695531,{'the university of british columbia': 8}
685006,{'georgia institute of technology': 4}
686798,{'university of kentucky': 8}
687689,{'vanderbilt university': 12}
689125,{'texas aandm university': 8}
690658,{'university of houston': 8}
691057,{'the university of texas at austin': 16}
692026,{'the university of texas at austin': 20}
692304,"{'university of nebraska - lincoln': 8, 'university of nebraska-lincoln': 12}"
693573,{'university of houston': 12}
693809,"{'university of pittsburgh': 20, 'lubrizol advanced materials': 8, 'lubrizol advanced materials europe bvba': 4, 'the lubrizol corporation': 4}"
695261,{'imperial college london': 4}
695813,{'massachusetts institute of technology': 8}
695900,{'massachusetts institute of technology': 4}
695562,"{'johns hopkins university': 4, 'johns hopkins university school of medicine': 4}"
695606,"{'the ohio state university': 12, 'the ohio state university wexner medical center': 16, 'university of maryland school of medicine': 8}"
692232,{'university of houston': 8}
689063,{'university of california  los angeles': 4}
690266,{'university of kentucky': 4}
690714,{'georgia institute of technology': 4}
691343,{'university of houston': 16}
691507,{'virginia tech': 20}
684257,"{'university of connecticut': 8, 'sarepta therapeutics': 8}"
697587,"{'university at buffalo  the state university of new york': 8, 'university at buffalo': 8}"
697519,{'purdue university': 4}
697479,{'university at buffalo  the state university of new york': 4}
697477,{'university of toronto': 4}
686137,{'purdue university': 4}
699563,"{'university of wisconsin-madison': 20, 'bristol-myers squibb': 4, 'amgen': 12, 'bristol myers squibb': 12, 'genentech': 4, 'abbvie': 4, 'eli lilly': 4, 'abbvie inc': 4, 'merck and co   inc': 8}"
700143,{'university of notre dame': 4}
700613,{'university of ottawa': 8}
696859,"{'carnegie mellon university': 20, 'toyota research institute': 8}"
700973,{'bristol myers squibb': 4}
701472,{'university of nebraska-lincoln': 4}
692669,{'ohio university': 8}
688905,"{'university of south carolina': 12, 'universidad autónoma de san luis potosí': 12}"
692857,{'case western reserve university': 4}
687728,{'massachusetts institute of technology': 8}
685430,{'university of illinois at urbana-champaign': 8}
688654,{'the pennsylvania state university': 4}
691897,{'massachusetts institute of technology': 28}
693345,{'university of florida': 2}
688684,{'clemson university': 2}
686993,"{'university of california, san diego': 2}"
697941,{'not found': 2}
686580,{'university of california  berkeley': 8}
690188,"{'university of rhode island': 8, 'university of alabama huntsville': 4, 'university of alabama in huntsville': 2, 'brown university': 2}"
687654,{'university of notre dame': 8}
693482,{'massachusetts institute of technology': 4}
685214,{'university of rhode island': 14}
690627,"{'cleveland state university': 6, 'roosense llc': 4, 'mic monitor  llc': 2}"
701164,{'purdue university': 2}
701165,{'ohio state university': 2}
694290,{'university of pennsylvania': 6}
694606,{'university of michigan': 6}
686023,{'queen s university': 6}
682312,{'princeton university': 6}
691443,{'johns hopkins university': 6}
694862,{'university of michigan': 6}
688180,{'university of michigan': 6}
693056,{'university of wisconsin - madison': 6}
682450,{'university of chicago': 6}
686459,{'yale university': 6}
689197,"{'university of michigan': 18, 'trinity college dublin': 2}"
687450,{'university of california - davis': 2}
693699,"{'rensselaer polytechnic institute': 2, 'university of michigan': 14}"
692490,{'kaist': 2}
683414,{'university of oklahoma': 2}
688488,"{'universidad nacional de colombia': 8, 'university of salamanca': 2}"
694059,{'johns hopkins university': 4}
692158,{'the pennsylvania state university': 2}
688136,{'university of california  berkeley': 4}
701457,{'not found': 2}
693113,{'stanford university': 12}
686165,{'university of california  berkeley': 16}
684309,{'the university of texas at austin': 18}
694112,{'columbia university': 2}
694032,{'university of chicago': 2}
682241,{'georgia institute of technology': 2}
693200,"{'university of california, san diego': 4}"
692283,"{'eth zurich': 4, 'eth': 4}"
684338,{'university of california san diego': 4}
691470,{'university of arizona': 8}
693810,{'university of north dakota': 8}
683746,{'indian institute of technology kharagpur': 8}
688673,{'university of louisiana at lafayette': 16}
690235,{'seoul national university': 8}
689738,{'tsinghua university': 4}
694128,{'university of michigan': 12}
690937,{'university of alabama': 8}
692392,{'university of nebraska-lincoln': 8}
693049,"{'university of massachussetts  amherst': 8, 'lehigh university': 8}"
693192,"{'university of california, san diego': 4}"
693244,{'university of missouri': 28}
693330,"{'stanford university': 20, 'slac national accelerator laboratory': 8}"
688742,"{'the university of alabama': 4, 'university of alabama': 4}"
688876,{'massachusetts institute of technology': 28}
689078,{'texas aandm university': 16}
687759,"{'university of notre dame': 36, 'aopia biosciences  inc': 4}"
685126,{'georgia institute of technology': 2}
685707,{'university of wisconsin-milwaukee': 2}
689569,"{'postech': 2, 'seoul national university': 2}"
687948,{'new mexico state university': 4}
683993,"{'the university of tennessee': 2, 'university of tennessee': 2}"
700329,{'not found': 2}
685850,{'university of louisiana at lafayette': 12}
693380,{'university of missouri': 8}
684184,{'institute for basic science': 6}
688208,{'national renewable energy laboratory': 2}
692206,{'stanford university': 2}
692516,"{'national renewable energy lab': 2, 'national renewable energy laboratory': 4}"
693522,{'university of chicago': 2}
693843,"{'university of california, berkeley': 2, 'suny-buffalo': 2}"
697872,{'the university of tulsa': 2}
697873,{'ecole polytechnique federale de lausanne': 2}
688788,"{'university of california at riverside': 4, 'arizona state university': 6}"
690575,{'university of michigan': 2}
692142,"{'koch institute for integrative cancer research': 8, 'massachusetts institute of technology': 4}"
692531,{'university of washington': 6}
685304,{'carnegie mellon university': 4}
689673,"{'eth zurich': 4, 'university of patras': 4, 'eth zürich': 4}"
689939,"{'friedrich-alexander-universität erlangen-nürnberg': 4, 'institute of particle technology': 4, 'chair of applied mathematics': 4}"
690565,{'indian institute of technology bombay': 12}
690673,{'pennsylvania state university': 8}
700883,{'not found': 4}
688885,{'north carolina state university': 16}
689073,{'indian institute of technology madras': 8}
687027,"{'research center pharmaceutical engineering gmbh': 4, 'rcpe gmbh': 4, 'graz university of technology': 4}"
688592,{'the university of toledo': 2}
689572,{'princeton university': 8}
692852,"{'khalifa university': 8, 'khalifa universuty': 2}"
697871,{'virginia polytechnic institute and state university': 4}
690499,{'university of michigan': 2}
693422,{'university of texas at austin': 10}
690685,"{'new york university': 4, 'nyu tandon school of engineering': 4, 'new york university tandon school of engineering': 2}"
683881,"{'northwestern university': 6, 'university of california  san diego': 2}"
695129,{'not found': 2}
693814,{'university of idaho': 4}
693955,"{'university of cincinnati': 10, 'university of cincininati': 2}"
689844,"{'rowan-virtua school of translational biomedical engineering and sciences': 2, 'rowan university': 2}"
684083,{'pusan national university': 4}
686028,"{'university of tennessee': 4, 'university of tennessee  knoxville': 2, 'university of tennessee institute of agriculture': 2}"
686602,{'university of california  berkeley': 8}
687497,"{'air force research laboratory': 4, 'kansas state university': 2, 'ues  inc': 2, 'national academies': 2}"
691352,"{'nanoparticle systems engineering laboratory': 2, 'massachusetts institute of technology': 2, 'eth zürich': 2, 'university of turku': 2, 'karlsruhe institute of technology': 2, 'eth': 2}"
691425,"{'nanoparticle systems engineering laboratory': 2, 'eth zurich': 4, 'university of turku': 2, 'karlsruhe institute of technology': 2, 'institute for biomedical engineering and institute of pharmacology and toxicology': 4, 'eth': 2}"
693868,"{'eindhoven university of technology': 2, 'indian institute of technology  gandhinagar': 2}"
689093,{'university of michigan': 6}
698116,{'not found': 2}
686550,{'new jersey institute of technology': 2}
691242,"{'koch institute for integrative cancer research': 8, 'massachusetts institute of technology': 4}"
695153,{'not found': 2}
693543,"{'university of cincinnati': 6, 'yuhan corp': 2}"
693065,"{'massachusetts institute of technology': 6, 'brigham and women s hospital': 4}"
691390,"{'university of new mexico': 6, 'massachusetts institute of technology': 2}"
687318,{'university of california  berkeley': 6}
683687,{'new york university': 10}
691283,{'uppsala university': 8}
692944,"{'georgia institute of technology': 10, 'nagoya university': 2, 'university of california davis': 2}"
693926,{'national university of singapore': 2}
686601,{'university of vermont': 10}
688164,{'university of michigan': 10}
689890,"{'école normale superieure de lyon': 4, 'university of sydney': 4, 'école polytechnique': 2}"
691259,"{'trinity college dublin': 8, 'école polytechnique fédérale de lausanne': 8}"
691567,{'pontificia universidad catolica de chile': 2}
693002,"{'university of michigan': 6, 'columbia university': 10}"
689460,{'tsinghua university': 4}
684827,{'texas aandm university': 10}
688599,{'the university of toledo': 2}
689006,{'drexel university': 4}
689596,"{'imperial college london': 10, 'univeristy of birmingham': 2}"
693475,{'university of pittsburgh': 2}
693507,{'institute of zhejiang university-quzhou': 2}
693707,{'vanderbilt university': 2}
694643,{'kaist': 2}
689946,{'seoul national university': 2}
689986,{'korea institute of science and technology': 2}
683994,"{'the university of tennessee': 2, 'university of tennessee': 2}"
687830,{'university of new mexico': 2}
691093,"{'trinity college dublin': 2, 'eindhoven university of technology': 2, 'ecole polytechnique fédérale de lausanne': 2, 'école polytechnique fédérale de lausanne': 6, 'exponent': 2, 'toyota motor europe': 2}"
691419,"{'new mexico institute of mining and technology': 8, 'new mexico tech': 2}"
692429,"{'the university of utah': 2, 'university of utah': 2}"
695315,{'universite catholique de louvain': 2}
694945,{'university of michigan': 2}
694611,{'yonsei university': 2}
694612,{'lawrence livermore national laboratory': 2}
694613,{'texas aandm university': 2}
694614,{'yonsei university': 2}
689830,{'seoul national university': 6}
691237,"{'m-star simulations': 4, 'mstar cfd': 2}"
701539,"{'ansys': 2, 'ansys inc': 4}"
699362,"{'sulzer pump solutions ireland ltd': 2, 'university of limerick': 4}"
690765,{'national renewable energy laboratory': 10}
685219,{'the dow chemical company': 4}
687155,"{'spx flow mixing solutions': 2, 'spx flow': 2, 'r e  mason': 2, 'm-star cfd': 2}"
683360,"{'indian institute of technology  delhi': 2, 'shiv nadar university': 4}"
689642,"{'politecnico di torino': 8, 'university of naples federico ii': 6, 'university of bologna': 6}"
687550,"{'mstar cfd': 2, 'university of dayton': 2, 'nov chemineer': 2}"
692498,{'university of louisville': 4}
690058,"{'worldwide research and development  pfizer healthcare india pvt ltd': 2, 'pfizer global supply': 10, 'pfizer canada': 2}"
700169,{'yokohama national university': 4}
687045,{'ansys': 4}
700394,{'gsk': 18}
689910,"{'university of birmingham': 6, 'university of sydney': 2, 'laboratoire de génie chimique': 2, 'unilever randd': 2}"
691899,"{'siemens digital industries software': 2, 'siemens': 6}"
700396,{'purdue university': 2}
688226,"{'mstar cfd': 2, 'corteva agriscience': 2}"
685874,{'chiba institute of technology': 4}
687095,{'ku leuven': 8}
687642,"{'massachusetts institute of technology': 14, 'singapore-mit alliance for research and technology  centre': 2}"
687778,{'dow chemical company': 4}
690094,"{'university of birmingham': 8, 'port sunlight laboratory': 2}"
690304,"{'spx flow mixing solutions': 2, 'spx flow': 8, 'rkgmixes llc': 2}"
688127,{'texas aandm university-kingsville': 4}
688211,"{'corteva agriscience': 20, 'purdue university': 4}"
686946,"{'kaneka corporation': 8, 'chiba institute of technology': 4}"
684621,"{'university of sheffield': 16, 'the university of sheffield': 4}"
689888,"{'apc ltd': 4, 'university college dublin': 4}"
700142,"{'rkgmixes llc': 4, '2  spx flow mixing solutions': 4}"
687102,{'purdue university': 16}
689600,{'university of strathclyde': 16}
689759,"{'sartorius': 8, 'm-star cfd': 4, 'm-star simulations': 4}"
690538,"{'new jersey institute of technology': 8, 'merck': 4, 'merck and co   inc': 8}"
690624,"{'university of delaware': 16, 'glaxosmithkline': 28}"
692406,{'university of limerick': 8}
692729,{'iowa state university': 20}
693148,"{'purdue university': 4, 'carnegie mellon university': 20, 'brookhaven national lab': 8}"
691836,"{'national renewable energy laboratory': 20, 'renewable resources and enabling sciences center  national renewable energy laboratory': 4}"
692806,{'iowa state university': 16}
689579,"{'institute of hydrodynamics of the cas': 16, 'msd czech republic': 4}"
690225,"{'merck and co   inc': 4, 'msd czech republic': 4}"
695985,{'university of dayton': 2}
700316,{'not found': 2}
690467,"{'pacific northwest national lab': 8, 'pacific northwest national laboratory': 2}"
701471,{'university of missouri': 2}
687781,"{'university of tennessee-oak ridge innovation institute': 2, 'university of massachusetts  amherst': 2, 'university of tennessee  knoxville': 6, 'university of massachusetts amherst': 2, 'university of massachusetts': 2}"
685949,"{'university of massachusetts amherst': 2, 'university of tennessee-oak ridge innovation institute': 2, 'university of massachusetts  amherst': 2, 'university of tennessee  knoxville': 2, 'university of massachusetts': 2}"
689129,"{'university of massachusetts  amherst': 2, 'university of tennessee-oak ridge innovation institute': 2, 'university of tennessee  knoxville': 2, 'university of massachusetts': 2}"
687174,"{'university of tennessee  knoxville': 4, 'university of tennessee-oak ridge innovation institute': 2, 'university of massachusetts': 2, 'clemson university': 2}"
685960,"{'university of massachusetts amherst': 2, 'university of tennessee-oak ridge innovation institute': 2, 'university of massachusetts  amherst': 2, 'university of tennessee  knoxville': 2, 'university of massachusetts': 2}"
695936,{'not found': 2}
683924,"{'defense center for public health - dayton': 2, 'university of massachusetts lowell': 2}"
694360,{'pacific northwest national laboratory': 8}
684816,"{'pacific northwest national laboratory': 8, 'university of omaha': 2}"
687250,{'georgia institute of technology': 6}
693450,"{'university of california  berkeley': 2, 'university of california berkeley': 2}"
695937,{'not found': 2}
695897,{'georgia institute of technology': 2}
690279,"{'savannah river national laboratory': 4, 'savannah river nuclear solutions': 2}"
697233,{'pacific northwest national laboratory': 6}
688178,{'idaho national laboratory': 2}
694353,"{'pacific northwest national laboratory': 14, 'washington river protection solutions': 2}"
696418,{'not found': 2}
697242,{'doe ne': 2}
696415,{'not found': 2}
696417,{'not found': 2}
696419,{'not found': 2}
696420,{'not found': 2}
696421,{'not found': 2}
695902,{'oak ridge national laboratory': 2}
696317,"{'pacific northwest national laboratory  richland  wa': 2, 'pacific northwest national laboratory': 2, 'georgia institute of technology': 2, 'idaho national laboratory': 2}"
696339,{'savannah river national laboratory': 2}
696316,{'idaho national laboratory': 2}
696422,{'not found': 2}
689755,{'savannah river national laboratory': 8}
695092,{'argonne national laboratory': 4}
695938,{'oak ridge national laboratory': 8}
686704,"{'savannah river national laboratory': 8, 'srnl': 2}"
695933,{'oak ridge national laboratory': 8}
695590,"{'oak ridge national laboratory': 10, 'oak ridge national laboratoryy': 2}"
695289,{'los alamos national laboratory': 2}
695285,{'los alamos national laboratory': 2}
695102,"{'lawrence livermore national laboratory': 8, 'lawrence livermore national lab': 2}"
694372,"{'oak ridge national laboratory': 2, 'consolidated nuclear security  llc': 4}"
694382,{'oak ridge national laboratory': 2}
690415,"{'pacific northwest national laboratory': 4, 'pacific northwest national laboratory  richland  wa': 4}"
690417,"{'pacific northwest national laboratory': 6, 'pnnl': 4, 'washington river protection solutions': 2}"
692636,{'idaho national laboratory': 14}
691810,{'university of california berkeley': 6}
690389,{'pacific northwest national laboratory': 12}
682437,{'pacific northwest national laboratory': 2}
700886,{'origin materials': 4}
688771,{'eth zurich': 2}
691872,{'nyu tandon school of engineering': 12}
693448,{'south dakota school of mines and technology': 4}
693454,"{'nyu tandon school of engineering': 8, 'new york university tandon school of engineering': 4, 'new york university': 2}"
684334,{'brigham young university': 16}
687811,"{'tsinghua university': 6, 'soochow university': 4, 'bloomage biotechnology corporation limited': 2}"
686027,{'university of oklahoma': 6}
692759,{'varda space industries': 2}
693942,{'university of leeds': 4}
688844,"{'merck sharp and dohme llc': 2, 'merck sharp and dohme': 2, 'merck and co  inc': 6, 'merck': 2}"
683812,"{'university of birmingham': 4, 'university of cambridge': 4, 'university of leeds': 4}"
686926,{'the university of melbourne': 6}
690589,{'indian institute of technology bombay': 6}
692830,{'material flow solutions  inc': 2}
684389,{'freeman technology': 2}
688878,{'université de lorraine': 2}
684396,"{'granutools': 6, 'university of liege': 2}"
687655,"{'imperial college london': 4, 'johnson matthey technology centre': 4}"
689476,"{'granutools': 4, 'university of liege': 2}"
688889,"{'school for engineering of matter  transport  and energy  arizona state university': 2, 'arizona state university': 2}"
686460,"{'u s  dept  of energy': 2, 'randic netl': 2, 'national energy technology laboratory': 2}"
684114,"{'vellore institute of technology': 6, 'curtin university  malaysis': 2}"
686469,"{'u s  dept  of energy': 2, 'randic netl': 2}"
688026,"{'columbia university': 8, 'city college of new york': 2}"
684208,{'columbia university': 8}
682718,"{'eth zurich': 6, 'hamburg university of technology': 2, 'eth zurich and university of zurich': 4}"
686807,{'university of delaware': 2}
684102,{'tsinghua university': 4}
692436,"{'university of maryland': 14, 'university of delaware': 4}"
693442,"{'university of houston': 12, 'idaho national laboratory': 2, 'shell global solutions': 6, 'shell global solutions international b v': 2, 'shell india market private limited': 2, 'shell technical center bangalore': 4, 'shell international eandp': 2}"
686985,{'the university of melbourne': 6}
691412,{'university of utah': 4}
693096,{'oklahoma state university': 8}
685332,{'idaho national laboratory': 8}
690134,{'tu graz': 8}
692583,"{'idaho national laboratory': 8, 'georgia institute of technology': 4, 'michigan state university': 2}"
694018,{'iowa state university': 6}
694046,{'particulate solid research  inc': 6}
689051,"{'university of michigan': 2, 'engineering and process science  core randd  the dow chemical company': 8, 'department of mechanical engineering  university of michigan': 2}"
700318,{'not found': 2}
693145,"{'purdue university': 4, 'national renewable energy laboratory': 2}"
684745,"{'key laboratory of coal gasification and energy chemical engineering of ministry of education  shanghai engineering research center of coal gasification  east china university of science and technology': 4, 'east china university of science and technology': 4}"
689562,"{'ningbo tech university': 2, 'zhejiang university': 6}"
687558,"{'anton paar': 2, 'california institute of technology': 2, 'harvard university': 2}"
690892,{'purdue university': 4}
683847,"{'university of birmingham': 4, 'university of leeds': 4, 'university of cambridge': 4}"
694579,"{'hovione farmaciência s a': 4, 'imed ulisboa  faculty of pharmacy  university of lisbon': 2}"
690478,"{'university of erlangen-nuremberg': 2, 'friedrich-alexander-universität erlangen-nürnberg': 2}"
693705,{'university of massachusetts amherst': 6}
690297,{'indian institute of technology bombay': 6}
682877,"{'university of new haven': 12, 'zhengzhou university': 2}"
692266,"{'national renewable energy laboratory': 6, 'idaho national laboratory': 4}"
701665,{'not found': 2}
685673,"{'ansys inc': 4, 'genentech': 2, 'federal university of santa catarina': 2}"
682262,"{'idaho national laboratory': 6, 'clemson university': 4}"
685291,{'columbia university': 4}
685943,{'indian institute of technology madras': 4}
688420,{'yantai university': 4}
692550,{'university of south florida': 4}
683728,"{'khalifa university': 2, 'khalifa university of science and technology': 2}"
682180,{'new jersey institute of technology': 2}
685295,"{'university of south africa': 2, 'university of the witwatersrand': 2}"
691060,{'indian institute of technology bombay': 4}
685945,"{'uc davis': 4, 'psri': 4, 'national lab': 2}"
693278,{'material flow solutions  inc': 2}
682500,"{'new jersey institute of technology': 2, 'hacettepe university': 6}"
687427,"{'imperial college london': 4, 'johnson matthey technology centre': 2}"
688462,"{'university of sheffield': 4, 'nestlé research': 4, 'nestlé product technology centre': 2}"
688774,"{'rutgers  the state university of new jersey': 8, 'university of colorado': 2}"
692519,"{'university of colorado boulder': 4, 'cu boulder': 2, 'university of alabama in huntsville': 2, 'nasa marshall space flight center': 2}"
686100,{'dow inc': 6}
701264,{'not found': 8}
691768,"{'netl support contractor': 16, 'u s  doe national energy technology laboratory': 16}"
686576,"{'wayne state university': 16, 'lamar university': 16}"
682146,{'totalenergies': 24}
686245,{'pacific northwest national laboratory': 32}
686667,"{'kth royal institute of technology': 16, 'sintef energy research': 24}"
690922,{'imperial college london': 16}
694983,{'heriot-watt university': 8}
691087,"{'north carolina state university': 8, 'susteon inc': 2}"
698118,{'not found': 2}
688322,"{'korea institute of energy research': 16, 'university of science and technology': 2, 'sungkyunkwan university': 2}"
684776,"{'oak ridge national laboratory': 2, 'national energy technology laboratory': 4, 'wvurc': 2}"
685364,{'the ohio state university': 20}
685765,{'columbia university': 6}
682152,"{'particles in motion': 2, 'chalmers university of technology': 2}"
690048,{'drexel university': 4}
693194,"{'university of illinois at chicago': 6, 'barrington community high school': 2, 'monash university': 2}"
690369,"{'laboratoire réactions et génie des procédés  université de lorraine  cnrs': 2, 'université de lorraine  cnrs': 6, 'ampère sas': 2, 'arkema': 4}"
689652,"{'granutools': 6, 'university of liege': 2}"
684535,"{'key laboratory of coal gasification and energy chemical engineering of ministry of education  shanghai engineering research center of coal gasification  east china university of science and technology': 4, 'east china university of science and technology': 4}"
684545,"{'east china university of science and technology': 6, 'key laboratory of coal gasification and energy chemical engineering of ministry of education  shanghai engineering research center of coal gasification  east china university of science and technology': 4}"
689080,{'national energy technology laboratory': 6}
686389,{'delft university of technology': 12}
687002,{'anton paar gmbh': 6}
686756,{'columbia university': 8}
700895,{'not found': 2}
682684,"{'east china university of science and technology': 4, 'key laboratory of coal gasification and energy chemical engineering of ministry of education  shanghai engineering research center of coal gasification  east china university of science and technology': 4}"
690864,{'northeastern university': 4}
687503,{'northwestern university': 10}
692002,"{'gea': 4, 'hovione': 4}"
690490,"{'indian institute of technology roorkee': 2, 'indian institute of technology roorkee  roorkee': 2}"
684097,"{'the dow chemical company': 8, 'engineering and process science  core randd  the dow chemical company': 2}"
693600,"{'rutgers  the state university of new jersey': 6, 'c-sops  department of chemical and biochemical engineering  rutgers  the state university of new jersey': 2}"
689443,"{'iit  dhanbad': 2, 'indian institute of technology kanpur': 2, 'rutgers university': 4}"
689781,"{'indian institute of technology kharagpur': 4, 'indian institute of technology ropar': 2, 'indian institute of technology kanpur': 2}"
688675,{'altair engineering': 2}
685805,{'university of minnesota': 2}
684614,{'sanofi': 8}
686390,"{'indian institute of technology kharagpur': 4, 'indian institute of technology ropar': 2, 'indian institute of technology kanpur': 2, 'eli lilly and company': 2, 'abbvie': 2}"
691538,"{'massachusets institute of technology': 2, 'massachusetts institute of technology': 8, 'takeda development center americas  inc': 6, 'takeda pharmaceuticals international co': 2, 'singapore-mit alliance for research and technology  centre': 2}"
683333,"{'eli lilly and company': 2, 'kpv lab edinburgh ltd': 2}"
687063,{'university of birmingham': 8}
690631,"{'national university of singapore': 4, 'worldwide research and development  pfizer products india pvt ltd': 2}"
690654,"{'university of liege': 4, 'university of liège': 2, 'granutools': 2}"
690849,{'indian institute of technology bombay': 4}
700635,{'not found': 2}
693674,{'university of alberta': 4}
688323,"{'sinopec research institute of petroleum processing': 6, 'east china university of science and technology': 2}"
693735,"{'shell international eandp': 2, 'shell internatinal eandp': 2, 'shell global solutions international b v': 2}"
689573,"{'university of liege': 2, 'granutools': 4, 'university of birmingham': 4}"
691641,{'mississippi state university': 2}
688280,{'university of north dakota': 4}
687515,"{'bristol myers squibb': 6, 'altair engineering': 2}"
691926,"{'genentech': 6, 'ansys inc': 2, 'ansys': 2}"
689607,"{'johnson matthey': 6, 'university of birmingham': 2}"
688399,{'soochow university': 2}
685664,{'abbvie': 8}
689137,"{'rutgers university': 6, 'rutgers  the state university of new jersey': 8}"
689423,"{'indian institute of technology kanpur': 2, 'iit  dhanbad': 2, 'politecnico di torino': 4}"
690315,{'tu graz': 8}
692630,{'material flow solutions  inc': 2}
684408,"{'east china university of science and technology': 4, 'key laboratory of coal gasification and energy chemical engineering of ministry of education  shanghai engineering research center of coal gasification  east china university of science and technology': 4}"
689912,{'university of erlangen-nuremberg': 2}
696889,"{'gsk': 2, 'glaxosmithkline': 2}"
696884,{'rkgmixes llc': 2}
697297,{'ingredion incorporated': 2}
696887,{'global manufacturing engineer iff': 2}
696886,"{'the dow chemical company': 2, 'engineering and process science  core randd  the dow chemical company': 2}"
697298,"{'international flavors and fragrances': 2, 'dupont': 2}"
684021,{'illinois institute of technology': 6}
686725,{'karolinska institutet': 2}
691251,"{'uppsala university': 6, 'university of florida': 4}"
691581,"{'nanoparticle systems engineering laboratory': 2, 'eth zürich': 2, 'university hospital cologne': 2, 'ruhr-university bochum': 2, 'eth zurich': 2, 'friedrich schiller university': 2, 'nanoparticle systems engineering laboratory  institute of energy and process engineering  department of mechanical and process engineering  eth zurich': 2, 'eth': 2}"
693146,"{'university of michigan': 4, 'johns hopkins university': 2}"
687131,"{'purdue university': 4, 'carnegie mellon university': 6, 'university of california riverside': 4, 'university of florida': 2}"
692012,"{'eth zurich': 2, 'eth': 2}"
684972,{'university of michigan': 6}
702787,{'university of florida': 2}
702788,{'lehigh university': 2}
702789,{'illinois institute of technology': 2}
683617,{'national taiwan university': 12}
686934,{'the university of melbourne': 12}
688287,{'university of north dakota': 8}
688656,{'university of colorado boulder': 16}
688845,"{'rutgers  the state university of new jersey': 16, 'university of colorado': 4}"
688898,"{'school for engineering of matter  transport  and energy  arizona state university': 4, 'arizona state university': 4}"
689166,"{'rutgers university': 12, 'rutgers  the state university of new jersey': 16}"
689248,{'the ohio state university': 28}
689532,"{'eth zürich': 4, 'human-centered sensing laboratory  eth zurich': 4}"
689805,{'the ohio state university': 24}
690485,{'north carolina state university': 28}
691260,{'university of colorado boulder': 24}
691633,{'university of north dakota': 8}
692513,{'the ohio state university': 32}
692641,{'the ohio state university': 20}
693122,"{'university of california, san diego': 4}"
682942,"{'sartorius stedim north america inc': 16, 'sartorius stedim fmt s a s': 8}"
700900,{'uc davis': 4}
683845,"{'university of birmingham': 8, 'university of cambridge': 8, 'university of leeds': 8}"
690021,{'university of chemistry and technology in prague': 8}
691268,"{'university of california santa barbara': 6, 'technion-israel institute of technology': 4, 'chalmers university of technology': 6}"
691463,{'university of michigan': 8}
693613,"{'university of california  los angeles': 2, 'imec': 2, '': 4}"
687972,{'north carolina state university': 8}
686858,"{'north carolina state university': 10, 'north carolina state university  chemical and biomolecular engineering department': 2}"
684164,{'north carolina state university': 12}
692194,{'the university of sheffield': 12}
687798,{'shenzhen university': 28}
686535,"{'idaho national laboratory': 20, 'university at buffalo': 8}"
687572,"{'the dow chemical company': 20, 'dow': 4, 'dow chemical': 4}"
689889,"{'school of chemical and biomolecular engineering  georgia institute of technology': 4, 'georgia institute of technology': 16}"
692302,{'university of colorado boulder': 24}
689505,{'university of chemistry and technology in prague': 6}
690933,"{'genentech': 8, 'purdue university': 2}"
695368,{'rutgers': 2}
684619,"{'abbvie': 4, 'northwestern university': 2}"
692541,{'vertex pharmaceuticals': 8}
690429,{'university of birmingham': 6}
695163,{'not found': 6}
687118,"{'imperial college london': 18, 'basf': 12}"
687266,{'apc ltd': 30}
687440,"{'dsm-firmenich': 6, 'dsm-firmenich science and research': 6}"
689522,"{'guangdong technion israel institute of technology': 12, 'guangdong technion israel institute of technology  shantou  china': 6}"
686671,"{'pfizer': 18, 'dsm-firmenich': 6}"
684913,{'imperial college london': 18}
693901,{'indian institute of science': 12}
687588,{'sunthetics': 4}
683859,{'university college london': 10}
685299,"{'eli lilly and company': 2, 'salvador garcia munoz eli lilly and company': 2}"
688552,"{'uconn': 2, 'eli lilly and company': 2, 'university of connecticut': 10, 'janssen pharmaceuticals': 2}"
691975,{'new jersey institute of technology': 14}
689700,{'university of strathclyde': 2}
692389,"{'purdue university': 4, 'takeda development center americas  inc': 6, 'takeda pharmaceuticals international co': 2}"
696704,{'harvard university': 2}
696705,{'stanford university': 2}
697855,{'university of california san diego': 2}
697856,{'nyu tandon school of engineering': 14}
696710,{'university of massachusetts amherst': 2}
696703,"{'princeton university': 14, 'american university of beirut': 2, 'merck and co': 2}"
693584,{'u s  food and drug administration': 2}
693425,{'u s  food and drug administration': 2}
692480,"{'university of california - davis': 2, 'university of california  davis': 2}"
689028,{'columbia university': 10}
688255,{'university of houston': 4}
685957,{'university of michigan': 8}
689893,{'hovione farmaciência': 4}
691602,"{'abbvie': 6, 'abbvie inc': 2}"
685281,{'eli lilly and company': 6}
685754,"{'abbvie inc': 10, 'purdue university': 2}"
700074,{'not found': 2}
687226,"{'queen s university': 4, 'merck and co   inc': 4}"
689466,"{'hovione': 2, 'hovione farmaciência s a': 2, 'hovione farmaciencia  s a': 2, 'hovione farmaciência sa': 2}"
684634,{'bristol myers squibb': 6}
693921,{'fda': 2}
692775,"{'purdue university': 16, 'weldon school of biomedical engineering  purdue university': 2, 'georgia tech and emory university': 2}"
691420,{'villanova university': 4}
687705,{'university of houston': 6}
685376,{'north carolina state university': 4}
684711,{'university of kentucky': 4}
688176,"{'university of colorado boulder': 10, 'university of colorado  boulder': 2}"
695337,{'sartorius': 2}
695338,{'amgen': 2}
695349,{'eli lilly and company': 4}
695350,{'not found': 2}
685927,"{'massachusetts institute of technology': 20, 'california institute of technology': 2}"
700511,{'not found': 2}
691529,"{'merck and co': 6, 'merck and co   inc': 4}"
684393,"{'university of connecticut': 4, 'sarepta therapeutics': 4}"
691759,{'gilead sciences': 4}
691557,"{'digital medicines manufacturing  loughborough university': 2, 'loughborough university': 4}"
697141,"{'merck and co': 8, 'merck and co   inc': 4}"
683641,{'gsk': 8}
684153,{'eli lilly and company': 20}
684587,{'gsk': 16}
686441,"{'merck and co': 12, 'sanofi': 4}"
686604,{'merck and co  inc': 24}
686767,{'the ohio state university': 24}
687041,"{'amgen  inc': 28, 'amgen research  gmbh': 4, 'amgen research munich': 4}"
687698,{'university of wisconsin-madison': 20}
687754,{'merck and co   inc': 52}
689619,{'tokyo institute of technology': 12}
690704,"{'west virginia university': 16, 'texas aandm university': 20}"
690976,{'bucknell university': 8}
691449,"{'eli lilly and company': 20, 'university of puerto rico  mayagüez': 4}"
691725,"{'merck and co   inc': 16, 'merck and co   inc   rahway  nj  usa': 8}"
692211,{'michigan technological university': 16}
692856,{'amgen inc': 16}
690921,"{'ssl': 4, 'sunthetics': 4}"
693882,{'procegence': 8}
691510,{'purdue university': 8}
690702,"{'worldwide research and development  pfizer healthcare india pvt ltd': 4, 'pfizer healthcare india pvt ltd': 4, 'pfizer canada': 4}"
689422,"{'tu dortmund university': 4, 'amofor gmbh': 4}"
687098,{'imperial college london': 16}
690233,{'boehringer ingelheim pharmaceuticals inc': 20}
699376,"{'university of rochester': 4, 'university of wisconsin-madison  madison': 4, 'university of wisconsin-madison': 12, 'bristol-myers squibb': 4, 'amgen': 12, 'bristol myers squibb': 12, 'genentech': 4, 'abbvie': 4, 'eli lilly': 4, 'abbvie inc': 4, 'merck and co   inc': 8}"
700978,"{'university of pretoria': 18, '': 2}"
693483,{'purdue university': 6}
693920,{'merck and co   inc': 8}
693927,"{'merck and co   inc': 20, 'merck and co  inc': 2, 'merck and co': 2}"
685608,{'queen s university': 6}
685955,"{'massachusetts institute of technology': 2, 'vertex pharmaceuticals': 2}"
687284,{'abbvie inc': 16}
689584,"{'hovione farmaciência sa': 4, 'hovione': 2, 'hovione farmaciência': 2}"
685210,"{'salvador garcia munoz eli lilly and company': 2, 'siemens industry software limited': 2}"
687584,{'university of california riverside': 2}
687925,{'porton usa': 4}
691757,{'university of california': 4}
684548,"{'apc ltd': 12, 'poznań university of medical sciences': 4, 'zoetis': 2}"
692600,"{'merck and co   inc': 8, 'altair engineering': 2}"
685858,"{'pfizer healthcare india pvt ltd': 2, 'cadfem india': 2, 'pfizer inc': 4, 'worldwide research and development  pfizer products india pvt ltd': 2}"
685813,"{'glaxosmithkline': 8, 'gsk': 6, 'new jersey institute of technology': 2}"
695277,{'not found': 4}
688440,{'eth zurich': 8}
691181,{'eli lilly and company': 8}
683950,"{'boehringer ingelheim pharmaceuticals inc': 8, 'stevens institute of technology': 4, 'rowan university': 8, 'boehringer-ingelheim pharm  inc': 4, 'boehringer-ingelheim': 4}"
684584,"{'purdue university': 12, 'the hong kong university of science and technology': 4, 'glaxosmithkline': 8, 'gsk medicines research centre': 4}"
688686,{'eli lilly and company': 4}
688729,{'new york university': 12}
687415,{'pfizer': 16}
686402,{'dsm-firmenich': 8}
684602,"{'boehringer ingelheim pharmaceuticals inc': 2, 'boehringer ingelheim': 8, 'boehringer ingelheim pharma gmbh and co  kg': 4, 'boehringer ingelheim pharmaceuticals  inc': 4}"
688855,"{'university of puerto rico': 4, 'university of puerto rico rio piedras campus': 2, 'university of wisconsin-madison': 2, 'purdue university': 2, 'university of puerto rico medical science campus': 2}"
692948,{'new jersey institute of technology': 10}
689756,{'meltprep': 6}
685702,"{'genentech': 6, 'experic': 4, 'harro höfliger': 2}"
695250,{'genentech': 2}
686538,{'georgia institute of technology': 6}
696711,{'massachusetts institute of technology': 2}
696712,{'purdue university': 6}
696713,{'vanderbilt university': 2}
696714,{'abbvie': 10}
696716,{'worldwide research and development  pfizer products india pvt ltd': 2}
696718,{'university of illinois at chicago': 2}
692761,"{'takeda': 4, 'takeda pharmaceuticals international co': 4, 'takeda development center americas  inc': 4}"
693022,{'virginia commonwealth university': 12}
693093,"{'rutgers  the state university of new jersey': 8, 'c-sops  department of chemical and biochemical engineering  rutgers  the state university of new jersey': 2}"
690292,"{'research center pharmaceutical engineering gmbh': 8, 'institute of automation and control  tu graz': 2, 'institute of automation and control  graz university of technology': 2, 'evon gmbh': 2, 'microinnova engineering gmbh': 2, 'graz university of technology': 2}"
689290,{'kyoto university': 6}
684417,{'u s  food and drug administration': 8}
688198,"{'worldwide research and development  pfizer inc': 12, 'pfizer inc': 2}"
687551,{'fda': 4}
693257,"{'princeton university': 16, 'purdue university': 2}"
687736,"{'pfizer worldwide research and development  445 eastern point road  groton  connecticut 06340  usa': 4, 'pfizer inc': 12, 'massachusetts institute of technology': 6}"
687862,"{'university college dublin': 6, 'merck and co   inc': 4}"
686505,"{'abbvie inc': 6, 'abbvie': 10}"
689914,"{'takeda pharmaceutical company limited': 10, 'university of massachusetts amherst': 2}"
693568,{'osaka university': 8}
685030,"{'yusuf hamied department of chemistry  university of cambridge': 2, 'cambridge centre for advanced research and education in singapore': 2}"
694993,{'not found': 4}
691385,"{'merck and co   inc': 12, 'merck and co  inc': 4}"
693515,{'the hong kong university of science and technology': 12}
700102,{'not found': 4}
691150,"{'': 2, 'university of strathclyde': 10}"
687236,{'corteva agriscience': 12}
684402,{'imperial college london': 12}
690119,{'university college dublin': 4}
691716,"{'takeda development center americas  inc': 2, 'takeda pharmaceuticals international co': 2}"
692824,{'virginia commonwealth university': 12}
683721,{'amgen inc': 12}
683781,"{'pfizer inc': 2, 'pfizer': 8}"
685255,{'georgia institute of technology': 8}
689548,{'purdue university': 4}
686925,{'massachusetts institute of technology': 6}
687390,"{'takeda': 8, 'takeda development center americas  inc': 2}"
688481,"{'eli lilly and company': 2, 'salvador garcia munoz eli lilly and company': 2}"
690221,"{'research center pharmaceutical engineering gmbh': 10, 'institute of automation and control  graz university of technology': 2, 'graz university of technology': 4}"
691549,"{'vertex pharmaceuticals': 6, 'vertex pharmaceuticals inc': 2}"
693997,"{'eli lilly and company': 10, 'siemens pse': 4, 'siemens': 2, 'university of manchester': 2}"
683644,{'gsk': 6}
695162,{'not found': 4}
690573,"{'the hong kong university of science and technology': 16, 'hong kong university of science and technology': 4}"
691022,{'pfizer': 20}
701006,{'not found': 4}
688051,"{'massachusetts institute of technology': 36, 'catholic university of louvain': 4, 'virginia commonwealth university': 4, 'university of puerto rico medical science campus': 4}"
690397,{'massachusetts institute of technology': 20}
685982,"{'massachusetts institute of technology': 20, 'california institute of technology': 4}"
686016,{'massachusetts institute of technology': 16}
695308,"{'gsk': 4, 'glaxosmithkline': 4}"
699795,{'purdue university': 14}
699030,{'queen s university': 2}
698312,{'eli lilly and company': 2}
698319,{'imperial college london': 2}
695164,{'not found': 4}
687533,"{'vertex pharmaceuticals': 4, 'continuus pharmaceuticals': 24}"
693047,{'virginia commonwealth university': 20}
701181,"{'imperial college london': 4, 'massachusetts institute of technology': 8, 'crystallization design institute  molecular sciences research center  university of puerto rico': 4}"
689310,{'massachusetts institute of technology': 24}
689060,{'porton usa': 16}
693796,{'procegence': 4}
685901,{'dalian university of technology': 12}
690956,"{'merck and co': 4, 'merck and co   inc': 4}"
692359,{'serán bioscience': 8}
685415,"{'stanford university': 14, 'university of north carolina at chapel hill': 4, 'vlp therapeutics': 2}"
683138,{'rensselaer polytechnic institute': 6}
683492,{'bristol myers squibb': 16}
687053,"{'eli lilly and company': 6, 'eli lilly': 2}"
687746,{'rutgers  the state university of new jersey': 2}
688871,{'massachusetts institute of technology': 16}
689710,{'hovione': 2}
690713,"{'hovione farmaciência': 2, 'hovione farmaciência sa': 2, 'faculty of pharmacy of the university of lisbon': 2}"
693224,{'recibiopharm': 8}
683102,{'continuus pharmaceuticals': 6}
686987,"{'ucb pharma s a': 4, 'crystalgrower': 2, 'university of manchester': 2, 'ucb pharma': 2}"
695268,{'not found': 4}
693772,"{'purdue university': 12, 'takeda development center americas  inc': 12, 'takeda pharmaceuticals international co': 4}"
685562,{'merck and co   inc': 8}
685398,{'university of illinois at urbana-champaign': 12}
686976,"{'ucb pharma s a': 16, 'siemens process systems engineering': 8}"
700454,{'not found': 4}
685815,{'sandia national laboratories': 24}
701237,{'not found': 4}
689519,"{'ege university': 4, 'university of aberdeen': 4, 'university of capet town': 4, 'izmir institute of technology': 4}"
692491,"{'university of california, los angeles': 12}"
692984,{'abbvie': 4}
687637,"{'massachusetts institute of technology': 4, 'university of colorado boulder': 4, 'bristol myers squibb': 20}"
686491,{'the ohio state university': 24}
688553,{'university of michigan': 8}
694117,"{'university college london': 16, 'ucl school of pharmacy': 8}"
689739,"{'eli lilly and company': 12, 'eli lilly services india pvt  ltd': 4}"
685924,{'pfizer': 10}
687752,{'rutgers  the state university of new jersey': 2}
687524,{'abbvie': 2}
689863,{'boehringer ingelheim pharmaceuticals inc': 4}
690883,{'pfizer inc': 4}
691404,"{'abbvie': 6, 'abbvie inc': 6}"
684762,"{'snapdragon chemistry-cambrex': 2, 'snapdragon chemistry inc': 6, 'biohaven pharmaceuticals': 2, 'princeton university': 2}"
695269,{'not found': 4}
691056,"{'eth zurich': 16, 'the university of manchester': 4}"
687135,"{'abbvie inc': 32, 'abbvie': 8}"
688309,"{'purdue university': 12, 'budapest university of technology and economics': 4}"
686592,"{'purdue university': 8, 'sandia national laboratories': 4}"
689077,{'massachusetts institute of technology': 16}
690311,"{'the university of manchester': 12, 'eth zurich': 4}"
692225,{'texas aandm university': 8}
687870,"{'hankyong national university': 12, 'pjp tech': 4}"
692168,"{'university of illinois at chicago': 8, 'university of illinois chicago': 8, 'abbvie inc': 8, 'abbvie': 4}"
689537,{'ghent university': 16}
693523,{'pfizer inc': 4}
700907,{'not found': 4}
686086,{'veranova': 12}
686689,"{'gsk': 12, 'glaxosmithkline': 4, 'gsk randd': 4}"
689416,"{'tu dortmund university': 4, 'amofor gmbh': 4}"
690125,"{'eli lilly and company': 12, 'hovione farmaciencia sa': 2}"
690388,"{'research center pharmaceutical engineering gmbh': 2, 'rutgers university': 2, 'graz university of technology': 2}"
689924,"{'takeda': 6, 'takeda development center americas  inc': 6}"
685010,{'syntegon technology gmbh': 2}
684433,"{'sanofi': 4, 'sanofi us services inc': 2}"
687640,{'sunthetics': 4}
694911,{'not found': 4}
691135,"{'eth zurich': 8, 'the university of manchester': 4}"
691669,"{'takeda development center americas  inc': 4, 'takeda pharmaceuticals international co': 8}"
687192,{'abbvie inc': 4}
685186,"{'imperial college london': 8, 'basf se': 4}"
682879,{'gsk': 24}
683777,{'glaxosmithkline': 4}
684741,{'university college london': 28}
689574,"{'eth zurich': 12, 'the university of manchester': 8, 'astrazeneca uk': 8}"
690159,"{'new jersey institute of technology': 8, 'merck and co   inc': 16}"
690997,{'hovione farmaciencia s a': 12}
685694,"{'abbvie inc': 28, 'abbvie': 4}"
687424,{'gilead sciences  inc': 16}
687622,"{'massachusetts institute of technology': 4, 'bristol-myers squibb': 4, 'bristol-myers squibb co': 4, 'bristol myers squibb': 8}"
689585,"{'university of liège': 12, 'university of liege': 4}"
685045,"{'georgia institute of technology college of engineering': 4, 'georgia institute of technology': 4}"
692969,{'glaxosmithkline': 2}
690164,"{'carnegie mellon university': 6, 'eli lilly and company': 12}"
689761,{'takeda pharmaceuticals': 10}
690001,"{'amgen  inc': 10, 'amgen research  gmbh': 2, 'amgen research munich': 2}"
684223,"{'pennsylvania state university': 4, 'merck and co   inc': 4}"
683783,{'pfizer  inc': 2}
683810,"{'new jersey institute of technology': 6, 'glaxosmithkline': 4}"
694935,"{'takeda pharmaceuticals': 4, 'takeda': 2}"
691133,"{'m-star simulations': 4, 'mstar cfd': 2}"
691231,{'takeda pharmaceutical company limited': 8}
686334,"{'university of maribor': 6, 'rcpe gmbh': 8, 'merck and co   inc': 8, 'ima life north america': 6}"
690898,{'university of texas at austin': 2}
689772,"{'sartorius': 2, 'biopharm services': 6, 'sartorius stedim north america': 2}"
695161,{'not found': 4}
684663,"{'rowan university': 8, 'stevens institute of technology': 4, 'boehringer ingelheim pharmaceuticals inc': 4, 'boehringer-ingelheim pharm  inc': 4, 'boehringer-ingelheim': 4}"
691584,"{'bristol-myers squibb': 20, 'bristol myers squibb': 4}"
684470,"{'purdue university': 8, 'corteva agriscience': 8}"
690931,{'university of houston': 16}
683934,"{'boehringer ingelheim pharmaceuticals  inc': 8, 'boehringer ingelheim pharmaceuticals inc': 4, 'boehringer ingelheim pharma gmbh and co kg': 4, 'boehringer-ingelheim': 4}"
687059,"{'tu dortmund university': 4, 'amofor gmbh': 4}"
690210,"{'apc ltd': 16, 'university of ljubljana': 4, 'poznan university of technology': 4}"
689824,"{'hovione farmaciência s a': 4, 'hovione farmaciência sa': 4, 'hovione farmaciencia  s a': 4}"
690504,"{'indian institute of technology  madras': 4, 'indian institute of technology madras': 4}"
692790,"{'takeda': 8, 'takeda development center americas  inc': 16}"
693048,{'glaxosmithkline': 4}
685849,"{'pfizer healthcare india pvt ltd': 4, 'ansys inc': 4, 'worldwide research and development  pfizer healthcare india pvt ltd': 4, 'worldwide research and development  pfizer products india pvt ltd': 4}"
700080,{'not found': 4}
693893,{'procegence': 4}
684640,"{'bms': 4, 'bristol myers squibb': 12}"
698632,{'trine university': 2}
698534,{'university of oklahoma': 2}
698713,{'the ohio state university': 4}
698539,{'lamar university': 6}
698542,"{'university of california, los angeles': 4}"
698543,{'michigan state university': 6}
698544,"{'university of florida': 2, 'university of florida student chapter': 2}"
698540,{'mississippi state university': 6}
698541,{'university of iowa aiche student chapter': 4}
698545,{'unal-med student chapter in colombia': 2}
698560,"{'young professionals committee': 2, 'glycosyn llc': 2, 'university of minnesota': 2}"
698556,{'dps group global': 2}
698841,{'imperial college london': 4}
698547,{'university of missouri-columbia': 2}
698552,"{'coanda research and development corporation': 2, 'coanda': 2}"
698551,"{'aiche': 2, 'licensing and professional development': 4}"
698561,{'pd2m': 2}
698969,{'stanford university': 8}
698696,"{'evonik corporation': 2, 'evonik': 4}"
698557,{'mathworks': 2}
698550,{'university of kentucky': 2}
698548,"{'young professionals committee': 2, 'glycosyn llc': 2}"
698553,{'university of missouri-columbia': 2}
699547,{'chevron': 2}
699595,{'university of notre dame': 2}
698565,{'young professionals committee': 2}
698554,{'university of texas at austin': 2}
699219,{'university of california  los angeles': 2}
698563,{'university of michigan': 2}
699695,{'celanese': 2}
699220,{'university of california  los angeles': 2}
698555,"{'young professionals committee': 2, 'glycosyn llc': 2}"
698564,"{'national energy technology laboratory': 2, 'texas aandm university-kingsville': 2, 'rowan university': 2, 'n a': 2, 'environmental division': 2}"
698549,"{'syracuse university': 2, 'the ohio state university': 2, 'the chemours company': 2, 'yale university': 2, 'university of michigan': 2}"
698694,{'aveva': 6}
698558,{'university of oklahoma': 6}
699221,{'michigan state university': 4}
699067,"{'aiche': 2, 'verdetek': 2, 'ohio state university': 2, 'ncsu': 2}"
699176,{'fau': 4}
699177,"{'missouri university of science and technology': 2, 'university of notre dame': 2, 'university of toledo': 2, 'university of minnesota - duluth': 2}"
699055,{'university of california  los angeles': 2}
699054,{'university of california  los angeles': 2}
692466,{'iowa state university': 8}
692219,"{'stevens institute of technology': 4, 'politecnico di torino': 4}"
691646,{'lehigh university': 4}
690223,"{'university of florida': 8, 'university at buffalo': 2, 'louisiana state university': 4}"
690016,"{'obafemi awolowo university': 4, 'clarkson university': 6}"
688775,{'rutgers  the state university of new jersey': 4}
684903,{'tsinghua university': 2}
691109,"{'iit hyderabad': 2, 'indian institute of technology hyderabad': 2}"
685000,{'university of michigan': 6}
683662,{'university of oklahoma': 6}
687151,"{'university of illinois urbana-champaign': 6, 'georgia institute of technology': 2}"
690030,{'the ohio state university': 4}
686236,{'university of massachusetts lowell': 4}
690593,{'university of south carolina': 4}
691791,"{'school of chemistry  chemical engineering and biotechnology  nanyang technological university': 2, 'cnrs': 8, 'nanyang technological university': 6, 'cnrs create': 2, 'university of oxford': 2}"
685589,{'the pennsylvania state university': 6}
690764,"{'georgia institute of technology': 6, 'university of florida': 4, 'virginia polytechnic institute and state university': 4}"
684610,{'university of wisconsin-madison': 8}
687513,{'clemson university': 4}
689387,"{'national university of singapore': 12, 'southern university of science and technology': 2}"
690318,"{'penn state': 2, 'the pennsylvania state university': 2}"
691399,"{'university of california  los angeles': 2, 'stanford university': 8, 'slac national accelerator laboratory': 8, 'suncat center for interface science and catalysis  slac national accelerator laboratory': 2}"
692117,"{'tufts university': 6, 'rowland institute at harvard  harvard university': 4, 'utrecht university': 4, 'iowa state university': 4}"
692391,{'new york university': 4}
692780,"{'missouri university of science and technology': 2, 'north carolina a and t state univ': 2}"
689121,"{'kumamoto university': 14, 'valladolid university': 2}"
689940,"{'worcester polytechnic institute': 4, 'university of akron': 2}"
685500,"{'korea institute of science and technology': 4, 'korea university': 2, 'university of british columbia': 2}"
686057,"{'university of kansas': 8, 'university of delaware': 8, 'pittsburg state university': 6, 'the university of kansas': 2}"
684616,"{'university of delaware': 10, 'university of kansas': 4, 'center for environmentally beneficial catalysis': 2}"
692223,{'auburn university': 8}
687779,{'columbia university': 2}
682170,{'university of delaware': 2}
692608,{'university of pittsburgh': 2}
694901,{'university of delaware': 2}
690366,{'politecnico di milano': 12}
688428,{'university of oxford': 2}
688529,{'rutgers  the state university of new jersey': 2}
688286,{'brown university': 6}
688339,"{'university of minnesota': 4, 'shell india market private limited': 4, 'shell global solutions international b v': 2}"
688576,"{'northwestern university': 4, 'dow chemical company': 2}"
688676,{'university of rochester': 2}
689777,{'indian institute of technology kanpur': 6}
690965,{'brown university': 6}
691794,{'suncat center for interface science and catalysis  slac national accelerator laboratory': 4}
692456,"{'university of massachusetts amherst': 2, 'national academy of sciences of ukraine': 6, 'israel institute of technology technion': 2}"
691375,"{'utah state university': 6, 'old dominion university': 4}"
689784,{'chalmers university of technology': 6}
692281,{'iowa state university': 14}
685017,"{'university of pittsburgh  johnstown': 2, 'khalifa university': 2}"
691206,{'university of utah': 4}
693207,"{'north carolina state university': 20, 'northwestern university': 2}"
693027,"{'the ohio state university': 4, 'the college of wooster': 2}"
690444,"{'northwestern university': 8, 'the dow chemical company': 4, 'dow chemical company': 2}"
692487,"{'university of massachusetts amherst': 2, 'national academy of sciences of ukraine': 6, 'israel institute of technology technion': 2}"
692407,"{'university of michigan': 2, 'princeton university': 2}"
690741,{'university of houston': 6}
687893,{'tsinghua university': 6}
692497,"{'university of patras': 4, 'pennsylvania state university': 4, 'the pennsylvania state university': 2}"
685571,"{'friedrich-alexander-universität erlangen-nürnberg': 2, 'hochschule rosenheim': 2, 'university of erlangen-nuremberg': 2}"
681953,{'kansas state university': 8}
685205,{'department of chemical engineering  college of engineering  king khalid university  abha 61411  saudi arabia': 6}
687460,{'university of oklahoma': 14}
688577,"{'indian institute of technology bombay': 2, 'indian institute of technology  bombay': 2, 'university of alberta': 2}"
684901,{'university of massachusetts lowell': 4}
689415,{'stanford university': 8}
691459,{'new mexico institute of mining and technology': 8}
691639,{'university of oklahoma': 12}
688364,"{'stanford university': 20, 'slac national accelerator laboratory': 6, 'suncat center for interface science and catalysis  slac national accelerator laboratory': 4, 'university of kansas': 2, 'stanford synchrotron radiation lightsource  slac national accelerator laboratory': 2}"
688716,{'easyxafs': 8}
701022,{'not found': 2}
691823,"{'national institute of standards and technology': 14, 'university of delaware': 4}"
692216,"{'university of michigan': 6, 'shell': 2, 'the university of iowa': 4, 'university of california santa barbara': 2}"
692571,"{'massachusetts institute of technology': 2, 'university of california  davis': 2, 'slac national accelerator laboratory': 2}"
692788,{'university of illinois at urbana-champaign': 4}
692894,"{'slac national accelerator laboratory': 4, 'utrecht university': 2, 'paul scherrer institute': 2}"
689345,{'university of houston': 6}
689816,{'university of toronto': 8}
691576,{'savannah river national lab': 2}
693548,"{'university of wisconsin - madison': 10, 'university of puerto rico - mayagüez': 6}"
685738,{'purdue university': 4}
689299,{'university of waterloo': 12}
686784,{'university of california  los angeles': 4}
695312,"{'the ohio state university': 2, 'dow': 2}"
693023,{'stevens institute of technology': 10}
688672,{'pennsylvania state university': 2}
688536,{'the university of alabama': 2}
684308,{'university of minnesota': 2}
683478,{'the chemours company': 2}
693350,{'oregon state university': 10}
691532,{'the university of alabama': 14}
693157,{'university of houston': 8}
688228,{'georgia institute of technology': 6}
693291,"{'georgia institute of technology': 2, 'university of illinois urbana-champaign': 2}"
690869,"{'indian institute of technology hyderabad': 2, 'iit hyderabad': 2}"
685274,{'iowa state university': 10}
692525,"{'louisiana state university': 4, 'university of florida': 6}"
693240,"{'us environmental protection agency': 20, 'jacobs technology inc': 8, 'css inc': 4}"
689113,"{'north carolina state university': 16, 'us environmental protection agency': 16}"
693132,"{'brown university': 12, 'chemical sciences and engineering division  argonne national laboratory': 4, 'argonne national laboratory': 4}"
689947,"{'northeastern university': 8, 'brown university': 8}"
690756,{'brown university': 12}
691042,{'north carolina state university': 20}
688573,{'argonne national laboratory': 12}
693153,"{'united states military academy': 56, 'u s  army combat capabilities development command': 4}"
684671,{'northwestern university': 8}
692971,"{'university of toronto': 4, 'paul scherrer institute': 2}"
681814,"{'university of central florida': 2, 'virginia polytechnic institute and state university': 2, 'virginia tech': 2, 'university of california  riverside': 2}"
688393,"{'tsinghua university': 2, 'tsinghua university  p r china': 2}"
690718,{'colorado school of mines': 6}
686375,{'clemson university': 6}
687401,{'university of south carolina': 10}
693354,"{'university of colorado boulder': 12, 'forge nano': 4}"
685605,{'university of south carolina': 10}
685941,"{'clariant corporation': 6, 'clariant': 2, 'clariant corp': 2}"
686066,{'the ohio state university': 8}
689253,{'university of delaware': 10}
690985,"{'stony brook university': 8, 'brookhaven national laboratory': 2, 'hanyang university': 4}"
692862,{'university of houston': 6}
691867,{'northwestern university': 4}
692994,"{'oak ridge national laboratory': 14, 'lehigh university': 2, 'vanderbilt university': 2, 'oak ridge national lab': 2}"
694164,"{'university of washington': 4, 'the university of washington': 2}"
687471,{'west virginia university': 8}
688021,"{'university of virginia': 12, 'university of california  santa barbara': 2}"
691122,{'university of minnesota': 4}
692264,{'tufts university': 4}
692589,{'university of michigan': 6}
686072,{'university of delaware': 6}
690391,{'university of pittsburgh': 6}
695056,{'department of chemical engineering  university of michigan': 2}
691090,{'massachusetts institute of technology': 2}
687553,{'university of wisconsin - madison': 2}
693114,{'university of puerto rico at mayaguez': 2}
695057,{'university of virginia': 2}
686721,"{'aaas nsf': 2, 'georgia institute of technology': 8}"
690180,{'mississippi state university': 8}
690173,{'university of notre dame': 2}
686055,"{'rice university': 8, 'tokyo institute of technology': 2}"
688622,{'rice university': 6}
691962,"{'texas aandm university': 6, 'texas aandm unversity': 2, 'university of missouri': 2}"
684850,"{'university of utah': 4, 'university of wisconsin-madison': 2}"
687729,"{'worcester polytechnic institute': 6, 'wpi': 2, 'river otter': 2}"
690978,"{'university of arizona': 2, 'the university of arizona': 2}"
682549,{'university of rochester': 2}
693826,{'university of illinois at chicago': 6}
686310,{'oregon state university': 4}
687128,{'university of illinois at urbana-champaign': 4}
687433,{'rice university': 8}
700905,{'not found': 2}
690577,{'yale university': 10}
692908,"{'university of virginia': 2, 'n a': 2}"
687858,"{'western kentucky university': 2, 'university of california santa cruz': 4}"
691679,{'slac national accelerator laboratory': 2}
689120,"{'virginia polytechnic institute and state university': 4, 'university of new mexico': 4, 'university of delaware': 4, 'stony brook university': 4, 'brookhaven national laboratory': 2, 'slac national accelerator laboratory': 4}"
686428,"{'purdue university': 6, 'university of new mexico': 4}"
687538,{'imperial college london': 6}
690232,"{'université de lyon': 12, 'university of michigan': 4, 'university of california  santa barbara': 4, 'université grenoble alpes': 2}"
690496,"{'koreatech': 2, 'seoul national university': 6}"
691618,"{'the pennsylvania state university': 8, 'lawrence livermore national laboratory': 2}"
692962,"{'university of colorado-boulder': 2, 'n a': 2, 'university of colorado boulder': 2}"
692378,{'brigham young university': 4}
686234,"{'university of california irvine': 2, 'university of california  irvine': 2}"
692960,"{'university of california riverside': 8, 'university of california  riverside': 4}"
690259,{'brigham young university': 8}
684316,"{'university of california  riverside': 4, 'university of california riverside': 2}"
688850,"{'university of california  riverside': 2, 'university of california riverside': 4}"
692879,{'brigham young university': 6}
686154,{'the university of texas at austin': 4}
687299,{'texas aandm university': 4}
690518,"{'washington state university': 4, 'pacific northwest national laboratory': 4}"
691554,{'texas aandm university': 10}
692798,"{'university of california, los angeles': 2, 'purdue university': 2}"
683376,"{'university of wisconsin-madison': 6, 'kent state university': 2, 'cornell university': 2}"
685209,"{'university of minnesota': 6, 'the scripps research institute': 4}"
686523,"{'purdue university': 4, 'imperial college london': 2, 'university of chicago': 2, 'university of são paulo': 2}"
695096,{'the ohio state university': 2}
688053,{'university of california  santa barbara': 2}
693180,{'university of toronto': 6}
691320,{'pennsylvania state university': 2}
695095,{'argonne national lab': 2}
691934,{'university of florida': 10}
693981,{'clariant corporation': 2}
694987,{'the dow chemical company': 2}
684094,"{'qatar environment and energy research institute  hamad bin khalifa university  qatar foundation  p o  box 34110': 8, 'department of chemistry and earth sciences  college of arts and sciences  qatar university': 2, 'hbku core labs  hamad bin khalifa university': 2, 'department of industrial and computer engineering and economics  university of l aquila': 2}"
688291,{'university of north dakota': 2}
691208,{'brandenburg university of technology': 8}
682120,{'national university of singapore': 2}
691525,"{'national renewable energy lab': 2, 'national renewable energy laboratory': 2}"
692647,{'south dakota school of mines and technology': 4}
693024,{'rutgers  the state university of new jersey': 8}
688866,"{'pennsylvania state university': 6, 'penn state university': 2}"
683915,"{'the university of akron': 6, 'university of rochester': 4}"
688903,{'oregon state university': 4}
692252,"{'university of delaware': 6, 'university of maryland': 4}"
690502,{'auburn university': 8}
690743,"{'renewable resources and enabling sciences center  national renewable energy laboratory': 18, 'strategic energy analysis center  national renewable energy laboratory': 2, 'national renewable energy laboratory': 6, 'university of wisconsin-madison': 2}"
689330,{'university of delaware': 8}
690194,{'university of delaware': 4}
701486,{'not found': 2}
686481,"{'carnegie mellon university': 4, 'fundamental ai research   meta': 6}"
691070,{'the pennsylvania state university': 10}
691108,{'university of delaware': 4}
689407,{'nanyang technological university': 8}
691978,"{'university of florida': 6, 'georgia institute of technology': 4, 'virginia polytechnic institute and state university': 4}"
685288,{'carnegie mellon university': 4}
687488,{'stanford university': 10}
692924,{'university of michigan': 2}
693856,{'idaho national laboratory': 6}
687714,{'rice university': 4}
689516,"{'forschungszentrum jülich gmbh': 6, 'university of erlangen-nuremberg': 2}"
685557,{'tsinghua university': 4}
685377,"{'imperial college london': 4, 'university of surrey': 2}"
687859,{'lehigh university': 6}
687695,"{'washington state university': 2, 'pacific northwest national laboratory': 6, 'loyola university chicago': 2}"
687938,{'university of pittsburgh': 12}
688756,{'johns hopkins university': 4}
691103,{'the university of alabama': 8}
691666,{'virginia polytechnic institute and state university': 8}
691868,"{'school of chemistry  chemical engineering and biotechnology  nanyang technological university': 2, 'university of california at berkeley': 2}"
692009,"{'the pennsylvania state university': 4, 'pennsylvania state university': 2}"
692462,{'university of oklahoma': 6}
685478,{'university of houston': 2}
687057,"{'university of virginia': 4, 'university of houston': 4}"
686974,"{'institute for chemical technology and polymer chemistry  karlsruhe institute of technology': 2, 'karlsruhe institute of technology': 4}"
689082,"{'mork family department of chemical engineering and materials science  university of southern california  los angeles  ca': 2, 'mork family department of chemical engineering and materials science  university of southern california': 2, 'university of southern california': 6}"
687888,{'politecnico di milano': 2}
691828,"{'idaho national laboratory': 12, 'university of houston': 4}"
688746,{'university of houston': 2}
695496,{'not found': 6}
690989,{'the city college of new york': 6}
681766,"{'bascat - unicat basf jointlab - tu berlin': 30, 'basf se  group research': 18}"
689732,"{'netherlands organisation for applied scientific research  tno': 24, 'groningen university': 6, 'maastricht university': 24}"
693395,{'purdue university': 12}
692937,{'university of wisconsin-madison': 6}
695497,{'not found': 6}
695498,{'not found': 6}
692018,"{'university of houston': 4, 'university of illinois urbana-champaign': 2, 'georgia institute of technology': 2}"
681830,"{'harvard university': 12, 'utrecht university': 4}"
683951,"{'the university of akron': 2, 'pacific northwest national laboratory': 6, 'northwestern university': 2, 'stanford synchrotron radiation lightsource  slac national accelerator laboratory': 2, 'slac national accelerator laboratory': 6}"
687825,{'university of houston': 4}
689711,{'taiyuan university of technology': 8}
690334,"{'university of california  santa barbara': 2, 'chevron research': 2, 'chevron energy technology company': 2, 'university of california santa barbara': 2}"
690459,{'tulane university': 4}
692139,"{'princeton university': 4, 'university of michigan': 2}"
691991,{'texas aandm university': 2}
691461,"{'university of wisconsin-madison': 6, 'national renewable energy laboratory': 2, 'iowa state university': 10}"
691856,"{'university of kansas': 2, 'the university of kansas': 4}"
690619,"{'university of massachusetts lowell': 4, 'umass amherst  department of chemical engineering': 2, 'university of massachusetts amherst': 2}"
691202,{'the pennsylvania state university': 6}
691247,{'tulane university': 6}
689494,{'tsinghua university': 4}
685411,"{'university of virginia': 4, 'oak ridge national laboraory': 2, 'oak ridge national laboratory': 2}"
687172,"{'ncsu': 2, 'north carolina state university': 2}"
687298,"{'carnegie mellon university': 4, 'sandia national laboratories': 2, 'lawrence livermore national laboratory': 2}"
687651,{'sunthetics': 4}
691568,"{'sandia national laboratories': 4, 'argonne national laboratory': 2}"
691616,"{'aarhus university': 4, 'carnegie mellon university': 2}"
690071,{'university of houston': 4}
684269,"{'imperial college london': 8, 'the university of manchester': 2}"
693273,{'university of maryland  baltimore county': 10}
701240,{'not found': 2}
686752,{'university of california  los angeles': 10}
693894,{'national university of singapore': 4}
687025,{'école polytechnique fédérale de lausanne': 6}
685961,{'the university of texas at austin': 4}
688090,{'rice university': 4}
688753,"{'process systems engineering   rwth aachen university': 2, 'rwth aachen university': 10, 'ku leuven': 2}"
691084,"{'rwth aachen university': 8, 'ku leuven': 2}"
688091,"{'paul scherrer institute': 6, 'university of zurich': 4}"
689279,{'university of houston': 6}
689394,"{'university of california berkeley': 2, 'university of california  berkeley': 2}"
690166,{'the pennsylvania state university': 10}
690579,{'purdue university': 4}
691471,{'university of minnesota': 4}
701345,{'not found': 2}
684356,{'pohang university of science and technology': 4}
690109,{'university of houston': 2}
684862,{'idaho national laboratory': 4}
687988,{'university of houston': 2}
688028,{'texas aandm university-kingsville': 2}
686621,{'indian institute of technology delhi': 2}
694873,{'university of houston': 2}
692499,"{'stony brook university': 6, 'inha university': 4, 'hanyang university': 4, 'naieel technology': 2}"
685784,{'northwestern university': 8}
688161,{'university of florida': 4}
686216,{'the ohio state university': 4}
690412,{'university of south florida': 8}
691238,"{'stony brook university': 12, 'brookhaven national laboratory': 2, 'inha university': 4, 'hanyang university': 4}"
693529,"{'university of colorado  boulder': 2, 'university of colorado boulder': 2}"
684527,{'csir - indian institute of chemical technology': 4}
687403,{'university of south carolina': 4}
693109,{'university of california  irvine': 2}
686730,{'university of florida': 6}
692102,{'university of south carolina': 8}
690671,"{'oregon state university': 14, 'renewable resources and enabling sciences center  national renewable energy laboratory': 2}"
690092,"{'northwestern university': 10, 'colorado state university': 4}"
684472,{'tulane university': 8}
688034,{'university of washington': 4}
688068,{'the university of alabama': 4}
684938,{'nanyang technological university': 2}
686805,"{'carnegie mellon university': 4, 'university of texas at austin': 2, 'the university of texas at austin': 2}"
692412,{'iowa state university': 4}
693084,{'arizona state university': 4}
687160,"{'university of massachusetts lowell': 8, 'dalian university of technology': 4, 'northeastern university': 2}"
690899,{'colorado school of mines': 4}
687661,"{'university of massachusetts amherst': 2, 'university of massachusetts': 2}"
682817,{'national university of singapore': 2}
690584,"{'columbia university': 10, 'forge nano inc': 4, 'forge nano': 2}"
694105,"{'totalenergies': 2, 'stanford university': 8}"
687658,"{'california institute of technology': 14, 'harvard university': 2}"
686059,{'purdue university': 8}
689234,{'northwestern university': 4}
692745,{'stanford university': 4}
691010,{'brown university': 6}
690776,"{'oregon state university': 6, 'tulane university': 4}"
686573,{'iowa state university': 6}
692619,"{'stanford university': 8, 'slac national accelerator laboratory': 4, 'suncat center for interface science and catalysis  slac national accelerator laboratory': 2}"
693070,{'stevens institute of technology': 4}
692540,{'university of washington': 4}
686476,{'university of delaware': 6}
692893,"{'university of toronto': 6, 'western university': 6}"
690655,"{'penn state': 2, 'technical university of denmark': 6}"
689186,{'university of washington': 2}
691537,{'the university of texas at austin': 2}
687831,{'university of southern california': 8}
693848,{'slac national accelerator laboratory': 2}
681567,"{'university of illinois chicago': 2, 'texas tech university': 2}"
694455,"{'university of california  berkeley': 8, 'liquid sunlight alliance': 2}"
682254,{'university of california  berkeley': 2}
695501,{'not found': 6}
690712,{'university of illinois at chicago': 12}
689794,{'university of california  los angeles': 12}
700310,{'not found': 6}
692771,"{'university of connecticut': 18, 'stony brook university': 12, 'pacific northwest national laboratory': 6}"
684696,{'texas aandm university': 12}
685893,{'qatar university': 24}
687591,{'university of notre dame': 24}
688594,{'university of south carolina': 24}
688759,"{'clemson university': 6, 'los alamos national laboratory': 2, 'argonne national laboratory': 2, 'oak ridge national laboratory': 2}"
681829,"{'university of california  riverside': 2, 'university of central florida': 4}"
686366,{'national university of singapore': 4}
686695,"{'stony brook university': 4, 'brookhaven national laboratory': 8, 'university of connecticut': 8}"
686931,{'national university of singapore': 4}
687597,"{'louisiana state university': 10, 'the pennsylvania state university': 4, 'pennsylvania state university': 4}"
688852,"{'university of minnesota twin cities': 2, 'national renewable energy laboratory': 6, 'university of minnesota': 2}"
692247,"{'university of illinois chicago': 4, 'university of illinois at chicago': 2}"
683941,"{'university of michigan': 4, 'the pennsylvania state university': 4}"
686999,"{'école polytechnique fédérale de lausanne': 6, 'institute of chemical research of catalonia': 6, 'universitat rovira i virgili': 2}"
690163,{'case western reserve university': 2}
690874,{'university of chicago': 2}
690943,"{'the pennsylvania state university': 10, 'university of michigan': 2}"
693103,{'the ohio state university': 4}
693299,{'university of minnesota': 4}
693889,{'national university of singapore': 4}
686425,{'university of houston': 6}
686693,{'clemson university': 8}
693324,{'university of houston': 8}
688583,"{'carnegie mellon university': 4, 'sandia national laboratories': 2}"
685791,{'university of delaware': 6}
687519,"{'the university of texas at austin': 22, 'stanford university': 2}"
692251,"{'engineering science': 2, 'university of oxford': 2}"
686978,"{'karlsruhe institute of technology': 6, 'institute for chemical technology and polymer chemistry  karlsruhe institute of technology': 2}"
686603,{'university of south carolina': 4}
688945,{'university of utah': 4}
689728,"{'tsinghua university  p r china': 4, 'tsinghua university': 2}"
692575,{'new mexico institute of mining and technology': 8}
693010,{'polykala technologies llc': 2}
693595,"{'university of illinois chicago': 8, 'en-ramps llc': 2}"
686879,{'the university of texas at austin': 10}
691147,{'rice university': 10}
685389,{'university of illinois at urbana-champaign': 6}
688359,{'the university of alabama': 4}
690306,{'brown university': 6}
693071,{'stevens institute of technology': 4}
685828,"{'university of california - los angeles': 4, 'university of wisconsin - madison': 4, 'slac national accelerator laboratory': 2}"
692878,"{'purdue university': 4, 'university of maryland  college park': 2, 'johns hopkins university': 2}"
689391,{'nanyang technological university': 10}
693532,"{'stanford university': 2, 'slac national accelerator laboratory': 2}"
688501,{'german aerospace center': 4}
694933,"{'oregon state university': 20, 'michigan state university': 8, 'msu': 4, 'university of central florida': 4, 'redoxblox inc': 8, 'illinois state university': 4, 'redoxblox': 4}"
691158,"{'harbin institute of technology': 8, 'the australian national university': 24, 'university of minnesota': 8, 'it power australia': 4, 'consejo superior de investigaciones científicas': 4, 'national university of singapore': 4, 'australian national university': 4, 'the cyprus institute': 4}"
682756,{'national renewable energy laboratory': 8}
686021,{'university of florida': 20}
688674,{'california institute of technology': 16}
691764,"{'university of new mexico': 20, 'sandia national laboratories': 12}"
695313,"{'idaho national laboratory': 2, 'the city college of new york': 2, 'university of puerto rico at mayaguez': 2, 'exxonmobil chemical company': 2}"
684345,"{'university of kansas': 2, 'oklahoma state university': 4}"
684397,"{'natural resources canada  canmetenergy': 4, 'canmetenergy': 8}"
685661,"{'west virginia university': 12, 'washington and jefferson college': 2}"
687156,"{'university of massachusetts lowell': 6, 'virginia polytechnic institute and state university': 2}"
691925,{'texas aandm university': 2}
692551,"{'stanford university': 6, 'slac national accelerator laboratory': 2, 'suncat center for interface science and catalysis  slac national accelerator laboratory': 2}"
693357,"{'stanford university': 8, 'slac national accelerator laboratory': 2}"
686431,{'northeastern university': 4}
682150,{'texas tech university': 4}
687493,{'northwestern university': 6}
689188,"{'the university of texas at austin': 10, 'carnegie mellon university': 4}"
689189,{'purdue university': 2}
689923,{'drexel university': 4}
691654,{'clarkson university': 2}
692416,"{'suncat center for interface science and catalysis  department of chemical engineering  stanford university': 2, 'slac national accelerator laboratory': 2}"
691504,{'the pennsylvania state university': 10}
685226,{'princeton university': 6}
688762,"{'university of minnesota-twin cities': 4, 'casale sa': 4, 'university of minnesota': 2}"
689921,{'the ohio state university': 4}
688632,"{'university of maine': 8, 'university of florida': 4}"
683874,"{'snapdragon chemistry inc': 20, 'w l  gore and associates  inc': 2, 'w  l  gore and associates  inc': 2, 'zaiput flow technologies': 4}"
692064,{'university of oxford': 4}
687194,"{'university of delaware': 4, 'university of maryland': 4}"
683653,{'oak ridge national laboratory': 6}
684608,{'university of wisconsin-madison': 6}
686359,{'samsung advanced institute of technology': 6}
687075,"{'institute for chemical technology and polymer chemistry  karlsruhe institute of technology': 2, 'karlsruhe institute of technology': 4}"
690932,"{'stanford university': 6, 'slac national accelerator laboratory': 2}"
691031,{'indian institute of technology delhi': 6}
682121,"{'university of edinburgh': 6, 'newcastle university': 4, 'manchester university': 2, 'university of birmingham': 8, 'imperial college london': 2}"
684879,"{'university of california at berkeley': 8, 'tufts university': 2, 'basf': 2}"
687082,"{'university of minnesota': 4, 'colorado school of mines': 4}"
688062,{'university of california  santa barbara': 4}
694985,{'northwestern university': 2}
689062,{'university of michigan': 2}
694984,{'the dow chemical company': 2}
692421,{'slac national accelerator laboratory': 4}
693213,{'louisiana state university': 4}
692287,"{'northeastern university': 6, 'sandia national laboratories': 2}"
701221,{'not found': 2}
684628,"{'north carolina aandt state university': 6, 'university of delaware': 2, 'korea institute of energy technology': 4}"
685838,"{'university of notre dame': 4, 'purdue university': 2}"
690341,{'university of illinois urbana-champaign': 4}
693282,"{'brown university': 4, 'georgia institute of technology': 4, 'argonne national laboratory': 2}"
695499,{'not found': 4}
690264,"{'the university of southern mississippi': 12, 'dave c  swalm school of chemical engineering  mississippi state university': 4, 'university of southern mississippi': 4, 'penn state': 4, 'university of missouri columbia': 4}"
690559,{'stanford university': 40}
690727,"{'university of delaware': 12, 'department of chemical and biomolecular engineering': 4}"
686120,{'university of houston': 16}
683389,"{'ghent university': 12, 'coolbrook oy': 4}"
684687,{'georgia institute of technology': 12}
685773,"{'university of california  irvine': 16, 'basf': 12}"
692756,{'worcester polytechnic institute': 24}
688815,{'syracuse university': 16}
691100,{'university of houston': 12}
685370,"{'queen s university': 8, 'national research council canada': 8, 'natural resources canada': 8}"
690489,{'obafemi awolowo university': 8}
685597,"{'university of illinois chicago': 8, 'the joint bioenergy institute': 4, 'sandia national laboratories': 8}"
692239,"{'the ohio state university': 12, 'iowa state university': 4}"
681987,"{'university of texas rio granda valley': 4, 'university of texas rio grande valley': 4}"
693037,"{'texas aandm university at qatar': 4, 'texas aandm university': 8, 'department of chemical engineering  texas aandm university at qatar p  o  box 23874': 4}"
691793,"{'national renewable energy laboratory': 12, 'colorado school of mines': 8}"
688281,{'faculty of new sciences and technologies  university of tehran': 8}
683432,{'karlsruhe institute of technology': 16}
684910,{'indian institute of technology roorkee': 8}
688626,"{'auburn university': 16, 'usda': 12, 'ohio state university': 8}"
690231,{'pennsylvania state university': 16}
691393,{'texas aandm university': 12}
690516,{'liberty university': 8}
686870,"{'nagoya university': 20, 'national institute of technology  numazu college': 8}"
687681,{'west virginia university': 16}
689181,"{'chung-ang university': 4, 'yonsei university': 4, 'korea national university of science and technology': 4, 'korea research institute of chemical technology': 4}"
690585,"{'university of pittsburgh': 16, 'lubrizol advanced materials': 8, 'lubrizol advanced materials europe bvba': 4, 'the lubrizol corporation': 4}"
684537,{'tsinghua university': 8}
695310,"{'university of toronto': 16, 'american university of beirut': 4}"
686422,{'qatar university': 12}
690276,{'johns hopkins university': 4}
690818,{'university of kansas': 4}
691893,{'institut charles gerhardt montpellier  université de montpellier  cnrs  enscm 34293': 4}
692162,"{'university of southern california': 8, 'kyungpook national university': 12}"
686578,"{'iit roorkee': 4, 'indian institute of technology roorkee': 4}"
687461,{'yale university': 28}
688101,"{'washington university in st  louis': 8, 'university of missouri': 4}"
689425,{'iit kharagpur': 12}
689984,{'indian institute of technology kharagpur': 8}
690132,"{'university of michigan': 4, 'university of puerto rico at mayagüez': 4, 'university of puerto rico at mayaguez': 4, 'department of chemical engineering  university of michigan': 4}"
691254,"{'university of engineering and technology lahore': 4, 'research and innovation center on co2 and hydrogen   chemical and petroleum engineering department  khalifa university  abu dhabi  united arab emirates': 4, 'khalifa university': 4}"
687617,"{'north carolina aandt state university': 16, 'north carolina agricultural and technical state university': 4}"
686923,{'hanyang university': 16}
685208,"{'american university of the middle east': 4, 'middle east technical university': 4}"
688329,"{'north carolina aandt state university': 8, 'joint school of nanoscience and nanoengineering  nc aandt state university': 4, 'lawrence livermore national laboratory': 4}"
692155,"{'university of illinois chicago': 8, 'university of illinois at chicago': 4}"
682226,{'massachusetts institute of technology': 8}
694062,"{'university of british columbia': 8, 'stanford university': 4, 'indian institute of technology kanpur': 4}"
693709,"{'stanford university': 12, 'ulsan national institute of science and technology': 12}"
700979,{'durban university of technology': 4}
692336,"{'the pennsylvania state university': 12, 'penn state': 8}"
693485,{'virginia polytechnic institute and state university': 8}
686166,{'lawrence berkeley national laboratory': 16}
685403,"{'imperial college london': 8, 'university of surrey': 4}"
687646,{'rice university': 16}
689207,{'purdue university': 4}
689398,{'inha university': 8}
691144,{'university of kansas': 4}
691321,"{'stanford university': 16, 'slac national accelerator laboratory': 4}"
689392,{'university of houston': 8}
689481,"{'national university of singapore': 22, '': 6}"
692604,"{'stanford university': 4, 'slac national accelerator laboratory': 8, 'suncat center for interface science and catalysis  slac national accelerator laboratory': 4}"
692845,{'university of illinois urbana-champaign': 8}
693688,{'university of california  irvine': 4}
685873,{'zhejiang university': 8}
682310,{'king fahd university of petroleum and minerals': 12}
684786,"{'stony brook university': 4, 'brookhaven national laboratory': 24}"
689068,{'zhejiang university': 8}
688314,"{'faculty of new sciences and technologies  university of tehran': 8, 'department of environment  alborz campus  university of tehran': 4}"
692360,"{'university of south carolina': 12, 'university of north carolina charlotte': 4}"
692710,{'university of houston': 8}
685685,"{'netl support contractor': 4, 'national energy technology laboratory': 4}"
688506,{'university of houston': 12}
691728,{'national university of singapore': 12}
684103,{'nanyang technological university': 4}
682505,"{'ghent university': 22, 'university of wisconsin-madison': 8, 'university of wisconsin - madison': 4, '': 2}"
691421,"{'west virginia university': 4, 'netl': 4, 'national energy technology laboratory  u s  department of energy': 4}"
685914,{'khalifa university': 16}
684236,"{'krict': 4, 'yonsei university': 4, 'university of science and technology': 4}"
693322,{'rochester institute of technology': 4}
690527,{'northeastern university': 12}
690774,{'university of pittsburgh': 20}
685563,{'sapienza university of rome': 20}
684340,"{'university of kansas': 4, 'oklahoma state university': 8}"
688795,"{'texas aandm university': 4, 'hamad bin khalifa university': 4, 'texas aandm university at qatar': 4}"
689774,{'kth royal institute of technology': 20}
687663,"{'university of houston': 8, 'shell international exploration and production  inc': 4}"
684380,"{'forschungszentrum jülich gmbh': 12, 'robert bosch gmbh': 8}"
688958,{'the ohio state university': 28}
689178,{'korea research institute of chemical technology': 20}
689227,{'uin sunan kalijaga yogyakarta': 8}
687506,{'university of new hampshire': 8}
689282,{'the ohio state university': 8}
691119,{'tulane university': 12}
689069,{'east china university of science and technology': 8}
688968,{'rutgers  the state university of new jersey': 16}
691745,"{'abbvie': 16, 'boeing': 4}"
684346,"{'oklahoma state university': 8, 'university of kansas': 4}"
686981,"{'king abdullah university of science and technology': 20, 'saudi aramco': 4}"
693214,"{'tamuq': 4, 'department of chemical engineering  texas aandm university at qatar p  o  box 23874': 4, 'texas aandm university at qatar': 4}"
692544,{'university of oklahoma': 8}
693727,"{'oregon state university': 12, 'university of california  berkeley': 4}"
682235,{'university of colorado boulder': 8}
687181,"{'department of chemical engineering  college of engineering  king khalid university  abha 61411  saudi arabia': 8, 'chool of materials science and engineering  henan university of technology  zhengzhou city  450001  pr china': 4, 'key laboratory of functional inorganic materials chemistry   ministry of education  school of chemistry and materials science  international joint research center and lab for catalytic technology  harbin 150080  pr china': 4, 'department of chemistry  abdul wali khan university  mardan  khyber pakhtunkhwa  23200  pakistan': 4}"
693599,{'university of connecticut': 8}
694033,{'institute for the development of energy for african sustainability': 4}
689753,"{'indian institute of technology  kharagpur': 4, 'iit kharagpur': 8}"
692504,{'northwestern university': 4}
693005,{'arizona state university': 8}
685459,{'korea institute of science and technology': 4}
685926,"{'indian institute of technology  delhi': 4, 'csir-indian institute of petroleum': 4, 'indian institute of technology delhi': 8}"
686303,{'korea institute of science and technology': 4}
691501,{'kansas state university': 8}
685103,{'national university of singapore': 8}
693159,"{'worcester polytechnic institute': 8, 'wpi': 4}"
689553,"{'inha university': 8, 'stony brook university': 4}"
682453,{'indian institute of technology  delhi': 4}
690769,{'princeton university': 8}
693597,"{'princeton university': 4, 'basf corporation': 4}"
688467,"{'ohio state university': 8, 'the ohio state university': 12}"
690280,{'seoul national university': 8}
690599,"{'university of houston': 8, 'stockholm university': 8, 'university of california santa barbara': 8, 'stony brook university': 12, 'sachem inc': 4}"
689049,{'stevens institute of technology': 8}
691305,{'university of houston': 12}
692248,{'north carolina state university': 8}
691556,"{'university of minnesota': 8, 'korea research institute of chemical technology': 4, 'university of minnesota twin cities': 16}"
684625,"{'university of strathclyde': 8, 'university of sheffield': 4}"
693335,{'tokyo institute of technology': 12}
686804,{'uofa': 4}
693290,{'worcester polytechnic institute': 16}
688108,"{'iowa state univeristy': 4, 'iowa state university': 4}"
692549,{'oklahoma state university': 12}
693228,"{'university of oklahoma': 8, 'iowa state university': 4}"
685350,"{'university of illinois urbana-champaign': 4, 'university of illinois at urbana-champaign': 4}"
691531,"{'university of southern california': 8, 'sandia national laboratories': 8, 'oak ridge national laboratory': 8, 'lehigh university': 16}"
683359,{'indian institute of technology  delhi': 4}
693619,"{'university of massachusetts amherst': 4, 'university of massachusetts': 4}"
684013,"{'higher collages of technology': 4, 'missouri university of science and technology': 8}"
686675,{'university of virginia': 16}
688790,"{'university of pittsburgh': 8, 'central michigan university': 4}"
687696,{'slac national accelerator laboratory': 12}
688240,{'university of pittsburgh': 24}
688531,"{'carnegie mellon university': 16, 'aarhus university': 4}"
690363,"{'hong kong university of science and technology': 8, 'university of science and technology of china': 8}"
684555,{'ghent university': 12}
683584,"{'massachusetts institute of technology': 16, 'rwth aachen': 4}"
691153,"{'brown university': 12, 'argonne national laboratory': 8, 'sandia national laboratories': 4}"
692286,{'the ohio state university': 12}
692044,{'texas tech university': 8}
690805,{'zhejiang university': 16}
692051,"{'e2h2nano  llc': 4, 'university at buffalo': 12, 'university of south carolina': 16}"
685869,{'zhejiang university': 8}
686951,{'hanyang university': 16}
693202,{'princeton university': 16}
693635,{'university of connecticut': 12}
683616,"{'pohang university of science and technology': 4, 'postech': 4}"
700615,{'university of south carolina': 20}
699492,{'kwangwoon university': 4}
692495,{'iowa state university': 16}
688995,"{'the university of iowa': 8, 'university of iowa': 16}"
688925,{'university of wisconsin-madison': 8}
691954,{'university of notre dame': 8}
693680,{'auburn university': 16}
693039,"{'beijing university of chemical technology': 16, 'university of california  davis': 8}"
691296,{'lamar university': 8}
690970,"{'dow': 24, 'the dow chemical company': 8}"
688901,{'north carolina state university': 24}
695500,{'not found': 6}
686617,{'west virginia university': 24}
686735,{'university of california  irvine': 24}
688311,{'shell international exploration and production  inc': 6}
689316,"{'texas aandm university': 30, 'texas a and m university': 6}"
697405,{'not found': 6}
692402,{'stanford university': 6}
694149,"{'university of colorado boulder': 12, 'national renewable energy laboratory': 12, 'renewable and sustainable energy institute  university of colorado': 12, 'delft university of technology': 6, 'tu delft': 6}"
687283,{'university of toronto': 12}
684207,"{'national renewable energy laboratory': 6, 'lawrence livermore national laboratory': 6}"
685280,"{'iowa state university': 6, 'wichita state university': 2}"
689892,{'university of rochester': 6}
689920,{'university of notre dame': 4}
693019,"{'lawrence livermore national laboratory': 8, 'national renewable energy laboratory': 4, 'university of colorado-boulder': 2}"
691430,"{'university of california  los angeles': 14, 'lawrence livermore national laboratory': 4}"
684547,{'national university of technology': 2}
692553,{'columbia university': 6}
683902,"{'georgia institute of technology': 14, 'dow chemical company': 6}"
685986,{'purdue university': 4}
686286,{'university of florida': 4}
687475,"{'the pennsylvania state university': 2, 'penn state': 2}"
700852,"{'university of rochester': 2, 'university of wisconsin-madison': 8, 'bristol-myers squibb': 2, 'amgen': 6, 'bristol myers squibb': 6, 'genentech': 2, 'abbvie': 2, 'eli lilly': 2, 'abbvie inc': 2, 'merck and co   inc': 4}"
689426,{'nanyang technological university': 2}
691573,{'university of massachusetts amherst': 4}
692873,{'university of wisconsin-madison': 2}
689029,{'tulane university': 4}
689782,{'purdue university': 4}
688977,{'university of utah': 4}
688710,"{'university of notre dame': 4, 'purdue university': 6}"
686434,"{'escola politécnica da universidade de são paulo': 2, 'universidade de são paulo': 2, 'university of são paulo': 2, 'instituto de química de são carlos universidade de são paulo': 2}"
691387,"{'brookhaven national laboratory': 8, 'columbia university': 2}"
688972,{'purdue university': 6}
691255,{'university of florida': 4}
692457,"{'university of michigan': 2, 'princeton university': 2}"
692618,{'university of houston': 6}
684895,"{'georgia institute of technology': 4, 'university of illinois urbana-champaign': 4}"
691486,{'university of florida': 10}
688932,"{'the university of alabama': 4, 'oak ridge national laboratory': 4, 'ornl': 2}"
686105,{'the ohio state university': 4}
684068,"{'california institute of technology': 4, 'university of munster': 2, 'chevron energy technology company': 4}"
688692,"{'university of notre dame': 4, 'purdue university': 4}"
691665,"{'siemens digital industries software': 2, 'technical university berlin': 4, 'tu berlin': 2, 'siemens': 4}"
689264,{'university of waterloo': 4}
688377,{'tsinghua university': 4}
687791,{'oak ridge national laboratory': 4}
686968,{'inha university': 4}
695323,{'university of southern california': 2}
689982,{'louisiana tech university': 6}
689703,"{'indian institute of technology madras': 6, 'shell india markets private limited': 2, 'shell global solutions international b v': 4}"
688072,{'tulane university': 4}
693338,{'california institute of technology': 2}
682209,{'kansas state university': 10}
691326,"{'iith': 2, 'indian institute of technology hyderabad': 4, 'advanced energy materials': 2}"
688571,"{'imperial college london': 8, 'basf se': 4}"
685558,{'worcester polytechnic institute': 4}
682418,{'kansas state university': 8}
693095,"{'university of michigan': 2, 'university of hohenheim': 2}"
685362,{'university of california  santa barbara': 4}
681962,{'kansas state university': 8}
686751,{'washington state university': 4}
701148,{'not found': 2}
691226,"{'the pennsylvania state university': 6, 'louisiana state university': 4, 'pennsylvania state university': 2}"
688689,{'tsinghua university': 6}
687119,"{'tsinghua university': 8, 'sinopec shanghai research institute of petrochemical technology': 4}"
692386,{'university of south carolina': 4}
684546,{'national university of singapore': 2}
686715,{'university of california  los angeles': 14}
688351,{'national university of singapore': 4}
691089,{'texas aandm university': 4}
691097,{'north carolina state university': 4}
691105,{'rice university': 4}
691854,"{'manchester metropolitan university': 6, 'university of oxford': 4}"
692380,"{'university of pittsburgh': 4, 'netl support contractor': 2, 'national energy technology laboratory': 2}"
684018,{'university of rochester': 2}
684909,{'tsinghua university': 2}
685722,{'georgia institute of technology': 10}
689891,"{'lehigh university': 4, 'cardiff university': 8}"
700963,{'not found': 2}
692387,"{'caltech institute of technology': 2, 'tsinghua university': 2, 'california institute of technology': 2}"
693286,"{'drexel university': 4, 'stanford university': 10, 'slac national accelerator laboratory': 4}"
686940,"{'university of california  los angeles': 6, 'university of california - los angeles': 2}"
691075,{'texas aandm university': 4}
687879,"{'delft university of technology': 4, 'shell global solutions international b v': 8, 'university of amsterdam': 2}"
688468,"{'northwestern unviersity': 2, 'purdue university': 4, 'northwestern university': 2}"
691294,{'national renewable energy laboratory': 12}
693486,{'the university of kansas': 4}
690465,{'purdue university': 4}
693965,"{'university of wisconsin-madison': 2, 'uw-madison': 6, 'university of wisconsin - madison': 6}"
692744,{'university of oklahoma': 8}
693077,{'georgia institute of technology': 4}
686703,"{'stanford university': 4, 'california institute of technology': 10, 'slac national accelerator laboratory': 2, 'university of california  berkeley': 2}"
693298,{'purdue university': 4}
692621,{'stanford university': 4}
686713,{'university of calgary': 2}
691401,"{'university of michigan': 4, 'university of california  santa barbara': 8, 'department of chemical engineering  university of michigan': 2}"
694141,"{'massachusetts institute of technology': 4, 'imperial college london': 2, 'instituto de tecnología química  universitat politècnica de valència-consejo superior de investigaciones científicas': 2, 'itq': 2}"
692382,"{'university of oklahoma': 8, 'iowa state university': 2, 'oklahoma state university': 4}"
691284,"{'university of massachusetts-amherst': 2, 'umass amherst  department of chemical engineering': 2, 'university of massachusetts amherst': 6, 'university of massachusetts': 2}"
686869,"{'university of florida': 4, 'purdue university': 4}"
687590,"{'princeton university': 10, 'university of michigan': 2}"
689011,"{'purdue university': 4, 'university of notre dame': 4, 'basf corporation': 2, 'basf environmental catalyst and metal solutions': 2}"
690493,"{'university of houston': 4, 'ketjen corporation': 4, 'university of california santa barbara': 4, 'stockholm university': 4, 'stony brook university': 6, 'sachem inc': 2}"
689810,"{'seoul national university': 10, 'sungkyunkwan university': 4}"
694923,"{'siemens industry software inc': 6, 'siemens process systems enterprise ltd': 2}"
692560,{'illinois institute of technology': 2}
689570,{'politecnico di torino': 14}
690095,{'brandenburg university of technology': 10}
690335,{'university college london': 6}
689201,{'johns hopkins university': 6}
686742,"{'tonkomo llc': 4, 'karlsruhe institute of technology': 6}"
686948,{'indian institute of technology madras': 4}
682960,"{'georgia institute of technology': 4, 'dow chemical': 6}"
684668,{'brown university': 4}
690492,{'university of massachusetts lowell': 6}
689967,{'north carolina state university': 6}
689780,"{'shiv nadar university': 2, 'indian institute of technology  delhi': 2}"
690350,{'forschungszentrum jülich gmbh': 6}
691834,{'corporate research and development  sabic': 8}
693444,{'university of houston': 8}
693720,{'the university of texas at austin': 10}
691763,"{'pennsylvania state university': 2, 'the pennsylvania state university': 4}"
688343,{'university of delaware': 8}
691677,{'new jersey institute of technology': 4}
691524,"{'university of pittsburgh': 8, 'penn state university': 2, 'pennsylvania state university': 2}"
689948,{'louisiana tech university': 8}
691271,{'university of houston': 6}
701366,{'not found': 2}
686393,{'delft university of technology': 6}
686810,"{'university of california  los angeles': 8, 'oak ridge national laboratory': 4, 'cal poly pomona': 2, 'lawrence livermore national laboratory': 2, 'university of california - los angeles': 2}"
701696,{'not found': 2}
690939,"{'texas tech university': 4, 'university of illinois chicago': 4}"
693107,{'clarkson university': 4}
693636,{'oregon state university': 6}
684647,"{'northwestern university': 8, 'stony brook university': 6}"
692930,{'princeton university': 6}
689079,"{'the university of alabama': 4, 'university of alabama': 4}"
690181,{'colorado school of mines': 4}
685737,{'purdue university': 4}
692238,"{'texas tech university': 4, 'virginia tech': 4}"
685127,"{'institute of science tokyo': 4, 'tokyo institute of technology': 6}"
684554,{'ghent university': 14}
684695,{'texas aandm university': 8}
685269,{'iowa state university': 10}
685984,{'university of notre dame': 6}
686468,{'northeastern university': 4}
690187,{'princeton university': 8}
690823,"{'colorado school of mines': 4, 'university of arkansas': 2}"
693632,{'rice university': 4}
693436,{'worcester polytechnic institute': 8}
692707,{'iowa state university': 10}
689880,{'worcester polytechnic institute': 8}
701140,{'not found': 2}
688623,"{'school of chemistry  chemical engineering and biotechnology  nanyang technological university': 2, 'cnrs': 8, 'nanyang technological university': 6, 'university of oxford': 2}"
687807,{'university of toronto': 6}
687970,{'tsinghua university': 4}
687548,"{'iowa state university': 6, 'university of michigan': 4, 'washington university in saint louis': 4, 'washington university in st louis': 2, 'washington university in st  louis': 2}"
691143,{'utah state university': 12}
691988,"{'north carolina state university': 12, 'national renewable energy laboratory': 8}"
692148,{'university of pittsburgh': 20}
688158,"{'université catholique de louvain   place l  pasteur 1': 4, 'université catholique de louvain  place l  pasteur 1': 4}"
701146,"{'usda forest products laboratory': 16, 'university of wisconsin-madison': 20, 'suny college of environmental science and forestry': 4}"
690081,{'the university of alabama': 8}
701229,{'not found': 4}
682193,{'north carolina state university': 16}
695563,{'david a  rockstraw  ph  d   p  e   inc': 2}
700873,{'bipc': 2}
683482,"{'northwestern university': 4, 'university at buffalo': 2, 'university of amsterdam': 2, 'argonne national lab': 6}"
691837,{'university of michigan': 16}
688708,"{'auburn university': 4, 'university of texas at austin': 4}"
689837,"{'university of illinois': 2, 'university of illinois urbana champaign': 2}"
692363,{'university of chicago': 4}
695242,{'not found': 2}
690789,{'stevens institute of technology': 2}
693368,{'national institute of standards and technology': 2}
693390,{'university of maryland  baltimore county': 8}
688609,{'software for chemistry and materials': 2}
691193,"{'stanford university': 4, 'nasa ames research center': 6, 'brown university': 6, 'new york university': 2}"
688933,{'mathworks': 8}
687462,"{'schrödinger': 4, 'schrödinger  inc': 2, 'sabic specialties': 4}"
690748,"{'massachusetts institute of technology': 4, 'the dow chemical company': 4}"
691680,{'rice university': 4}
689543,{'pacific northwest national laboratory': 6}
693739,{'preferred computational chemistry': 4}
693185,{'oklahoma state university': 4}
686526,"{'university of oklahoma': 4, 'university college london': 2}"
694998,{'vanderbilt university': 4}
686802,"{'cic nanogune': 4, 'university of maryland': 4, 'university of maryland  college park': 4, 'bogazici university': 4, 'princeton university': 4}"
688801,{'friedrich-alexander-universität erlangen-nürnberg': 4}
694291,{'university at buffalo  the state university of new york': 4}
688877,{'cornell university': 4}
694292,{'university of michigan': 4}
684312,{'pennsylvania state university': 4}
686584,{'university of hawaiʻi at mānoa': 4}
694330,{'heriot-watt university': 4}
690226,{'boise state university': 4}
687541,{'princeton university': 8}
686173,{'massachusetts institute of technology': 4}
687375,"{'new york university': 4, 'harvard university': 8, 'university of hawaiʻi at mānoa': 4}"
690517,{'northwestern university': 4}
692265,{'lawrence berkeley national lab': 4}
691811,{'rice university': 16}
688229,{'university of pittsburgh': 24}
693451,{'drexel university': 4}
693840,{'suncat center for interface science and catalysis  department of chemical engineering  stanford university': 4}
693206,{'university of chicago': 16}
691770,"{'sandia national laboratories': 12, 'university of california davis': 4}"
692122,{'university of oxford': 4}
685818,"{'university of california - los angeles': 8, 'university of california  los angeles': 4}"
694188,"{'university of california, san diego': 4}"
693184,{'virginia tech': 16}
694215,"{'university of california, san diego': 8}"
682429,"{'massachusetts institute of technology': 20, 'cornell': 4}"
683585,"{'massachusetts institute of technology': 8, 'university of tartu': 12, 'rwth aachen': 4, 'hamburg university of technology': 4}"
683764,{'massachusetts institute of technology': 12}
684750,{'the university of alabama': 8}
685252,"{'university of colorado boulder': 8, 'university of texas at austin': 8}"
685337,{'university of michigan': 8}
685339,"{'national energy technology laboratory': 12, 'leidos research support team - us doe netl': 4, 'national energy technology laboratory lrst': 4, 'battelle netl': 4, 'netl': 4}"
686561,{'university of pittsburgh': 12}
687214,{'auburn university': 4}
687443,{'university of iowa': 8}
687587,{'university of north dakota': 8}
687709,{'university of wisconsin-madison': 8}
687835,{'carnegie mellon university': 16}
687962,{'university of wisconsin-madison': 8}
687978,{'rutgers university': 8}
688153,{'northeastern university': 8}
688238,{'university of pittsburgh': 12}
688360,{'the university of alabama': 8}
688745,"{'university of pittsburgh': 8, 'tulane university': 8, 'central michigan university': 4}"
688821,"{'the pennsylvania state university': 12, 'louisiana state university': 8, 'pennsylvania state university': 4}"
688856,{'university at buffalo': 8}
689482,{'north carolina state university': 12}
689608,"{'jsol corporation': 16, 'keio university': 4}"
689692,"{'postech': 4, 'seoul national university': 4}"
689853,{'inha university': 12}
689873,{'north carolina state university': 8}
690815,"{'university of california riverside': 8, 'university of california  santa barbara': 8}"
690876,{'university of florida': 8}
691116,{'university of louisville': 8}
691356,{'the pennsylvania state university': 20}
691692,{'university of michigan': 12}
691767,{'texas aandm university': 8}
691790,{'university of notre dame': 8}
692065,{'university of wyoming': 8}
692075,{'oklahoma state university': 12}
692080,{'university of chicago': 20}
692185,"{'texas aandm university': 12, 'brown university': 8}"
692999,"{'the pennsylvania state university': 12, 'university of nebraska-lincoln  ne  usa': 4}"
693086,"{'pennsylvania state university': 4, 'the pennsylvania state university': 8}"
693158,{'university of maryland baltimore': 8}
693358,{'university of chicago': 16}
693371,"{'texas tech university': 8, 'massachusetts institute of technology': 8}"
693540,"{'university of houston': 8, 'argonne national laboratory': 4, 'argonne national lab': 4}"
693616,{'northwestern university': 4}
693664,"{'university of colorado boulder': 12, 'technion israel institute of technology': 4}"
693992,{'university of chicago': 8}
692899,"{'princeton university': 4, 'carnegie mellon university': 4}"
690452,"{'aristotle university of thessaloniki': 16, 'center for interdisciplinary research and innovation of aristotle university of thessaloniki': 12}"
685484,"{'university of california  riverside': 8, 'university of california riverside': 4}"
688296,{'yale university': 12}
688713,{'yale university': 8}
689400,{'ohio university': 8}
690523,{'rutgers university': 16}
691608,{'virginia tech': 12}
691678,"{'virginia tech': 12, 'los alamos national laboratory': 4, 'king abdullah university of science and technology': 8}"
693845,"{'university of washington': 16, 'pacific northwest national laboratory': 8}"
684802,"{'ventus therapeutics': 24, 'lehman college  the city university of new york': 8}"
685098,{'western michigan university': 8}
685100,{'western michigan university': 8}
692850,"{'rice university': 16, 'university of delaware': 4}"
681989,{'university of california  davis': 24}
685083,{'national university of singapore': 8}
685105,{'western michigan university': 4}
688356,{'the university of alabama': 8}
689933,"{'massachusetts institute of technology': 8, 'national institute of standards and technology': 4}"
691528,{'university of michigan': 16}
693061,"{'lehigh university': 8, 'georgia institute of technology': 16}"
691570,{'texas aandm university': 12}
693692,{'pacific northwest national laboratory': 12}
686509,"{'purdue university': 4, 'university of notre dame': 4}"
688735,{'technische universiteit delft': 8}
688949,{'mathworks': 16}
689055,{'columbia university': 16}
689638,"{'max planck institute for dynamics of complex technical systems': 4, 'otto von guericke university': 4}"
691063,"{'massachusetts institute of technology': 36, 'national taiwan university': 4}"
691516,{'texas aandm university': 16}
691734,"{'colorado school of mines': 8, 'washington university at st louis': 4, 'princeton university': 4}"
692593,{'vanderbilt university': 24}
692637,{'the pennsylvania state university': 12}
692754,{'university of connecticut': 8}
693068,{'university of notre dame': 12}
693150,{'university of massachussetts  amherst': 8}
693266,"{'korea institute of science and technology': 4, 'korea institute of science and technology  korea university': 8, 'korea insititue of science and technology': 4}"
693272,{'oklahoma state university': 8}
693938,{'university of chicago': 4}
685081,{'national university of singapore': 8}
688477,"{'hong kong university of science and technology': 8, 'the hong kong university of science and technology': 4}"
688681,"{'oregon state university': 8, 'washington state university': 4, 'sandia national laboratories': 4}"
691433,"{'university of california  davis': 8, 'university of california  irvine': 8}"
698756,{'university of illinois chicago': 8}
698754,{'university of illinois chicago': 12}
699157,"{'vanderbilt university': 16, 'boise state university': 8, 'heriot-watt university': 4}"
696361,"{'virginia polytechnic institute and state university': 4, 'virginia tech': 4}"
685391,{'brown university': 4}
692765,{'university of michigan': 8}
686471,{'auburn university': 8}
683552,{'university of michigan': 4}
683805,{'stony brook university': 4}
693203,{'yale university': 6}
686237,"{'national institute of standards and technology': 4, 'purdue university': 2}"
685829,"{'university of california - los angeles': 4, 'university of california  los angeles': 2}"
688298,"{'purdue university': 4, 'university of notre dame': 2}"
688804,{'university of pittsburgh': 12}
690112,{'johns hopkins university': 4}
684444,"{'johns hopkins university': 4, 'merck': 2, 'john hopkins university': 2}"
686269,{'princeton university': 4}
689840,"{'michigan state university': 2, 'carnegie mellon university': 2}"
690472,{'indian institute of technology bombay': 6}
690617,{'purdue university': 6}
701522,{'not found': 2}
693097,"{'university of maryland  baltimore county': 4, 'university of california  irvine': 2}"
691860,{'rice university': 10}
693355,{'texas aandm university': 4}
686761,{'rutgers university': 4}
689184,{'johns hopkins university': 10}
689419,{'university of chicago': 12}
692864,{'university at buffalo': 6}
687323,{'university of wisconsin-madison': 6}
686570,{'university of california  los angeles': 4}
690960,"{'bogazici university': 2, 'yale university': 6}"
693979,{'kansas state university': 4}
692865,{'brown university': 4}
690365,"{'northwestern university': 4, 'university of minnesota  twin cities': 2, 'university of minnesota': 2}"
684678,{'sandia national laboratories': 8}
687885,{'indian institute of technology delhi': 4}
693846,{'indian institute of technology  gandhinagar': 4}
686606,{'university of oklahoma': 4}
692909,{'massachusetts institute of technology': 6}
691621,{'california institute of technology': 4}
691752,"{'texas aandm university': 6, 'naval research laboratory': 2}"
683239,"{'university of illinois at urbana champaign': 10, 'argonne national laboratory': 2, 'montana state university': 2, 'university of illinois at urbana-champaign': 2, 'princeton university': 2}"
693406,"{'university of houston': 4, 'argonne national laboratory': 2, 'argonne national lab': 2}"
687660,"{'university of chicago': 8, 'pacific northwest national laboratory': 4}"
687351,"{'massachusetts institute of technology': 2, 'university of virginia': 2}"
692828,"{'the dow chemical company': 10, 'dow chemical': 2, 'university of delaware': 2, 'ibm research uk': 4, 'ibm almaden research center': 2}"
687509,"{'princeton university': 4, 'princeton univertsity': 2}"
688840,"{'university of rochester': 2, 'california institute of technology': 2}"
683905,"{'totalenergies s e': 2, 'university of strasbourg': 4, 'delft university of technology': 6, 'mines paristech': 2, 'total s e': 2}"
687721,"{'university of wisconsin-madison': 4, 'university of wisconsin - madison': 4}"
693521,{'university of california  irvine': 2}
692923,"{'princeton university': 4, 'university of illinois urbana-champaign': 6, 'university college london': 4}"
693144,{'the ohio state university': 10}
691434,"{'university of notre dame': 2, 'university of minnesota': 2}"
687828,{'carnegie mellon university': 6}
686480,"{'north carolina state university': 4, 'pacific northwest national laboratory': 2, 'university of washington': 2}"
688537,"{'university of michigan': 4, 'lawrence livermore national laboratory': 2}"
685142,{'kaist': 2}
687331,{'citrine informatics': 2}
691896,{'colorado school of mines': 8}
693601,{'university of massachusetts amherst': 14}
690072,{'university of minnesota': 4}
698519,{'not found': 2}
691160,"{'university of pennsylvania': 6, '': 8, 'northwestern university': 2, 'the city college of new york': 2}"
684177,"{'uc davis': 8, 'texas tech university': 2}"
691092,{'university of louisville': 4}
686392,{'university of alberta': 4}
685832,"{'university of california - los angeles': 4, 'university of california  los angeles': 4, 'university of california los angeles': 2}"
690951,{'khalifa university': 10}
686070,{'university of oklahoma': 8}
687966,{'rutgers  the state university of new jersey': 6}
689174,{'massachusetts institute of technology': 6}
694151,{'not found': 2}
683778,"{'yale university': 8, 'nasa ames research center': 2}"
687549,{'cornell university': 2}
690880,{'university of delaware': 6}
687667,"{'pacific northwest national laboratory': 8, 'university of alabama': 2, 'georgia institute of technology': 4, 'pacific biolab': 2, 'university of chicago': 2}"
687616,{'auburn university': 2}
688543,{'johns hopkins university': 2}
695568,{'university of minnesota - twin cities': 2}
695724,{'princeton university': 2}
695365,{'university of alabama': 2}
695567,{'university of illinois at urbana champaign': 2}
695784,{'northwestern university': 2}
695213,{'the pennsylvania state university': 4}
692217,{'auburn university': 16}
692668,{'the pennsylvania state university': 16}
693348,{'auburn university': 16}
688363,{'university of toronto': 16}
689258,"{'university of illinois at urbana-champaign': 4, 'university of illinois urbana-champaign': 12}"
691946,{'university of colorado boulder': 4}
686528,"{'purdue university': 4, 'university of notre dame': 2}"
691145,"{'northwestern university': 8, 'colorado state university': 4}"
690723,{'university of minnesota': 6}
694347,"{'university of chicago': 4, 'university of utah': 2, 'the university of chicago': 2}"
691780,{'case western reserve university': 6}
691437,{'colorado school of mines': 10}
690778,{'drexel university': 2}
690037,{'university of arkansas': 2}
692757,{'university of south florida': 2}
682506,"{'university of chicago': 4, 'ccdc army research laboratory': 4, 'u s  army devcom soldier center': 2}"
682610,"{'massachusetts institute of technology': 6, 'cornell university': 2}"
684721,"{'korea university': 6, 'korea institute of science and technology  korea university': 16}"
685603,"{'yusuf hamied department of chemistry  university of cambridge': 2, 'cambridge centre for advanced research and education in singapore': 2}"
685781,{'carnegie mellon university': 4}
685833,"{'university of california - los angeles': 4, 'university of california  irvine': 2}"
687633,"{'tufts university': 4, 'virginia tech': 2}"
693094,{'korea institute of science and technology  korea university': 2}
689879,{'inha university': 2}
689996,"{'university of delaware': 4, 'department of chemical and biomolecular engineering  university of delaware  newark': 2}"
690955,"{'university of california riverside': 4, 'oak ridge national laboratory': 4, 'university of california  santa barbara': 2}"
691743,{'university of notre dame': 4}
692243,"{'university of michigan': 12, 'microsoft research': 4}"
693090,{'stony brook university': 6}
693304,{'north carolina state university': 4}
693574,{'university of chicago': 6}
687715,{'university of wisconsin-madison': 6}
687896,"{'imperial college london': 4, 'abb': 2}"
687720,{'university of alberta': 6}
691585,{'texas aandm university': 4}
686445,"{'rwth aachen university': 4, 'university of cambridge': 4}"
686866,{'texas tech university': 6}
691527,{'the ohio state university': 8}
690885,{'carnegie mellon university': 4}
688482,{'purdue university': 4}
685307,{'university of minnesota': 6}
685627,{'the university of texas at austin': 4}
686972,"{'rwth aachen university': 4, 'ku leuven': 2, 'institute of technical and macromolecular chemistry   rwth aachen university': 2, 'institute for a sustainable hydrogen economy   forschungszentrum jülich': 2}"
687561,"{'university of southern california': 4, 'gs engineering and construction corp': 2}"
690404,{'university college london': 4}
690947,"{'rwth aachen university': 4, 'ku leuven': 2}"
691230,"{'artie mcferrin department of chemical engineering  texas aandm university': 2, 'texas aandm university': 6}"
692146,{'texas aandm university': 6}
683860,{'imperial college london': 2}
690009,{'university of alberta': 6}
690029,{'west virginia university': 8}
682731,{'national university of singapore': 8}
682735,{'national university of singapore': 8}
693099,"{'university of alberta': 6, 'university of alberta  edmonton  canada': 2}"
685174,"{'nanyang technological university': 4, 'national university of singapore': 2}"
691460,{'west virginia university': 4}
691148,{'georgia institute of technology': 8}
690113,{'west virginia university': 4}
689604,{'imperial college london': 6}
687920,"{'imperial college london': 4, 'abb': 2}"
686233,"{'university of minnesota': 4, 'the university of texas at austin': 2}"
691338,{'university of minnesota': 6}
687124,"{'texas aandm university': 14, 'texas aandm energy institute  texas aandm university': 2}"
696847,{'university of minnesota': 2}
696850,{'sandia national laboratories': 2}
684268,"{'imperial college london': 8, 'the university of manchester': 2}"
693627,{'wayne state university': 4}
689273,"{'the ohio state university': 6, 'imperial college london': 2}"
692041,"{'the university of sheffield': 2, 'imperial college london': 2}"
688478,"{'university of minnesota': 2, 'georgetown university': 4, 'university of wisconsin-madison': 2}"
691777,"{'texas aandm university': 8, 'state university of new york environmental science': 4, 'suny college of environmental science and forestry': 4}"
690539,{'west virginia university': 8}
689379,{'university of wisconsin-madison': 12}
692974,{'national technical university of athens': 8}
690653,"{'unam': 4, 'mexican institute of petroleum': 8}"
684820,{'university of minnesota': 8}
692105,"{'washington university in st  louis': 12, 'university of tennessee-knoxville': 4, 'texas aandm university': 4, 'university of tennessee': 4}"
683626,{'university of sheffield': 8}
686043,{'university of salamanca': 8}
686770,{'university of minnesota': 8}
687210,{'iowa state university': 12}
687514,{'texas aandm university': 20}
690480,"{'university of notre dame': 8, 'universidade estadual de campinas': 4, 'research center for gas innovation': 4, 'university of são paulo': 4, 'universidade de são paulo': 4}"
690771,{'korea institute of science and technology': 8}
691574,"{'princeton university': 8, 'doe great lakes bioenergy research center  university of wisconsin-madison': 4}"
692891,{'university of california  davis': 6}
692947,"{'federal university of campina grande': 4, 'ifce': 2, 'federal university of bahia': 2}"
690505,"{'university of notre dame': 6, 'purdue university': 2, 'national renewable energy laboratory': 4, 'sandia national laboratories': 2}"
699184,{'not found': 2}
690101,{'west virginia university': 10}
688962,"{'west virginia university': 4, 'national energy technology laboratory': 4, 'national energy technology laboratory  u s  department of energy': 2, 'carnegie mellon university': 2}"
686071,{'cornell university': 4}
692860,{'university of california  davis': 8}
685164,"{'nanyang technological university': 10, 'cornell university': 2}"
690780,"{'carnegie mellon university': 4, 'universidad michoacana de san nicolás de hidalgo': 2, 'national energy technology laboratory': 6, 'california energy commission': 2, 'sandia national laboratories': 4, 'lawrence berkeley national laboratory': 2}"
692404,{'los alamos national laboratory': 10}
691785,"{'university of notre dame': 4, 'purdue university': 2, 'national energy technology laboratory': 4}"
691845,"{'facultad de ingeniería química  universidad nacional del litoral': 2, 'intec': 2, 'carnegie mellon university': 2, 'air products and chemicals  inc': 12}"
688435,{'korea advanced institute of science and technology': 4}
685317,{'rwth aachen university': 2}
684243,{'university college london': 4}
693462,{'wayne state university': 4}
693658,{'mcmaster university': 4}
693385,{'the ohio state university': 8}
685921,{'massachusetts institute of technology': 4}
688570,"{'max planck institute for dynamics of complex technical systems': 10, 'clausthal university of technology': 2, 'otto von guericke university': 2}"
689159,"{'university of michigan': 8, 'national institute of standards and technology': 4}"
689420,{'university of california  berkeley': 4}
689676,"{'brandenburg university of technology': 6, 'cambridge simulation solutions ltd': 2}"
689791,"{'tsinghua university': 4, 'university of oxford': 2, 'national university of singapore': 2}"
701530,{'not found': 2}
692208,{'texas tech university': 6}
692767,{'the ohio state university': 10}
693404,{'georgia institute of technology': 4}
693526,{'university of connecticut': 6}
700353,{'not found': 2}
690137,{'imperial college london': 6}
687367,"{'rowan university': 4, 'u s  environmental protection agency': 4, 'argonne national laboratory': 2}"
687562,{'university of connecticut': 6}
687691,{'university of wisconsin-madison': 4}
689292,{'the ohio state university': 6}
691258,{'texas aandm university': 4}
691354,"{'carnegie mellon university': 4, 'sandia national laboratories': 2}"
691733,"{'university of notre dame': 6, 'sandia national laboratories': 8}"
691857,"{'university of waterloo': 2, 'massachusetts institute of technology': 2}"
692808,{'university of california  davis': 6}
690328,{'nanyang technological university': 6}
691617,{'mcmaster university': 10}
687907,"{'imperial college london': 4, 'abb': 2}"
684355,{'north carolina state university': 2}
685524,{'university of california  los angeles': 8}
686238,"{'the university of texas at austin': 2, 'university of minnesota': 2}"
687143,{'carnegie mellon university': 4}
685296,"{'nc state university': 2, 'north carolina state university': 2}"
692520,"{'carnegie mellon university': 4, 'air liquide': 6, 'air gas': 2}"
693468,"{'carnegie mellon university': 6, 'sandia national laboratories': 2}"
691591,{'princeton university': 4}
687849,{'university of waterloo': 4}
687419,{'auburn university': 4}
685184,{'the university of texas at austin': 6}
687377,{'aspen technology  inc': 6}
689002,"{'university of connecticut': 4, 'texas aandm energy institute': 2, 'texas aandm university': 2}"
689647,"{'brandenburg university of technology': 6, 'cambridge simulation solutions ltd': 2}"
688515,{'texas tech university': 4}
688749,{'imperial college london': 4}
688755,{'delft university of technology': 2}
688757,{'technische universiteit delft': 6}
688830,"{'university of illinois at urbana champaign': 2, 'university of illinois urbana-champaign': 4}"
682867,{'national university of singapore': 8}
687387,"{'university of utah': 12, 'oak ridge national lab': 4, 'the university of utah': 4}"
689748,"{'university of the witwatersrand': 4, 'rutgers  the state university of nj': 4, 'univeristy of the witwatersrand': 4, 'helical energy': 4, 'university of south africa': 4}"
691257,"{'imperial college london': 4, 'abb': 4}"
691402,{'massachusetts institute of technology': 8}
687414,"{'university of utah': 4, 'the university of utah': 4}"
692128,"{'university of central florida': 8, 'orlando utilities commission': 4}"
683790,"{'massachusetts institute of technology': 12, 'argonne national laboratory': 4}"
691494,"{'max planck institute for dynamics of complex technical systems  process systems engineering': 2, 'max planck institute for dynamics of complex technical systems': 2, 'otto von guericke university': 2}"
691509,"{'princeton university': 4, 'andlinger center for energy and the environment': 2}"
691675,{'texas aandm university': 4}
691690,"{'west virginia university': 8, 'rti international': 4, 'pacific northwest national laboratory': 6, 'national energy technology laboratory': 2, 'aristosys  llc  contractor to national energy technology laboratory': 2, 'electric power research institute': 6}"
691693,"{'ohio state university': 4, 'the ohio state university': 2, 'massachusetts institute of technology and arizona': 2}"
692725,"{'purdue university': 6, 'carnegie mellon university': 2}"
687813,{'oli systems inc': 10}
693343,{'purdue university': 6}
693650,{'wayne state university': 4}
693787,{'wayne state university': 6}
691439,{'texas aandm university': 4}
692569,"{'university of são paulo': 2, 'georgia institute of technology': 2}"
690944,"{'west virginia university': 8, 'texas aandm university': 10}"
688005,{'university of michigan': 4}
685175,"{'nanyang technological university': 4, 'eth zurich': 2, 'national university of singapore': 2}"
693182,{'wayne state university': 4}
686442,"{'faculdade de engenharia  universidade do porto': 2, 'universidade de lisboa': 2}"
688881,{'purdue university': 6}
689856,{'carnegie mellon university': 6}
691673,"{'gurobi optimization': 2, 'the university of sheffield': 2}"
693495,"{'university of waterloo': 4, 'purdue university': 4}"
693535,{'purdue university': 6}
683722,{'massachusetts institute of technology': 2}
693917,"{'university of nebraska-lincoln': 6, 'the pennsylvania state university': 2}"
689428,{'purdue university': 14}
691349,"{'university of nebraska-lincoln': 4, 'iowa state university': 6}"
692605,{'university at buffalo  the state university of new york': 4}
692750,{'purdue university': 8}
689286,"{'the ohio state university': 6, 'university at buffalo  the state university of new york': 4}"
684835,"{'georgia institute of technology': 10, 'harvard university': 6}"
685040,"{'purdue university': 4, 'university of california  san diego': 6}"
694024,"{'ames national laboratory': 30, 'iowa state university': 28, '': 2}"
695193,{'case western reserve university': 10}
692696,{'polykala technologies llc': 10}
688648,{'the pennsylvania state university': 10}
693869,"{'google': 2, 'ohio state university': 2, 'the ohio state university': 2}"
687074,"{'zju-hangzhou global scientific and technological innovation center': 2, 'zhejiang university': 8, 'ningbo tech university': 2}"
687274,"{'columbia university': 6, 'pse for speed company ltd': 2}"
687710,"{'university of wisconsin-madison': 4, 'signature science': 4}"
692197,"{'carnegie mellon university': 2, 'sandia national laboratories': 6}"
692320,{'argonne national laboratory': 10}
683424,"{'carnegie mellon university': 4, 'university of notre dame': 4, 'national energy technology laboratory support contractor': 2}"
685787,"{'university of california  los angeles': 2, 'university of alberta': 2}"
695060,{'the university of texas at austin': 2}
687125,{'west virginia university': 2}
691290,{'lehigh university': 2}
695061,{'korea advanced institute of science and technology': 2}
687965,{'university of michigan': 8}
684429,{'north carolina state university': 2}
686687,{'the university of texas at austin': 2}
690981,"{'texas aandm university': 4, 'texas a and m university': 2}"
690057,{'imperial college london': 6}
686553,"{'university of texas at austin': 2, 'the university of texas at austin': 4}"
691906,{'texas aandm university': 6}
693969,{'university of delaware': 4}
690322,{'oklahoma state university': 4}
685624,{'university of delaware': 4}
687061,{'university of sheffield': 6}
685273,"{'auburn university': 6, 'linde plc': 4, 'linde': 2}"
688151,{'texas aandm university': 4}
688988,{'mcmaster university': 6}
689972,{'purdue university': 8}
690407,"{'texas aandm university': 10, 'west virginia university': 6}"
692107,{'west virginia university': 8}
685466,"{'university of california  los angeles': 8, 'widener university': 2}"
685207,"{'tulane university': 4, 'columbia university': 4, 'national energy technology laboratory': 4, 'doe netl': 4}"
688582,"{'carnegie mellon university': 8, 'sandia national laboratories': 4}"
688879,{'the university of kansas': 16}
689216,"{'ewha womans university': 8, 'seoul national university': 4}"
691121,{'universidad de guanajuato': 8}
692103,{'georgia institute of technology': 12}
692706,"{'planta piloto de ingeniería química  plapiqui   universidad nacional del sur': 4, 'planta piloto de ingenieria quimica': 12}"
693110,"{'mexican institute of petroleum': 4, 'unam': 4}"
686294,{'tohoku university': 16}
687320,{'university of waterloo': 8}
689625,{'dalian university of technology': 16}
691580,{'indian institute of technology madras': 12}
684560,"{'università degli studi di padova': 16, 'université de sherbrooke': 4}"
685512,{'qatar university': 4}
685847,"{'the university of tokyo': 12, 'the university of osaka': 8}"
689806,{'korea advanced institute of science and technology': 8}
691715,{'los alamos national laboratory': 16}
692926,{'texas aandm university': 8}
688848,{'california state university long beach': 4}
689402,{'sungkyunkwan university': 28}
689626,"{'the university of tokyo': 20, 'nagoya university': 8, 'the university of osaka': 4}"
689765,{'university college london': 8}
682387,"{'georgia institute of technology': 8, 'avnos': 8}"
683627,{'zhejiang university': 16}
681932,{'sungkyunkwan university': 28}
685153,{'nanyang technological university': 16}
685628,{'georgia institute of technology': 16}
689577,"{'ewha womans university': 12, 'kookmin university': 4, 'korea university': 4}"
690087,"{'texas aandm university': 4, 'texas aandm university at qatar': 8}"
690293,{'west virginia university': 16}
688431,"{'tsinghua university': 8, 'imperial college london': 4}"
690725,{'purdue university': 4}
691575,{'khalifa university': 20}
691855,"{'king abdullah university of science and technology': 8, 'south dakota school of mines and technology': 4}"
684990,"{'university of pennsylvania': 8, 'university of virginia': 4}"
685169,"{'nanyang technological university': 8, 'china university of petroleum': 4, 'yonsei university': 4}"
692060,{'purdue university': 4}
693083,{'massachusetts institute of technology': 16}
686847,"{'kwangwoon university': 12, 'hyundai motor company': 12}"
690795,{'auburn university': 12}
682726,"{'national university of singapore': 12, 'west virginia university': 4}"
685525,{'university of california  los angeles': 16}
692442,{'university of alberta': 12}
689453,{'aalborg university': 24}
689603,"{'technical university of denmark': 20, 'north carolina state university': 8}"
684399,{'imperial college london': 12}
685308,"{'procter and gamble': 16, 'procter and gamble  mason  oh': 4}"
693673,"{'university of cincinnati': 4, 'univeristy of cincinnati': 4}"
687682,"{'the university of utah': 12, 'giv group': 4, 'oak ridge national lab': 4}"
687006,{'university of sheffield': 16}
686345,{'politecnico di torino': 12}
685620,{'zhejiang university': 8}
691577,"{'indian institute of technology madras': 8, 'national university of singapore': 4}"
689496,"{'the university of tokyo': 8, 'riken': 4, 'independent researcher': 4}"
689506,"{'max planck institute for dynamics of complex technical systems': 4, 'clausthal university of technology': 4, 'otto von guericke university': 4}"
688601,{'purdue university': 8}
682577,"{'kyoto university': 8, 'tokyo university of agriculture and technology': 4, 'technical university of ilmenau': 4}"
685311,{'rwth aachen university': 4}
693918,"{'koc university': 4, 'imperial college london': 4, 'koç university': 4, 'abb': 4}"
693609,"{'institution': 4, 'myongji university': 4}"
692867,{'illinois institute of technology': 8}
690281,"{'university of kansas': 4, 'the university of kansas': 4}"
688806,"{'university of illinois urbana-champaign': 4, 'university of illinois at urbana-champaign': 4}"
687347,{'university of waterloo': 8}
689639,{'kyoto university': 16}
687579,{'university of delaware': 12}
686816,{'wayne state university': 8}
693352,"{'university of minnesota': 12, 'dow  inc': 8, 'carnegie mellon university': 4}"
689950,"{'kaist': 4, 'korea advanced institute of science and technology': 8}"
687350,{'university of minnesota': 8}
681513,{'worley group': 4}
684849,{'lamar university': 8}
693271,{'purdue university': 16}
686846,{'kwangwoon university': 8}
688348,"{'chemical engineering department  universidad michoacana de san nicolás de hidalgo': 12, 'universidad michoacana de san nicolás de hidalgo': 4, 'universidad autónoma de sinaloa': 4}"
690688,{'university of california  davis': 8}
687407,{'university of connecticut': 8}
687602,"{'the university of texas at austin': 4, 'georgia institute of technology': 4}"
688960,{'university of michigan': 8}
689958,{'purdue university': 8}
693063,{'texas aandm university': 8}
685645,{'university of delaware': 8}
690411,{'eth zürich': 12}
691334,{'imperial college london': 16}
692821,{'university of alberta': 8}
688560,{'university of connecticut': 16}
683858,{'imperial college london': 4}
685981,{'georgia institute of technology': 12}
687311,"{'carnegie mellon university': 8, 'sandia national laboratories': 4, 'lawrence livermore national laboratory': 4}"
682732,{'national university of singapore': 12}
693760,"{'tip': 4, 'colombian petroleum institute   ecopetrol s a': 4}"
687385,"{'king abdullah university of science and technology': 16, 'university of sharjah': 4}"
687476,{'university of wisconsin-madison': 8}
693261,"{'planta piloto de ingenieria quimica': 12, 'carnegie mellon university': 4}"
691011,"{'university of edinburgh': 8, 'glaxosmithkline': 4, 'haleon plc': 4}"
687071,"{'instituto superior técnico  universidade de lisboa': 8, 'repsol polímeros s a': 4}"
689763,{'tokyo university of agriculture and technology': 4}
690708,"{'university of connecticut': 16, 'university college london': 8, 'university of wisconsin-madison': 8}"
691337,"{'indian institute of technology madras': 8, 'national university of singapore': 4}"
689395,{'south dakota school of mines and technology': 4}
689452,{'hitachi energy germany ag': 4}
689616,{'imperial college london': 8}
689877,{'imperial college london': 8}
688887,{'university of michigan': 8}
687711,"{'tsinghua university': 8, 'university of minnesota': 4}"
687142,"{'university of lisbon': 4, 'instituto superior técnico  universidade de lisboa': 4, 'east china university of science and technology': 4}"
685743,{'rwth aachen university': 12}
685144,{'instituto superior técnico  universidade de lisboa': 4}
691994,"{'university of utah': 8, 'the university of utah': 4}"
688987,"{'west virginia university': 12, 'national energy technology laboratory': 4, 'national energy technology laboratory  u s  department of energy': 4}"
687405,"{'aspen technology  inc': 4, 'aspen technology inc': 4}"
687629,{'mcmaster university': 16}
689222,"{'johns hopkins university': 12, 'princeton university': 10, 'johns hopkins school of medicine': 8, 'moffitt cancer center': 8, '': 2}"
691783,{'texas aandm university': 12}
691280,"{'university of nebraska-lincoln': 12, 'university of nebraska-lincoln  lincoln': 4}"
689961,{'purdue university': 16}
683545,{'university college london': 12}
693561,{'university of michigan': 4}
683862,{'imperial college london': 4}
685542,{'university college london': 12}
689110,"{'university of notre dame': 4, 'universitat pompeu fabra': 4}"
689684,"{'brandenburg university of technology': 12, 'cambridge simulation solutions ltd': 4}"
690096,{'university of kentucky': 4}
691229,"{'wayne state university': 8, 'sandia national laboratories': 8}"
692050,{'auburn university': 16}
692711,{'south dakota school of mines and technology': 4}
687613,{'university of washington': 20}
692390,"{'university at buffalo  the state university of new york': 8, 'georgia institute of technology and emory university': 4, 'georgia institute of technology': 4}"
691731,"{'texas aandm university': 8, 'university of houston': 4}"
688649,{'university of connecticut': 8}
693563,{'georgia institute of technology': 12}
693765,{'louisiana state university': 8}
693898,{'kansas state university': 12}
682724,{'national university of singapore': 12}
688066,"{'beijing university of chemical technology': 16, 'louisiana state university': 4}"
690682,"{'beijing university of chemical technology': 8, 'oklahoma state university': 8, 'louisiana state university': 4}"
691561,"{'oklahoma state university': 8, 'beijing university of chemical technology': 4}"
692587,{'mcmaster university': 8}
693430,{'tsinghua university': 8}
693906,"{'tulane university': 12, 'dell medical school  the university of texas at austin': 12}"
691410,{'national technical university of athens': 16}
692373,"{'washington university in st  louis': 20, 'texas aandm university': 4}"
693160,{'university of maryland  baltimore county': 8}
693569,"{'institution los alamos national laboratory': 4, 'los alamos national laboratory': 4, 'politecnico di torino': 8}"
689355,{'sungkyunkwan university': 28}
689655,{'imperial college london': 12}
691521,"{'chemical engineering department  faculty of engineering  cairo university': 4, 'chartered process engineer': 4, 'facilis ai': 4}"
688487,"{'the university of kansas': 12, 'honeywell fmandt': 4, 'university of kansas': 4}"
685416,"{'university of california  los angeles': 20, 'widener university': 4}"
684370,"{'em ai technology': 4, 'universidad industrial de santander': 4}"
693770,{'university of connecticut': 8}
687582,{'university of north dakota': 8}
693628,{'louisiana state university': 8}
688931,"{'university of connecticut': 8, 'technion israel institute of technology': 8}"
690040,"{'ewha womans university': 8, 'massachusetts institute of technology': 4, 'seoul national university': 4}"
692154,"{'university of utah': 8, 'the university of utah': 4}"
692884,{'oregon state university': 8}
693088,{'tsinghua university': 8}
684832,{'lamar university': 8}
687704,{'university of wisconsin-madison': 10}
688650,"{'university of connecticut': 4, 'terra teaching and research centre  biosystems dynamics and exchanges  gembloux agro-bio tech- université de liège  gembloux  belgium': 2, 'department of chemical engineering  ku leuven  celestijnenlaan 200f  leuven  belgium': 2}"
690762,{'carnegie mellon university': 4}
691369,"{'university of notre dame': 10, 'carnegie mellon university': 4, 'national energy technology laboratory support contractor': 2, 'national energy technology laboratory': 2}"
693014,"{'purdue university': 4, 'university of cantabria': 4, 'carnegie mellon university': 2}"
683654,"{'texas aandm university': 10, 'kuwait university': 2}"
685360,{'the university of texas at austin': 6}
693791,{'university of california  davis': 6}
691859,"{'west virginia university': 6, 'texas aandm university': 10}"
692652,{'west virginia university': 6}
690662,{'mcmaster university': 4}
689432,"{'university of british columbia': 2, 'the university of british columbia': 2}"
687767,{'massachusetts institute of technology': 4}
688024,{'university of michigan': 6}
686551,{'carnegie mellon university': 4}
691880,{'west virginia university': 4}
688869,{'purdue university': 6}
684264,"{'imperial college london': 10, 'the university of manchester': 2}"
684723,"{'dalian university of technology': 8, 'pse for speed company ltd': 2}"
685292,{'north carolina state university': 4}
685526,{'university of california  los angeles': 8}
685527,{'university of california  los angeles': 10}
688410,{'korea advanced institute of science and technology': 6}
685469,"{'university of california  los angeles': 8, 'widener university': 2}"
688659,{'georgia institute of technology': 2}
688452,{'university of minnesota': 2}
689952,{'purdue university': 2}
685803,{'cornell university': 2}
696175,{'purdue university': 2}
689970,{'purdue university': 2}
692014,{'west virginia university': 4}
692172,"{'texas aandm university': 6, 'cj cheiljedang': 2}"
690108,"{'mcmaster university': 6, 'linde plc': 6}"
689138,{'rowan university': 16}
689190,{'massachusetts institute of technology': 6}
684968,{'university of california  los angeles': 16}
685394,{'university of minnesota': 6}
686068,"{'the university of texas at austin': 4, 'shell international exploration and production': 8}"
689685,"{'saudi aramco': 4, 'saudi aramco oil company': 2}"
701489,{'not found': 2}
692835,"{'the university of tokyo': 6, 'f  hoffmann-la roche': 4}"
686472,"{'mcmaster university': 6, 'john house consulting services': 2, 'pacific northwest national laboratory': 2}"
689156,{'sungkyunkwan university': 14}
689173,{'johns hopkins university': 8}
691812,{'university of california  davis': 6}
689153,{'dalian university of technology': 10}
688761,{'delft university of technology': 6}
684159,{'north carolina state university': 2}
684969,{'university of california  los angeles': 14}
686309,{'mcmaster university': 4}
691560,{'west virginia university': 4}
690203,"{'university of copenhagen': 6, 'arla foods': 2}"
690445,{'texas aandm university': 2}
690319,{'hitachi energy germany ag': 2}
686797,{'carnegie mellon university': 2}
689489,{'koc university': 2}
687177,"{'doe great lakes bioenergy research center  university of wisconsin-madison': 2, 'princeton university': 2}"
696176,{'carnegie mellon university': 2}
690144,{'west virginia university': 6}
693369,"{'the ohio state university': 4, 'purdue university': 2, 'nasa ames research center': 2, 'columbia': 2, 'usra research institute for advanced computer science': 2}"
693111,{'wayne state university': 8}
691035,{'university of notre dame': 6}
701511,{'not found': 2}
692171,{'university of california  berkeley': 6}
690670,{'purdue university': 6}
693790,{'university of connecticut': 6}
688362,{'kansas state university': 4}
689448,"{'columbia university in the city of new york': 2, 'columbia university': 8}"
692085,{'texas aandm university': 6}
689680,{'imperial college london': 6}
705049,"{'ewha womans university': 4, 'massachusetts institute of technology': 2, 'seoul national university': 2}"
689405,"{'south dakota school of mines and technology': 2, 'qatar univesrity': 2, 'qatar university': 2}"
692657,"{'university of alberta': 8, 'indian institute of technology madras': 4}"
689758,{'university college london': 4}
682089,"{'kaist': 2, 'university of southern california': 2}"
685915,"{'rwth aachen university': 4, 'rwth aachen': 2, 'ku leuven': 2}"
690788,"{'university of são paulo': 4, 'west virginia university': 2}"
686316,"{'mcmaster university': 4, 'norwegian university of science and technology': 2}"
687047,{'university of salamanca': 6}
686569,"{'university of salamanca': 4, 'university college london': 2, 'procter and gamble technical centre': 2, 'procter and gamble': 4, 'imperial college london': 2}"
693706,{'texas aandm university': 12}
692611,"{'texas aandm university at qatar': 2, 'department of chemical engineering  texas aandm university at qatar p  o  box 23874': 2, 'university of notre dame': 2}"
699183,{'not found': 2}
689250,"{'the ohio state university': 4, 'mitsubishi electric research laboratories': 8}"
688542,"{'texas aandm university': 10, 'west virginia university': 6}"
685920,"{'kaust': 2, 'king abdullah university of science and technology': 4}"
698104,{'not found': 2}
684376,{'saudi aramco': 6}
684967,{'university of california  los angeles': 18}
692784,{'university of alberta': 4}
691519,{'texas aandm university': 4}
689313,{'texas tech university': 4}
685005,"{'rwth aachen university': 4, 'university of luxembourg': 2, 'rwth aachen': 2, 'johns hopkins university': 2}"
685409,"{'university of california  los angeles': 8, 'widener university': 2}"
685698,{'university of minnesota': 6}
687472,"{'university of minnesota': 4, 'covai corporation': 2}"
682865,"{'national university of singapore': 8, 'gsk glaxo wellcome manufacturing pte ltd  1 pioneer  sector 1  singapore': 2}"
691235,"{'indian institute of technology madras': 6, 'spartan controls ltd': 2}"
686769,"{'mcmaster university': 6, 'linde': 2}"
692783,{'university of waterloo': 6}
690761,{'west virginia university': 4}
689231,"{'the ohio state university': 4, 'university of california  berkeley': 4}"
689304,"{'korea advanced institute of science and technology': 4, 'university of southern california': 2, 'hanbat national university': 2}"
689343,{'university of california  berkeley': 4}
686783,{'california state university long beach': 4}
682733,{'national university of singapore': 6}
687412,{'princeton university': 4}
688049,{'national institute of standards and technology': 12}
688357,"{'texas aandm university at qatar': 2, 'texas aandm university': 6}"
688635,{'california state polytechnic university  pomona': 2}
690835,{'university of alberta': 6}
691540,{'university of alberta': 6}
691737,{'oklahoma state university': 4}
684669,{'massachusetts institute of technology': 4}
685561,{'imperial college london': 4}
687526,{'university of minnesota': 4}
689195,"{'johns hopkins university': 4, 'rwth aachen university': 2, 'texas aandm university': 2}"
692957,"{'texas aandm university': 4, 'artie mcferrin department of chemical engineering  texas aandm university': 2}"
689568,"{'imperial college london': 6, 'ntnu': 2, 'abb': 2}"
690891,{'west virginia university': 4}
690302,"{'west virginia university': 8, 'texas aandm university': 10}"
691512,"{'university of minnesota': 6, 'tsinghua university': 2}"
687913,{'university of delaware': 4}
688904,{'auburn university': 4}
685613,"{'carnegie mellon university': 4, 'dow': 2, 'the dow chemical company': 4}"
687314,"{'university of minnesota': 4, 'dow': 2, 'the dow chemical company': 2}"
684092,"{'forschungszentrum jülich gmbh': 4, 'rwth aachen university': 4}"
693876,{'kansas state university': 6}
691273,{'texas aandm university': 4}
691691,{'texas aandm university': 8}
692384,{'university of alberta': 6}
688730,"{'university of pittsburgh': 8, 'mayo clinic': 2}"
687264,{'georgia institute of technology': 6}
688484,{'purdue university': 4}
684966,{'university of california  los angeles': 14}
686440,"{'mcmaster university': 4, 'linde': 2}"
689266,{'the ohio state university': 4}
692983,"{'university of california  berkeley': 6, 'the ohio state university': 2}"
688861,{'purdue university': 6}
685159,"{'korea advanced institute of science and technology': 2, 'imperial college london': 2, 'kaist': 2, 'university of southern california': 2}"
686226,"{'university of minnesota': 6, 'the ohio state university': 2}"
686406,{'imperial college london': 10}
687915,{'imperial college london': 4}
695264,{'princeton university': 4}
699200,{'schrödinger  inc': 4}
699202,{'university of michigan': 4}
693755,{'university of akron': 4}
688584,{'princeton university': 6}
700383,{'not found': 2}
692691,{'penn state': 4}
686539,"{'louisiana state university': 6, 'johns hopkins university': 2}"
691542,"{'colorado school of mines': 4, 'university of colorado denver - anschutz medical campus': 2}"
693100,{'massachusetts institute of technology': 6}
693731,{'university of arkansas': 6}
690597,{'university of michigan': 4}
686485,"{'princeton university': 2, 'texas aandm university': 4, 'louisiana state university': 4, 'university of colorado boulder': 2}"
693504,{'university of houston': 4}
689881,"{'university of florida': 2, 'texas aandm university': 2}"
691656,"{'texas aandm university': 4, 'university of houston': 4}"
691800,{'sandia national laboratories': 4}
688998,{'university of michigan': 6}
688835,{'friedrich-alexander-universität erlangen-nürnberg': 2}
692539,{'rensselaer polytechnic institute': 2}
688750,{'university of minnesota': 8}
692187,"{'university of chicago': 4, 'columbia university': 4, 'university of washington': 4, 'texas aandm university': 4}"
693219,{'university of washington': 4}
692778,{'university of michigan': 10}
690339,{'university of michigan': 10}
685509,{'indian institute of technology madras': 4}
689219,{'university of toledo': 10}
692558,"{'university of utah': 2, 'university at buffalo  the state university of new york': 4}"
693246,{'university of maryland': 6}
693294,"{'california institute of technology': 4, 'georg-august universitat': 2, 'university of california  riverside': 2, 'university of minnesota   twin cities': 2, 'university of minnesota': 2}"
687614,"{'university of oklahoma': 4, 'the university of oklahoma': 2}"
689990,{'north carolina state university': 4}
692150,"{'king fahd university of petroleum and minerals': 8, 'kfupm': 2}"
691045,{'university of california santa barbara': 8}
695172,{'university of delaware': 2}
692330,{'purdue university': 2}
692367,{'stony brook university': 2}
685948,{'university of delaware': 2}
687076,"{'university of cambridge': 4, '2  isis neutron and muon source': 4, 'infineum uk ltd': 6, 'university of edinburgh': 2}"
693861,"{'carnegie mellon university': 4, 'university of california  santa barbara': 2, 'university of minnesota': 2}"
687942,{'university of colorado boulder': 2}
686387,"{'alma mater studiorum - university of bologna': 4, 'university of edinburgh': 2}"
690706,{'imperial college london': 4}
691604,"{'nist': 2, 'virginia tech': 2, 'afton chemical corporation': 2}"
691979,{'virginia tech': 6}
692294,"{'the university of kansas': 2, 'university of kansas': 2}"
693163,{'indiana university': 4}
693865,"{'instituto polite cnico nacional': 4, 'instituto politécnico nacional': 2}"
690242,{'northeastern university': 6}
691302,{'university of fribourg': 4}
686631,"{'louisiana state university': 4, 'university of colorado boulder': 4, 'university of colorado  boulder': 2}"
686732,"{'pacific northwest national laboratory': 12, 'university of missouri': 6}"
689981,{'indian institute of technology bombay': 4}
686489,"{'princeton university': 2, 'louisiana state university': 4, 'pacific northwest national laboratory': 2}"
692833,"{'louisiana state universith': 2, 'louisiana state university': 2}"
693666,{'university of akron': 2}
695819,{'rochester institute of technology': 2}
695820,{'rutgers university': 2}
695821,{'university of colorado  boulder': 16}
695963,{'university of notre dame': 2}
695171,{'stony brook university': 2}
688668,{'university of massachusetts amherst': 2}
689350,{'indian institute of technology bombay': 2}
689027,{'colorado school of mines': 6}
691248,"{'stanford university': 12, 'university of missouri': 2}"
690431,"{'stanford university': 6, 'university of california san francisco': 4}"
690834,"{'california inst of technology': 2, 'california institute of technology': 4}"
693411,{'princeton university': 2}
696498,"{'university of california, los angeles': 2}"
696397,"{'university of california, berkeley': 2}"
696399,{'university of california  berkeley': 2}
696400,{'university of pennsylvania': 2}
696398,{'northeastern university': 2}
696393,{'columbia university': 2}
696395,{'arizona state university': 2}
695174,"{'north carolina state university': 2, 'chevron technical center': 2, 'the dow chemical company': 2}"
691912,{'stanford university': 2}
692476,{'university of minnesota': 2}
690372,{'california institute of technology': 2}
689534,{'sabic': 6}
695021,{'not found': 2}
686682,{'university of massachusetts amherst': 2}
686793,"{'d  e  shaw research': 2, 'princeton university': 4}"
688906,"{'': 2, 'stanford university': 6}"
686353,{'imperial college london': 2}
683403,{'university of minnesota': 4}
682384,{'umass amherst': 2}
696457,{'massachusetts institute of technology': 2}
685434,"{'university of illinois urbana champaign': 2, 'university of utah': 4, 'university of illinois at urbana-champaign': 2}"
688446,"{'university of pau': 4, 'tu delft': 2, 'national university of science and technology politehnica': 2, 'stanford university': 2}"
688935,"{'soongsil university': 2, 'gwangju institute of science and technology': 2, 'kaist': 2}"
688980,{'north carolina state university': 4}
689095,{'brigham young university': 6}
689408,{'indian institute of technology bombay': 4}
690402,"{'totalenergies cstjf': 4, 'university of pau': 2}"
690514,{'the university of texas at austin': 6}
690695,"{'exxonmobil technology and engineering company': 2, 'exxonmobil': 2}"
691655,{'montana state university': 8}
691718,{'texas aandm university': 4}
695689,{'liberty university': 4}
695688,{'liberty university': 4}
683615,{'yeungnam university': 8}
684744,{'hanbat national university': 4}
685146,{'yokohama national university': 12}
686782,{'wayne state university': 12}
688652,{'university of chemistry and technology prague': 8}
688847,{'university of florida': 8}
688854,{'university of florida': 8}
689353,{'yokohama national university': 8}
693555,{'university of illinois chicago': 20}
685884,{'massachusetts institute of technology': 4}
689611,{'university of california  merced': 12}
689262,{'indian institute of technology bombay': 8}
690006,{'university of innsbruck': 8}
690668,{'politecnico di torino': 16}
691626,"{'university of california, los angeles': 4}"
698923,{'north carolina state university': 12}
696489,{'north carolina state university': 8}
690736,{'the hong kong university of science and technology': 4}
692447,{'university of san diego': 4}
693197,{'massachusetts institute of technology': 12}
687861,"{'hankyong national university': 8, 'korea institute of industrial technology': 4}"
689429,"{'university of chicago': 20, 'the hong kong university of science and technology': 8}"
697125,"{'the university of calgary': 8, 'university of calgary': 4}"
687989,{'bucknell university': 8}
691983,"{'king fahd university of petroleum and minerals': 12, 'kfupm': 4, 'saudi aramco': 8}"
692453,{'tulane university': 12}
692563,"{'university of kansas': 8, 'the university of kansas': 8}"
693277,{'university of pittsburgh': 4}
693446,{'university of california riverside': 16}
693168,"{'north carolina state university': 2, 'shanghaitech university': 2}"
692250,"{'national renewable energy lab': 2, 'national renewable energy laboratory': 4}"
686694,"{'stanford university': 4, 'slac national accelerator laboratory': 2}"
688929,{'university of california  los angeles': 2}
686877,"{'university of california  los angeles': 2, 'university of california, los angeles': 2}"
693104,{'lawrence livermore national laboratory': 2}
685817,"{'university of california - los angeles': 2, 'tsinghua university': 2, 'southern university of science and technology': 2}"
689149,{'northwestern university': 4}
693050,"{'caltech institute of technology': 2, 'california institute of technology': 2}"
690623,"{'california institute of technology': 4, 'university of pittsburgh': 4}"
701458,{'not found': 2}
694415,"{'stanford university': 2, 'massachusetts institute of technology': 4}"
694012,{'nist': 2}
685806,"{'sheffield university': 2, 'swinburne univ of technology': 2}"
688460,"{'indian institute of technology bombay': 8, 'indian oil corporation ltd  randd centre': 2}"
689707,{'stellenbosch university': 2}
689809,{'stellenbosch university': 4}
693878,{'instituto politécnico nacional': 10}
689906,{'stellenbosch university': 10}
688148,{'tulane university': 4}
689894,"{'university of innsbruck': 6, 'rice university': 2}"
693781,{'rice university': 8}
692089,"{'texas aandm university': 4, 'brown university': 4}"
700366,{'not found': 2}
692182,{'oklahoma state university': 6}
692676,{'virginia commonwealth university': 4}
698746,{'not found': 2}
693242,{'tokyo institute of technology': 10}
694942,{'university of illinois urbana-champaign': 2}
693934,{'columbia university': 2}
685166,{'university of washington': 2}
689119,"{'stanford university': 4, 'a star': 2}"
693499,{'princeton university': 6}
691996,{'case western reserve university': 6}
700409,{'not found': 2}
690606,"{'university of pennsylvania': 2, 'north carolina state university': 2}"
689032,"{'university of akron': 4, 'espci paris  cnrs  psl university': 2, 'the university of akron': 2}"
693794,{'university of akron': 4}
685783,{'cornell university': 6}
685621,"{'georgetown university': 2, 'national institute of standards and technology': 4}"
694879,"{'university of houston': 6, 'university of san diego': 8}"
686708,"{'university of tennessee': 2, 'university of science and technology of china': 6}"
686219,{'university of california  berkeley': 8}
693287,{'yale university': 2}
690796,{'texas tech university': 4}
692143,{'northeastern university': 2}
686794,{'north carolina state university': 6}
687106,"{'cornell university': 8, 'iitm': 2}"
689499,{'north carolina state university': 6}
690607,{'university at buffalo  the state university of new york': 8}
693073,{'university of maryland baltimore': 4}
693398,{'university of notre dame': 4}
686632,"{'case western reserve university': 10, 'georgia institute of technology': 4, 'the ohio state university': 4}"
691513,"{'the city college of new york': 6, 'university of pennsylvania': 6, 'city college of new york  cuny': 2, 'levich institute  city college of new york': 2}"
687130,{'university of pennsylvania': 10}
691086,{'case western reserve university': 14}
693415,{'university of california riverside': 6}
691383,"{'rutgers university': 20, 'university of colorado boulder': 2}"
690740,{'university of michigan': 6}
690663,{'rutgers university': 4}
690098,{'university of illinois at urbana-champaign': 4}
689852,"{'lehigh university': 2, 'procter and gamble co': 2, 'procter and gamble': 2, 'purdue university': 2}"
687670,"{'stanford university': 2, 'university of missouri': 2}"
689203,{'university of pennsylvania': 6}
693686,"{'case western reserve university': 8, 'city college of new york': 2}"
687344,{'university of rhode island': 2}
688169,{'brigham young university': 2}
694886,"{'university of houston': 6, 'university of chicago': 2, 'university of illinois chicago': 2}"
687814,"{'stony brook university': 2, 'university of south carolina': 4}"
686709,{'university of colorado boulder': 6}
697513,{'not found': 2}
686838,{'osaka university': 2}
689026,{'tohoku university': 10}
697507,{'university of california davis': 4}
688497,{'osaka university': 4}
697508,{'university of california  merced': 2}
692851,{'osaka university': 6}
697511,{'university of california  davis': 2}
697529,{'not found': 2}
683444,{'the pennsylvania state university': 2}
687163,{'university of colorado boulder': 4}
688964,"{'simons foundation': 2, 'new york university': 4}"
691227,"{'california institute of technology': 2, 'california inst of technology': 2}"
689412,{'university of california': 4}
688820,"{'princeton university': 8, 'tata institute of fundamental research': 2, 'university of colorado boulder': 2, 'massachusetts institute of technology': 6, 'california institute of technology': 2}"
692015,"{'university of san diego': 6, 'syracuse university': 4, 'rochester institute of technology': 2, 'university of california  santa barbara': 2, 'university of chicago': 2}"
692190,{'university of san diego': 2}
693466,{'harvard university': 2}
683732,{'zhejiang university': 12}
688269,"{'nihon university': 12, 'malaysia-japan international institute of technology  universiti teknologi malaysia': 4}"
688785,"{'missouri university of science and technology': 4, 'missouri university of science and technology  65409': 4}"
688946,"{'soongsil university': 12, 'korea advanced institute of science and technology': 8}"
688953,"{'soongsil university': 12, 'korea advanced institute of science and technology': 8}"
689760,{'nihon university': 24}
690562,"{'university of pau': 8, 'tu delft': 4, 'national university of science and technology politehnica': 4, 'stanford university': 4}"
690919,{'virginia commonwealth university': 8}
691824,{'university of wyoming': 8}
693087,{'fei': 16}
693888,{'instituto politécnico nacional': 20}
689493,{'eth zürich': 12}
690816,"{'goeppert llc': 6, 'university of connecticut': 24}"
693231,"{'university of california, san diego': 6}"
684026,{'michigan technological university': 12}
686575,{'georgia institute of technology': 6}
687932,{'polish academy of sciences': 10}
683369,{'texas tech university': 2}
690011,{'nanyang technological university': 8}
693312,"{'university of cincinnati': 2, 'univeristy of cincinnati': 2}"
682567,"{'nasa glenn research center': 2, 'purdue university': 8}"
685366,"{'rensselaer polytechnic institute': 4, 'tecmasters  inc': 4}"
690270,{'princeton university': 4}
693460,{'university of illinois chicago': 8}
684650,"{'university of minnesota': 2, 'baylor university': 4}"
687643,{'university of california  davis': 4}
693327,{'university of oklahoma': 4}
688695,"{'purdue university': 6, 'dow': 2}"
693572,"{'university of illinois at chicago': 2, 'university of iliinois chicago': 2, 'university of illinois chicago': 2}"
685050,{'university of california  irvine': 2}
693331,{'yale university': 2}
685386,"{'university of colorado  boulde': 2, 'university of colorado boulder': 2}"
687086,{'purdue university': 6}
687684,"{'the university of arizona': 6, 'university of arizona': 6}"
688171,"{'purdue university': 4, 'university of maryland': 2}"
688754,"{'university of kansas': 2, 'stanford university': 12, 'suncat center for interface science and catalysis  slac national accelerator laboratory': 4, 'kbr inc': 2, 'stealth mode startup': 2, 'stanford synchrotron radiation lightsource  slac national accelerator laboratory': 2}"
688886,{'purdue university': 6}
684911,{'indian institute of technology kharagpur': 2}
687154,{'university of colorado boulder': 4}
690829,{'purdue university': 4}
693387,{'bits pilani k k birla goa campus': 4}
692774,"{'university of illinois chicago': 2, 'yale university': 2}"
690977,{'north carolina state university': 4}
691130,"{'sandia national laboratories': 8, 'university of new mexico': 2}"
682184,{'university of limerick': 2}
693359,"{'stanford university': 6, 'the lubrizol corporation': 2, 'polish academy of sciences': 2}"
690201,{'north carolina state university': 10}
686906,{'stanford university': 10}
686116,{'purdue university': 4}
684788,{'new jersey institute of technology': 6}
686773,{'stanford university': 14}
695106,{'university of pennsylvania': 2}
689106,{'purdue university': 6}
688133,"{'stanford university': 8, 'howard university': 2}"
690268,{'university of missouri': 6}
692003,{'northwestern university': 10}
684785,{'case western reserve university': 6}
688772,{'north carolina state university': 4}
689247,{'university of missouri': 6}
683399,{'wageningen university and research': 4}
686593,{'university of oklahoma': 6}
687073,"{'university of toledo': 2, 'trine university': 2}"
692741,{'university of southern california': 2}
694040,{'university of chicago': 2}
691848,{'university of southern california': 4}
686241,{'university of california  davis': 4}
691920,{'colorado school of mines': 4}
693347,{'university of california riverside': 6}
685760,"{'university of minnesota': 8, 'university of california  santa barbara': 2, 'augsburg university': 4, 'augsburg college': 2}"
691315,{'university of california  berkeley': 8}
689269,{'university of california  berkeley': 8}
690033,{'georgia institute of technology': 6}
694648,"{'carnegie mellon university': 4, 'university of minnesota': 2}"
688058,{'university of colorado boulder': 8}
688378,{'amirkabir university of technology': 6}
684062,{'university of florida': 4}
692156,{'university of british columbia': 4}
693074,"{'new york university': 2, 'university of chicago': 4, 'eth zürich': 2}"
686971,"{'imperial college london': 6, 'hongik university': 2, 'lisn cnrs': 4}"
690323,{'liberty university': 4}
693364,"{'indian institute of technology bombay': 4, 'louisiana state university': 2}"
691695,"{'university of california  irvine': 4, 'university of california-irvine': 4}"
689595,"{'eth zurich': 2, 'university of patras': 2, 'eth zürich': 2}"
684756,{'the university of alabama': 4}
687263,{'university of alberta': 4}
684365,"{'university of florida': 6, 'exxonmobil research and engineering company': 2}"
689176,"{'national university of singapore': 4, 'tianjin university': 2}"
689172,{'massachusetts institute of technology': 6}
684467,{'north carolina state university': 6}
686106,"{'yale university': 6, 'bogazici university': 2}"
687411,"{'univeristy of california  santa barbara': 2, 'soka university of america': 2, 'university of california  santa barbara': 6, 'university of california-santa barbara': 2, 'university of california - santa barbara': 2}"
690586,{'rutgers university': 4}
690929,"{'university of florida': 4, 'university of virginia': 2}"
691891,"{'nasa ames research center - kbr  inc': 2, 'texas aandm university': 2, 'the university of chicago': 2, 'md anderson cancer center': 4, 'nasa ames research center': 2}"
691961,"{'texas aandm university': 6, 'brown university': 4}"
692613,{'university of new hampshire': 4}
693118,{'university of illinois urbana-champaign': 2}
686537,{'university of california irvine': 2}
692056,{'university of san diego': 2}
688040,"{'university of warwick': 2, 'university of nottingham  trent': 2, 'lehigh university': 6}"
684138,"{'university of pennsylvania': 4, 'kyushu university': 2}"
688115,{'north carolina state university': 6}
685363,"{'princeton university': 4, 'massachusetts institute of technology': 2, 'california institute of technology': 2}"
691329,{'university of michigan': 4}
690873,{'texas tech university': 4}
686777,{'wayne state university': 6}
693052,{'liberty university': 4}
682033,{'purdue university': 10}
692921,"{'university of michigan': 4, 'brown university': 4}"
686696,{'harvard university': 10}
687150,"{'': 2, 'auburn university': 8}"
687486,{'national institute of standards and technology': 8}
688915,{'university of south carolina': 8}
693334,{'university of michigan': 6}
686010,{'the university of alabama in huntsville': 4}
692088,{'university of san diego': 2}
689630,{'tohoku university': 10}
694979,{'rice university': 12}
696296,"{'university of chicago': 2, 'the pennsylvania state university': 2, 'pennsylvania state university': 8, 'louisiana state university': 4}"
696694,{'not found': 2}
696693,{'university of houston': 2}
694450,{'institute for carbon management': 2}
693399,{'texas aandm university': 4}
697804,{'not found': 2}
688890,{'ohio university': 6}
689368,{'indian institute of technology bombay': 4}
689540,{'pacific northwest national laboratory': 6}
689789,{'indian institute of technology bombay': 6}
689915,{'university of pennsylvania': 2}
693366,{'yale university': 2}
694757,{'carnegie mellon university': 10}
685980,"{'baylor university': 6, 'university of minnesota': 2}"
684063,{'university of florida': 4}
691391,{'university of wisconsin-madison': 4}
684141,{'princeton university': 4}
685371,"{'university of colorado  boulde': 2, 'university of colorado boulder': 2}"
689987,{'university of missouri': 6}
691000,{'texas tech university': 4}
691667,"{'university of colorado boulder': 2, 'university of colorado': 2}"
688030,{'university of alberta': 4}
689361,{'oklahoma state university': 8}
690296,"{'imperial college london': 6, 'hongik university': 2, 'lisn cnrs': 2, 'university of cambridge': 2}"
693478,"{'university of cincinnati': 2, 'univeristy of cincinnati': 2}"
687911,"{'polish academy of sciences': 8, 'california inst of technology': 2}"
682164,"{'university of colorado': 2, 'siddaganga institute of technology': 2}"
684783,"{'case western reserve university': 4, 'ppg industries': 4, 'lehigh university': 2}"
690633,"{'harvard university': 2, 'stanford university': 4}"
692645,{'louisiana state university': 18}
687459,"{'university of oklahoma': 4, 'the university of oklahoma': 2}"
692010,"{'texas tech university': 4, 'aqua cultured foods': 2, 'mondelez international': 2}"
686612,{'the university of oklahoma': 4}
701134,{'university of michigan': 6}
686396,{'university of alberta': 4}
693360,{'liberty university': 2}
689092,"{'purdue university': 6, 'air products': 2, '3m': 2}"
690665,{'georgia institute of technology': 4}
693645,{'liberty university': 4}
688392,{'princeton university': 4}
689157,{'purdue university': 6}
692968,{'massachusetts institute of technology': 2}
686482,"{'princeton university': 4, 'california institute of technology': 2}"
684440,{'university of cambridge': 12}
684852,{'case western reserve university': 4}
690012,{'drexel university': 6}
690422,"{'harvard university': 4, 'university of colorado boulder': 2, 'renewable and sustainable energy institute  university of colorado': 2}"
690863,{'imperial college london': 4}
692299,"{'lawrence berkeley national laboratory': 8, 'lawrence berkeley national lab': 2}"
692458,{'university at buffalo  the state university of new york': 10}
692990,{'oklahoma state university': 6}
687012,"{'korea advanced institute of science and technology': 10, 'soongsil university': 2}"
690724,{'indian institute of technology bombay': 4}
691174,{'georgia institute of technology': 6}
685962,{'university of pennsylvania': 6}
688057,"{'lehigh university': 6, 'nottingham trent university': 2, 'purdue university': 2}"
701314,"{'university of california, los angeles': 4}"
701315,{'university of texas at austin': 2}
687656,"{'university of california  davis': 4, 'university of california  santa barbara': 8}"
688851,{'university of florida': 4}
690652,{'texas aandm university': 4}
689210,{'purdue university': 6}
692836,{'university of illinois urbana-champaign': 4}
688149,"{'texas aandm university': 2, 'indian institute of science': 4}"
686865,{'university at buffalo': 4}
700346,{'not found': 2}
687399,{'university of wisconsin-madison': 4}
687566,{'new jersey institute of technology': 6}
687679,{'university of wisconsin-madison': 4}
685644,{'new jersey institute of technology': 8}
683605,{'new jersey institute of technology': 6}
683608,{'new jersey institute of technology': 6}
696662,{'university of oregon': 2}
696648,{'georgia institute of technology': 2}
696604,{'university of tennessee oak ridge national lab': 2}
696602,{'columbia university': 2}
697223,{'not found': 2}
687009,"{'technical university of munich': 6, 'linde gmbh  linde engineering': 2}"
693112,{'strategic analysis  inc': 16}
701230,{'not found': 2}
687400,{'clarkson university': 4}
686796,{'university of pittsburgh': 6}
693659,{'rice university': 4}
686377,"{'qatar university': 4, 'king fahd university of petroleum and minerals': 2}"
692527,{'university of oklahoma': 4}
690991,"{'the city college of new york': 6, 'nsf s chemmatcars  university of chicago': 2, 'brookhaven national lab': 2, 'brookhaven national laboratory': 2, 'levich institute  city college of new york': 2}"
691776,{'north carolina state university': 14}
689943,{'indian institute of technology bombay': 4}
690348,"{'university of puerto rico-mayaguez': 6, 'university of wisconsin-madison': 2}"
689843,{'the university of melbourne': 4}
693623,{'university of illinois chicago': 12}
701124,{'not found': 2}
689821,"{'tiny bright things': 4, 'the university of melbourne': 2}"
689096,"{'university of delaware': 6, 'stf technologies llc': 4}"
689324,"{'indian institute of technology  bombay': 4, 'indian institute of technology - bombay': 2, 'indian institute of technology bombay': 4}"
690807,"{'csir-national chemical laboratory': 2, 'national chemical laboratory': 2}"
691863,"{'colorado school of mines': 2, 'the university of british columbia': 2}"
684503,{'chapman university': 4}
686624,"{'national institute of standards and technology': 2, 'the university of alabama': 2}"
688911,{'university of notre dame': 8}
691670,"{'university of notre dame': 4, 'university of kansas': 4}"
692215,"{'oklahoma state university': 6, 'university of illinois chicago': 6}"
701524,{'not found': 2}
692883,"{'texas aandm university': 6, 'naval research laboratory': 2, 'leibniz institute of polymer research and tu dresden': 2}"
693280,{'texas tech university': 4}
690590,{'massachusetts institute of technology': 4}
693235,{'california institute of technology': 2}
689955,{'university of michigan': 4}
699548,{'not found': 2}
688781,{'stanford university': 4}
691361,{'auburn university': 8}
686439,"{'ohio university': 4, 'northeastern university': 2}"
693032,"{'washington university in st louis': 2, 'university of texas at san antonio  usa': 2, 'university of texas at san antonio': 2, 'washington university in st  louis': 2}"
686463,{'columbia university': 12}
683413,{'university of oklahoma': 2}
688413,"{'imperial college london': 6, 'hongik university': 2, 'lisn cnrs': 4}"
689303,{'pennsylvania state university': 4}
689769,{'german aerospace center': 2}
688843,{'university of florida': 4}
690700,{'vanderbilt university': 10}
685502,{'indian institute of technology madras': 4}
684569,{'dalian university of technology': 4}
690833,"{'university at buffalo  the state university of new york': 2, 'suny brockport': 2, 'state univ of new york-buffalo': 2}"
685379,"{'university of colorado  boulde': 2, 'university of colorado boulder': 2}"
687123,"{'universite de toulouse': 2, 'university of toulouse': 4, 'clemson university': 4}"
688047,{'university of alberta': 4}
688580,{'purdue university': 8}
692388,"{'university of toronto': 4, 'alkermes  inc': 2, 'alkermes': 2}"
692642,"{'university of kansas': 6, 'bristol-myers squibb': 2, 'bristol-myers squibb  inc': 2}"
701268,{'not found': 2}
689418,"{'indian institute of technology bombay': 4, 'indian oil corporation ltd  randd centre': 2}"
692083,{'stanford university': 6}
686876,"{'university of california  los angeles': 2, 'university of california, los angeles': 2}"
691652,"{'rice university': 4, 'unist': 2}"
686857,{'university of california  riverside': 4}
690066,"{'northwestern university': 10, 'california institute of technology': 2}"
688728,{'drexel university': 4}
690822,{'the city college of new york': 6}
694535,"{'stanford university': 2, 'massachusetts institute of technology': 8, 'university of utah': 2, 'shell': 2}"
698474,{'not found': 2}
688345,{'brigham young university': 8}
687067,{'the ohio state university': 2}
687423,{'university of michigan': 4}
685797,{'purdue university': 6}
689992,"{'case western reserve university': 4, 'cleveland state university': 2, 'rochester institute of technology': 4}"
692510,"{'university of california  berkeley': 2, 'university of california-berkeley': 2, 'lawrence berkeley national laboratory': 2}"
691418,{'the dow chemical company': 20}
689694,{'indian institute of technology bombay': 6}
692963,"{'stony brook university': 4, 'purdue university': 4, 'pacific northwest national laboratory': 4}"
700303,{'not found': 2}
690047,"{'university of michigan': 2, 'purdue university': 4, 'department of chemical engineering  university of michigan': 4}"
692727,"{'california institute of technology': 10, 'south ural state university': 2}"
684618,"{'dalhousie university': 4, 'university of sheffield': 6}"
685058,"{'university of california': 4, 'university of california  irvine': 2}"
686163,{'the university of texas at austin': 4}
684431,{'university of rochester': 2}
687636,"{'pennsylvania state university': 6, 'georgia institute of technology': 12}"
690247,{'north carolina state university': 8}
691173,{'north carolina state university': 4}
692465,"{'texas aandm university': 6, 'artie mcferrin department of chemical engineering  texas aandm university': 2, 'texas aandm university at qatar': 2}"
701249,{'not found': 2}
693059,{'university of pittsburgh': 2}
699692,{'embry-riddle aeronautical university': 2}
697496,{'cornell university': 2}
685515,{'qatar university': 2}
686571,"{'university of kentucky': 2, 'mississippi state university': 2, 'missouri university of science and technology': 2}"
687847,{'indian institute of technology bombay': 6}
691727,{'massachusetts institute of technology': 6}
692660,"{'texas aandm university': 8, 'washington university in st  louis': 4, 'university of missouri': 2}"
692664,{'north carolina a and t state univ': 2}
684135,{'university of north dakota': 2}
697577,{'not found': 2}
691137,"{'tulane university': 4, 'university of rhode island': 4}"
690340,{'indian institute of technology delhi': 4}
688938,"{'clarkson university': 8, 'suny college of environmental science and forestry': 2}"
692274,{'kansas state university': 4}
692414,"{'pacific northwest national laboratory pnnl': 12, 'university of connecticut': 2}"
686647,"{'stellenbosch university': 10, 'texas aandm university': 4}"
689351,{'national university of singapore': 6}
689367,{'national university of singapore': 6}
689545,{'inha university': 8}
690498,{'university of nebraska-lincoln': 24}
695470,{'korea institute of industrial technology': 20}
690045,"{'university of alabama': 4, 'the university of alabama': 8}"
695469,{'korea institute of industrial technology': 12}
686358,"{'chung-ang university': 20, 'chung ang university': 8, 'university of texas at austin': 4, 'university of california': 4}"
695465,"{'korea institute of industrial technology': 20, 'yonsei university': 4}"
693428,{'university of cincinnati': 16}
689414,{'pacific northwest national laboratory': 12}
688448,"{'kyungpook national university': 12, 'hanbat national university': 4, 'korea institute of energy research': 8}"
695487,{'figure 8 environmental': 4}
684234,{'st josephs college of engineering': 4}
685064,{'california state university-bakersfield': 20}
691762,{'university of arkansas': 4}
687271,"{'columbia university': 16, 'microsoft research': 4}"
688758,{'widener university': 12}
692928,{'university of utah': 12}
692912,"{'tennessee tech university': 8, 'tennessee technological university': 8}"
693585,{'university of delaware': 16}
687468,{'physical sciences inc': 4}
693777,"{'california state polytechnic university': 28, 'california state polytechnic university  pomona': 4}"
694961,"{'university of trinidad and tobago': 4, 'the university of trinidad and tobago o meara camp': 4}"
693778,{'ahmedabad univeristy': 4}
684170,"{'texas aandm international university': 8, 'university of isfahan': 4, 'university of sayyed jamaleddin asadabadi': 4, 'bu-ali sina university': 4, 'amirkabir university of technology': 4, 'university of western australia': 4}"
684544,{'hoseo university': 4}
692793,"{'california institute of technology': 12, 'california institute of technology - pasadena  ca': 4}"
694107,"{'tecnológico de monterrey': 8, 'tecnologico de monterrey': 4}"
686042,"{'old dominion university': 8, 'south dakota school of mines andtechnology': 4}"
683517,"{'zhejiang gongshang university': 4, 'zhejiang university': 12}"
683887,{'university of massachusetts amherst': 8}
693292,"{'universidad nacional de colombia': 8, 'universidad de los andes': 4}"
693337,"{'university of california los angeles': 4, 'university of california, los angeles': 4}"
693633,"{'tecnologico nacional de mexico campus aguascalientes': 8, 'tecnologico na campus aguascalientescional de mexico': 4}"
686380,"{'hanbat national university': 12, 'kyungpook national university': 4}"
693738,"{'prairie view a and m university': 8, 'prairie view aandm university': 8}"
696611,"{'universidad de los andes  carrera': 14, 'institución universitaria colegio mayor de antioquia': 2, '': 4}"
696609,"{'universidad de los andes  carrera': 4, 'cotierra ag': 4, 'institución universitaria colegio mayor de antioquia': 4}"
699062,{'us army engineer research and development center': 4}
691118,"{'eth zürich': 6, 'carnegie mellon university': 2}"
688940,"{'saint louis university main campus - parks college of engineering  aviation and technology': 4, 'saint louis university': 2}"
687941,"{'university college london': 6, 'ucl': 2}"
689991,"{'southern arkansas university': 2, 'memorial university': 4}"
688421,{'tsinghua university': 4}
689090,"{'korea advanced institute of science and technology': 10, 'agency for defence development': 2}"
682594,{'korea institute of energy research': 6}
687366,{'wayne state university': 6}
700386,{'not found': 2}
693984,{'texas aandm university': 6}
693195,"{'national energy technology lab': 24, 'netl': 6}"
686448,"{'national energy technology laboratory': 12, 'colorado school of mines': 6}"
685971,"{'netl': 6, 'department of energy netl': 6, 'us doe netl': 6}"
686750,{'argonne national laboratory': 24}
690634,"{'isgs': 12, 'university of illinois': 6}"
687485,{'texas aandm university - corpus christi': 24}
693227,{'illinois state geological survey': 6}
691357,{'energy and environmental research center university of north dakota': 36}
686588,"{'oak ridge national laboratory': 8, 'georgia institute of technology': 2, 'oak ridge national lab - oak ridge  tn': 2, 'ohio state university': 2}"
689211,"{'oak ridge national laboratory': 12, 'pvamu': 2, 'oak ridge national lab - oak ridge  tn': 2, 'georgia institute of technology': 2}"
690085,"{'university of alabama': 2, 'the university of alabama': 4}"
691190,"{'virginia tech': 4, 'massachusetts institute of technology': 2}"
691699,{'georgia institute of technology': 12}
693340,{'indian institute of technology madras': 6}
688328,"{'northwestern university': 4, 'dow chemical company': 2}"
688704,"{'the university of alabama': 2, 'university of alabama': 2}"
690441,{'stanford university': 6}
690612,"{'university at buffalo': 6, 'suny   buffalo': 2}"
690664,{'north carolina state university': 6}
691506,{'arizona state university': 6}
686611,"{'carnegie mellon university': 6, 'lawrence livermore national laboratory': 12, 'netl support contractor': 2}"
688018,"{'georgia institute of technology': 8, 'chonnam national university': 2}"
693496,{'university of cincinnati': 4}
694135,{'not found': 2}
688039,{'georgia institute of technology': 6}
690261,{'west virginia university': 6}
687447,"{'georgia institute of technology': 6, 'lawrence livermore national laboratory': 8, 'princeton university': 2}"
689592,{'nanyang technological university': 6}
687382,"{'braskem america': 4, 'university of massachusetts lowell': 6, 'braskem s a': 6}"
692070,{'university at buffalo  the state university of new york': 8}
684232,{'ruhr university bochum': 6}
684320,{'university of toronto': 6}
684557,{'tsinghua university': 6}
692052,"{'the pennsylvania state university': 2, 'penn state': 2}"
687295,"{'university of utah': 14, 'university of utah  assistant professor': 2, 'utah state university': 4, 'tellus': 2}"
689718,"{'university of patras': 4, 'eth zurich': 2, 'eth zürich': 2}"
691981,{'carnegie mellon university': 8}
690916,"{'university of maryland  college park': 4, 'university of maryland': 2, 'university of maryland-college park': 2}"
689018,"{'the university of iowa': 2, 'university of iowa': 2}"
693169,{'rutgers university': 6}
690123,"{'west virginia university': 4, 'national energy technology laboratory': 2}"
691923,"{'university of nevada  reno': 2, 'university of nevada-reno': 2}"
693511,{'university of kansas': 10}
689202,"{'rowan university': 4, 'széchenyi istván university': 6, 'university of pannonia': 2}"
687817,{'indian institute of technology bombay': 4}
687133,"{'u s  environmental protection agency': 8, 'florida aandm university-florida state university': 2}"
686198,{'tulane university': 8}
692104,"{'new jersey institute of technology': 4, 'njit dept of chemical and materials engineering': 2}"
692254,{'texas aandm university': 4}
687768,"{'texas aandm university kingsville': 2, 'texas aandm university-kingsville': 2}"
688706,"{'the university of alabama': 6, 'university of alabama': 2}"
691704,{'massachusetts institute of technology': 10}
684553,"{'indian instutute of technology roorkee': 2, 'durban university of technology south africa': 2, 'durban university of technology': 4}"
690069,{'indian institute of technology kharagpur': 4}
693890,{'ahmedabad univeristy': 2}
687839,{'arizona state university': 6}
689591,{'indian institute of technology madras': 26}
700967,{'not found': 2}
683632,"{'national energy technology laboratory': 6, 'netl support contractor': 2}"
686252,{'pacific northwest national laboratory': 8}
685769,"{'university of illinois at urbana champaign': 4, 'university of illinois  urbana-champaign': 2, 'university of illinois urbana-champaign': 4}"
691159,"{'university of akron': 2, 'university of south carolina': 2}"
687565,{'clarkson university': 4}
691562,{'west virginia university': 10}
687933,{'university of kentucky': 4}
690080,{'university of bologna': 16}
689653,"{'university of canterbury': 8, 'macdiarmid institute for advanced materials and nanotechnology': 2}"
690168,"{'universidad de guanajuato': 4, 'universidad autonoma de mexico': 2, 'universidad michoacana de san nicolás de hidalgo': 2}"
686085,"{'university of california  riverside': 12, 'the city college of new york': 4, 'university of california riverside': 2, 'vanderbilt university': 2}"
688891,"{'the city college of new york': 2, 'city college of new york': 2}"
701309,{'not found': 2}
684654,{'universidad de guanajuato': 8}
692601,"{'columbia university': 4, 'oregon state university': 2, 'ucla henry samueli school of engineering and applied science': 2}"
694036,"{'pacific northwest national laboratory': 14, 'wrps': 4, 'washington river protection solutions': 8}"
684107,{'not found': 2}
684139,{'central michigan university': 4}
686101,{'u s  army engineer research and development center': 10}
685755,"{'univ of alabama birmingham': 2, 'johns hopkins university': 2, 'louisiana tech university': 6}"
685551,"{'qatar environment and energy research institute': 6, 'hamad bin khalifa university  qatar foundation': 2}"
691586,{'mainstream engineering corporation': 6}
689243,"{'univ of alabama birmingham': 2, 'minnesota state university at mankato': 2, 'university of alabama at birmingham': 2}"
701525,{'not found': 2}
692567,{'central michigan university': 6}
689977,"{'university of alabama at birmingham': 4, 'minnesota state university at mankato': 2}"
693612,"{'university of kansas': 6, 'university of puerto rico': 2}"
692055,{'university of connecticut': 4}
687947,"{'university of alabama at birmingham': 2, 'johns hopkins university': 2, 'louisiana tech university': 6}"
690678,{'kth royal institute of technology': 10}
692633,"{'soka university': 10, 'guanajuato university': 4, 'tecnológico de monterrey': 2}"
693749,"{'missouri university of science and technology  65409': 4, 'northeastern university': 2}"
684161,"{'rutgers  the state university of new jersey': 6, 'georgia southern university': 4, 'university of alabama': 4}"
685830,{'national university of singapore': 2}
688707,"{'worcester polytechnic institute': 8, 'university of massachusetts  amherst': 2, 'university of massachusetts amherst': 2}"
691917,{'the university of tulsa': 4}
687227,{'florida institute of technology': 4}
684514,{'university of toronto': 2}
690726,"{'university of illinois chicago': 4, 'university of illinois at chicago': 2}"
692170,{'texas aandm university': 4}
687232,{'florida institute of technology': 4}
684084,"{'university of copenhagen': 12, 'university of the witwatersrand  johannesburg': 6}"
687153,{'national energy technology laboratory': 18}
686758,{'yale university': 30}
700032,{'not found': 6}
700802,{'not found': 6}
695041,{'drexel university': 2}
691082,{'the ohio state university': 30}
691742,{'northwestern university': 24}
691829,{'drexel university': 4}
683638,{'georgia institute of technology': 4}
687780,{'university of notre dame': 12}
689433,"{'university of california  los angeles': 14, 'chemistry and biochemistry': 2}"
693710,"{'allegrow biotech': 4, 'the hong kong university of science and technology': 6}"
687771,"{'university of delaware': 8, 'indian institute of technology  varanasi': 2, 'harvard medical school - massachusetts general hospital': 2, 'rutgers university': 4}"
688751,"{'universidad nacional autónoma de méxico': 12, 'probiomed s a  de c v': 2}"
683751,"{'sartorius': 6, 'boston university': 2, 'sartorius stedim north america': 2, 'sartorius stedim north america inc': 2}"
688581,"{'rensselaer polytechnic institute': 6, 'wadsworth center  new york state dept health': 2}"
688917,"{'posgrado en ciencias bioquímicas  unam': 2, 'instituto de investigaciones biomédicas  universidad nacional autónoma de méxico': 2, 'instituto de investigaciones biomédicas  unam': 2}"
686986,"{'michigan state university': 4, 'michigan state uiversity': 2}"
695046,{'university of michigan': 2}
690936,{'the johns hopkins university': 6}
690971,"{'vanderbilt university': 14, 'california state polytechnic university  pomona': 2}"
692938,{'northeastern university': 6}
693137,"{'university of wisconsin': 2, 'boston university': 4}"
690409,{'university of michigan': 6}
693190,"{'massachusetts institute of technology': 10, 'university of california  berkeley': 2, 'broad institute': 2}"
695210,{'university of chicago': 2}
692709,{'university of massachusetts amherst': 10}
692872,"{'duke university': 10, 'washington university in st  louis': 2}"
693234,{'iowa state university': 2}
693339,"{'university of california  riverside': 2, 'uc riverside': 6, 'university of california': 4, 'michigan state university': 2}"
690436,{'california institute of technology': 4}
693198,{'tsinghua university': 8}
685148,{'university of illinois at urbana-champaign': 2}
693243,{'university of maryland': 4}
681983,{'stanford university': 4}
690901,{'university of california  berkeley': 2}
690053,"{'princeton university': 8, 'usda': 2}"
685898,"{'school of chemistry  chemical engineering and biotechnology  nanyang technological university': 4, 'nanyang technological university': 2}"
684273,{'carnegie mellon university': 4}
689008,{'tunghai university': 2}
684524,"{'south china university of technology': 2, 'south china univeristy of technology': 2}"
689059,{'southwest university': 2}
686596,{'university of delaware': 8}
691358,{'the university of kansas': 6}
693134,"{'university of louisiana at lafayette': 14, 'university of louisiana': 2}"
700746,"{'university of illinois at urbana-champaign': 4, 'university of illinois': 4}"
695047,{'vanderbilt university': 2}
693342,"{'the ohio state university wexner medical center': 8, 'the ohio state university': 18}"
686589,{'stanford university': 10}
687434,"{'the university of alabama': 4, 'university of alabama at birmingham': 2}"
687576,"{'clemson university': 4, 'tulane university': 2}"
688097,{'university of notre dame': 16}
690111,"{'the johns hopkins university': 8, 'johns hopkins university': 4}"
695217,{'university of massachusetts lowell': 2}
688453,{'tsinghua university': 10}
685496,{'merck and co   inc': 12}
693975,{'pfizer': 8}
690763,{'sutro biopharma': 12}
687152,{'university of california  davis': 6}
687665,"{'merck and co   inc': 4, 'merck and co   inc   rahway  nj  usa': 4}"
695218,{'duke university': 2}
693072,{'university of waterloo': 8}
686772,{'washington university in st  louis': 10}
688914,"{'massachusetts institute of technology': 4, 'miami university': 2}"
687707,{'university of delaware': 8}
692739,"{'university of california san diego': 4, 'university of california  riverside': 4, 'utsunomiya university': 2}"
690083,{'northeastern university': 10}
684299,{'university of california  irvine': 4}
692880,{'worcester polytechnic institute': 4}
684983,"{'university of illinois urbana-champaign': 4, 'university of illinois at urbana-champaign': 2}"
693453,{'colorado school of mines': 6}
687402,{'university of wisconsin-madison': 4}
687175,{'colorado school of mines': 4}
695203,{'university of georgia': 2}
691005,{'university of california  los angeles': 12}
692019,{'texas aandm university': 6}
692848,{'university of delaware': 8}
686186,{'university of georgia': 14}
688868,"{'rutgers university': 4, 'rutgers  the state university of new jersey': 2}"
688814,{'university of illinois urbana-champaign': 4}
683823,{'nanjing normal university': 2}
685077,"{'national tsing hua university': 6, 'national taiwan university': 2}"
684701,"{'ohio state university': 2, 'the ohio state university': 4}"
690274,{'the ohio state university': 10}
685155,"{'school of chemistry  chemical engineering and biotechnology  nanyang technological university': 2, 'nanyang technological university': 4}"
686180,"{'auburn university': 16, 'earth university': 2}"
689850,{'dalian university of technology': 6}
695048,{'mcgill university': 2}
690859,{'the johns hopkins university': 8}
691640,"{'colorado school of mines': 10, 'university of colorado denver anschutz medical campus': 2}"
692016,{'university of washington': 8}
692341,"{'university of colorado  boulder': 2, 'cu boulder': 2, 'umass': 2, 'university of massachusetts amherst': 2, 'university of colorado boulder': 2}"
688200,"{'university college london': 14, 'institut cochin  inserm': 8}"
689244,{'university of washington': 8}
693438,"{'university of colorado  boulder': 2, 'university of colorado boulder': 2}"
688631,{'massachusetts institute of technology': 6}
691252,"{'tufts university': 12, 'university of pavia': 4}"
691701,{'university of california  san diego': 26}
693677,"{'the ohio state university wexner medical center': 4, 'the ohio state university': 2}"
688810,{'princeton university': 4}
692922,"{'massachusetts institute of thechnology': 2, 'dana-farber cancer institute': 2, 'massachusetts institute of technology': 4}"
687134,"{'harvard medical school': 6, 'schepens eye research institute of mass  eye and ear': 8}"
686230,"{'university of colorado boulder': 12, 'national renewable energy laboratory': 8}"
682172,{'stanford university': 8}
688873,"{'department of biochemistry  university of illinois at urbana-champaign': 4, 'university of illinois at urbana-champaign': 4, 'university of illinois urbana-champaign': 8}"
684166,"{'texas aandm international university': 12, 'iran university of medical science': 4, 'iran university of medical sciences': 8}"
687044,"{'famu': 4, 'famu-fsu college of engineering': 4, 'florida state university': 4, 'famu-fsu college of engineering  florida state university': 8}"
687607,"{'clemson university': 8, 'tulane university': 4, 'louisiana state university': 4}"
689321,{'worcester polytechnic institute': 12}
691610,"{'university of illinois at urbana champaign': 12, 'university of illinois at urbana-champaign': 74, 'university of illinois urbana-champaign': 4, 'korea advanced institute of science and technology': 8, '': 2}"
689187,"{'the ohio state university': 20, 'astrazeneca': 4}"
686255,"{'the ohio state university': 16, 'ohio state university': 4}"
693447,{'vaccine production program  nih niaid': 20}
689887,"{'johns hopkins university': 20, 'johns hopkins university school of medicine': 4}"
693757,{'vanderbilt university': 8}
688907,"{'university of rochester': 12, 'university of rochester medical center': 4}"
687446,{'johns hopkins university': 4}
688113,"{'the ohio state university': 16, 'ohio state university': 4}"
688587,"{'uconn': 4, 'eli lilly and company': 4, 'university of connecticut': 16, 'janssen pharmaceuticals': 4}"
690672,"{'chemical and biological engineering  iowa state university': 8, 'iowa state university': 4}"
691738,{'johns hopkins university': 16}
692124,{'university of arizona': 8}
692470,"{'department of chemical engineering  biotechnology and materials  centre for biotechnology and bioengineering  cebib  university of chile': 4, 'department of microbiology  faculty of medicine  university of chile': 8, 'university of chile': 4}"
693789,"{'university of california  san diego': 4, 'university of california san diego': 4, 'university of california  riverside': 8}"
688120,"{'the ohio state university': 24, 'ohio state university': 4}"
683441,{'tsinghua university': 8}
693859,"{'ucsd  nanoengineering department': 4, 'utsunomiya university': 4, 'university of california san diego': 4}"
690367,{'johns hopkins university': 16}
693036,{'auburn university': 12}
682270,{'indian institute of technology kanpur': 4}
695457,{'california institute of technology': 8}
696554,{'university of kentucky': 4}
701174,{'pando bioscience': 4}
684126,{'university of massachusetts amherst': 16}
684674,"{'texas tech university': 8, 'the ohio state university': 4}"
691262,"{'texas a and m university': 12, 'texas aandm university': 12}"
691322,"{'texas a and m university': 8, 'texas aandm university': 12}"
691714,{'university of tennessee': 8}
692792,"{'north carolina state university': 20, 'biostealth  inc': 8, 'millipore sigma': 8, 'merck kgaa': 4}"
691642,"{'north carolina state university': 24, 'department of chemistry  north carolina state university  raleigh  nc 27695  usa': 4, 'university of north carolina at chapel hill and north carolina state university': 4}"
686504,"{'university of michigan': 20, 'va ann arbor health system': 4}"
687094,{'imperial college london  south kensington': 24}
689271,{'cornell university': 16}
692841,{'university of utah': 8}
689164,"{'the ohio state university': 16, 'texas tech university': 4}"
691210,"{'university of chile': 16, 'department of chemical engineering  biotechnology and materials  centre for biotechnology and bioengineering  cebib  university of chile': 4, 'centro regional de estudios en alimentos saludables  creas': 4}"
691518,"{'department of chemical and biomolecular engineering  university of california  irvine': 4, 'university of california  irvine': 8}"
691539,{'tulane university': 8}
692115,{'worcester polytechnic institute': 4}
693480,{'ocean college zhejiang university': 16}
686160,{'university of georgia': 20}
686747,{'massachusetts institute of technology': 8}
690468,"{'auburn university': 8, 'uc davis': 4}"
688514,{'princeton university': 16}
693534,{'arizona state university': 20}
683968,{'massachusetts institute of technology': 8}
688970,{'texas aandm university': 8}
691831,{'tulane university': 12}
682827,{'tsinghua university': 8}
687668,{'university of washington': 12}
691336,{'university of washington': 32}
692654,{'california institute of technology': 8}
690287,{'university of rochester': 8}
687699,{'university of delaware': 16}
689401,{'purdue university': 28}
693417,{'harvard university': 4}
690541,{'university of pennsylvania': 16}
691074,"{'michigan state university': 24, 'michigan state uiversity': 4}"
692315,{'new york university tandon school of engineering': 16}
693108,{'iowa state university': 20}
693857,"{'university of texas at tyler': 4, 'texas tech university': 4}"
687054,"{'famu-fsu college of engineering': 4, 'florida state university': 4, 'north carolina agricultural and technical state university': 4, 'mayo clinic': 4, 'high performance materials institute  florida state university': 4, 'famu-fsu college of engineering  florida state university': 4}"
687435,{'the university of alabama in huntsville': 8}
688591,{'tufts university': 12}
689885,{'purdue university': 4}
682452,{'virginia tech': 4}
690458,{'university of florida': 24}
684702,"{'texas tech university': 12, 'the ohio state university': 20, 'university of cantabria': 8}"
686179,{'arkansas state university': 4}
686540,"{'exhalix  llc': 20, 'university of new mexico school of medicine': 12}"
687056,{'university of michigan': 16}
687269,{'university of michigan': 4}
687496,{'universidad del atlántico': 4}
690563,"{'university of florida': 4, 'texas aandm university': 24}"
690904,"{'university at buffalo  the state university of new york': 8, 'indiana university school of medicine': 4}"
693170,"{'university of california, san diego': 4}"
693729,"{'uc irvine': 8, 'university of california  irvine': 4, 'university of california irvine': 4, 'hampton university': 8}"
694053,{'university of washington': 8}
692140,{'university of iowa': 16}
692452,"{'johns hopkins university': 20, 'johns hopkins university school of medicine': 4}"
692662,{'worcester polytechnic institute': 8}
692951,"{'university of notre dame': 16, 'und': 20}"
693429,{'university of illinois at urbana champaign': 36}
693505,{'virginia tech': 8}
693732,{'university of idaho': 8}
683460,{'university of michigan': 12}
686438,{'state university of new york at buffalo': 24}
686574,{'the ohio state university': 8}
686994,"{'michigan state university': 8, 'michigan state uiversity': 4}"
687171,{'iff': 40}
691140,"{'6786963773': 4, 'mayo clinic': 12}"
691862,{'oklahoma state university': 8}
686103,{'princeton university': 16}
688235,{'arizona state university': 20}
688792,"{'the university of texas at austin': 4, 'university of texas at austin': 8}"
689609,"{'university of birmingham': 8, 'clexbio': 4}"
690103,{'university of michigan': 16}
686760,{'washington university in st  louis': 12}
687065,{'university of rochester': 8}
690640,"{'center for interdisciplinary research and innovation of aristotle university of thessaloniki': 8, 'aristotle university of thessaloniki': 8}"
692132,"{'university of california  san diego': 8, 'amgen  inc': 8, 'amgen': 4, 'university of california san diego': 4, 'imperial college london': 4}"
692108,"{'aristotle university of thessaloniki': 16, 'center for interdisciplinary research and innovation of aristotle university of thessaloniki': 8, 'university rennes  inserm  ehesp  irset    umr_s1085  f-35000': 8}"
690865,"{'university of maryland college park': 4, 'university of maryland': 4}"
690618,"{'center for interdisciplinary research and innovation of aristotle university of thessaloniki': 20, 'aristotle university of thessaloniki': 20}"
693309,{'university of florida': 4}
685036,"{'purdue university': 8, 'university of california  san diego': 12}"
687806,{'zhejiang huakang pharmaceutical co   ltd': 4}
688443,"{'qatar university': 20, 'military university nueva granada': 4}"
692929,{'aiche': 4}
693333,{'university of louisiana': 4}
692415,"{'university of blumenau - furb': 8, 'sub-zero group  inc': 8, 'university of blumenau': 4}"
692478,"{'universidad de las americas puebla': 12, 'universidad de las américas puebla': 4}"
692548,"{'universidad de las americas puebla': 16, 'universidad de las américas puebla': 4}"
692598,"{'prairie view aandm university': 4, 'prairie view a and m university': 4}"
689000,{'texas aandm university': 20}
689105,{'texas aandm university': 16}
690142,"{'department of chemical and petroleum engineering  university of kansas': 4, 'the university of kansas': 4, 'university of kansas': 4}"
688290,{'university of california - davis': 8}
690067,"{'university of limerick': 4, 'bernal institute  university of limerick': 4}"
686117,"{'institute of chemical technology mumbai': 4, 'institute of chemical technology  mumbai': 4}"
693064,"{'donald danforth plant science center': 20, 'washington university in st  louis': 8, 'valent biosciences llc': 8}"
688401,{'fuzhou university': 8}
688388,"{'fuzhou university': 12, 'qingyuan innovation laboratory': 4}"
689498,"{'universiti teknologi malaysia': 16, 'national center for agricultural utilization research': 4, 'university of the peloponnese': 4}"
689438,{'jiangnan university': 4}
694028,"{'univ of ar': 4, 'synt solutions': 4, 'university of arkansas': 4, 'university of ar': 4}"
688760,{'southern illinois university edwardsville': 16}
690359,{'the ohio state university': 8}
689230,"{'the ohio state university': 12, 'ohio state university': 4}"
689359,{'the ohio state university': 8}
691869,{'the ohio state university': 8}
691544,{'the ohio state university': 12}
690733,{'the ohio state university': 8}
692555,{'dalian university of technology': 4}
688770,{'southern illinois university edwardsville': 16}
689762,"{'uctm': 4, 'university of chemical technology and metallurgy': 4}"
693723,"{'nc state university': 4, 'north carolina state university': 8}"
690715,"{'university of chemical technology and metallurgy': 8, 'uctm': 4}"
689628,{'university of chemical technology and metallurgy': 12}
692941,"{'the pennsylvania state university': 8, 'penn state university': 8}"
692640,{'indian institute of technology  varanasi': 8}
695042,{'university of florida': 2}
688984,{'tufts university': 8}
691151,"{'cornell university': 20, 'weill cornell medical college': 2}"
692279,{'university of oklahoma': 8}
693774,{'auburn university': 14}
687649,"{'harvard medical school': 4, 'schepens eye research institute of mass  eye and ear': 4}"
693211,{'university of virginia': 6}
688839,"{'harvard medical school': 18, 'wyss institute for biologically inspired engineering at harvard university': 4, 'genscript usa inc': 4}"
686850,{'princeton university': 12}
687599,"{'yale university': 8, 'michigan state university': 2}"
692888,{'auburn university': 6}
689128,{'technical university of denmark': 6}
685845,"{'university of illinois at urbana-champaign': 4, 'university of illinois urbana-champaign': 2}"
689512,{'pacific northwest national laboratory': 6}
695214,{'university of california  los angeles': 2}
691223,"{'university of california los angeles': 2, 'university of california  los angeles': 2}"
687454,"{'colorado school of mines': 4, 'university of colorado denver - anschutz medical campus': 2}"
688010,{'montana state university': 4}
686161,{'university of georgia': 18}
689971,"{'univeristy of toronto': 2, 'max planck institute for dynamics of complex technical systems': 4, 'university of toronto': 2}"
689795,{'northeastern university': 14}
689099,{'dalian university of technology': 2}
692306,"{'auburn university': 2, 'university of california  davis': 2}"
689329,{'the ohio state university': 4}
691822,{'texas aandm university': 4}
692823,"{'duke university': 6, 'princeton university': 8, 'washington university in st  louis': 2}"
693546,"{'washingotn university in st louis': 4, 'washington university in st  louis': 2}"
701009,{'the ohio state university': 4}
695040,{'university of michigan': 2}
690798,{'auburn university': 10}
691535,"{'university of colorado boulder': 4, 'university of washington': 2}"
692353,{'new jersey institute of technology': 6}
693465,"{'university of illinois urbana-champaign': 6, 'university of michigan ann arbor': 2}"
693565,{'university of new hampshire': 4}
687490,"{'the university of alabama': 4, 'university of alabama at birmingham': 2}"
684037,"{'university of california  san diego': 4, 'north carolina state university': 4}"
701460,{'not found': 2}
690384,"{'university of illinois urbana-champaign': 14, 'university of illinois laboratory high school': 2}"
687352,{'university of california  berkeley': 8}
686288,"{'harvard medical school': 8, 'beth israel deaconess medical center  boston': 2, 'university of colorado school of medicine': 4}"
692914,{'university of california santa barbara': 4}
697281,"{'harvard medical school brigham and women s hospital': 2, 'university of california  los angeles': 2}"
695215,{'university of california san diego': 2}
684728,{'tsinghua university': 2}
691520,"{'university of california  riverside': 4, 'university of california riverside': 2, 'university of california': 4}"
700405,{'not found': 2}
692847,{'iowa state university': 6}
691162,"{'northwestern university': 8, 'lawrence berkeley national laboratory': 6, 'biological systems and engineering division  lawrence berkeley national laboratory': 2}"
688293,{'university of delaware': 12}
695189,{'washington university in st  louis': 2}
691195,{'university of tulsa': 8}
686197,{'university of georgia': 8}
686867,{'iowa state university': 4}
686564,"{'university of arizona': 4, 'pennsylvania state university': 2}"
689490,{'tsinghua university': 4}
689771,"{'nanjing normal university': 2, 'university of bremen': 2}"
695353,{'stanford university': 2}
695355,{'university of california  irvine': 2}
695356,{'washington university st  louis': 2}
695357,{'university of california santa barbara': 2}
695358,{'university of pennsylvania': 2}
695235,{'johns hopkins university': 2}
695236,{'rensselaer polytechnic institute': 2}
695234,{'university of delaware': 2}
695233,{'university of california santa barbara': 2}
695232,{'the university of texas at austin': 2}
695240,"{'virginia commonwealth university': 2, 'national science foundation': 4, 'national renewable energy laboratory': 2, 'biomade': 2, 'armi biofab usa': 2}"
695239,{'not found': 2}
694999,{'university of delaware': 2}
690699,{'university of florida': 14}
692714,"{'columbia university': 4, 'cornell university': 4}"
693576,"{'the ohio state university wexner medical center': 2, 'the ohio state university': 26}"
686792,{'washington university in st  louis': 6}
690326,{'california institute of technology': 6}
693058,{'lehigh university': 6}
691196,{'university of nevada  reno': 2}
692829,"{'columbia univeresity': 2, 'columbia university': 2}"
692752,{'stevens institute of technology': 2}
699700,{'not found': 2}
691958,{'virginia commonwealth university': 2}
690199,{'auburn university': 4}
687683,{'johns hopkins university': 2}
689053,{'dalian university of technology': 2}
687662,"{'university of iowa': 2, 'university of delaware': 10}"
693640,{'the ohio state university': 6}
689259,{'south china university of technology': 6}
691909,{'howard university': 4}
693795,{'universidad nacional autónoma de méxico': 8}
683774,"{'universidad nacional de colombia': 6, 'universidad mariana de pasto': 2}"
695050,{'university of california  san diego': 2}
691441,{'university of nebraska-lincoln': 6}
692809,{'university of virginia': 6}
690167,{'georgia institute of technology': 8}
687189,{'university of houston': 4}
688507,"{'university of california  los angeles': 12, 'stevens institute of technology': 2}"
691657,"{'the pennsylvania state university': 8, 'oak ridge national laboratory': 6}"
690157,{'tsinghua university': 8}
688387,"{'institute of biotechnology and genetic engineering  chulalongkorn university': 4, 'chulalongkorn university': 2}"
691816,"{'lawrence berkeley national laboratory': 2, 'university of california  berkeley': 2}"
692786,{'iowa state university': 10}
686355,"{'chulalongkorn university': 6, 'institute of biotechnology and genetic engineering  chulalongkorn university': 2}"
686157,"{'university of kentucky': 2, 'missouri university of science and technology': 2, 'mississippi state university': 2}"
686063,"{'university of illinois at urbana-champaign': 8, 'doe center for advanced bioenergy and bioproducts innovation': 2, 'uiuc': 2, 'university of illinois at urbana champaign': 6, 'university of illinois urbana-champaign': 4}"
688344,{'kyoto institute of technology': 4}
689037,"{'johns hopkins university': 8, 'university of california  irvine': 4}"
690856,"{'university of nevada reno': 2, 'university of nevada  reno': 2}"
692713,{'university of delaware': 12}
686074,{'drexel university': 6}
687159,"{'university of oklahoma': 8, 'university of texas medical branch': 2, 'university of oklahoma health sciences center': 2}"
686495,"{'exhalix  llc': 10, 'university of new mexico school of medicine': 10}"
695208,{'northwestern university': 2}
687547,"{'university of california  santa barbara': 2, 'northwestern university': 4}"
686748,{'university of delaware': 6}
691141,{'university of south florida': 18}
693976,{'university at buffalo  state university of new york': 8}
686615,{'the ohio state university': 4}
689124,{'johns hopkins university': 6}
690601,"{'guangdong technion-israel institute of technology': 4, 'guangdong technion isreal institute of technology': 2, 'guangdong technion - israel institute of technology': 2}"
692997,{'university of south florida': 10}
686775,{'washington university in st  louis': 8}
691937,"{'the pennsylvania state university': 6, 'national renewable energy laboratory': 6, 'crysalis biosciences  inc': 2, 'university of wisconsin madison': 4, 'oak ridge national laboratory': 4, 'university of wisconsin - madison': 2}"
688239,{'massachusetts institute of technology': 4}
691990,"{'washington university in st  louis': 4, 'university of hawaii': 12}"
690696,{'singapore institute of technology': 2}
695051,{'university of virginia': 2}
691395,{'national technical university of athens': 8}
700399,{'not found': 2}
692481,{'university at buffalo  the state university of new york': 4}
686871,"{'instituto de investigaciones biomédicas  universidad nacional autónoma de méxico': 2, 'universidad autónoma metropolitana -iztapalapa': 2, 'universidad nacional autónoma de méxico': 2}"
687256,{'imperial college london': 8}
690420,"{'university of nebraska-lincoln': 4, 'university of wisconsin-madison': 2, 'university of nebraska': 4, 'university of nebraska - lincoln': 2}"
693363,{'university of chicago': 2}
692800,"{'johns hopkins university': 4, 'the johns hopkins university': 4}"
686172,"{'the ohio state university': 6, 'the ohio state university wexner medical center': 8, 'university of maryland school of medicine': 4}"
683498,{'university of illinois at urbana-champaign': 2}
689215,{'university of virginia': 10}
691817,"{'university of tennessee': 2, 'university of tennessee knoxville': 8}"
686155,{'university of michigan': 8}
686672,"{'university of delaware': 8, 'university of iowa': 2}"
690614,{'university of cincinnati': 4}
689384,{'washington university in st  louis': 6}
693372,"{'washington university in st  louis': 8, '4  clayton high school  1 mark twain cir': 2, 'pacific northwest national laboratory': 2, 'university of hawaii': 2}"
690368,{'nanjing normal university': 4}
687034,"{'oak ridge national laboratory': 2, 'the university of kansas': 2, 'university of kansas': 2}"
683780,"{'universidad nacional de colombia': 6, 'universidad mariana de pasto': 2}"
695206,{'university of delaware': 2}
691825,{'texas a and m university': 2}
692529,{'u s  army devcom chemical biological center': 4}
692590,{'miami university': 4}
693804,{'university of california santa barbara': 12}
692717,"{'university of alabama': 4, 'the university of alabama': 2}"
693665,{'iowa state university': 8}
695052,{'auburn university': 2}
691125,{'university of virginia': 4}
691873,{'university of michigan': 6}
692802,{'university of california  los angeles': 8}
686443,"{'harvard medical school': 4, 'stanford university': 2, 'massachusetts institute of technology': 8}"
688112,{'university of pennsylvania': 8}
690428,"{'university of colorado  boulder': 2, 'university of colorado boulder': 4}"
695039,{'auburn university': 2}
685257,{'university of colorado boulder': 4}
686493,{'montana state university': 4}
686942,{'university of houston': 6}
691732,{'auburn university': 6}
692817,"{'virginia tech': 2, 'university of california riverside': 2}"
689160,{'university of houston': 4}
695207,{'university of new hampshire': 2}
693855,"{'university of california, los angeles': 2, 'university of california  los angeles': 2}"
692635,{'northeastern university': 8}
687956,{'tsinghua university': 2}
689246,"{'massachusetts institute of technology': 2, 'department of biological engineering': 2, 'department of biology': 4}"
691959,{'university of california': 8}
695043,{'university of colorado boulder': 2}
691631,"{'purdue university': 4, 'duke university': 4}"
694124,"{'university at buffalo  state university of new york': 4, 'university at buffalo': 2}"
683020,{'the ohio state university': 2}
685447,{'university of california  irvine': 2}
685584,{'dalian university of technology': 2}
688642,{'massachusetts institute of technology': 8}
695216,{'stanford university': 2}
701462,{'not found': 2}
690897,{'university of florida': 8}
690189,"{'princeton university': 2, 'university of california  berkeley': 2, 'university of california, berkeley': 2}"
701463,{'not found': 2}
692358,"{'university of nebraska - lincoln': 2, 'university of nebraska-lincoln': 6}"
688391,"{'national university of singapore': 2, 'singapore institute of technology': 2}"
693255,{'iowa state university': 4}
693743,{'university of louisville': 10}
686625,"{'university of notre dame': 10, 'national cheng kung university': 2}"
686423,{'cornell university': 8}
689956,"{'north carolina state university': 6, 'massachusetts general hospital': 6}"
690824,"{'the ohio state university': 12, 'the ohio state university wexner medical center': 6}"
693187,{'university of michigan': 12}
695044,{'duquesne university': 2}
692301,"{'johns hopkins university': 8, 'johns hopkins university school of medicine': 4}"
692595,{'university of washington': 18}
692502,"{'new jersey institute of technology': 2, 'children s hospital of philadelphia': 2, 'university of pennsylvania': 4}"
689097,"{'cornell university': 38, 'massachusetts institute of technology': 6, 'harvard university': 2, 'deep origin': 2}"
693365,"{'university of washington': 4, 'the university of queensland': 4}"
689839,"{'johns hopkins university': 8, 'johns hopkins university school of medicine': 2, 'the johns hopkins university': 2}"
695212,{'': 2}
691686,{'johns hopkins university': 6}
691482,{'university of nevada  reno': 4}
692381,{'johns hopkins university': 4}
689507,{'the ohio state university': 8}
689154,"{'king mongkut s institute of technology ladkrabang': 2, 'johns hopkins university': 6}"
685234,"{'the university of connecticut': 2, 'university of connecticut': 2, 'yale university': 2}"
701244,{'not found': 2}
695049,{'colorado state university': 2}
690870,"{'montana state university': 2, 'center for biofilm engineering': 4}"
692451,"{'university of delaware': 12, 'baylor university': 4, 'pacific northwest national lab': 2}"
685933,{'princeton university': 4}
686076,"{'princeton university': 6, 'lewis-sigler institute for integrative genomics': 2, 'california institute of technology': 2}"
688832,"{'princeton university': 10, 'indian institute of technology delhi': 2, 'california institute of technology': 2}"
686771,"{'washington univeristy in st louis': 2, 'washington university in st  louis': 4}"
694056,"{'university of notredame southbend': 2, 'university of notre dame indiana': 2, 'university of notre dame': 10}"
685408,"{'university of michigan': 8, 'kansas university medical center': 4}"
688664,{'the university of texas at austin': 8}
688121,{'texas tech university': 4}
691635,{'university of new mexico': 12}
690405,{'auburn university': 6}
695204,{'oak ridge national lab': 2}
691739,"{'tulane university': 2, 'university of california  berkeley': 2}"
682037,"{'university of california  irvine': 6, 'university of california  davis': 4}"
684690,{'university of california  irvine': 12}
686285,{'cornell university': 4}
689268,{'university of wisconsin-madison': 10}
689764,{'university of delaware': 16}
695045,"{'university of kentucky': 10, 'oregon state university': 4, 'university of iowa': 2}"
690598,{'georgia institute of technology': 6}
691719,{'colorado school of mines': 8}
688669,"{'north carolina state university': 4, 'texas tech university': 2}"
692889,"{'university of michigan': 6, 'university of delaware': 2}"
685836,{'national university of singapore': 4}
686583,"{'umbc': 2, 'university of arkansas': 2}"
695053,{'tulane university': 2}
691940,"{'university of michigan': 4, 'zhejiang university': 2, 'liangzhu laboratory  zhejiang university': 2}"
692565,"{'university at buffalo  the state university of new york': 6, 'medical college of wisconsin': 2}"
701245,{'not found': 2}
689194,"{'whitehead institute': 2, 'whitehead institute for biomedical research': 2}"
689828,{'tulane university': 4}
690342,{'university of michigan': 2}
691884,{'washington university in st  louis': 4}
690642,"{'university of maine': 6, 'idaho national laboratory': 2}"
685439,{'the university of tokyo': 6}
687211,{'purdue university': 18}
684834,{'michigan state university': 4}
683392,{'shaoguan university': 2}
689441,{'the hong kong polytechnic university': 4}
690091,"{'university of alabama': 2, 'the university of alabama': 4}"
691034,"{'university of wisconsin-madison': 6, 'tianjin university of science and technology': 2}"
693799,{'university of missouri': 6}
690150,{'auburn university': 6}
690170,"{'university of alabama': 2, 'the university of alabama': 2}"
686960,"{'korean institute science and technology': 6, 'sungkyunkwan university': 2, 'university of british columbia': 2}"
684188,"{'north carolina state university': 6, 'asr innovation center  tellus products': 2, 'north carolina state universtiy': 2, 'department of forest biomaterials  college of natural resources  north carolina state university': 2}"
692978,{'mississippi state university': 6}
688372,"{'university of science and technology of china': 2, 'guangzhou institute of energy conversion  chinese academy of sciences': 4}"
689161,"{'state university of new york environmental science': 2, 'university of tennessee-knoxville': 4, 'state university of new york college of environmental science and forestry': 2, 'university of british columbia': 2, 'oak ridge national laboratory': 2, 'institute for sustainable materials and manufacturing': 2, 'university of tennessee': 2, 'suny college of environmental science and forestry': 2}"
683694,{'university of minnesota': 6}
683032,"{'north carolina state university': 6, 'worfolk consulting': 2, 'national renewable energy laboratory': 4}"
686040,"{'georgia institute of technology': 10, 'materials science and engineering  georgia institute of technology': 2}"
690145,"{'university of wisconsin-madison': 6, 'university of illinois urbana-champaign': 2}"
685967,"{'georgia institute of technology': 12, 'university of florida': 2}"
695088,{'university of wisconsin-madison': 2}
688288,{'iowa state university': 2}
694973,{'u s  environmental protection agency': 4}
695080,{'university of alberta': 2}
694986,{'university of guelph': 2}
692689,"{'university of tennessee': 4, 'university of tennessee  knoxville': 2}"
689287,{'oak ridge national lab': 2}
689276,{'washington university in st  louis': 2}
687516,{'north carolina state university': 2}
684905,{'university of tennessee  knoxville': 2}
687520,"{'georgia institute of technology': 14, 'oak ridge national lab': 2}"
690105,{'university of wisconsin-madison': 4}
692663,{'university of wisconsin-madison': 2}
695103,{'georgia institute of technology': 2}
695078,{'university of guelph': 2}
695079,{'georgia institute of technology': 2}
695077,{'suny esf': 2}
692400,{'lakril technologies corporation': 4}
689898,{'worcester polytechnic institute': 24}
686835,{'famu-fsu college of engineering': 4}
683966,{'yale university': 4}
686038,{'university of salamanca': 12}
687279,{'florida institute of technology': 8}
690076,"{'applied circular engineering and simulation group   universidad san francisco de quito usfq': 20, 'universidad de carabobo': 4, 'institute for energy and materials  universidad san francisco de quito usfq': 4, 'geocircular consulting group': 4}"
692523,{'florida institute of technology': 4}
691722,"{'lawrence berkeley national laboratory': 10, 'sandia national laboratories': 6}"
692174,"{'usda-ars': 2, 'eastern regional research center  usda-ars': 12, 'national center for agricultural utilization research  usda-ars': 2}"
700283,{'not found': 2}
682560,{'korea research institute of chemical technology': 2}
687875,{'the hong kong polytechnic university': 6}
693305,{'south china university of technology': 4}
690425,{'ornl': 2}
690512,{'oak ridge national laboratory': 2}
683787,{'oak ridge national laboratory': 2}
691883,"{'center for structural molecular biology  oak ridge national laboratory': 4, 'washington university in st  louis': 2, 'washington university in st louis': 2, 'oak ridge national laboratory': 2, 'center for bioenergy innovation  oak ridge national laboratory': 2}"
691468,"{'washington university in st  louis': 8, 'center for structural molecular biology  oak ridge national laboratory': 2, 'university of tennessee': 2, 'washington university in st louis': 2}"
693895,{'lund university': 2}
694422,"{'florida atlantic university': 4, 'university of miami': 2, 'oak ridge national laboratory': 2}"
688253,"{'queensland university of technology': 14, 'sao paulo state university': 2}"
696096,"{'hanyang university': 12, 'kongju national university': 4}"
696095,"{'hanyang university': 16, 'kongju national university': 4}"
696094,"{'hanyang university': 16, 'kongju national university': 4}"
695393,"{'uw madison': 4, 'state university of new york college of environmental science and forestry': 4, 'university of wisconsin-madison': 16, 'usda forest products laboratory': 12, 'suny college of environmental science and forestry': 4}"
688663,"{'university of illinois chicago': 8, 'university of illinois at chicago': 4}"
690062,{'the university of alabama': 8}
690110,"{'university of alabama': 4, 'the university of alabama': 8}"
690182,"{'university of alabama': 4, 'the university of alabama': 4}"
690486,"{'virginia tech': 8, 'sustainable bio-based materials lab': 8}"
693125,{'university of illinois chicago': 8}
688657,"{'department of chemical and petroleum engineering  university of kansas': 4, 'the university of kansas': 4, 'department of forest biomaterials  college of natural resources  north carolina state university': 8, 'greenpack technologies': 4, 'university of kansas': 4}"
693463,{'south china university of technology': 8}
691619,"{'washington university in st  louis': 4, 'washington university in st louis': 8, 'center for structural molecular biology  oak ridge national laboratory': 4}"
685709,{'lawrence berkeley national laboratory': 10}
687248,{'florida institute of technology': 4}
689998,{'suny college of environmental science and forestry': 4}
684822,{'university of minnesota': 10}
690582,"{'universidad de los andes': 12, 'escuela colombiana de ingeniería julio garavito': 2}"
690174,"{'universidad de los andes': 14, 'escuela colombiana de ingeniería julio garavito': 2}"
688126,{'north carolina state university': 14}
690913,{'texas tech university': 10}
686048,{'north carolina state university': 6}
694500,{'north carolina state university': 8}
693189,"{'suny college of environmental science and forestry': 10, 'florida institute of technology': 4}"
691515,"{'university of tulsa': 2, 'the university of tulsa': 2}"
701295,{'not found': 4}
701585,{'not found': 4}
690578,"{'university of maine': 12, 'idaho national laboratory': 4}"
693558,"{'biosystem and agricultural engineering  university of kentucky': 4, 'university of kentucky': 4}"
695027,"{'lawrence berkeley national laboratory': 12, 'idaho national laboratory': 4, 'center for bioenergy innovation': 4, 'national renewable energy laboratory': 4, 'joint bioenergy institute  emeryville  ca 94608 and sandia national laboratories  livermore  ca': 4}"
683114,"{'idaho national laboratory': 20, 'university of tennessee': 4, 'fuels  engines and emissions research center  oak ridge national laboratory': 4, 'national energy technology laboratory': 4, 'wvurc': 4}"
691741,{'university of calgary': 2}
692685,{'dalian university of technology': 2}
693326,{'guangzhou institute of energy conversion': 2}
688282,{'guangzhou institute of energy conversion  chinese academy of sciences': 2}
682820,{'shaoguan university': 2}
687149,"{'purdue university': 12, 'universidade federal de são carlos': 2, 'idaho national laboratory': 4, 'forest concepts': 2, 'indiana university': 2}"
692870,"{'suny college of environmental science and forestry': 12, 'auburn university': 4, 'state university of new york environmental science': 2}"
686686,"{'forest products laboratory': 4, 'university of missouri': 2}"
684561,"{'king fahd university of petroleum and minerals': 2, 'lund university': 4, 'kth royal institute of technology': 8}"
686717,{'forest products laboratory': 4}
691115,"{'university of arkanasas': 2, 'university of arkansas': 2}"
690988,{'west virginia university': 8}
691712,{'university of nebraska-lincoln': 8}
687066,"{'vtt technical research centre of finland': 4, 'fortum waste solutions oy': 2, 'barpimo s a': 6}"
693407,"{'the university of tennessee': 2, 'oak ridge national laboratory': 4, 'university of tennessee': 2}"
701543,{'not found': 2}
701298,{'not found': 2}
691508,"{'texas aandm university': 6, 'state university of new york environmental science': 2, 'suny college of environmental science and forestry': 2}"
700281,{'not found': 2}
685710,"{'purdue university': 6, 'national university of colombia or purdue university': 2}"
688493,{'university of illinois chicago': 4}
690914,"{'oli systems  inc': 2, 'oli systems inc': 2}"
700668,{'university of notre dame': 12}
701033,"{'case western reserve university': 14, 'georgia institute of technology': 6, 'clemson university': 2, 'the ohio state university': 2}"
691963,"{'carnegie mellon univeristy': 2, 'carnegie mellon university': 8, 'netl support contractor': 2, 'national energy technology laboratory': 2}"
700082,{'not found': 2}
689083,{'northwestern university': 2}
690958,{'oregon state university': 2}
695195,{'university of illinois urbana-champaign': 2}
700101,{'university of north dakota': 8}
684427,{'national renewable energy laboratory': 20}
687848,{'university of southern california': 12}
697810,"{'école polytechnique fédérale de lausanne': 16, 'novelis': 4}"
695492,{'not found': 4}
690461,"{'carnegie mellon university': 12, 'shell technology center': 4}"
700300,{'not found': 4}
685381,{'texas aandm university': 8}
701243,{'not found': 4}
688538,{'university of minnesota': 8}
684593,"{'eth zurich': 20, 'university of toronto': 8, 'northwestern university': 8}"
689749,{'university of cambridge': 8}
691029,"{'georgia institute of technology': 4, 'massachusetts institute of technology': 12}"
695493,{'not found': 6}
693488,{'massachusetts institute of technology': 6}
693173,"{'slb': 6, 'xprize': 6, 'the pennsylvania state university': 6}"
694097,{'texas tech university': 18}
684004,{'totalenergies s e': 6}
690419,"{'georgia institute of technology': 12, 'oak ridge national laboratory': 6}"
684291,{'university at buffalo': 6}
694039,"{'stanford university': 12, 'university of california  berkeley': 6}"
684683,"{'lawrence berkeley national laboratory': 10, 'university of california  irvine': 4}"
685792,"{'university of south carolina': 6, 'ionomr innovations inc': 4}"
688517,"{'texas aandm university': 10, 'west virginia university': 6}"
700166,{'not found': 2}
690923,"{'stanford university': 18, 'slac national accelerator laboratory': 12}"
700165,{'not found': 2}
691892,{'the university of alabama': 6}
687804,{'zhejiang university': 2}
692801,"{'stanford university': 12, 'slac national accelerator laboratory': 4}"
683776,"{'gharda institute of technology lavel': 2, 'visvesvaraya national institute of technology nagpur': 4}"
692552,{'national renewable energy lab': 2}
692417,{'university of sheffield': 2}
688365,{'king abdullah university of science and technology': 6}
687900,{'ewha womans university': 4}
687796,{'zhejiang university': 4}
692591,"{'idaho national laboratory': 2, 'idaho national lab': 10}"
685768,{'massachusetts institute of technology': 6}
695390,{'air force research laboratory': 2}
688191,{'wayne state university': 6}
693806,"{'university of cincinnati': 4, 'univeristy of cincinnati': 2}"
692110,"{'university of texas at san antonio': 6, 'univeristy of texas at san antonio': 2}"
693295,"{'arizona state university': 4, 'university of georgia': 4, 'uga': 2}"
693644,"{'university of georgia': 2, 'arizona state university': 4}"
689312,"{'dow chemical company': 16, 'dow': 14, 'the dow chemical company': 6}"
691215,{'merck and co   inc': 6}
694065,{'massachusetts institute of technology': 4}
687786,{'rutgers  the state university of new jersey': 2}
681931,"{'technical university of munich': 8, 'linde gmbh  linde engineering': 2}"
691212,"{'sandia national laboratories': 8, 'university of illinois at urbana-champaign': 2}"
701277,{'carnegie mellon university': 2}
686399,"{'imperial college london': 4, 'glaxosmithkline': 6}"
693780,{'wayne state university': 6}
700457,{'not found': 2}
692322,{'federal university of campina grande': 8}
694596,{'nc state university': 2}
690032,{'university of massachusetts lowell': 6}
691483,"{'air force research laboratory': 4, 'university of delaware': 2, 'department of chemical engineering  university of california-santa barbara': 2}"
684953,{'stanford university': 12}
692285,{'university of akron': 2}
692919,"{'north carolina aandt state university': 10, 'university of north carolina at greensboro': 2}"
693033,{'virginia polytechnic institute and state university': 8}
690694,{'texas aandm university': 4}
693860,{'arizona state university': 2}
699919,{'not found': 2}
683372,{'texas tech university': 2}
693230,{'texas aandm university': 2}
697308,"{'university of connecticut': 10, 'anton paar': 2}"
695271,{'university of south carolina': 6}
688095,{'north carolina state university': 2}
684295,"{'university of massachusetts lowell': 4, 'school of chemical and biomolecular engineering': 2, 'georgia institute of technology': 2, 'university of massachussetts lowell': 2}"
695273,"{'virginia tech': 2, 'us army engineer research and development center  environmental laboratory  vicksburg  ms 39180  united states': 2}"
688317,{'arizona state university': 2}
692749,{'university of tennessee  knoxville': 6}
691600,{'university of illinois at urbana-champaign': 2}
691550,{'university of virginia': 6}
695091,{'pennsylvania state university': 2}
692037,"{'univeristy of texas at san antonio': 4, 'university of texas at san antonio': 2}"
693621,"{'north carolina agricultural and technical state university': 2, 'institute for regenerative medicine  wake forest school of medicine': 2, 'north carolina aandt state university': 4, 'wake forest school of medicine': 2}"
688990,{'university of utah': 4}
686478,{'massachusetts institute of technology': 6}
692557,{'national renewable energy laboratory': 6}
690430,"{'imperial college london': 8, 'national institute of chemistry': 2}"
693274,{'virginia commonwealth university': 12}
693904,{'university of edinburgh': 2}
690075,{'university college dublin': 4}
690884,{'imperial college london': 8}
696052,{'brewer science  inc': 2}
693225,{'wayne state university': 8}
701167,"{'university of alabama': 4, 'purdue university': 2}"
688696,{'kansas state university': 4}
690206,{'brewer science  inc': 10}
692328,{'federal university of campina grande': 10}
696206,{'dow': 2}
687912,"{'federal university of campina grande': 6, 'west virginia university': 2, 'federal university of bahia': 2}"
688338,{'kansas state university': 4}
691027,"{'west virginia university': 6, 'texas aandm university': 10}"
691801,"{'texas aandm university': 6, 'imperial college london': 2}"
690380,{'west virginia university': 8}
688724,"{'delft university of technology': 6, 'technical university of munich': 2}"
690752,"{'wayne state university': 4, 'lam research corporation': 2}"
684248,"{'friedrich-alexander-universität erlangen-nürnberg': 4, 'tu darmstadt': 6}"
688326,{'myongji university': 4}
689575,"{'imperial college london': 8, 'edf randd': 2}"
689404,{'kansas state university': 4}
692399,{'auburn university': 4}
695244,{'kansas state university': 2}
695247,"{'wayne state university': 2, 'university of california  davis': 4}"
691601,{'purdue university': 2}
692651,{'wayne state university': 4}
691895,{'university of california  davis': 6}
692734,{'wayne state university': 8}
696285,"{'argonne national laboratory': 2, 'u s  doe agile biofoundry': 2}"
696287,{'louisiana state university': 2}
690839,{'university of illinois chicago': 4}
693519,{'wayne state university': 4}
692572,{'west virginia university': 4}
688554,{'university of waterloo': 4}
684157,{'california institute of technology': 4}
684290,{'maynooth university': 8}
685508,"{'bit mesra  ranchi - 835215': 2, 'iit guwahati': 2}"
687777,"{'university of notre dame': 18, 'aopia biosciences  inc': 2}"
687797,{'florida institute of technology': 8}
684129,{'michigan technological university': 4}
697369,{'not found': 2}
687976,{'massachusetts institute of technology': 6}
688803,{'eth zurich': 2}
700478,{'not found': 2}
689457,"{'indian institute of technology bombay  powai': 14, 'indian institute of technology bombay': 2}"
690605,{'florida institute of technology': 8}
691454,{'harvard university': 6}
691985,"{'university of nebraska - lincoln': 6, 'university of nebraska': 2}"
687981,{'university of new hampshire': 4}
688250,{'the university of kansas': 4}
690537,{'massachusetts institute of technology': 4}
690550,{'florida institute of technology': 8}
691590,"{'university of connecticut': 8, 'goeppert llc': 2}"
689357,{'michigan technological university': 4}
697312,{'university of south florida': 4}
691826,{'university of vermont': 8}
693038,"{'colorado school of mines': 2, 'colorado school of mines - cbe': 2}"
693610,{'university of louisville': 6}
689393,{'the university of tokyo': 6}
687832,{'indian institute of technology kanpur': 6}
688612,{'university of new hampshire': 4}
687339,{'university of arizona': 2}
686701,{'brigham young university': 8}
695405,{'texas tech university': 2}
695406,{'boston university': 2}
695407,{'the university of texas at austin': 2}
697313,{'university of north carolina': 2}
686541,{'michigan technological university': 6}
693394,{'rice university': 6}
682292,"{'national energy technology laboratory netl support contractor': 4, 'national energy technology laboratory': 2}"
690656,"{'cleveland state university': 4, 'the university of akron': 4, 'kent state university': 4, 'suny esf': 2, 'mic monitor  llc': 2}"
693021,{'university of massachusetts lowell': 14}
691316,"{'reaction engineering international': 8, 'university of utah': 6}"
681391,{'massachusetts institute of technology': 2}
681392,{'university of california  berkeley': 2}
691889,{'stanford university': 2}
681405,{'rice university': 2}
697630,{'massachusetts institute of technology': 2}
681390,{'california institute of technology': 2}
684443,{'dow chemical company': 2}
681293,{'the ohio state university': 2}
695621,{'singapore university of technology and design': 2}
681411,{'national university of singapore': 2}
681413,{'stanford university': 2}
681412,{'institute of sustainability for chemicals  energy and environment': 2}
694134,{'the university of tulsa': 2}
690917,{'stanford university': 22}
681407,{'new york university  tandon school of engineering': 2}
681408,{'university of utah': 2}
681394,{'rice university': 2}
681415,{'national university of singapore': 2}
682421,{'air products': 2}
690286,{'university of wyoming': 10}
690621,{'university of wyoming': 4}
681294,{'university of houston': 2}
681409,{'massachusetts institute of technology': 2}
681398,{'university of illinois chicago': 2}
681397,{'rice university': 2}
688585,{'university of houston': 2}
683831,"{'national cheng kung university': 4, 'the university of tokyo': 2}"
683417,{'mission possible partnership': 2}
687501,{'suny   buffalo': 2}
690128,{'michigan technological university': 24}
692459,{'university of sheffield': 8}
692289,"{'university of kentucky': 2, 'louisiana tech university': 4, 'university of alabama at birmingham': 2}"
700381,{'university of massachusetts lowell': 8}
684079,{'sungkyunkwan university': 28}
684752,"{'the university of alabama': 8, 'university of oklahoma': 4}"
685611,"{'pennsylvania state university': 4, 'korea advanced institute of science and technology': 12}"
685718,"{'widener university': 4, 'eco carbon': 4}"
685938,{'ewha womans university': 8}
687727,{'pacific northwest national laboratory': 12}
687951,{'university of toledo': 4}
691285,{'university of alabama': 4}
691930,"{'the pennsylvania state university': 4, 'penn state': 4}"
683635,"{'national energy technology laboratory': 12, 'netl support contractor': 12}"
683936,{'purdue university': 4}
685319,"{'university of illinois at urbana-champaign': 16, 'university of illinois at urbana-champain': 4, 'university of illinois urbana-champaign': 8}"
685513,{'sungkyunkwan university': 28}
686171,{'northwestern university': 16}
687330,{'north carolina state university': 8}
687408,{'university of california san diego': 4}
687676,{'the university of alabama': 8}
687910,{'northwestern university': 4}
688763,{'iowa state university': 8}
688777,{'california institute of technology': 8}
689218,"{'tsinghua university': 4, 'tsinghua university  p r china': 4}"
689335,{'waseda university': 16}
689339,"{'tsinghua university': 4, 'tsinghua university  p r china': 4}"
690117,"{'netl support contractor': 16, 'national energy technology laboratory': 8}"
690902,"{'university of pittsburgh': 20, 'lubrizol advanced materials': 8, 'lubrizol advanced materials europe bvba': 2, 'the lubrizol corporation': 4, '': 2}"
691023,{'texas tech university': 12}
691865,"{'mainstream engineering corporation': 8, 'feed energy': 4}"
692173,"{'the university of kansas': 4, 'university of kansas': 4}"
692562,"{'north carolina agricultural and technical state university': 4, 'north carolina aandt state university': 12}"
692670,"{'university of wisconsin-madison': 8, 'not found': 2}"
692671,{'university of oklahoma': 24}
693423,{'university of oklahoma': 20}
693479,"{'asu': 4, 'arizona state university': 8}"
693726,{'university of toledo': 12}
693817,"{'university of missouri': 8, 'iowa state university': 12}"
685335,"{'university of illinois at urbana-champain': 2, 'u s  doe ames laboratory': 2, 'university of illinois at urbana-champaign': 2}"
686319,"{'kist': 2, 'korea institute of science and technology': 6}"
687112,"{'university of massachusetts lowell': 6, 'braskem sa': 4, 'universidade federal do rio grande do sul': 2}"
688029,"{'university of delaware': 16, 'center for plastics innovation  university of delaware': 4}"
689139,{'the ohio state university': 16}
691579,{'pennsylvania state university': 6}
692740,{'university of california  santa barbara': 8}
685265,{'national institute of standards and technology': 14}
691908,{'university at buffalo  the state university of new york': 4}
692433,"{'university of sheffield': 14, 'the university of sheffield': 2}"
692890,{'georgia institute of technology': 6}
693060,{'university of wisconsin-madison': 8}
693296,{'massachusetts institute of technology': 2}
693812,{'xi an jiaotong university': 8}
681656,{'korea research institute of chemical technology': 12}
684755,{'alterra': 2}
686170,{'west virginia university': 8}
687713,{'university of wisconsin-madison': 6}
687812,{'virginia tech': 4}
688077,{'the university of alabama': 4}
700344,{'not found': 2}
693652,"{'prairie view a and m university': 2, 'prairie view aandm university': 4}"
700806,{'not found': 2}
693259,"{'university of chicago': 6, 'argonne national laboratory': 8}"
692368,"{'lawrence berkeley national laboratory': 4, 'university of california  berkeley': 4, 'shell international exploration and production  inc': 2}"
688285,"{'illinois institute of technology': 10, 'illinois tech': 2}"
695262,{'not found': 2}
687180,"{'massachusetts institute of technology': 6, 'stanford university': 2}"
692503,"{'netl support contractor': 2, 'national energy technology laboratory': 6}"
692375,{'slb': 10}
687843,{'national university of singapore': 4}
686868,"{'university of california  los angeles': 2, 'university of california, los angeles': 2}"
700908,{'not found': 2}
693379,{'university of chicago': 4}
692646,{'massachusetts institute of technology': 4}
686957,"{'ucr': 2, 'university of california  riverside': 2}"
689325,{'lawrence berkeley national laboratory': 2}
689876,{'carnegie mellon university': 8}
686408,{'plug power inc': 10}
688793,{'national fuel cell research center': 2}
693391,{'national renewable energy laboratory': 6}
686720,"{'university of south carolina': 8, 'georgia tech university': 2, 'university of connecticut': 4, 'georgia institute of technology': 2}"
685877,{'los alamos national laboratory': 2}
690263,{'the hong kong university of science and technology': 2}
683600,{'los alamos national laboratory': 8}
686202,"{'university of missouri': 6, 'general motors corporation': 6}"
693900,{'stanford university': 4}
689934,{'washington university in st  louis': 2}
694147,"{'university of california, san diego': 2}"
684400,{'university of virginia': 6}
691014,"{'university of california - riverside': 2, 'university of california  riverside': 2}"
695866,"{'princeton university': 2, 'eth zürich': 2, 'university of colorado boulder': 2, 'slac national accelerator laboratory': 2}"
692357,"{'purdue university': 4, 'bcsir-central scientific instruments organisation  sector 30-c  160030  india': 2, 'bcsir-central scientific instruments organisation': 2}"
701321,{'not found': 2}
687286,{'university of alabama': 2}
687090,{'massachusetts institute of technology': 4}
686542,{'columbia university': 2}
695869,{'eindhoven university of technology': 8}
686496,{'central south university': 2}
697317,{'not found': 2}
693489,"{'stanford university': 4, 'oak ridge national laboratory': 2, 'slac national accelerator laboratory': 2}"
688353,"{'tsinghua university': 10, 'beijing institute of technology': 4}"
689621,{'politecnico di torino': 10}
690838,{'university of chicago': 2}
695865,{'university of waterloo': 2}
691299,"{'university of california  san diego': 2, 'university of california, san diego': 2}"
690620,"{'university of california  los angeles': 4, 'university of california, los angeles': 2}"
686204,"{'university of new mexico': 6, 'the university of new mexico': 2}"
688247,{'wayne state university': 6}
685442,{'university of california  davis': 2}
701538,{'not found': 2}
691353,"{'indian institute of technology hyderabad': 2, 'advanced energy materials': 2}"
693258,{'texas aandm university': 2}
692874,"{'lawrence berkeley national lab': 4, 'north carolina state university': 2, 'university of california berkeley': 2}"
685546,{'sapienza university of rome': 8}
685966,"{'universite de pau et des pays de l adour  e2s uppa  latep': 8, 'carnegie mellon university': 2, 'universite de pau et des pays de l adour  latep': 2}"
690278,"{'george w  woodruff school of mechanical engineering  georgia institute of technology': 4, 'georgia institute of technology': 4}"
693386,{'texas aandm university': 4}
688798,{'texas aandm university': 8}
687368,"{'university of utah': 4, 'oak ridge national lab': 2, 'the university of utah': 2}"
686139,{'national renewable energy laboratory': 2}
691327,{'national renewable energy laboratory': 2}
691301,{'gti energy': 8}
692628,{'lamar university': 4}
688499,"{'imperial college london': 2, 'abb': 2}"
693520,"{'georgia institute of technology': 2, 'massachusetts institute of technology': 14}"
686907,{'korea institute of energy research': 12}
690449,{'pusan national university': 8}
683425,{'korea institute of energy research': 20}
684549,{'university of nottingham': 16}
685520,{'tsinghua university': 4}
687216,"{'alma mater studiorum - university of bologna': 12, 'sintef industry': 12}"
687146,"{'ucl': 4, 'university college london': 4}"
699491,{'kwangwoon university': 4}
688260,{'new mexico state university': 4}
690687,"{'university of texas  austin': 2, 'stanford university': 4}"
692747,{'stanford university': 2}
691263,"{'university of california, san diego': 4}"
686452,"{'university of california, los angeles': 2}"
693836,"{'university of california, san diego': 2}"
700969,{'not found': 2}
686778,{'university of california  riverside': 6}
686646,{'washington university in st  louis': 2}
688204,"{'brookhaven national lab': 2, 'washington state university': 4, 'tianjin university': 2}"
695867,{'king abdullah university of science and technology': 2}
693408,"{'lawrence berkeley national laboratory': 4, 'university of california  berkeley': 4}"
686955,{'zhejiang university': 2}
686668,{'university of alberta': 2}
693797,{'university of chicago': 4}
687924,{'tsinghua university  p r china': 8}
693116,{'northwestern university': 2}
688441,{'indian institute of technology kharagpur': 6}
688589,{'missouri university of science and technology': 2}
688263,"{'university of california  berkeley': 4, 'lawrence berkeley national laboratory': 4}"
687753,"{'university of tennessee': 4, 'qatar university': 2}"
700411,{'university of pennsylvania': 2}
700558,{'princeton university': 8}
700500,"{'columbia university': 2, 'plug power': 2}"
700360,{'iowa state university': 6}
699860,{'louisiana state university': 2}
700000,"{'university of rochester': 14, 'university of calgary': 2}"
700051,"{'howard university': 2, 'university of colorado-boulder': 2, 'university of colorado boulder': 2, 'slac national accelerator laboratory': 2, 'university of california technical institute': 2, 'stanford university': 2}"
699559,"{'florida state university': 2, 'california institute of technology': 8}"
698567,{'university of michigan': 2}
698873,"{'university of pittsburgh': 2, 'university of colorado boulder': 2, 'n a': 2}"
700379,{'stony brook university': 6}
700571,{'princeton university': 2}
700260,{'west virginia university': 8}
700362,{'university of kansas': 2}
700020,"{'stony brook university': 12, 'inha university': 4, 'brookhaven national laboratory': 2, 'hanyang university': 4, 'ulsan national institute of science and technology': 4}"
700425,"{'stony brook university': 12, 'hanyang university': 4}"
700429,"{'polytechnic university of puerto rico': 2, 'savannah river national lab': 2}"
700285,{'northwestern university': 4}
700138,{'university of rochester': 2}
699576,{'university of arizona': 2}
698581,"{'university of iowa': 2, 'university of michigan': 2, 'department of chemical engineering  university of michigan': 2}"
700577,{'iowa state university': 2}
700497,"{'washington university in st  louis': 2, 'university of california  irvine': 8}"
700424,{'university of massachusetts amherst': 2}
700172,"{'university of new mexico': 8, 'sandia national laboratories': 6}"
700315,{'north carolina state university': 6}
700183,"{'university of puerto rico': 2, 'university of wisconsin-madison': 4}"
699575,"{'ohio state university': 2, 'the ohio state university': 2}"
699716,{'lafayette college': 2}
699449,"{'new jersey institute of technology': 2, 'the university of kansas': 2, 'university of kansas': 2}"
699226,{'georgia institute of technology': 6}
698840,"{'united states military academy': 20, 'colorado school of mines': 4, 'u s  army combat capabilities development command': 2}"
700531,{'iowa state university': 6}
700406,{'united states military academy': 14}
698963,{'famu-fsu college of engineering': 8}
699912,"{'university of rochester': 4, 'salem state university': 2}"
699574,{'northeastern university': 2}
699822,{'university of michigan': 12}
699193,"{'universidad san francisco de quito': 2, 'applied circular engineering and simulation group   universidad san francisco de quito usfq': 4, 'espe': 4, 'universidad san francisco de quito usfq': 2}"
698670,{'brown university': 2}
698826,{'rose-hulman institute of technology': 4}
697925,{'universidad nacional de colombia': 6}
700220,{'university of massachusetts amherst': 2}
700010,{'stevens institute of technology': 6}
698592,{'tulane university': 6}
699774,{'texas aandm university': 2}
700540,{'njit': 2}
699824,{'lehigh university': 2}
699078,"{'drury university': 2, 'university of colorado boulder': 4}"
698511,"{'university of chicago': 2, 'university of wisconsin-madison': 6}"
698101,{'university of new hampshire': 4}
698536,{'university of colorado boulder': 6}
700521,"{'uw-madison': 2, 'west virginia university': 2, 'university of wisconsin-madison': 2}"
700533,{'university of maryland  baltimore county': 4}
699983,{'university of rochester': 4}
699312,{'bucknell university': 4}
698780,"{'california baptist university': 2, 'university of wisconsin-madison': 10}"
699988,{'rowan university': 14}
699856,"{'johns hopkins university': 6, 'johns hopkins applied physics laboratory': 2}"
699305,"{'bucknell university': 2, 'massachusetts institute of technology': 4}"
699097,{'texas aandm university': 12}
699204,{'northwestern university': 2}
700572,{'auburn university': 6}
700442,{'auburn university': 6}
700228,{'the cooper union for the advancement of science and art': 6}
699254,"{'njit': 4, 'new jersey institute of technology': 4}"
698597,{'universidad de los andes': 8}
698894,{'georgia institute of technology': 2}
698322,{'novo nordisk': 2}
699037,"{'suny esf': 2, 'suny college of environmental science and forestry': 2}"
699194,"{'stevens institute of technology': 6, 'sandia national laboratories': 2}"
700237,{'carnegie mellon university': 6}
700579,{'universidad nacional de ingeniería': 10}
700477,{'georgia institute of technology': 8}
699720,{'university of connecticut': 4}
699850,{'west virginia university': 6}
698838,{'west virginia university': 10}
700201,"{'university of rochester': 8, 'university of rochester medical center': 2}"
699999,{'university of virginia': 8}
700551,{'university of florida': 6}
698659,"{'oregon state university': 4, 'university of california - irvine': 2}"
700378,{'columbia university': 2}
700347,{'princeton university': 2}
699906,{'texas tech university': 8}
700028,"{'texas aandm university': 8, 'texas aandm energy institute  texas aandm university': 2}"
699356,{'lehigh university': 4}
698901,{'hong kong university of science and technology': 6}
698903,{'west virginia university': 6}
700053,"{'university of colorado boulder': 4, 'university of colorado  boulder': 2}"
699992,{'iowa state university': 8}
700108,{'university of nevada reno': 2}
700194,{'university of rochester': 4}
700519,{'new mexico state university': 6}
700586,{'tecnológico de monterrey': 6}
700428,{'new mexico state university': 4}
700488,{'rowan university': 4}
699666,"{'university of houston': 6, 'the university of north carolina at charlotte': 2}"
700046,{'rowan university': 18}
699341,{'carnegie mellon university': 4}
700122,{'hope college': 4}
698827,"{'university of new hampshire': 8, '': 2, 'tufts university': 2}"
698972,"{'university of michigan': 2, 'michigan state university': 2}"
699296,{'university of iowa': 2}
700506,{'ohio university': 2}
700548,{'university of connecticut': 8}
700553,{'oregon state university': 10}
700556,{'new mexico state university': 6}
700565,{'university of arizona': 6}
700289,{'the cooper union for the advancement of science and art': 6}
699562,"{'the university of kansas': 4, 'university of kansas': 2}"
699924,{'phosphorus wastewater treatment project': 30}
700204,{'texas aandm university': 8}
700503,{'dr  vishwanath karad mit world peace university': 10}
700570,{'north carolina state university': 2}
700256,{'university of rochester': 6}
700273,{'university of kentucky': 6}
700278,{'the university of tulsa': 2}
700280,{'columbia university': 2}
700306,{'university of pennsylvania': 4}
699383,"{'applied circular engineering and simulation group   universidad san francisco de quito usfq': 6, 'universidad san francisco de quito usfq': 8}"
699182,{'georgia institute of technology': 6}
699081,{'university of maine': 10}
698822,{'miami university': 4}
699602,{'noaa pmel': 2}
699672,{'lafayette college': 8}
699757,{'lafayette college': 8}
699841,{'n a': 2}
699975,{'rice university': 4}
700123,"{'hope college': 2, 'university of south carolina': 6}"
700189,"{'columbia university': 6, 'university of california san diego': 4}"
699468,{'argonne national laboratory': 8}
699274,{'georgia institute of technology': 8}
699301,{'bucknell university': 4}
700349,{'university of delaware': 6}
700464,"{'the ohio state university': 4, 'ohio state univeristy': 2}"
700545,{'arizona state university': 8}
700575,"{'university of virginia': 10, 'carnegie mellon university': 2}"
699112,{'new jersey institute of technology': 8}
699797,{'columbia university': 6}
699065,{'georgia institute of technology': 2}
700279,"{'university of massachusetts  amherst': 2, 'university of massachusetts amherst': 6}"
699486,{'new jersey institute of technology': 8}
700034,"{'university of texas at austin': 2, 'the university of texas at austin': 4}"
699684,{'georgia institute of technology': 8}
700380,{'new mexico state university': 4}
700527,"{'dr vishwanath karad mit world peace university': 6, 'dr  vishwanath karad mit world peace university': 4}"
699337,{'bucknell university': 4}
699810,{'university of alabama': 6}
699915,"{'university of new hampshire': 8, 'university of new england': 6}"
700064,"{'university of connecticut': 2, 'uconn health': 6}"
700023,"{'the cooper union': 4, 'uniformed services university of the health sciences': 8, 'northwestern university': 6, 'memorial sloan kettering cancer center': 4}"
700111,"{'university of rochester': 4, 'university of rochester medical center': 2}"
700175,"{'university of california, berkeley': 2, 'university of california  berkeley': 4, 'lawrence berkeley national laboratory': 2}"
700115,"{'purdue university': 6, 'indiana university school of medicine': 2}"
700539,{'tufts university': 8}
700009,{'princeton university': 10}
699322,{'university of connecticut': 4}
698712,"{'the university of alabama': 2, 'texas aandm university': 2, 'university of kentucky': 2}"
699807,"{'university of maryland baltimore county': 2, 'massachusetts institute of technology': 4}"
699835,"{'university of colorado boulder': 2, 'university of colorado school of medicine': 8}"
698854,{'miami university': 8}
700004,{'north carolina state university': 2}
700005,{'university of kansas': 8}
699077,"{'texas tech university': 4, 'texas tech university health sciences center': 2}"
700401,{'university of missouri - columbia': 8}
700265,"{'university of rhode island': 6, 'massachusetts institute of technology': 2}"
700246,{'tufts university': 2}
700227,"{'howard university': 2, 'california institute of technology': 4}"
699809,"{'nyu tandon school of engineering': 10, 'nyu college of dentistry': 2}"
700221,{'university of pittsburgh': 6}
699343,"{'university at buffalo  the state university of new york': 12, 'the ohio state university': 2}"
698612,"{'georgia institute of technology': 4, 'emory university': 6}"
698575,"{'barnard college': 2, 'columbia university': 4}"
700137,"{'the cooper union': 6, 'east carolina university': 2, 'icahn school of medicine at mount sinai': 4}"
699995,{'university of florida': 14}
700218,"{'university of pittsburgh': 6, 'university of pittsburgh school of medicine': 2}"
699297,{'bucknell university': 2}
699079,{'bucknell university': 4}
698864,{'miami university': 6}
699160,{'university of kentucky': 2}
698869,{'miami university': 6}
699186,{'bucknell university': 4}
698899,"{'university of california  berkeley': 4, 'university of california berkeley': 2}"
697984,"{'louisiana state university': 2, 'university of mississippi': 8, 'university of maryland  baltimore county': 2}"
700583,"{'nc state': 4, 'north carolina state university': 4}"
698776,{'georgia institute of technology': 2}
700015,{'princeton university': 2}
698863,{'massachusetts institute of technology': 6}
700432,{'arizona state university': 8}
700433,{'the cooper union for the advancement of science and art': 4}
700369,{'the ohio state university': 10}
699357,{'vanderbilt university': 6}
700021,{'worcester polytechnic institute': 6}
700185,{'the university of texas at san antonio': 4}
700470,"{'the university of rhode island': 2, 'university of kentucky': 10}"
700547,{'carnegie mellon university': 2}
700467,"{'university of kentucky': 10, 'university of iowa': 2}"
700482,{'virginia commonwealth university': 4}
700375,"{'south dakota school of mines and technology': 10, 'seven lakes high school': 2, 'rapid city christian school': 2}"
700493,{'university of connecticut': 4}
700235,{'university of kansas': 2}
697933,{'university of kansas': 2}
698246,"{'johns hopkins university': 4, 'johns hopkins university school of medicine': 2}"
699989,{'bucknell university': 4}
700494,{'university of virginia': 6}
700168,"{'university of southern california': 4, 'ellison institute of technology': 8}"
700275,{'university of massachusetts amherst': 10}
700363,{'columbia university': 6}
699605,{'vanderbilt university': 8}
699711,"{'university of colorado': 2, 'university of colorado boulder': 4, 'university of colorado anschutz medical campus': 2}"
700114,"{'iowa state university': 6, 'iowa state universiy': 2}"
698974,{'johns hopkins university': 10}
698643,"{'university of texas at san antonio': 2, 'worcester polytechnic institute': 4}"
698054,{'university of notre dame': 16}
700317,{'university of florida': 14}
700377,"{'university of maryland  baltimore county': 20, 'iowa state university': 2}"
700268,"{'university of maryland  baltimore county': 6, 'university of maryland-baltimore county': 2}"
699488,{'georgia institute of technology': 6}
700234,{'texas tech university': 2}
699769,"{'texas aandm': 2, 'houston methodist': 4}"
699374,"{'nc state university': 2, 'north carolina state university': 4}"
698856,{'miami university': 6}
698243,{'johns hopkins university': 2}
700003,"{'mississippi state university': 2, 'the university of alabama': 2, 'university of alabama': 2}"
700288,{'oregon state university': 6}
699313,"{'ccny grove school of engineering': 2, 'kth royal institute of technology': 4}"
700152,"{'rollins college': 2, 'university of florida': 4}"
698669,"{'oregon state university': 2, 'oregon health and science university': 8}"
700301,"{'the university of tulsa': 2, 'the university of texas aandm': 8}"
699538,{'trine university': 2}
699767,{'lehigh university': 4}
699582,{'university of kansas': 8}
699082,{'new jersey institute of technology': 8}
698837,"{'georgia institute of technology': 10, 'uc irvine': 4}"
700095,{'northeastern university': 10}
700171,{'university of kentucky': 6}
698831,"{'miami university': 8, 'wake health': 4}"
700045,"{'university of notre dame': 2, 'massachusetts institute of technology': 4}"
698794,"{'howard university': 2, 'georgia institute of technology': 4}"
698821,"{'miami university': 10, 'wake health': 4}"
697944,{'university of rhode island': 6}
698607,{'not found': 2}
698460,"{'university of california san diego': 10, 'case western reserve university': 2}"
699987,"{'university of missouri-columbia': 4, 'university of missouri - columbia': 2}"
699828,{'northeastern university': 8}
700566,{'dr  vishwanath karad mit world peace university': 10}
698811,{'clemson university': 8}
700103,{'university of pittsburgh': 2}
700271,{'vanderbilt university': 6}
700287,{'north carolina state university': 8}
699127,{'university of virginia': 6}
700323,{'texas tech university': 8}
699557,"{'harris lab at purdue university': 2, 'purdue university': 4}"
699471,"{'new jersey institute of technology': 10, 'university of delaware': 2, 'johns hopkins university': 2, 'new york university': 2}"
699152,"{'university of colorado-boulder': 2, 'univeristy of colorado boulder': 2, 'university of colorado boulder': 2}"
700384,{'texas aandm university': 6}
700403,{'university of kansas': 10}
700193,{'vanderbilt university': 12}
700407,{'columbia university': 4}
699447,{'university of virginia': 6}
700417,{'university of kansas': 8}
700426,"{'polytechnic university of puerto rico': 2, 'university of notre dame': 2}"
700459,"{'johns hopkins university': 8, 'national institute of standards and technology': 2, 'university of maryland  baltimore county': 2}"
700311,{'princeton university': 6}
700341,"{'university massachusetts  amherst': 2, 'university of massachusetts  amherst': 2}"
698833,{'clemson university': 8}
700471,{'virginia commonwealth university': 8}
699638,"{'university of delaware': 6, 'nemours alfred i  dupont hospital for children': 2}"
700224,{'stony brook university': 6}
698779,{'west virginia university': 2}
698143,{'university of delaware': 6}
700420,{'polytechnic university of puerto rico': 2}
699579,{'georgia institute of technology': 6}
700232,{'arizona state university': 8}
699600,{'university of delaware': 10}
698809,"{'university of california  santa barbara': 2, 'massachusetts institute of technology': 2, 'howard hughes medical institute': 2}"
700055,{'university of california  los angeles': 6}
700333,{'university of delaware': 6}
698871,"{'howard university': 2, 'university of wisconsin madison': 4}"
699627,"{'center for synthetic biology': 2, 'northwestern university': 6, 'lawrence berkeley national laboratory': 2, 'joint bioenergy institute': 4, 'basque center for applied mathematics': 2}"
699837,"{'johns hopkins university': 6, 'johns hopkins bloomberg school of public health': 4}"
700458,"{'university of nebraska lincoln': 4, 'university of nebraska-lincoln': 6}"
699250,{'oregon state university': 4}
699843,{'texas aandm': 2}
698924,{'lehigh university': 2}
700106,{'iowa state university': 6}
700465,{'oregon state university': 2}
700585,{'oregon state university': 2}
698868,{'georgia institute of technology': 6}
700451,{'rajiv gandhi institute of petroleum technology': 2}
700305,"{'howard university': 2, 'university of colorado-boulder': 2, 'university of colorado boulder': 2}"
700097,{'university of kentucky': 2}
700109,"{'university of california  los angeles': 2, 'national fuel cell research center': 2, 'university of california  irvine': 6}"
698926,"{'columbia university': 2, 'university of south carolina': 8}"
699981,{'rowan university': 18}
700391,{'united states military academy': 24}
700272,"{'city college of new york': 2, 'the city college of new york': 4, 'the city college of new york cuny': 2}"
699980,{'virginia commonwealth university': 18}
700196,"{'university of california, san diego': 6, 'university of chicago': 2}"
699484,{'georgia institute of technology': 6}
699496,{'the city college of new york': 6}
698631,{'university of california  los angeles': 2}
699175,{'texas aandm university': 10}
699197,"{'georgia institute of technology': 4, 'georgia instiute of technology': 2}"
700236,{'columbia university': 8}
699802,"{'universidad nacional mayor de san marcos': 2, 'universidad nacional de ingenieria': 2, 'universidad de ingeniería y tecnología': 2}"
699857,"{'rice': 4, 'university of houston': 2, 'rice university': 4}"
699976,{'lafayette college': 2}
700158,"{'university of rochester': 2, 'university of pittsburgh': 4}"
699542,{'trine univerisity': 2}
699214,{'georgia institute of technology': 6}
700398,{'united states military academy': 24}
700541,{'university of california riverside': 6}
700419,"{'brown university': 18, 'lawrence livermore national laboratory': 2}"
700263,{'mississippi state university': 2}
699791,"{'columbia university': 2, 'university of michigan': 2, 'lelantos inc': 6}"
699836,"{'cooper union for the advancement of science and art': 2, 'university of michigan': 2}"
699913,{'nyu tandon school of engineering': 14}
699404,"{'university of rhode island': 6, 'case western reserve university': 4, 'cleveland state university': 4}"
699126,"{'university of virginia': 2, 'university of colorado boulder': 8, 'university of washington': 6}"
698757,{'the university of texas at austin': 10}
697930,{'virginia commonwealth university': 8}
699801,{'university of colorado boulder': 10}
700555,"{'university of colorado boulder': 4, 'university of colorado': 2}"
699819,{'princeton university': 2}
700564,{'university of massachusetts amherst': 6}
699990,{'texas tech university': 2}
700576,{'polytechnic university of puerto rico': 4}
700578,{'university of nebraska-lincoln': 12}
700364,{'university of massachusetts amherst': 4}
700371,{'lafayette college': 4}
700395,{'princeton university': 6}
700397,"{'university of rochester': 2, 'laboratory for laser energetics': 6}"
700365,{'lafayette college': 8}
700312,{'university of nebraska-lincoln': 6}
700231,{'university of massachusetts amherst': 6}
699701,{'lafayette college': 10}
699771,"{'university of arizona': 2, 'university of south carolina': 4}"
699798,{'university of colorado boulder': 2}
699799,{'north carolina state university': 8}
699993,{'texas tech university': 6}
700025,{'lafayette college': 4}
700060,{'university of delaware': 8}
699495,{'the university of alabama': 12}
699225,{'massachusetts institute of technology': 6}
699302,{'bucknell university': 4}
699364,{'university of alabama': 10}
699387,"{'famu-fsu college of engineering': 10, 'florida state university': 4}"
699070,"{'university of arizona': 2, 'university of south carolina': 4}"
699138,{'university of pennsylvania': 4}
698520,{'university of pennsylvania': 6}
698676,{'trinity university': 8}
700136,"{'mississippi state university': 6, 'pct ebeam and integration  llc': 2}"
698760,{'georgia institute of technology': 6}
697976,{'university of california san diego': 18}
698159,"{'the university of alabama': 2, 'polymat and department of applied chemistry  university of the basque country upv ehu': 6}"
698853,{'lehigh university': 2}
699859,{'university of kentucky': 8}
699365,{'university of colorado boulder': 6}
698170,{'rice university': 6}
699209,"{'lehigh university': 4, 'university of rhode island': 2}"
699306,{'bucknell university': 2}
700510,"{'university of mississippi': 10, 'clemson university': 2}"
700526,{'new mexico tech': 2}
700505,"{'chemical and biomolecular engineering  university of delaware': 2, 'university of delaware': 4}"
700469,"{'university of nebraska lincoln': 2, 'university of nebraska-lincoln': 4}"
700489,{'new mexico state university': 4}
699621,{'university of colorado boulder': 2}
699637,"{'procter and gamble company': 4, 'procter and gamble': 4}"
699659,{'nc state university': 8}
700052,"{'princeton university': 6, 'princeton': 2}"
700146,{'university of rochester': 12}
700563,{'the johns hopkins university': 6}
700361,"{'university of nebraska - lincoln': 2, 'university of nebraska-lincoln': 4}"
699770,{'louisiana state university': 6}
699338,{'virginia tech': 2}
699829,{'university of colorado boulder': 8}
699080,{'united states military academy': 8}
700007,{'texas tech university': 4}
700017,{'university of rochester': 4}
699372,{'massachusetts institute of technology': 8}
700200,{'hope college': 6}
700524,{'university of nebraska-lincoln': 10}
700297,{'university of pennsylvania': 6}
699855,"{'university of virginia': 2, 'university of michigan': 4}"
700048,{'university of rochester': 2}
700148,"{'rice university': 2, 'technion - israel institute of technology': 2, 'argonne national laboratory': 2}"
699281,"{'harvey mudd college': 4, 'california institute of technology': 6}"
700229,"{'the webb schools': 2, 'stanford university': 2}"
699307,{'bucknell university': 4}
699395,{'case western reserve university': 6}
699398,{'texas tech university': 8}
700274,{'lehigh university': 4}
699601,"{'university of kentucky': 8, 'university of dallas': 6, 'mississippi state university': 2, 'university of kentucky accelerator laboratory': 2}"
699832,{'university of virginia': 6}
699844,{'west virginia university': 10}
699911,{'rice university': 6}
700153,{'brown university': 6}
700188,{'the university of tulsa': 2}
700199,{'hope college': 6}
699402,{'university of new mexico': 2}
698742,"{'florida state university': 2, 'cleveland state university': 4}"
700460,"{'butler university': 2, 'university of kentucky': 4}"
699923,{'carnegie mellon university': 6}
699535,{'university of washington': 6}
700321,{'georgia institute of technology': 6}
699706,"{'iowa state university': 2, 'university of florida': 8}"
699887,{'university of connecticut': 8}
700226,"{'university of maryland  baltimore county': 2, '': 4}"
699350,{'carnegie mellon university': 4}
699090,"{'university of alabama': 2, 'polymat institute - university of the basque country upv ehu': 8}"
699031,{'lehigh university': 4}
698739,{'united states military academy': 10}
700413,"{'university of michigan': 8, 'university of colorado boulder': 6}"
698653,{'cleveland state university': 2}
699348,"{'university of california  los angeles': 2, 'nrel': 4}"
698645,{'georgia institute of technology': 6}
698859,"{'georgia institute of technology': 10, 'uc irvine': 4}"
698872,{'university of colorado boulder': 6}
698877,{'united states military academy': 6}
698007,"{'the university of alabama': 6, 'university of mississippi': 4}"
698879,{'university of california  san diego': 2}
698210,{'university of new hampshire': 6}
699075,{'florida state university': 2}
700233,"{'wittenberg university': 2, 'university of south alabama': 2, 'university of kentucky': 2}"
700453,{'columbia university': 4}
699671,{'lafayette college': 6}
699708,{'lafayette college': 6}
699718,{'lafayette college': 8}
699719,{'lafayette college': 8}
699895,{'the university of tulsa': 6}
700195,{'university of missouri': 6}
699272,{'bucknell university': 4}
699191,{'nc state university': 2}
698477,{'johns hopkins university': 8}
700538,{'university of kentucky': 8}
700473,{'case western reserve university': 2}
700322,{'university of kentucky': 8}
700151,{'university of arkansas': 8}
700342,{'new mexico state university': 8}
699121,{'west virginia university': 6}
699199,{'massachusetts institute of technology': 6}
698771,{'the university of texas at austin': 10}
699813,"{'university of colorado boulder': 10, 'cu boulder': 2}"
700404,{'university of kentucky': 2}
700414,"{'trine university': 2, 'university of notre dame': 4}"
700412,{'university of kentucky': 2}
699629,{'case western reserve university': 6}
700190,{'rowan university': 6}
698743,{'west virginia university': 10}
699441,"{'university of tennessee  knoxville': 2, 'argonne national laboratory': 2, 'northwestern university': 2}"
699273,{'west virginia university': 6}
699145,"{'columbia university': 2, 'oak ridge national laboratory': 6, 'tennessee technological university': 2}"
700402,"{'rowan university': 10, 'boehringer-ingelheim': 2}"
699531,"{'purdue university': 2, 'ourobio': 2}"
699826,{'university of colorado boulder': 6}
699262,"{'university of south florida': 2, 'university of south carolina': 8}"
700026,{'lafayette college': 8}
700037,"{'university of kansas': 6, 'department of chemical and petroleum engineering  university of kansas': 2}"
700056,{'tecnológico de monterrey': 2}
700330,{'king fahd university of petroleum and minerals': 6}
700530,"{'pontifical catholic university of rio grande do sul': 8, 'vale': 2}"
698911,{'the university of alabama': 8}
699674,"{'rowan university': 10, 'pfizer inc': 4}"
698354,{'the university of texas at austin': 16}
699681,{'texas tech university': 6}
699323,"{'university of alabama': 2, 'the university of alabama': 4}"
698874,{'university of florida': 6}
699803,{'university of colorado  boulder': 2}
689985,"{'national technical university of athens': 4, 'university of surrey': 4}"
688194,{'cornell university': 8}
687393,{'university of wisconsin-madison': 4}
690330,{'university of kansas': 2}
692858,{'washington state university': 12}
686346,{'indian institute of technology  delhi': 2}
687207,"{'iowa state university': 10, 'auburn university': 2}"
691628,{'worcester polytechnic institute': 6}
689606,{'technical university of denmark': 8}
691371,{'indian institute of technology madras': 6}
688812,{'rowan university': 18}
687945,{'west virginia university': 6}
686824,"{'tennessee technological university': 4, 'tennessee tech university': 2}"
687480,{'university of arkansas': 12}
683203,"{'california state polytechnic university  pomona': 4, 'city of santa monica': 8}"
684015,{'federal university of agriculture': 4}
687552,{'university of pittsburgh': 16}
687803,"{'texas tech university': 8, 'northwestern university': 4, 'argonne national laboratory': 12}"
690240,"{'rpi': 4, 'rensselaer polytechnic institute': 24}"
693283,"{'korea institute of energy and technology': 4, 'hanyang university': 4}"
693301,{'korea institute of energy technology': 8}
692796,"{'drexel university': 12, 'babol noshirvani university of technology': 4}"
691598,{'university at buffalo': 8}
691267,{'virginia tech': 24}
691184,{'aramco americas': 16}
690352,{'university of ottawa': 12}
690100,{'king abdullah university of science and technology': 4}
689776,{'korea advanced institute of science and technology': 8}
693676,{'university of north dakota': 4}
689598,"{'korea univ': 4, 'korea university': 4}"
686176,{'university of california san diego': 8}
687570,{'university of north dakota': 8}
687743,{'university of north dakota': 8}
691117,{'university of mississippi': 16}
687836,{'colorado school of mines': 16}
690659,"{'famu-fsu college of engineering': 4, 'florida agricultural and mechanical university': 4}"
690241,"{'the university of alabama': 16, 'university of alabama': 8}"
691888,{'the university of texas at austin': 20}
684407,{'university of virginia': 20}
690435,"{'university at buffalo': 8, 'university at buffalo  the state university of new york': 4}"
686292,{'national university of singapore': 16}
691222,{'massachusetts institute of technology': 24}
685361,{'university of waterloo': 8}
691341,"{'carnegie mellon university': 16, 'national energy technology laboratory': 12, 'netl': 4}"
692760,{'colorado school of mines': 16}
697458,"{'princeton university': 8, 'northwestern university': 12, 'lawrence berkeley national laboratory': 4, 'brookhaven laboratory': 4}"
698909,{'nanyang technological university': 4}
689385,"{'montana state university-bozeman': 4, 'montana state university': 4}"
683622,{'indian institute of technology kharagpur': 8}
683624,{'indian institute of technology  kharagpur': 8}
690207,{'university of arkansas': 12}
690536,{'hiden isochema': 12}
690806,{'university of alberta': 8}
691287,"{'texas tech university': 12, 'university of california los angeles': 4, 'carleton college': 4, 'northwestern university': 4, 'university at buffalo': 4}"
692177,{'university of alberta': 12}
692278,{'university of miami': 12}
685275,{'florida atlantic university': 16}
685301,{'florida atlantic university': 12}
689285,{'university of kansas': 12}
685135,{'korea institute of energy research': 52}
688067,"{'texas tech university': 8, 'argonne national laboratory': 12}"
683723,{'east china university of science and technology': 12}
692081,{'university of illinois urbana-champaign': 8}
691611,{'3m company': 24}
685646,"{'king khalid university': 12, 'department of chemical engineering  college of engineering  king khalid university  abha 61411  saudi arabia': 4}"
684363,{'east china university of science and technology': 12}
684949,{'university of missouri': 16}
694125,{'myongji university': 4}
689270,{'university of kansas': 12}
693336,"{'innovation center - abu dhabi  siemens energy llc': 8, 'innovation center - orlando  siemens energy inc': 20}"
692773,{'university of miami': 12}
687853,"{'khalifa university': 16, 'abu dhabi ports': 4, 'university of patras': 4}"
688559,"{'laboratório associado para a sustentabilidade e tecnologia em regiões de montanha   instituto politécnico de bragança  campus de santa apolónia  5300-253': 4, 'institut charles gerhardt montpellier  université de montpellier  cnrs  enscm 34293': 8, 'centro de investigação de montanha   instituto politécnico de bragança  campus de santa apolónia  5300-253': 12, 'lsre-lcm - faculty of engineering of university of porto': 4, 'institut des matériaux poreux de paris  espci paris  ecole normale supérieure  cnrs  psl university  75005': 4}"
692361,{'florida institute of technology': 8}
682320,"{'dow chemical': 4, 'the dow chemical company': 4}"
699249,{'university of ottawa': 8}
696157,"{'physical sciences inc': 22, 'university of massachusetts': 6, 'cascade designs inc': 2, '': 30}"
687578,{'university of pittsburgh': 16}
688572,{'west virginia university': 24}
690065,{'korea univ': 4}
690245,{'university of notre dame': 12}
693651,"{'university of california, los angeles': 8, 'columbia university': 4, 'ucla henry samueli school of engineering and applied science': 4}"
693762,{'northwestern university': 4}
693838,"{'indian   institute of science education and research  bhopal': 8, 'indian institute of science education and research  bhopal': 4}"
690310,{'amgen inc': 16}
683619,{'national taiwan university': 8}
683889,"{'university of florida': 12, 'university of alabama': 8, 'the university of alabama': 4}"
684361,"{'university of florida': 8, 'massachusetts institute of technology': 16}"
686013,{'university of kansas': 8}
686339,{'korea institute of energy research': 20}
701002,"{'georgia institute of technology': 16, '': 4}"
686595,{'pacific northwest national laboratory': 16}
686823,{'pusan national university': 12}
686885,"{'university of ulsan': 16, 'hanyang university': 4}"
686937,{'university of ulsan': 12}
686959,{'university of ulsan': 12}
687187,{'argonne national laboratory': 8}
687221,"{'vanderbilt university': 24, 'heriot-watt university': 12}"
687425,"{'university of ar': 12, 'univ of ar': 4, 'pfizer': 4}"
687785,"{'the university of alabama': 12, 'university of alabama': 4}"
687991,"{'university of puerto rico - mayaguez': 4, 'university of puerto rico at mayaguez': 4, 'university of puerto rico   mayaguez': 4}"
688082,{'university of kansas': 16}
688439,{'korea advanced institute of science and technology': 20}
688641,{'texas tech university': 12}
688752,"{'the university of alabama': 4, 'university of alabama': 4}"
689198,"{'georgia institution of technology': 4, 'georgia institute of technology': 4}"
689451,"{'korea university': 8, 'korea institute of science and technology': 4}"
689461,{'korea university': 12}
689475,{'korea university': 8}
689580,"{'korea univ': 4, 'korea university': 4}"
689954,{'vanderbilt university': 16}
689969,{'worcester polytechnic institute': 16}
690810,{'indian institute of technology bombay': 8}
690920,"{'university at buffalo': 8, 'university at buffalo  the state university of new york': 4}"
691183,"{'the university of alabama': 12, 'university of alabama': 4}"
691219,"{'the university of alabama': 4, 'university of alabama': 4}"
691820,"{'university at buffalo  the state university of new york': 12, 'university at buffalo': 4}"
692196,"{'the university of alabama': 4, 'university of alabama': 8}"
692822,"{'osaka gas chemicals  co   ltd': 4, 'shinshu university': 4}"
693089,"{'georgia institute of technology': 20, 'emory university': 4, 'oak ridge national laboratory': 4}"
693124,"{'university at buffalo  the state university of new york': 12, 'university at buffalo': 4, 'national energy technology laboratory': 4}"
693216,"{'clarkson university': 12, 'padova university': 8}"
693321,"{'georgia institute of technology': 16, 'oak ridge national laboratory': 4}"
693469,"{'the university of alabama': 4, 'university of alabama': 4}"
693591,{'arizona state university': 12}
693626,"{'purdue university': 12, 'takeda development center americas  inc': 12, 'takeda pharmaceuticals international co': 4}"
693630,{'university of notre dame': 16}
694068,{'georgia institute of technology': 4}
682215,"{'universidade federal de minas gerais': 12, 'kth royal institute of technology': 8}"
682626,{'tennessee tech university': 4}
685293,{'khalifa university': 12}
688025,{'university of nevada  reno': 16}
692907,{'universidad nacional de colombia': 12}
689275,{'khalifa university': 20}
683807,{'universidad nacional de colombia': 12}
700877,"{'university at buffalo  the state university of new york': 4, 'university at buffalo': 4, 'university of buffalo': 4}"
692463,"{'king fahd university of petroleum and minerals': 4, 'interdisciplinary research center for membranes and water security  king fahd university of petroleum and minerals': 4}"
686306,{'korea advanced institute of science and technology': 20}
686683,{'gsk': 36}
686965,{'korea advanced institute of science and technology': 20}
687120,"{'friedrich-alexander-universität erlangen-nürnberg': 12, 'siemens': 4}"
689657,{'a star': 4}
689775,{'the ohio state university': 24}
690051,"{'friedrich-alexander-universität erlangen-nürnberg': 12, 'technical university of darmstadt': 8}"
692554,{'the ohio state university': 20}
682234,"{'universidad michoacana de san nicolás de hidalgo': 12, 'universidad de chile': 4, 'universidad michoacana de san nicolas de hidalgo': 4}"
683785,{'csu- long beasch and fresno city college': 4}
684505,{'csu- long beasch and fresno city college': 4}
684509,"{'csu- long beasch and fresno city college': 4, 'long beach city college': 4}"
685812,{'korea institute of energy research': 24}
685837,{'alexandria university': 4}
700284,{'delft university of technology': 12}
684704,{'iowa state university': 12}
687117,"{'friedrich-alexander-universität erlangen-nürnberg': 8, 'orion engineered carbons': 8, 'technical university of darmstadt': 4}"
687251,{'university of kansas': 4}
687757,{'iowa state university': 8}
688165,"{'department of art  faculty of science and new technologies  islamic azad university e-campus': 4, 'faculty of new sciences and technologies  university of tehran': 8}"
689288,"{'university of wisconsin-madison': 20, 'doe great lakes bioenergy research center': 12, 'department of civil and environmental engineering  university of wisconsin-madison': 4}"
689377,"{'ewha womens university': 4, 'ewha womans university': 4}"
689773,{'karlsruhe institute of technology': 16}
690615,{'lamar university': 16}
691658,"{'the pennsylvania state university': 4, 'penn state': 4}"
691781,"{'the university of tennessee': 4, 'eastman chemical co': 4, 'volkswagen group of america': 4}"
691840,"{'the pennsylvania state university': 4, 'penn state': 4}"
692574,"{'arizona state university': 16, 'school for engineering of matter  transport  and energy  arizona state university': 4, 'csiro': 4}"
692594,"{'univ fed ceara': 8, 'universidade estadual do maranhao': 4, 'ufc - universidade federal do ceara': 4, 'universidade federal do ceara': 4}"
693138,{'ohio university': 4}
693288,{'university of kansas': 4}
687474,{'georgia institute of technology': 8}
690224,{'north carolina state university': 28}
691866,"{'columbia university': 4, 'university of california, los angeles': 4}"
687017,{'university of alberta': 8}
691623,"{'qatar university': 16, 'kfupm': 4}"
688764,{'texas aandm university': 24}
689122,{'ulsan national institute of science and technology': 8}
689973,"{'indian institute of technology madras': 8, 'national university of singapore': 4}"
684843,"{'massachusetts institute of technology': 12, 'lawrence livermore national laboratory': 28}"
683937,"{'university of illinois at urbana-champaign': 2, 'national center for agricultural utilization research  usda-ars': 2, 'university of illinois urbana champaign': 4, 'university of wisconsin-madison': 2, 'doe center for advanced bioenergy and bioproducts innovation  university of illinois urbana-champaign': 2, 'university of illinois urbana-champaign': 4, '': 16}"
697806,{'école polytechnique fédérale de lausanne': 12}
701176,{'gwangju institute of science and technology': 20}
688423,{'tsinghua university': 12}
686260,{'university of south carolina': 4}
688646,"{'mork family department of chemical engineering and materials science  university of southern california': 4, 'university of southern california': 6, 'power environmental energy research institute': 4}"
690903,"{'indian institute of technology hyderabad': 4, 'advanced energy materials': 2}"
685895,{'international university': 4}
686527,{'pennsylvania state university': 2}
687220,"{'oklahoma state university': 8, 'brigham young university': 4}"
691046,"{'imperial college london': 14, 'university of oxford': 2, 'university of east london': 2}"
691081,{'university of california  irvine': 8}
691659,"{'national university of singapore': 8, 'nanyang technological university': 6}"
692000,"{'university of pittsburgh': 6, 'kansas state university': 2}"
693502,"{'university of california, san diego': 2, 'university of california san diego': 2}"
693250,{'massachusetts institute of technology': 2}
691947,{'texas aandm university': 12}
692568,"{'texas aandm': 2, 'texas aandm university': 2}"
690509,"{'bernal institute  university of limerick': 4, 'university of limerick': 2}"
691775,"{'facultad de química': 2, 'unam': 2, 'instituto de ciencias aplicadas y tecnología': 2}"
691900,"{'mainstream engineering corporation': 6, 'feed energy': 2}"
682130,"{'tennessee tech university': 2, 'tennessee technological university': 2}"
684089,"{'university of the witwatersrand  johannesburg': 2, 'university of the witwatersrand': 4, 'rutgers  the state university of nj': 2, 'university of kwazulu-natal': 2, 'national institute for communicable diseases': 2, 'university of the western cape': 2, 'ukurhuleni water care company': 2}"
692204,{'virginia tech': 2}
689424,"{'indian institute of technology bombay': 4, 'indian oil corporation ltd  randd centre': 2}"
692834,{'oregon state university': 4}
689544,"{'tu delft': 2, 'tu delft  the netherlands': 4}"
690332,"{'north carolina state university': 2, 'shanghaitech university': 2}"
691853,{'university of new hampshire': 2}
690945,{'auburn university': 6}
693260,{'texas aandm university': 4}
693410,{'princeton university': 2}
693681,{'university of connecticut': 8}
690647,{'école polytechnique fédérale de lausanne': 2}
683067,{'hovione farmaciência': 2}
683788,"{'new jersey institute of technology': 6, 'glaxosmithkline': 6}"
685003,{'georgia institute of technology': 12}
688535,{'prairie view aandm university': 6}
689960,"{'granutools': 6, 'university of liege': 2}"
681831,{'mdn': 2}
690905,"{'politecnico di torino': 8, 'institution los alamos national laboratory': 2, 'stanford university': 2}"
691596,"{'west virginia university': 8, 'parthian battery solutions': 6}"
689086,"{'purdue university': 8, 'valgotech llc': 6}"
684962,{'university of new mexico': 4}
692688,"{'lamar university university of louisville': 2, 'lamar university': 4, 'university of louisville': 2}"
690008,{'georgia institute of technology': 2}
693661,"{'the university of alabama': 2, 'university of alabama': 2}"
689727,{'ghent university': 8}
690017,{'institute of hydrodynamics of the cas': 8}
693530,{'the university of maine': 4}
690561,{'louisiana state university': 14}
686648,{'university of north dakota': 8}
690294,"{'the university of kansas': 6, 'university of kansas': 6}"
684767,{'alexandria university': 2}
681515,{'worley group': 2}
687899,"{'university of the witwatersrand': 2, 'rutgers  the state university of nj': 2, 'university of south africa': 2, 'univeristy of cape town': 2}"
689371,"{'lancaster university': 4, 'manchester metropolitan university': 2, 'accenture': 2}"
689683,{'kyoto university': 6}
691099,{'rutgers university': 4}
684302,{'university of washington': 10}
693844,{'prairie view aandm university': 2}
684978,"{'stanford university': 4, 'northwestern university': 2}"
691037,"{'eth zurich': 14, 'fraunhofer imte': 4, 'charles university': 6, 'eth': 2}"
692871,"{'columbia univeresity': 2, 'columbia university': 6, 'battelle': 6}"
692222,"{'arish university and egyptian russian university': 2, 'badr university in cairo': 2, 'university of alabama at birmingham': 2, 'genetic engineering and biotechnology research division  national research centre': 2, 'alexandria university and egyptian russian university': 2}"
687197,{'oak ridge national laboratory': 16}
690446,"{'netl support contractor': 2, 'oak ridge national laboratory': 6, 'carnegie mellon university': 2}"
688722,"{'ghent university': 12, 'laboratory for chemical technology  ghent university': 2, 'laboratory for chemical technology': 2}"
694968,"{'international maritime college oman': 2, 'osun state university': 2, 'international maritime college oman  curtin uni': 2}"
692293,{'virginia tech': 4}
685770,{'saudi aramco': 18}
692276,{'advanced cooling technologies  inc': 2}
691782,"{'ghent university': 8, 'avgi bv': 2}"
688276,{'lamar university': 4}
689558,{'national institute of advanced industrial science and technology': 10}
692559,{'korea institute of science and technology': 6}
691177,"{'the ohio state university': 8, 'massachusetts institute of technology and arizona': 4, 'ohio state university': 4}"
692119,"{'virginia tech': 8, 'aspen technology': 4}"
689193,"{'northwestern university': 4, 'argonne national laboratory': 8}"
688610,{'missouri university of science and technology': 4}
688723,{'university of maribor': 8}
684946,"{'university of minnesota': 16, 'university of minnesota   twin cities': 4}"
689741,{'university of sheffield': 20}
687927,{'west virginia university': 8}
684176,"{'texas aandm university': 6, 'aiche': 2}"
691139,{'karlsruhe institute of technology': 12}
687693,{'west virginia university': 6}
686633,{'iowa state university': 16}
687772,"{'iowa state university': 12, 'washington university in st  louis': 8, 'washington university in st louis': 4}"
687996,"{'iowa state university': 8, 'argonne national laboratory': 4, 'virginia polytechnic institute and state university': 4}"
689674,"{'korea university': 12, 'korea institute of energy research': 12}"
693614,"{'the pennsylvania state university': 8, 'pennsylvania state university': 4}"
694098,{'texas tech university': 2}
689742,{'the ohio state university': 12}
690661,{'university of illinois at chicago': 6}
687763,{'university of tennessee': 38}
693742,{'university of connecticut': 4}
694127,"{'university of illinois at urbana-champaign': 8, 'doe center for advanced bioenergy and bioproducts innovation  university of illinois at urbana-champaign': 4, 'university of illinois urbana-champaign': 4, 'doe center for advanced bioenergy and bioproducts innovation  university of illinois urbana-champaign': 4}"
701296,{'not found': 4}
687001,"{'instituto tecnológico de aguascalientes': 8, 'university of salamanca': 8, 'universidad michoacana de san nicolás de hidalgo': 4}"
687603,"{'iowa state university': 8, 'washington university in saint louis': 4, 'washington university in st  louis': 20, 'washington university in st louis': 4}"
692781,"{'iowa state university': 16, 'university of oklahoma': 8}"
697769,"{'lamar university': 2, 'rapid manufacturing institute': 2, 'the dow chemical company': 2, 'university of sheffield': 2}"
689959,"{'hovione farmaciência': 4, 'hovione farmaciência sa': 8}"
692255,{'telescope innovations corp': 8}
692372,{'forge nano': 8}
694345,{'johnson screens  inc': 4}
690766,"{'worldwide research and development  pfizer healthcare india pvt ltd': 2, 'pfizer inc': 4, 'pfizer canada': 2}"
682714,{'sandp global': 2}
692300,{'khalifa university': 4}
688884,{'massachusetts institute of technology': 10}
686513,{'lamar university': 4}
685287,{'merck and co   inc': 6}
684007,"{'borsodchem ltd': 8, 'borsodchem ltd   bolyai tér 1   h-3700 kazincbarcika  hungary': 4, 'department of chemical and environmental process engineering  faculty of chemical technology and biotechnology  budapest university of technology and economics': 2}"
691514,{'national energy technology laboratory': 16}
693042,"{'oak ridge national laboratory': 12, 'oak ridge national lab - oak ridge  tn': 4}"
701262,{'not found': 4}
693877,{'national university of singapore': 4}
693991,"{'illinois institute of technology': 16, 'illinois tech': 4}"
685212,{'georgia institute of technology': 16}
690882,"{'columbia university': 24, 'shell international exploration and production  inc': 12}"
691289,{'vrije universiteit brussel': 12}
692931,"{'tulane univesrity': 2, 'tulane university': 4, 'university of maryland': 2}"
687260,{'florida institute of technology': 4}
686935,{'indian institute of technology kharagpur': 8}
691047,{'stanford university': 20}
690595,{'university of cambridge': 8}
685549,{'university of naples federico ii': 8}
686890,{'samsung electronics': 24}
689147,{'university of waterloo': 8}
690481,{'university of southern california': 8}
691264,{'national renewable energy laboratory': 24}
685092,"{'national taiwan university': 8, 'industrial technology research institute': 8}"
685831,"{'nagoya university': 12, 'jfe steel corporation': 12}"
685687,{'gti energy': 4}
686011,"{'universidad nacional de colombia   sede medellín  facultad de minas': 10, 'soluciones energéticas y de automatización s a s': 2, 'university college london': 4}"
691018,"{'northeastern university': 2, 'university of nebraska': 2, 'texas aandm university': 2, 'michigan technological university': 2}"
693162,{'rochester institute of technology': 2}
693131,{'university of virginia': 4}
683018,{'pluspetrol': 2}
692961,"{'the ohio state university': 6, 'kenexis': 2}"
693142,"{'university of utah': 2, 'pacific northwest national laboratory': 2}"
694346,{'johnson screens  inc': 2}
686692,"{'dow inc': 2, 'the dow chemical company': 2}"
685277,{'us army': 2}
685669,{'dow': 6}
687793,"{'university of tennessee': 4, 'qatar university': 4}"
691324,{'national energy technology laboratory': 16}
689817,{'indian institute of technology roorkee': 8}
691582,"{'northern arizona university': 16, 'arizona geological survey': 4, 'arizona state university': 4}"
691660,{'national renewable energy laboratory': 24}
701673,{'not found': 4}
684907,{'national cheng kung university': 8}
692118,{'university of maine': 4}
693559,"{'universidad autónoma metropolitana unidad iztapalapa': 2, 'chemical engineering department  universidad michoacana de san nicolás de hidalgo': 2, 'ciatec': 2, 'universidad de guanajuato': 4}"
689442,{'national renewable energy laboratory': 12}
686665,"{'univeristy of oklahoma': 2, 'university of oklahoma': 2}"
683854,{'chemical engineering department  faculty of engineering  cairo university': 8}
695128,"{'avn corporation': 6, 'teich process development llc': 2}"
686506,{'lamar university': 2}
691980,{'texas aandm university': 6}
686510,{'lamar university': 2}
685554,{'university of naples federico ii': 10}
699166,{'not found': 2}
699168,{'university of california  san diego': 2}
700928,{'university of connecticut': 2}
699170,{'university of connecticut': 2}
693562,{'south dakota school of mines and technology': 4}
689989,"{'massachusetts institute of technology': 8, 'broad institute of harvard and massachusetts institute of technology': 2}"
693397,"{'university of california  irvine': 4, 'uc irvine': 4}"
699171,{'university of california san diego': 2}
689846,{'purdue university': 2}
699169,{'uc irvine': 2}
690013,"{'penn state': 2, 'pennsylvania state university': 2, 'penn state health milton s  hershey medical center': 4, 'the pennsylvania state university': 2}"
699172,{'university of connecticut': 2}
693746,"{'the university of oklahoma': 2, 'university of oklahoma': 2}"
686930,{'oklahoma state university': 10}
688784,{'auburn university': 8}
691605,{'cleveland state university': 8}
691744,{'georgia institute of technology': 6}
686075,"{'u s  army': 2, 'leidos inc': 2, 'guild associates': 2}"
684526,"{'netl support contractor': 2, 'university of miami': 2}"
685481,{'curtin university': 6}
692427,{'university of alberta': 10}
690973,"{'university of alberta': 10, 'totalenergies': 2}"
691485,{'university of edinburgh': 6}
692068,{'university of south carolina': 6}
687867,"{'surface measurement systems': 8, 'surface measurement system': 2, 'imperial college london  south kensington': 2}"
688899,"{'imperial college london': 14, 'isis neutron and muon source': 2}"
689740,{'carbotech ac gmbh': 2}
685654,"{'matrix sensors  inc': 4, 'alphane labs  inc': 2}"
698907,{'not found': 2}
689563,{'king abdullah university of science and technology': 4}
689622,{'waseda university': 6}
688041,{'the ohio state university': 2}
687079,{'precision combustion  inc': 4}
687664,{'argonne national laboratory': 12}
684502,{'ardent process technologies': 6}
686566,"{'university of oklahoma': 16, 'commonwealth scientific and industrial research organization': 4, 'institute of polymer science and technology': 8}"
699253,{'university at buffalo  the state university of new york': 6}
686579,"{'university of oklahoma': 10, 'the university of oklahoma': 2}"
693775,{'massachusetts institute of technology': 4}
689397,{'university of notre dame': 4}
687887,"{'alma mater studiorum - university of bologna': 6, 'eskisehir osmangazi university': 2, 'syensqo': 2}"
693325,"{'the university of alabama': 2, 'university of alabama': 2}"
701274,{'not found': 2}
690257,"{'the university of alabama': 2, 'university of alabama': 4}"
690307,"{'georgia institute of technology': 10, 'emory university': 2, 'oak ridge national laboratory': 2}"
690408,"{'indian institute of technology madras': 6, 'eindhoven university of technology': 2, 'schlumberger-doll research': 2}"
685932,{'zhejiang university': 6}
690875,{'gyeongsang national university': 2}
685564,{'amyris': 2}
695154,"{'michigan technological university': 4, 'health research institute': 2}"
692942,"{'rensselaer polytechnic institute': 12, 'rpi': 2}"
686610,"{'rensselaer polytechnic institute': 10, 'rpi': 2}"
688461,"{'university of bologna': 6, 'fondazione istituto di ricerca città della speranza': 2, 'university of padova': 2}"
694091,"{'university of notredame southbend': 2, 'university of notre dame indiana': 2, 'university of notre dame': 4}"
693736,{'vanderbilt university': 2}
690036,"{'oak ridge national laboratory': 6, 'university of tennessee': 2}"
690186,"{'université claude bernard lyon i': 8, 'ifp energies nouvelles': 4, 'ifpen': 2}"
690979,{'exxonmobil technology and engineering company': 2}
689708,{'carbotech ac gmbh': 2}
686381,{'imperial college london': 4}
686973,"{'universität leipzig': 4, 'university of edinburgh': 2, 'leipzig university': 2}"
687068,{'climeworks': 4}
690403,{'ku leuven': 16}
697694,{'netl': 2}
697609,"{'air products': 2, 'air products and chemicals inc': 2, 'air products and chemicals  inc': 2}"
697612,{'pennsylvania state university': 2}
697691,{'university of connecticut': 2}
687254,{'lawrence livermore national laboratory': 12}
692263,{'university of miami': 8}
692566,"{'pacific northwest national laboratory': 20, 'washington state university': 4}"
691129,{'carbon america': 20}
693405,{'university at buffalo  the state university of new york': 16}
690693,"{'georgia institute of technology': 24, 'exxonmobil technology and engineering company': 12}"
693896,"{'carnegie mellon university': 16, 'national energy technology laboratory': 12, 'netl': 4}"
691771,{'rti international': 20}
694123,{'not found': 2}
693936,{'rutgers  the state university of new jersey': 6}
689909,"{'university of north florida': 2, 'university of adelaide': 2, 'surface measurement systems': 2, 'technische universitat dresden': 2, 'chalmers university': 2, 'national institute of standards and technology': 2, 'university of alicante': 2, 'ghent university': 2, 'shinshu university': 2}"
689886,{'university of edinburgh': 2}
694120,{'georgia institute of technology': 6}
688022,{'new jersey institute of technology': 2}
694258,"{'air products and chemicals': 6, 'friedrich-alexander-university erlangen-nürnberg': 2, 'air products and chemicals  inc': 2, 'institute of separation science and technology  friedrich-alexander-university erlangen-nürnberg': 2, 'air products': 2}"
694257,"{'nanjing university of science and technology': 2, 'adam mickiewicz university  poznan  poland': 2, 'north carolina state university': 2}"
695055,{'not found': 2}
694892,{'kyushu university': 2}
689265,{'university of arkansas': 8}
688308,{'new jersey institute of technology': 8}
684954,{'university of houston': 16}
695180,"{'pfizer': 2, 'university of houston': 8, 'astrazeneca': 2}"
688248,{'clemson university': 8}
685937,{'georgia institute of technology': 6}
694508,"{'kaust': 2, 'king abdullah university of science and technology': 2}"
686144,{'the ohio state university': 6}
685954,{'university at buffalo  the state university of new york': 2}
688454,"{'institute of zhejiang university-quzhou': 8, 'zhejiang university': 2}"
683516,{'tiangong university': 2}
689102,"{'national university of singapore': 4, 'tianjin university': 2}"
688300,{'west virginia university': 6}
687127,{'university of connecticut': 4}
688352,{'zhejiang university': 4}
688595,"{'univ  of patras and abu dhabi university': 4, 'abu dhabi university': 2}"
685780,{'stanford university': 12}
682294,{'case western reserve university': 4}
695157,{'not found': 2}
695156,{'boehringer-ingelheim': 2}
695158,{'not found': 2}
684468,"{'purdue university': 4, 'corteva agriscience': 4}"
690023,"{'massachusetts institute of technology': 6, 'zaiput flow technologies': 6}"
686498,{'eth zurich': 4}
684185,{'pfizer inc': 2}
695159,{'not found': 2}
687060,{'graz university of technology': 8}
687386,"{'texas tech university': 4, 'the ohio state university': 6}"
682588,"{'prony resources new caledonia  usine du grand sud route de kwa neie  prony bp 218': 8, 'university of toulouse  imt mines albi  umr cnrs 5302  rapsodee centre  campus jarlard  albi cedex 09 f-81013': 6}"
685258,"{'nist': 2, 'nist center for neutron research  national institute of standards and technology': 2, 'national institute of standards and technology': 2}"
690555,{'university of miami': 6}
685242,"{'the pennsylvania state university': 4, 'pennsylvania state university': 2}"
687995,"{'university of puerto rico at mayaguez': 2, 'university of puerto rico - mayaguez': 2, 'university of puerto rico   mayaguez': 2}"
687022,{'vrije universiteit brussel': 6}
689751,{'mohammed vi polytechnic university': 8}
693617,{'university of ottawa': 4}
689733,{'carbotech ac gmbh': 2}
693351,{'virginia commonwealth university': 10}
690410,"{'oklahoma state university': 4, 'fractionation research inc': 6}"
701241,{'not found': 2}
689847,{'technical university of munich': 6}
684005,"{'the ohio state university': 2, 'national taiwan university': 4}"
685200,"{'oak ridge national laboratory': 8, 'pacific northwest national laboratory': 4}"
693944,{'the university of texas at austin': 2}
694076,{'university of connecticut': 12}
682775,{'university of kentucky': 14}
690155,{'new jersey institute of technology': 4}
693464,{'georgia institute of technology': 2}
692409,"{'university of puerto rico  mayagüez campus': 2, 'university of puerto rico  mayaguez': 2}"
693393,{'auburn university': 6}
692489,"{'drexel university': 4, 'university of pennsylvania': 8, 'university of alberta': 4, 'purdue university': 4}"
689884,{'university of notre dame': 4}
690427,"{'pennsylvania state university': 2, 'yale university': 8}"
690770,"{'university of texas  austin': 2, 'the university of texas at austin': 2}"
691330,{'auburn university': 6}
693527,"{'georgia institute of technology': 10, 'oak ridge national laboratory': 10}"
692509,{'university of alberta': 8}
689656,"{'lsre-lcm - faculty of engineering of university of porto': 10, 'ensic - école nationale supérieure des industries chimiques': 2, 'alice - associate laboratory in chemical engineering  faculty of engineering  university of porto': 2}"
689968,"{'mainstream engineering corporation': 8, 'nasa ames research center': 2}"
690156,{'university of liverpool': 6}
689838,{'sintef industry': 6}
689464,"{'corning gmbh': 6, 'corning incorporated': 4}"
687035,"{'khalifa university': 12, '3p instruments': 2, 'technology innovation institute': 2, 'university of patras': 2}"
690288,{'vrije universiteit brussel': 10}
688838,{'new mexico state university': 6}
690079,"{'friedrich-alexander-universität erlangen-nürnberg': 2, 'institute of particle technology': 2}"
692059,{'mainstream engineering corporation': 8}
689267,{'georgia institute of technology': 12}
688715,{'imperial college london': 8}
692335,"{'university of alberta': 4, 'totalenergies': 4, 'university of calgary': 2}"
691645,"{'northern arizona university': 4, 'max planck institute for dynamics of complex technical system': 2, 'max planck institute for dynamics of complex technical systems': 2, 'arizona state university': 8}"
689614,{'imperial college london': 14}
684428,"{'lawrence livermore national laboratory': 10, 'national renewable energy laboratory': 4}"
687042,{'graz university of technology': 8}
684286,{'university of kansas': 6}
692667,"{'columbia university': 2, 'university of california, los angeles': 6, 'johns hopkins university applied physics laboratory': 2}"
692046,"{'university of louisiana at lafayette': 8, 'university of louisiana': 6}"
688882,"{'university of kansas': 4, 'the university of kansas': 6}"
690049,"{'argonne national laboratory': 12, '': 2}"
695024,"{'rwth aachen university': 4, 'forschungszentrum jülich gmbh': 4}"
694278,{'king abdullah university of science and technology': 2}
684375,"{'tianjin university': 4, 'tiangong university': 2}"
685198,{'university of toledo': 4}
689925,{'avnos  inc': 2}
694279,{'saudi aramco': 2}
690129,{'dalian university of technology': 2}
692564,"{'university at buffalo': 10, 'gti energy': 6}"
690731,{'university of alberta': 6}
688092,{'colorado school of mines': 8}
693215,{'clarkson university': 8}
688928,{'university of notre dame': 12}
691559,"{'lsre-lcm - faculty of engineering of university of porto': 6, 'alice - associate laboratory in chemical engineering  faculty of engineering  university of porto': 2}"
688471,"{'slb': 2, 'cameron  a schlumberger company': 4}"
695132,{'not found': 2}
690381,"{'university of houston': 4, 'ben gurion university': 4}"
686503,{'eth zurich': 8}
686107,"{'university of houston': 6, 'johns hopkins university': 4}"
683953,"{'boehringer-ingelheim': 2, 'university of connecticut': 2, 'boehringer ingelheim pharmaceuticals  inc': 2}"
686058,"{'university of houston': 8, 'new york university': 4}"
695266,"{'rowan university': 8, 'boehringer-ingelheim': 2}"
694940,{'not found': 2}
694498,{'university of south carolina': 6}
691479,"{'exxonmobil technology and engineering': 4, 'university of calgary': 4}"
686248,{'northwestern university': 10}
686386,"{'school of engineering  university of edinburgh': 2, 'university of edinburgh': 4, 'air liquide': 2}"
694938,"{'indian institute of technology tirupati': 2, 'cleveland state university': 2}"
694939,{'north carolina state university': 2}
695054,{'not found': 2}
687176,{'argonne national laboratory': 4}
687231,{'kyushu university': 2}
695023,{'rwth aachen university': 4}
688131,"{'university of texas at austin': 2, 'los alamos national laboratory': 4, 'the university of texas at austin': 2}"
686746,{'the university of alabama': 8}
687229,{'florida institute of technology': 6}
693431,{'nl chemical technology  inc': 6}
693768,"{'massachusetts institute of technology': 14, 'stanford university': 4, 'king abdullah university of science and technology': 4}"
693384,"{'massachusetts institute of technology': 2, 'hanyang university': 2}"
688310,{'king abdullah university of science and technology': 2}
683549,"{'university of florida': 4, 'georgia institute of technology': 6}"
684564,"{'ghent university': 6, 'aix marseille univ': 2, 'vito': 2}"
685989,"{'imperial college london': 6, 'university of florida': 2, 'bielefeld university': 4, 'east china university of science and technology': 2, 'northwestern university': 2, 'queenmary university of london': 2}"
686560,{'university of oklahoma': 4}
690050,{'university of kentucky': 8}
689866,{'king abdullah university of science and technology': 10}
700926,{'georgia institute of technology': 4}
685848,{'university of alberta': 8}
689807,"{'max planck institute for dynamics of complex technical system': 2, 'max planck institute for dynamics of complex technical systems': 4, 'arizona state university': 6, 'northern arizona university': 4}"
691697,{'georgia institute of technology': 20}
689695,{'imperial college london': 12}
690777,"{'georgia institute of technology': 8, 'oak ridge national laboratory': 2}"
690782,{'university at buffalo': 4}
685272,{'florida atlantic university': 6}
693714,"{'oak ridge national laboratory': 14, 'massachusetts institute of technology': 2}"
691505,"{'friedrich-alexander university erlangen-nürnberg': 2, 'rutgers  the state university of new jersey': 6, 'institute of separation science and technology  friedrich-alexander-university erlangen-nürnberg': 2}"
691318,{'university of edinburgh': 6}
690196,"{'institute of separation science and technology  friedrich-alexander-university erlangen-nürnberg': 6, 'friedrich-alexander university erlangen-nürnberg': 2, 'institute of separation science and technology  university erlangen-nürnberg  de': 4}"
691270,"{'imperial college london': 2, 'imperial college london  south kensington': 2}"
701265,{'not found': 2}
685629,"{'u s  army': 2, 'us army devcom chemical biological center': 2}"
690737,{'école polytechnique fédérale de lausanne': 2}
690208,{'university of kansas': 8}
689185,"{'national energy technology laboratory': 12, 'carnegie mellon university': 4, 'u  s  steel': 4}"
689213,"{'university at buffalo': 10, 'gti energy': 6}"
687147,{'university of connecticut': 6}
692991,"{'university at buffalo  the state university of new york': 6, 'university at buffalo': 2, 'national energy technology laboratory': 2}"
684456,"{'arizona state university': 6, 'los alamos national laboratory': 2}"
686514,"{'purdue university': 4, 'reelement technologies llc': 2}"
683850,{'university college london': 10}
688166,{'purdue university': 4}
691131,"{'university of alberta': 8, 'sanofi': 2}"
688776,{'imperial college london': 4}
688504,{'nagoya university': 6}
687883,"{'max-planck-institute for dynamics of complex technical systems': 2, 'max-planck-institut fur dynamik komplexer technischer systeme': 2, 'otto von guericke university magdeburg': 2, 'max planck institute for dynamics of complex technical systems': 2}"
690832,"{'lsre-lcm - faculty of engineering of university of porto': 6, 'alice - associate laboratory in chemical engineering  faculty of engineering  university of porto': 2}"
687348,{'takeda pharmaceuticals': 8}
693490,"{'university of california, los angeles': 4, 'columbia university': 2, 'ucla henry samueli school of engineering and applied science': 2}"
691261,{'arizona state university': 6}
691310,"{'university of missouri': 4, 'kyushu university': 4}"
688398,"{'university of sheffield': 4, 'ghent university': 4, 'svante inc': 12, 'ucl': 2}"
688444,"{'us doe national energy technology laboratory': 2, 'university of pittsburgh': 2, 'battelle netl': 2, 'national energy technology laboratory': 4}"
688119,{'georgia institute of technology': 8}
689369,{'the university of tokyo': 4}
691578,{'national energy technology laboratory': 8}
693268,{'the university of alabama': 8}
688828,"{'the university of alabama': 2, 'university of alabama': 2}"
688926,{'qatar university': 4}
688647,{'the university of texas at austin': 10}
687191,{'massachusetts institute of technology': 4}
690003,"{'massachusetts institute of technology': 2, 'the university of texas at austin': 12}"
692528,"{'university of connecticut': 10, 'university of virginia': 4, '': 2}"
688865,"{'école polytechnique fédérale de lausanne': 12, 'indian institute of science': 4}"
688625,"{'mork family department of chemical engineering and materials science  university of southern california': 2, 'media and process technology inc': 4, 'university of southern california': 4}"
687760,{'university of north dakota': 4}
688196,"{'university of delaware': 4, 'university of maryland': 4}"
687198,{'west virginia university': 6}
688525,{'west virginia university': 8}
689583,{'korea university': 6}
691710,"{'lawrence berkeley national laboratory': 12, 'pacific northwest national laboratory': 2, 'oak ridge national laboratory': 4}"
692152,"{'university of edinburgh': 8, 'università di bologna': 2, 'instm': 2}"
691332,"{'university of calabria': 6, 'michigan state university': 4}"
701276,{'not found': 2}
686112,{'glaxosmithkline': 12}
692186,"{'university of south carolina': 12, 'university at buffalo': 6}"
690767,"{'university of alberta': 4, 'sintef energy research': 6, 'sintef': 2}"
693079,"{'national energy technology laboratory': 4, 'west virginia university': 2, 'university of notre dame': 4, 'aristosys  llc  contractor to national energy technology laboratory': 2}"
693711,"{'university of california  berkeley': 16, 'exxonmobil technology and engineering company': 2}"
681844,"{'university of aveiro': 4, 'polytechnic institute of bragança': 2, 'centro de investigação de montanha   instituto politécnico de bragança  campus de santa apolónia  5300-253': 4, 'lsre-lcm - faculty of engineering of university of porto': 2}"
700927,{'not found': 2}
690866,"{'virginia tech': 4, 'university of british columbia': 2}"
691013,"{'university of mississippi': 12, 'u s  army engineer research and development center': 4}"
687926,"{'king abdullah university of science and technology': 2, 'slb': 2, 'kinga abdullah university of science and technology': 2}"
686739,{'the university of alabama': 6}
687008,"{'univ  of patras and abu dhabi university': 4, 'abu dhabi university': 4, 'khalifa university': 2}"
685793,"{'university of illinois at urbana champaign': 2, 'university of illinois  urbana-champaign': 2, 'university of illinois urbana-champaign': 2}"
687457,{'university of arkansas': 4}
692902,"{'university of alberta': 4, 'tcs research  trddc  tata consultancy services': 2}"
685038,"{'sandia national laboratories': 12, 'sandia national labs': 2}"
688036,{'massachusetts institute of technology': 8}
688519,"{'northwestern university': 6, 'carleton college': 6, 'university of minnesota': 4}"
688301,"{'national university of singapore': 4, 'tianjin university': 2}"
689750,{'indian institute of technology tirupati': 8}
690215,"{'university of minnesota': 4, 'university of minnesota  twin cities': 6, 'carleton college': 2, 'johns hopkins university': 2}"
689308,{'indian institute of science': 6}
692473,{'university of oklahoma': 4}
692813,"{'national energy technology laboratory': 6, 'columbia university': 2, 'university of toledo': 6, 'national energy technology laboratory lrst': 2, 'carnegie mellon university': 2, 'netl': 2}"
687212,"{'university of connecticut': 10, 'argonne national labs': 2, 'argonne national laboratory': 2}"
683452,"{'university college london': 4, 'university college of london': 2}"
690855,"{'university of connecticut': 10, 'university of virginia': 6, 'georgia institute of technology': 6}"
688027,{'massachusetts institute of technology': 6}
695070,{'the ohio state university': 2}
694582,{'university of arkansas': 8}
688829,"{'university of arkansas': 6, 'asahi kasei biomedical': 2}"
693177,"{'north carolina state university': 8, 'università di bologna': 2}"
688466,"{'pennsylvania state university': 2, 'psu': 2}"
684310,"{'georgia institute of technology': 4, 'oak ridge national laboratory': 2}"
699345,{'pusan national university': 4}
700793,{'not found': 2}
685677,{'stockholm university': 8}
684088,{'3p instruments': 2}
691094,{'university of nebraska-lincoln': 10}
692137,{'aix marseille university': 2}
689523,"{'korea university': 4, 'korea institute of science and technology': 2}"
692001,"{'university of colorado boulder': 6, 'technion israel institute of technology': 4}"
690413,{'michigan state university': 8}
690649,{'auburn university': 4}
691526,"{'massachusetts institute of technology': 4, 'yale university': 2}"
692885,"{'national taiwan university': 6, 'argonne national laboratory': 2}"
687731,{'university of north dakota': 4}
683286,"{'california state polytechnic university  pomona': 2, 'university of california  berkeley': 2}"
692920,{'rutgers  the state university of new jersey': 10}
693302,{'national institute of standards and technology': 6}
692202,{'texas tech university': 10}
686147,"{'imperial college london': 4, 'exxonmobil': 2, 'exxonmobil technology and engineering': 2}"
687882,{'national university of singapore': 8}
688008,"{'rutgers  the state university of new jersey': 4, 'exxonmobil technology and engineering': 2}"
684680,{'sandia national laboratories': 10}
694103,"{'georgia institute of technology': 2, 'oak ridge national laboratory': 2}"
692078,"{'university of ottawa': 4, 'carleton university': 4}"
691976,"{'university of texas at tyler': 4, 'cleveland state university': 4}"
686613,{'pacific northwest national laboratory': 8}
686410,{'university of south florida': 6}
691627,"{'montana state university': 10, 'center for biofilm engineering': 2, 'lehigh university': 2}"
690212,"{'indian institute of technology kharagpur kharagpur': 2, 'indian institute of technology kharagpur': 2}"
691784,{'indian institute of technology madras': 6}
690556,{'university of alberta': 6}
692126,{'university of south carolina': 8}
692259,{'university of south carolina': 6}
690124,"{'honeywell uop': 2, 'honeywell': 2, 'honeywell connected enterprise': 2}"
685156,"{'centro de investigação de montanha   instituto politécnico de bragança  campus de santa apolónia  5300-253': 8, 'lsre-lcm - faculty of engineering of university of porto': 2, 'institut des matériaux poreux de paris  ecole normale supérieure de paris  espci paris  cnrs  psl university': 2}"
685782,{'dow inc': 6}
686605,"{'alice - associate laboratory in chemical engineering  faculty of engineering  university of porto': 4, 'lsre-lcm - faculty of engineering of university of porto': 4}"
689126,"{'georgia institution of technology': 2, 'georgia institute of technology': 2}"
689736,"{'sintef industry': 4, 'totalenergies': 4}"
688152,"{'university at buffalo': 2, 'university ay buffalo': 4, 'university at buffalo  the state university of new york': 4}"
688864,{'university of arkansas': 6}
689338,"{'university of kansas': 4, 'andong national university': 2}"
690862,{'university of alabama': 4}
693416,"{'the university of alabama': 2, 'university of alabama': 2}"
693541,{'university of notre dame': 18}
693694,{'university of arkansas': 8}
690887,{'the university of texas at austin': 8}
690255,{'university of notre dame': 4}
692441,"{'university of trento': 2, 'instm': 2, 'alma mater studiorum - university of bologna': 2}"
690343,{'university of florida': 10}
690039,{'dalian university of technology': 2}
687869,"{'surface measurement systems': 6, 'university of manchester': 4, 'surface measurement system': 2, 'imperial college london  south kensington': 2}"
687195,{'massachusetts institute of technology': 10}
689792,"{'svante inc': 2, 'remora carbon': 2, 'university of toronto': 2}"
691423,{'carnegie mellon university': 6}
686785,"{'exxonmobil technology and engineering company': 2, 'exxonmobil': 2}"
685222,"{'centro de investigação de montanha   instituto politécnico de bragança  campus de santa apolónia  5300-253': 8, 'lsre-lcm - faculty of engineering of university of porto': 2}"
688355,{'imperial college london': 8}
682840,{'university of edinburgh': 4}
691986,{'oak ridge national laboratory': 6}
688079,"{'colorado school of mines': 8, 'idaho national laboratroy': 2}"
687959,"{'university at buffalo  the state university of new york': 4, 'stony brook university': 2, 'university at buffalo': 4, 'brookhaven national laboratory': 2}"
686220,{'clarkson university': 4}
691808,"{'university at buffalo': 4, 'e2h2nano  llc': 2}"
687595,"{'massachusetts institute of technology': 8, 'stanford university': 2}"
685305,{'university of maryland': 6}
688556,{'clarkson university': 4}
691030,{'colorado school of mines': 8}
693317,{'the university of texas at austin': 10}
693649,"{'the university of alabama': 2, 'university of alabama': 4}"
689705,{'king abdullah university of science and technology': 2}
685859,"{'taiyo nippon sanso corporation': 2, 'hiroshima university': 10}"
686590,{'clarkson university': 4}
688154,{'west virginia university': 6}
699794,{'rescale': 2}
699792,{'takeda development center americas  inc': 2}
699793,{'micromeritics instrument corp': 2}
691720,"{'university of pittsburgh': 6, 'kansas state university': 2}"
692339,{'university of wisconsin-madison': 2}
692413,"{'ohio state university': 4, 'towson university': 2}"
693983,{'university of wisconsin-madison': 2}
690871,{'auburn university': 6}
691850,"{'university of maribor': 4, '123zero d o o': 4}"
691713,"{'the university of tennessee': 2, 'eastman chemical co': 2, 'volkswagen group of america': 2}"
692561,"{'arizona state university': 4, 'ohio state university': 2}"
689109,{'northwestern university': 4}
694087,"{'national renewable energy laboratory': 2, 'idaho national laboratory': 2}"
690889,{'texas tech university': 8}
691067,"{'technical university of denmark': 4, 'dtu': 2}"
691987,{'the university of alabama': 6}
693069,"{'the pennsylvania state university': 2, 'penn state': 2}"
693155,"{'georgia institute of technology': 2, 'oldendorff carriers': 10, 'naias labs': 4, 'massachusetts institute of technology': 4}"
685910,{'the university of sheffield': 2}
701346,"{'the pennsylvania state university': 2, 'penn state': 4}"
691307,{'university of twente': 6}
690768,"{'imperial college london': 4, 'universiry college london': 2, 'university college london - torrington place': 2, 'university college london': 4}"
699379,{'university of north dakota': 2}
684620,"{'exxonmobil': 4, 'argonne national laboratory': 6}"
694043,"{'yale university': 4, 'north carolina state university': 2}"
689648,{'imperial college london': 6}
691995,"{'texas a and m': 2, 'texas aandm university at qatar': 2}"
692371,"{'ohio state university': 4, 'the ohio state university': 2, 'department of science  technology and society  university school for advanced studies iuss pavia  pavia  italy': 2, 'massachusetts institute of technology and arizona': 2, 'ecodynamics group  department of physical sciences  earth and environment  university of siena  italy': 2}"
692537,"{'the ohio state university': 2, 'ohio state university': 2}"
693030,{'university of wisconsin-madison': 8}
694083,{'national renewable energy laboratory': 2}
692854,{'iowa state university': 8}
686093,{'texas aandm university': 2}
690442,{'university of kentucky': 6}
691221,{'arizona state university': 4}
690878,{'imperial college london': 4}
691351,{'princeton university': 4}
685506,{'qatar university': 2}
685486,"{'school of chemical engineering  dalian university of technology': 2, 'institute of chemical process systems engineering  school of chemical engineering': 2, 'dalian university of technology': 2}"
687369,"{'university of utah': 8, 'oak ridge national lab': 2, 'university of utah  assistant professor': 2, 'the university of utah': 2}"
687854,"{'max planck institute for dynamics of complex technical systems': 6, 'otto von guericke university': 2}"
689469,"{'mit energy initiative  massachusetts institute of technology': 2, 'massachusetts institute of technology': 2}"
689896,{'korea university': 4}
690698,{'korea advanced institute of science and technology': 6}
693439,{'massachusetts institute of technology': 12}
693858,{'indian institute of technology madras': 4}
701133,{'rowan university': 12}
691107,{'rutgers  the state university of new jersey- new brunswick': 4}
691830,"{'arizona state university': 2, 'the ohio state of university': 2, 'ohio state university': 2}"
688824,{'rowan university': 14}
689010,"{'northwestern univeristy': 2, 'northwestern university': 2}"
693269,{'mathworks': 4}
692556,{'lamar university': 4}
687906,"{'khalifa university of science and technology': 4, 'khalifa university': 6}"
684117,"{'universidad san francisco de quito usfq': 12, 'applied circular engineering and simulation group   universidad san francisco de quito usfq': 2}"
691674,"{'northwestern university': 8, 'aecom': 2}"
690426,"{'khalifa university': 12, 'khalifa university of science and technology': 2}"
688666,"{'the university of alabama': 4, 'the university of oklahom': 2, 'university of alabama': 2}"
690645,{'university of florida': 4}
700652,{'georgia institute of technology': 2}
700884,"{'university of california, los angeles': 2}"
688243,{'suny   buffalo': 2}
697753,{'princeton university': 2}
700655,{'rice university': 2}
690010,"{'oak ridge national laboratory': 8, 'oak ridge national lab': 4}"
692703,"{'washington university in st  louis': 12, 'university of delaware': 4, 'university of southern florida': 4, 'nasa': 2}"
687070,"{'oklahoma state university': 6, 'university of oklahoma': 2}"
686466,{'georgia institute of technology': 12}
689904,{'imperial college london': 6}
687206,"{'u s dept  of energy': 2, 'u s  department of energy': 2}"
683001,{'new mexico tech': 4}
693550,"{'oklahoma state university': 2, 'university of tulsa': 2}"
694158,{'the university of texas at austin': 4}
686247,"{'lawrence berkeley national laboratory': 16, 'swisstopo': 4, 'université côte d azur': 2, 'rice university': 4, 'fracture systems ltd': 2}"
688693,{'imperial college london': 4}
691858,"{'energy and environmental research center': 2, 'university of north dakota': 4, 'foth infrastructure and environment': 4}"
690820,{'university of tulsa': 4}
681934,{'milliporesigma': 2}
687282,{'u s  environmental protection agency': 4}
693747,"{'eth zürich': 8, 'leiden university': 2}"
687892,"{'max planck institute for dynamics of complex technical systems': 6, 'purdue university': 2, 'otto von guericke university': 2}"
691647,{'virginia tech': 10}
692966,"{'arizona state university': 2, 'ohio state university': 2}"
688213,{'universidad nacional de colombia': 6}
689036,{'university of arkansas': 6}
690730,"{'instituto politécnico nacional': 6, 'instituto politecnico nacional-esiqie': 2, 'instituto politecnico nacional': 2}"
692680,{'the ohio state university': 10}
686242,{'lawrence berkeley national laboratory': 16}
688530,{'california state university-bakersfield': 2}
686843,"{'battelle memorial institute': 12, 'university of illinois': 2, 'us department of energy': 2}"
686158,{'university of wyoming': 10}
693456,{'illinois state geological survey': 4}
691374,"{'lbnl': 8, 'university of hawaii': 4, 'rite': 4, 'tsinghua university': 2, 'stanford university': 2}"
687015,{'university of alberta': 4}
692149,"{'netl': 2, 'national energy technology laboratory': 2, 'u s  department of energy': 2}"
700596,{'not found': 2}
683882,"{'universidad san francisco de quito usfq': 20, 'école polytechnique fédérale de lausanne': 2, 'applied circular engineering and simulation group   universidad san francisco de quito usfq': 2}"
701236,{'not found': 2}
686954,"{'center for environmentally beneficial catalysis': 2, 'university of kansas': 4, 'international flavors and fragrances': 6}"
688417,"{'imperial college london': 8, 'king s college london': 2}"
691370,"{'argonne national laboratory': 6, 'northwestern university': 4}"
686231,{'u s  environmental protection agency': 2}
691199,{'carbon america': 2}
687774,"{'s p college': 2, 'vishwamitra research institute': 2}"
687997,{'brimstone energy': 16}
685744,{'not found': 2}
688350,{'university of michigan': 4}
688826,{'missouri university of science and technology': 6}
701526,{'not found': 2}
684878,{'pacific northwest national laboratory': 4}
685539,{'hankyong national university': 6}
686250,{'pacific northwest national laboratory': 4}
687011,"{'university of salamanca': 4, 'aston university': 6}"
687268,{'argonne national laboratory': 12}
687374,{'west virginia university': 2}
687672,"{'the university of utah': 4, 'giv group': 4, 'oak ridge national lab': 2}"
690284,"{'michigan technological university': 6, 'university of washington': 2}"
690460,{'auburn university': 6}
692082,"{'texas aandm university': 2, 'texas aandm university at qatar': 2}"
692201,{'national technical university of athens': 8}
686045,{'the dow chemical company': 10}
690626,{'arizona state university': 8}
691052,"{'the australian national university': 8, 'university of hong kong': 2, 'the cyprus institute': 2}"
692282,{'university of colorado boulder': 14}
690879,"{'arizona state university': 8, 'school for engineering of matter  transport  and energy  arizona state university': 2, 'csiro': 2}"
691076,{'baylor university': 10}
694099,"{'texas tech university': 10, 'university of minnesota': 2}"
687389,"{'north carolina state university': 16, 'shinshu university': 2}"
690604,{'auburn university': 6}
690666,"{'iowa state university': 6, 'complutense university of madrid': 2}"
690825,{'national renewable energy laboratory': 2}
687259,{'florida institute of technology': 4}
701266,{'not found': 2}
693734,{'penn state': 14}
687349,"{'u s  environmental protection agency': 10, 'us environmental protection agency': 2}"
688202,{'university of california  riverside': 4}
692062,"{'institute for sustainability and circular economy  texas tech university': 4, 'texas tech university': 2}"
692444,{'massachusetts institute of technology': 12}
692732,{'university of nevada  reno': 4}
701270,{'not found': 2}
685690,{'drexel university': 2}
684519,{'the ohio state university': 16}
686464,{'clariant': 8}
687452,{'argonne national laboratory': 10}
687481,"{'texas aandm university': 16, 'shell global solutions international bv': 4, 'shell international exploration and production inc': 4}"
688545,"{'university of pittsburgh': 4, 'university of rochester': 4}"
694913,{'not found': 2}
687937,"{'university of wisconsin   madison': 14, 'university of wisconsin-madison': 2}"
688563,"{'hiroshima university at japan': 2, 'hiroshima university': 6, 'toyo koatsu co  ltd': 2, 'kindai university': 2}"
686284,"{'chennai insititute of technology': 2, 'sojo university': 4, 'universiti teknologi petronas': 2, 'ho chi minh city university of industry and trade': 2}"
684992,{'yamaguchi university': 6}
694914,{'not found': 2}
689994,{'university of sheffield': 4}
693728,"{'university of illinois chicago': 2, 'university of illinois at chicago': 4}"
691016,{'texas aandm university': 4}
686311,{'posco holdings': 12}
693907,"{'tohoku university': 4, 'phytochem product inc': 2}"
685230,"{'massachusetts institute of technology': 10, 'university of liege': 6, 'northeastern university': 4, 'university of puerto rico at mayaguez': 2, 'university of puerto rico medical science campus': 2}"
687038,"{'instituto tecnológico de aguascalientes': 4, 'university of salamanca': 6, 'chemical engineering department  universidad michoacana de san nicolás de hidalgo': 2}"
696365,{'johns hopkins university': 2}
696366,{'massachusetts institute of technology': 2}
696367,{'university at buffalo': 2}
691457,"{'california institute of technology': 8, 'university of california  riverside': 2, 'university of rochester': 2}"
692031,{'stanford university': 6}
686924,{'korea advanced institute of science and technology': 6}
690927,{'stanford university': 2}
690376,{'university at buffalo-suny': 8}
690709,{'prairie view a and m university': 4}
692895,{'university of washington': 10}
693151,"{'university of illinois at urbana champaign': 4, 'university of illinois at urbana-champaign': 2, 'university of illinois urbana-champaign': 2}"
700898,{'not found': 2}
700899,{'not found': 2}
693704,{'cornell university': 6}
687333,"{'vanderbilt university': 2, 'vishwamitra research institute': 2}"
690888,{'prairie view a and m university': 2}
691309,{'university of nebraska-lincoln': 4}
691388,"{'university of nebraska-lincoln': 6, 'university of nebraska - lincoln': 2, 'university of nebraska medical center': 2}"
692090,"{'city college of new york': 6, 'memorial sloan-kettering cancer center': 4}"
692673,{'university of louisville': 2}
693412,{'university of washington': 6}
693924,{'national university of singapore': 2}
686645,"{'university of texas at dallas': 2, 'the university of texas at dallas': 2}"
687706,{'university of houston': 10}
690861,{'cornell university': 20}
691072,"{'prairie view aandm university': 4, 'prairie view a and m university': 2}"
695666,{'university of utah': 18}
691511,{'texas aandm university': 6}
693031,{'arizona state university': 10}
688199,{'university of colorado boulder': 4}
692455,"{'university of utah': 6, 'university of california  san francisco': 2, 'division of pediatric infectious diseases  ucsf': 2, 'center for tuberculosis  ucsf': 2}"
693516,{'massachusetts institute of technology': 4}
693605,{'cornell university': 6}
693556,{'university of utah': 6}
693629,{'university of utah': 6}
697282,"{'harvard medical school brigham and women s hospital': 2, 'brigham and women s hospital  harvard medical school  harvard stem cell institute': 2}"
690218,{'university of mississippi medical center': 12}
692411,{'university of utah': 4}
690643,"{'massachusetts institute of technology': 6, 'university of california  berkeley': 2, 'broad institute of harvard and massachusetts institute of technology': 2}"
692483,"{'washington state university': 16, 'cornell university': 4, 'johns hopkins university': 2}"
692383,{'university of utah': 4}
691849,"{'cornell university': 14, 'carnegie mellon university': 4}"
693544,"{'arizona state university': 12, 'department of gastroenterology and hepatology  mayo clinic  scottsdale': 2}"
687990,{'university of houston': 6}
690622,{'texas aandm university': 8}
700691,{'not found': 2}
691462,"{'aristotle university of thessaloniki': 8, 'aristotle university': 2, 'institute of applied biosciences  centre for research and technology hellas  thessaloniki  greece': 2}"
693128,{'auburn university': 6}
689913,{'cornell university': 10}
688593,"{'massachusetts institute of technology': 8, 'university of toronto': 2}"
689788,{'imperial college london': 6}
688966,"{'university of michigan': 14, 'university of michigan ann arbor': 6}"
689141,{'cornell university': 32}
689554,{'texas tech university': 6}
691024,{'cornell university': 20}
692061,{'cornell university': 14}
692665,"{'the university of texas at austin': 10, 'ankara university': 2, 'md anderson cancer center': 2, 'rice university': 2}"
695625,{'brown university': 2}
692180,"{'eth zurich': 14, 'fraunhofer imte': 4, 'charles university': 2, 'department of surgery  faculty of medicine in pilsen  charles university  prague  czech republic': 4, 'eth': 2}"
688611,{'massachusetts institute of technology': 10}
693525,"{'princeton university': 2, 'serán bioscience': 2, 'purdue university': 2}"
687674,{'brigham young university': 16}
692175,"{'purdue university institute of cancer research': 4, 'purdue university': 2}"
691955,"{'university of washington': 12, 'pacific northwest national laboratory': 6}"
690853,{'cornell university': 14}
692425,{'cornell university': 28}
