affil_norm,suggested_loc_key,score,geocoded_label
abbvie inc,abbvie,0.75,AbbVie
abu dhabi ports,abu dhabi university,0.6857142857142857,Abu Dhabi University
advanced cooling technologies  inc,aspen technology inc.,0.5818181818181818,Aspen Technology Inc.
advanced energy materials,lubrizol advanced materials,0.6923076923076923,Lubrizol Advanced Materials
afton chemical corporation,eaton corporation,0.7441860465116279,Eaton Corporation
afton chemical corporation,national chemical laboratory,0.7037037037037037,National Chemical Laboratory
afton chemical corporation,dow chemical company,0.6956521739130435,Dow Chemical Company
afton chemical corporation,evonik corporation,0.6818181818181818,Evonik Corporation
afton chemical corporation,the dow chemical company,0.68,The Dow Chemical Company
agency for defence development,ministry of development,0.6037735849056604,Ministry of Development
agency for science  technology and research,university of science and technology of china,0.6363636363636364,University of Science and Technology of China
agency for science  technology and research,university of science and technology,0.6075949367088608,University of Science and Technology
agilent technologies,aspen technology inc.,0.6829268292682927,Aspen Technology Inc.
agilent technologies,freeman technology,0.631578947368421,Freeman Technology
agilent technologies,em ai technology,0.6666666666666666,EM AI Technology
ahmedabad univeristy,harvard university,0.6842105263157895,Harvard University
ahmedabad univeristy,lamar university,0.7222222222222222,Lamar University
ahmedabad univeristy,lakehead university,0.7692307692307693,Lakehead University
ahmedabad univeristy,inha university,0.6285714285714286,Inha University
ahmedabad univeristy,oakland university,0.6842105263157895,Oakland University
air force research laboratory,army research lab,0.6521739130434783,Army Research Lab
air force research laboratory,national renewable energy laboratory,0.6153846153846154,National Renewable Energy Laboratory
air products and chemicals,air products,0.631578947368421,Air Products
aix marseille university,lamar university,0.75,Lamar University
aix marseille university,mcgill university,0.7317073170731707,McGill University
aix marseille university,aarhus university,0.7317073170731707,Aarhus University
aix marseille university,cornell university,0.7142857142857143,Cornell University
aix marseille university,trine university,0.65,Trine University
alexandria university,oakland university,0.8205128205128205,Oakland University
alexandria university,lund university,0.7777777777777778,Lund University
alexandria university,khalifa university,0.7692307692307693,Khalifa University
alexandria university,indiana university,0.717948717948718,Indiana University
alexandria university,andrews university,0.7692307692307693,Andrews University
alma mater studiorum - university of bologna,university of bologna,0.6461538461538462,University of Bologna
alma mater studiorum - university of bologna,hamburg university of technology,0.5789473684210527,Hamburg University of Technology
amgen research  gmbh,army research lab,0.7027027027027027,Army Research Lab
amgen research  gmbh,ibm research uk,0.6285714285714286,IBM Research UK
amgen research  gmbh,chevron research,0.6111111111111112,Chevron Research
amgen research  gmbh,nasa glenn research center,0.6086956521739131,NASA Glenn Research Center
amgen research munich,ibm research uk,0.6666666666666666,IBM Research UK
amgen research munich,nasa glenn research center,0.6382978723404256,NASA Glenn Research Center
amgen research munich,army research lab,0.631578947368421,Army Research Lab
amofor gmbh,evon gmbh,0.6,evon GmbH
andlinger center for energy and the environment,national institute for public health and the environment,0.6407766990291263,National Institute for Public Health and the Environment
ankara university,qatar university,0.8484848484848485,Qatar University
ankara university,lamar university,0.8484848484848485,Lamar University
ankara university,korea university,0.8484848484848485,Korea University
ankara university,naresuan university,0.7222222222222222,Naresuan University
ankara university,yantai university,0.8235294117647058,Yantai University
ansys,avnos,0.6,Avnos
ansys,ansto,0.6,ANSTO
ansys inc,css inc,0.75,CSS Inc
ansys inc,"mars, inc.",0.631578947368421,"Mars, Inc."
ansys inc,mayo clinic,0.6,Mayo Clinic
ansys inc,"amgen, inc.",0.6,"Amgen, Inc."
anton paar gmbh,anton paar,0.8,Anton Paar
aopia biosciences  inc,physical sciences inc.,0.6363636363636364,Physical Sciences Inc.
aramco americas,braskem america,0.7333333333333333,Braskem America
argonne national labs,argonne national laboratory,0.8333333333333334,Argonne National Laboratory
argonne national labs,national lab,0.7272727272727273,National Lab
argonne national labs,sandia national laboratories,0.6530612244897959,Sandia National Laboratories
argonne national labs,idaho national laboratory,0.6521739130434783,Idaho National Laboratory
argonne national labs,brookhaven national laboratory,0.5882352941176471,Brookhaven National Laboratory
army research laboratory,army research lab,0.8292682926829268,Army Research Lab
army research laboratory,oak ridge national laboratory,0.6037735849056604,Oak Ridge National Laboratory
army research laboratory,national renewable energy laboratory,0.6,National Renewable Energy Laboratory
asu,fau,0.6666666666666666,FAU
avnos  inc,avnos,0.6666666666666666,Avnos
avnos  inc,"mars, inc.",0.6,"Mars, Inc."
babol noshirvani university of technology,dalian university of technology,0.8333333333333334,Dalian University of Technology
babol noshirvani university of technology,poznan university of technology,0.8055555555555556,Poznan University of Technology
babol noshirvani university of technology,amirkabir university of technology,0.7733333333333333,Amirkabir University of Technology
babol noshirvani university of technology,warsaw university of technology,0.7777777777777778,Warsaw University of Technology
babol noshirvani university of technology,graz university of technology,0.7428571428571429,Graz University of Technology
badr university in cairo,baylor university,0.6829268292682927,Baylor University
badr university in cairo,the university of akron,0.6808510638297872,The University of Akron
badr university in cairo,university of calgary,0.6666666666666666,University of Calgary
badr university in cairo,andrews university,0.6666666666666666,Andrews University
badr university in cairo,university of maine,0.6046511627906976,University of Maine
barnard college,augsburg college,0.6451612903225806,Augsburg College
barnard college,lafayette college,0.625,Lafayette College
barnard college,dartmouth college,0.625,Dartmouth College
basf se  group research,chevron research,0.6153846153846154,Chevron Research
battelle memorial institute,paul scherrer institute,0.56,Paul Scherrer Institute
ben gurion university,nihon university,0.8108108108108109,Nihon University
ben gurion university,brown university,0.8108108108108109,Brown University
ben gurion university,auburn university,0.7894736842105263,Auburn University
ben gurion university,chang gung university,0.7619047619047619,Chang Gung University
ben gurion university,trine university,0.7567567567567568,Trine University
bentley university,liberty university,0.8333333333333334,Liberty University
bentley university,ghent university,0.8235294117647058,Ghent University
bentley university,ege university,0.8125,Ege University
bentley university,tulane university,0.6857142857142857,Tulane University
bentley university,widener university,0.7777777777777778,Widener University
bernal institute  university of limerick,university of limerick,0.7096774193548387,University of Limerick
bernal institute  university of limerick,soka university of america,0.6363636363636364,Soka University of America
bernal institute  university of limerick,aristotle university of thessaloniki,0.631578947368421,Aristotle University of Thessaloniki
bernal institute  university of limerick,american university of beirut,0.5797101449275363,American University of Beirut
bernal institute  university of limerick,the university of maine,0.5714285714285714,The University of Maine
bielefeld university,lakehead university,0.717948717948718,Lakehead University
bielefeld university,bucknell university,0.7692307692307693,Bucknell University
bielefeld university,ege university,0.7647058823529411,Ege University
bielefeld university,mcgill university,0.7567567567567568,McGill University
bielefeld university,lund university,0.7428571428571429,Lund University
biofine technology llc,aspen technology inc.,0.6511627906976745,Aspen Technology Inc.
biofine technology llc,freeman technology,0.65,Freeman Technology
biofine technology llc,em ai technology,0.631578947368421,EM AI Technology
biofine technology llc,shell technology center,0.6222222222222222,Shell Technology Center
biofine technology llc,harbin institute of technology,0.5769230769230769,Harbin Institute of Technology
biohaven pharmaceuticals,janssen pharmaceuticals,0.8085106382978723,Janssen pharmaceuticals
bionanonet,cic nanogune,0.6363636363636364,CIC nanoGUNE
boehringer ingelheim pharma gmbh and co  kg,boehringer ingelheim,0.6349206349206349,Boehringer Ingelheim
boehringer ingelheim pharma gmbh and co kg,boehringer ingelheim,0.6451612903225806,Boehringer Ingelheim
boehringer ingelheim pharmaceuticals  inc,boehringer ingelheim,0.6557377049180327,Boehringer Ingelheim
boehringer ingelheim pharmaceuticals inc,boehringer ingelheim,0.6666666666666666,Boehringer Ingelheim
boehringer ingelheim pharmaceuticals inc,janssen pharmaceuticals,0.5714285714285714,Janssen pharmaceuticals
boehringer-ingelheim pharm  inc,boehringer ingelheim,0.7450980392156863,Boehringer Ingelheim
boston university,hoseo university,0.8484848484848485,Hoseo University
boston university,brown university,0.8484848484848485,Brown University
boston university,ohio university,0.8125,Ohio University
boston university,western university,0.8,Western University
boston university,hampton university,0.8,Hampton University
bristol-myers squibb  inc,bristol myers squibb,0.8444444444444444,Bristol Myers Squibb
broad institute,the cyprus institute,0.6285714285714286,The Cyprus Institute
broad institute,institution,0.6153846153846154,Institution
broad institute of mit and harvard,srm institute of science and technology,0.6027397260273972,SRM Institute of Science and Technology
brookhaven laboratory,brookhaven national laboratory,0.8235294117647058,Brookhaven National Laboratory
brookhaven laboratory,oak ridge national laboratory,0.56,Oak Ridge National Laboratory
budapest university of technology and economics,warsaw university of technology,0.6923076923076923,Warsaw University of Technology
budapest university of technology and economics,dalian university of technology,0.6923076923076923,Dalian University of Technology
budapest university of technology and economics,clausthal university of technology,0.691358024691358,Clausthal University of Technology
budapest university of technology and economics,graz university of technology,0.6842105263157895,Graz University of Technology
budapest university of technology and economics,hamburg university of technology,0.6835443037974683,Hamburg University of Technology
butler university,tulane university,0.8235294117647058,Tulane University
butler university,baylor university,0.8235294117647058,Baylor University
butler university,auburn university,0.8235294117647058,Auburn University
butler university,duke university,0.8125,Duke University
butler university,western university,0.8,Western University
california baptist university,california state university long beach,0.7164179104477612,California State University Long Beach
california baptist university,florida atlantic university,0.7142857142857143,Florida Atlantic University
california baptist university,california state university-bakersfield,0.7058823529411765,California State University-Bakersfield
california baptist university,colorado state university,0.7037037037037037,Colorado State University
california baptist university,khalifa university,0.6808510638297872,Khalifa University
california inst of technology,florida institute of technology,0.8,Florida Institute of Technology
california inst of technology,georgia institute of technology,0.7666666666666667,Georgia Institute of Technology
california inst of technology,chiba institute of technology,0.7586206896551724,Chiba Institute of Technology
california inst of technology,harbin institute of technology,0.7457627118644068,Harbin Institute of Technology
california inst of technology,vellore institute of technology,0.7333333333333333,Vellore Institute of Technology
california institute of technology - pasadena  ca,indian institute of technology bhu varanasi,0.6956521739130435,Indian Institute of Technology (BHU) Varanasi
california institute of technology - pasadena  ca,indian institute of technology ropar,0.7294117647058823,Indian Institute of Technology Ropar
california institute of technology - pasadena  ca,indian institute of technology delhi,0.7294117647058823,Indian Institute of Technology Delhi
california institute of technology - pasadena  ca,florida institute of technology,0.725,Florida Institute of Technology
california institute of technology - pasadena  ca,indian institute of technology jammu,0.7058823529411765,Indian Institute of Technology Jammu
canmetenergy,jara-energy,0.6086956521739131,JARA-ENERGY
canmetenergy,feed energy,0.6086956521739131,Feed Energy
carbon america,braskem america,0.6206896551724138,Braskem America
carleton college,dartmouth college,0.7272727272727273,Dartmouth College
carleton college,lafayette college,0.6666666666666666,Lafayette College
carleton college,augsburg college,0.625,Augsburg College
carnegie institution for science,indian institute of science,0.711864406779661,Indian Institute of Science
carnegie institution for science,institute of science tokyo,0.6206896551724138,Institute of Science Tokyo
carnegie mellon univeristy,cornell university,0.7272727272727273,Cornell University
carnegie mellon univeristy,cape breton university,0.7083333333333334,Cape Breton University
carnegie mellon univeristy,mcgill university,0.6976744186046512,McGill University
carnegie mellon univeristy,chang gung university,0.6808510638297872,Chang Gung University
carnegie mellon univeristy,nihon university,0.6666666666666666,Nihon University
carnegie mellon university,cornell university,0.7727272727272727,Cornell University
carnegie mellon university,cape breton university,0.75,Cape Breton University
carnegie mellon university,mcgill university,0.7441860465116279,McGill University
carnegie mellon university,chang gung university,0.723404255319149,Chang Gung University
carnegie mellon university,nihon university,0.7142857142857143,Nihon University
catholic university of louvain,the university of maine,0.7547169811320755,The University of Maine
catholic university of louvain,the university of melbourne,0.7368421052631579,The University of Melbourne
catholic university of louvain,the university of utah,0.7307692307692307,The University of Utah
catholic university of louvain,the university of akron,0.7169811320754716,The University of Akron
catholic university of louvain,the university of kansas,0.7037037037037037,The University of Kansas
ccdc army research laboratory,army research lab,0.7391304347826086,Army Research Lab
ccny grove school of engineering,famu-fsu college of engineering,0.5714285714285714,FAMU-FSU College of Engineering
cedars-sinai medical center,university of mississippi medical center,0.6268656716417911,University of Mississippi Medical Center
center for bioenergy innovation  oak ridge national laboratory,oak ridge national laboratory,0.6373626373626373,Oak Ridge National Laboratory
central south university,georgia southern university,0.7843137254901961,Georgia Southern University
central south university,central michigan university,0.7843137254901961,Central Michigan University
central south university,kent state university,0.7555555555555555,Kent State University
central south university,earth university,0.75,EARTH University
central south university,southwest university,0.7272727272727273,Southwest University
chalmers university,clemson university,0.8108108108108109,Clemson University
chalmers university,lamar university,0.8,Lamar University
chalmers university,clarkson university,0.7894736842105263,Clarkson University
chalmers university,baylor university,0.7777777777777778,Baylor University
chalmers university,aarhus university,0.7222222222222222,Aarhus University
chapman university,hampton university,0.8333333333333334,Hampton University
chapman university,lamar university,0.8235294117647058,Lamar University
chapman university,inha university,0.7878787878787878,Inha University
chapman university,oakland university,0.7777777777777778,Oakland University
chapman university,khalifa university,0.7777777777777778,Khalifa University
charles university,clemson university,0.8333333333333334,Clemson University
charles university,andrews university,0.8333333333333334,Andrews University
charles university,naresuan university,0.8108108108108109,Naresuan University
charles university,clarkson university,0.8108108108108109,Clarkson University
charles university,aarhus university,0.8,Aarhus University
chemical engineering department  universidad michoacana de san nicolás de hidalgo,universidad michoacana de san nicolás de hidalgo,0.7441860465116279,Universidad Michoacana de San Nicolás de Hidalgo
chevron technical center,shell technology center,0.6808510638297872,Shell Technology Center
chonnam national university,yokohama national university,0.8363636363636363,Yokohama National University
chonnam national university,hankyong national university,0.8363636363636363,Hankyong National University
chonnam national university,kongju national university,0.8301886792452831,Kongju National University
chonnam national university,pukyong national university,0.8148148148148148,Pukyong National University
chonnam national university,kangwon national university,0.8148148148148148,Kangwon National University
chung-ang university,chang gung university,0.8292682926829268,Chang Gung University
chung-ang university,tunghai university,0.7894736842105263,Tunghai University
chung-ang university,chulalongkorn university,0.7727272727272727,chulalongkorn university
chung-ang university,zhejiang university,0.7692307692307693,Zhejiang university
chung-ang university,yeungnam university,0.7692307692307693,Yeungnam University
ciatec,imec,0.6,imec
city college of new york,university college cork,0.6382978723404256,University College Cork
city of santa monica,university of salamanca,0.5581395348837209,University of Salamanca
city of santa monica,university of pannonia,0.6190476190476191,University of Pannonia
city of santa monica,university of cantabria,0.6046511627906976,University of Cantabria
city university of hong kong,university of wollongong,0.7692307692307693,University of Wollongong
city university of hong kong,the university of tokyo,0.7450980392156863,The University of Tokyo
city university of hong kong,university of houston,0.7346938775510204,University of Houston
city university of hong kong,university of washington,0.6538461538461539,University of Washington
city university of hong kong,the university of akron,0.7058823529411765,The University of Akron
clariant corporation,eaton corporation,0.7567567567567568,Eaton Corporation
clariant corporation,basf corporation,0.7222222222222222,BASF Corporation
clariant corporation,evonik corporation,0.6842105263157895,Evonik Corporation
clariant corporation,callaghan innovation,0.6,Callaghan Innovation
clark atlanta university,clarkson university,0.7906976744186046,Clarkson University
clark atlanta university,florida atlantic university,0.7843137254901961,Florida Atlantic University
clark atlanta university,oakland university,0.7619047619047619,Oakland University
clark atlanta university,arkansas state university,0.6938775510204082,Arkansas State University
clark atlanta university,yantai university,0.7317073170731707,Yantai University
cleveland state university,colorado state university,0.8235294117647058,Colorado State University
cleveland state university,kent state university,0.8085106382978723,Kent State University
cleveland state university,wayne state university,0.75,Wayne State University
cleveland state university,michigan state university,0.7843137254901961,Michigan State University
cleveland state university,illinois state university,0.7843137254901961,Illinois State University
climeworks,mathworks,0.631578947368421,Mathworks
colorado school of mines,wake forest school of medicine,0.6296296296296297,Wake Forest School of Medicine
columbia univeresity,northumbria university,0.8095238095238095,Northumbria University
columbia univeresity,miami university,0.7777777777777778,Miami University
columbia univeresity,stockholm university,0.75,Stockholm University
columbia univeresity,ohio university,0.7428571428571429,Ohio University
columbia univeresity,lund university,0.7428571428571429,Lund University
complutense university of madrid,the university of maine,0.7272727272727273,The University of Maine
complutense university of madrid,the university of akron,0.6909090909090909,The University of Akron
complutense university of madrid,university of maribor,0.6792452830188679,University of Maribor
complutense university of madrid,university of maine,0.6666666666666666,University of Maine
complutense university of madrid,university of ar,0.6666666666666666,University of AR
continuus pharmaceuticals,janssen pharmaceuticals,0.75,Janssen pharmaceuticals
corning gmbh,evon gmbh,0.6666666666666666,evon GmbH
corning incorporated,evonik corporation,0.631578947368421,Evonik Corporation
covai corporation,evonik corporation,0.8,Evonik Corporation
covai corporation,basf corporation,0.7878787878787878,BASF Corporation
covai corporation,eaton corporation,0.7647058823529411,Eaton Corporation
crysalis biosciences  inc,physical sciences inc.,0.723404255319149,Physical Sciences Inc.
csir - indian institute of chemical technology,institute of chemical technology mumbai,0.7529411764705882,Institute of Chemical Technology Mumbai
csir - indian institute of chemical technology,indian institute of technology ropar,0.7317073170731707,Indian Institute of Technology Ropar
csir - indian institute of chemical technology,indian institute of technology jammu,0.7317073170731707,Indian Institute of Technology Jammu
csir - indian institute of chemical technology,indian institute of technology delhi,0.7317073170731707,Indian Institute of Technology Delhi
csir - indian institute of chemical technology,srm institute of science and technology,0.7294117647058823,SRM Institute of Science and Technology
csir-indian institute of petroleum,indian institute of science,0.7213114754098361,Indian Institute of Science
csir-indian institute of petroleum,china university of petroleum,0.5396825396825397,China University of Petroleum
csir-indian institute of petroleum,indian institute of technology jammu,0.6857142857142857,Indian Institute of Technology Jammu
csir-indian institute of petroleum,indian institute of technology delhi,0.6857142857142857,Indian Institute of Technology Delhi
csir-indian institute of petroleum,indian institute of technology bombay,0.676056338028169,Indian Institute of Technology Bombay
cuny advanced science research center,ibm almaden research center,0.65625,IBM Almaden Research Center
cuny advanced science research center,nasa glenn research center,0.6349206349206349,NASA Glenn Research Center
curtin university,trine university,0.8484848484848485,Trine University
curtin university,auburn university,0.8235294117647058,Auburn University
curtin university,lund university,0.8125,Lund University
curtin university,inha university,0.8125,Inha University
curtin university,tianjin university,0.8,Tianjin University
curtin university  malaysis,the university of maine,0.68,The University of Maine
curtin university  malaysis,university of calgary,0.6666666666666666,University of Calgary
curtin university  malaysis,the university of kansas,0.6666666666666666,The University of Kansas
curtin university  malaysis,university of omaha,0.6521739130434783,University of Omaha
curtin university  malaysis,university of maine,0.6521739130434783,University of Maine
dell medical school  the university of texas at austin,university of texas at austin,0.6987951807228916,University of Texas at Austin
dell medical school  the university of texas at austin,the university of texas at el paso,0.6590909090909091,The University of Texas at El Paso
dell medical school  the university of texas at austin,the university of texas at tyler,0.6511627906976745,The University of Texas at Tyler
department of biological engineering,u.s. department of energy,0.6229508196721312,U.S. Department of Energy
department of biology,u.s. department of energy,0.6956521739130435,U.S. Department of Energy
department of biology and entomology  pennsylvania state university,pennsylvania state university,0.6041666666666666,Pennsylvania State University
department of chemical engineering  massachusetts institute of technology,technion israel institute of technology,0.5178571428571429,Technion Israel Institute of Technology
department of chemical engineering  university of california-santa barbara,university of california santa barbara,0.6607142857142857,University of California Santa Barbara
department of chemical engineering  university of michigan,technical university of munich,0.5909090909090909,Technical University of Munich
department of energy netl,u.s. department of energy,0.8,U.S. Department of Energy
department of mechanical engineering  university of michigan,technical university of munich,0.6222222222222222,Technical University of Munich
division of energy and environment technology  kist school  university of science and technology,east china university of science and technology,0.6153846153846154,East China University of Science and Technology
doe great lakes bioenergy research center,nasa glenn research center,0.6268656716417911,NASA Glenn Research Center
doe netl,netl,0.6666666666666666,NETL
drexel university,ege university,0.8387096774193549,Ege University
drexel university,duke university,0.8125,Duke University
drexel university,widener university,0.7428571428571429,Widener University
drexel university,cornell university,0.8,Cornell University
drexel university,andrews university,0.8,Andrews University
drury university,duke university,0.8387096774193549,Duke University
drury university,purdue university,0.7878787878787878,Purdue University
drury university,auburn university,0.7878787878787878,Auburn University
drury university,aarhus university,0.7878787878787878,Aarhus University
drury university,lund university,0.7741935483870968,Lund University
east carolina university,west virginia university,0.7916666666666666,West Virginia University
east carolina university,north carolina state university,0.7636363636363637,North Carolina State University
east carolina university,western university,0.7619047619047619,Western University
east carolina university,trine university,0.75,Trine University
east carolina university,qatar university,0.75,Qatar University
eastman chemical co,dow chemical company,0.6153846153846154,Dow Chemical Company
eastman chemical co,the dow chemical company,0.6046511627906976,The Dow Chemical Company
embry-riddle aeronautical university,florida atlantic university,0.6349206349206349,Florida Atlantic University
embry-riddle aeronautical university,memorial university,0.6181818181818182,Memorial University
embry-riddle aeronautical university,texas aandm international university,0.5555555555555556,Texas A&M International University
embry-riddle aeronautical university,yantai university,0.49056603773584906,Yantai University
embry-riddle aeronautical university,pukyong national university,0.6031746031746031,Pukyong National University
emmanuel college  university of cambridge,university of cambridge,0.71875,University of Cambridge
energy and environmental research center,ibm almaden research center,0.5373134328358209,IBM Almaden Research Center
energy and environmental research center,state university of new york environmental science,0.4888888888888889,State University of New York Environmental Science
engineering science,gilead sciences,0.6470588235294118,Gilead Sciences
eskisehir osmangazi university,hongik university,0.6808510638297872,Hongik University
eskisehir osmangazi university,western university,0.6666666666666666,Western University
eskisehir osmangazi university,shiv nadar university,0.5882352941176471,Shiv Nadar University
eskisehir osmangazi university,indiana university,0.6666666666666666,Indiana University
eskisehir osmangazi university,boise state university,0.6538461538461539,Boise State University
espci paris  cnrs  psl university,clarkson university,0.6153846153846154,Clarkson University
espci paris  cnrs  psl university,széchenyi istván university,0.5666666666666667,Széchenyi István University
etech ethanol engineering and technology,university of engineering and technology lahore,0.7126436781609196,University of Engineering and Technology Lahore
etech ethanol engineering and technology,clausthal university of technology,0.6216216216216216,Clausthal University of Technology
eth zurich and university of zurich,technical university of munich,0.7384615384615385,Technical University of Munich
eth zurich and university of zurich,american university of beirut,0.6875,American University of Beirut
eth zurich and university of zurich,the university of utah,0.6666666666666666,The University of Utah
eth zurich and university of zurich,south china university of technology,0.647887323943662,South China University of Technology
eth zurich and university of zurich,soka university of america,0.6229508196721312,Soka University of America
ewha womans university,hampton university,0.75,Hampton University
ewha womans university,rowan university,0.7368421052631579,Rowan University
ewha womans university,lamar university,0.7368421052631579,Lamar University
ewha womans university,hoseo university,0.6842105263157895,Hoseo University
ewha womans university,texas aandm university,0.7272727272727273,Texas A&M University
ewha womens university,queens university,0.7692307692307693,Queen's University
ewha womens university,hampton university,0.75,Hampton University
ewha womens university,hoseo university,0.6842105263157895,Hoseo University
ewha womens university,ghent university,0.7368421052631579,Ghent University
ewha womens university,rwth aachen university,0.7272727272727273,RWTH Aachen University
exxonmobil chemical company,dow chemical company,0.7659574468085106,Dow Chemical Company
exxonmobil chemical company,the dow chemical company,0.7450980392156863,The Dow Chemical Company
exxonmobil technology and engineering,shell technology center,0.6,Shell Technology Center
facultad de ingeniería química  universidad nacional del litoral,"faculdade de engenharia, universidade do porto",0.6181818181818182,"Faculdade de Engenharia, Universidade do Porto"
famu-fsu college of engineering  florida state university,famu-fsu college of engineering,0.7045454545454546,FAMU-FSU College of Engineering
federal university of agriculture,federal university of santa catarina,0.7246376811594203,Federal University of Santa Catarina
federal university of agriculture,university of tartu,0.6923076923076923,University of Tartu
federal university of agriculture,the university of maine,0.6785714285714286,The University of Maine
federal university of agriculture,soka university of america,0.6779661016949152,Soka University of America
federal university of agriculture,university of warwick,0.6666666666666666,University of Warwick
federal university of bahia,federal university of santa catarina,0.7936507936507936,Federal University of Santa Catarina
federal university of bahia,university of pavia,0.7391304347826086,University of Pavia
federal university of bahia,university of omaha,0.7391304347826086,University of Omaha
federal university of bahia,the university of utah,0.7346938775510204,The University of Utah
federal university of bahia,the university of maine,0.72,The University of Maine
federal university of campina grande,federal university of santa catarina,0.75,Federal University of Santa Catarina
federal university of campina grande,university of california san diego,0.6857142857142857,University of California San Diego
federal university of campina grande,university of cantabria,0.6101694915254238,University of Cantabria
federal university of campina grande,university of cambridge,0.6779661016949152,University of Cambridge
federal university of campina grande,the university of maine,0.6779661016949152,The University of Maine
florida aandm university-florida state university,louisiana state university,0.6133333333333333,Louisiana State University
florida aandm university-florida state university,north carolina aandt state university,0.627906976744186,North Carolina A&T State University
florida aandm university-florida state university,colorado state university,0.5945945945945946,Colorado State University
florida aandm university-florida state university college of engineering,famu-fsu college of engineering,0.6019417475728155,FAMU-FSU College of Engineering
florida agricultural and mechanical university,north carolina agricultural and technical state university,0.7884615384615384,North Carolina Agricultural & Technical State University
florida agricultural and mechanical university,florida atlantic university,0.6027397260273972,Florida Atlantic University
florida agricultural and mechanical university,australian national university,0.631578947368421,Australian National University
florida agricultural and mechanical university,michigan technological university,0.6075949367088608,Michigan Technological University
forest products laboratory,pacific northwest national laboratory,0.6031746031746031,Pacific Northwest National Laboratory
fortum waste solutions oy,synt solutions,0.5641025641025641,Synt Solutions
fractionation research inc,national research council cnr,0.6545454545454545,National Research Council (CNR)
friedrich schiller university,georgia southern university,0.6428571428571429,Georgia Southern University
friedrich schiller university,rwth aachen university,0.5882352941176471,RWTH Aachen University
friedrich schiller university,mcgill university,0.6521739130434783,McGill University
friedrich schiller university,wichita state university,0.6415094339622641,Wichita State University
friedrich schiller university,manchester university,0.64,Manchester University
general motors corporation,eaton corporation,0.7441860465116279,Eaton Corporation
general motors corporation,basf corporation,0.6666666666666666,BASF Corporation
general motors corporation,evonik corporation,0.6363636363636364,Evonik Corporation
georgetown university,rowan university,0.8108108108108109,Rowan University
georgetown university,brown university,0.8108108108108109,Brown University
georgetown university,cape breton university,0.7906976744186046,Cape Breton University
georgetown university,princeton university,0.7804878048780488,Princeton University
georgetown university,korea university,0.7567567567567568,Korea University
georgia institute of technology and emory university,georgia institute of technology,0.7469879518072289,Georgia Institute of Technology
georgia institute of technology and emory university,indian institute of technology jammu,0.6818181818181818,Indian Institute of Technology Jammu
georgia institute of technology and emory university,indian institute of technology delhi,0.6818181818181818,Indian Institute of Technology Delhi
georgia institute of technology and emory university,florida institute of technology,0.6746987951807228,Florida Institute of Technology
georgia institute of technology and emory university,indian institute of technology roorkee,0.6666666666666666,Indian Institute of Technology Roorkee
georgia institute of technology college of engineering,georgia institute of technology,0.7294117647058823,Georgia Institute of Technology
georgia institute of technology college of engineering,indian institute of technology roorkee,0.6739130434782609,Indian Institute of Technology Roorkee
georgia institute of technology college of engineering,florida institute of technology,0.6588235294117647,Florida Institute of Technology
georgia institute of technology college of engineering,indian institute of technology delhi,0.6444444444444445,Indian Institute of Technology Delhi
georgia institute of technology college of engineering,vellore institute of technology,0.6352941176470588,Vellore Institute of Technology
georgia tech and emory university,georgia southern university,0.7333333333333333,Georgia Southern University
georgia tech and emory university,texas tech university,0.6666666666666666,Texas Tech University
georgia tech and emory university,louisiana tech university,0.6551724137931034,Louisiana Tech University
georgia tech and emory university,texas aandm university,0.6545454545454545,Texas A&M University
georgia tech and emory university,florida atlantic university,0.6333333333333333,Florida Atlantic University
georgia tech university,georgia southern university,0.84,Georgia Southern University
georgia tech university,texas tech university,0.8181818181818182,Texas Tech University
georgia tech university,louisiana tech university,0.7916666666666666,Louisiana Tech University
georgia tech university,earth university,0.7692307692307693,EARTH University
georgia tech university,memorial university,0.7619047619047619,Memorial University
gharda institute of technology lavel,harbin institute of technology,0.8181818181818182,Harbin Institute of Technology
gharda institute of technology lavel,georgia institute of technology,0.8059701492537313,Georgia Institute of Technology
gharda institute of technology lavel,florida institute of technology,0.8059701492537313,Florida Institute of Technology
gharda institute of technology lavel,indian institute of technology delhi,0.7777777777777778,Indian Institute of Technology Delhi
gharda institute of technology lavel,chiba institute of technology,0.8,Chiba Institute of Technology
giv group,inga group,0.7368421052631579,Inga Group
greenpack technologies,freeman technology,0.7,Freeman Technology
greenpack technologies,em ai technology,0.631578947368421,EM AI Technology
greenpack technologies,aspen technology inc.,0.6046511627906976,Aspen Technology Inc.
gsk medicines research centre,nasa glenn research center,0.6545454545454545,NASA Glenn Research Center
gsk medicines research centre,ibm almaden research center,0.6785714285714286,IBM Almaden Research Center
gsk randd,edf randd,0.6666666666666666,EDF R&D
gti energy,feed energy,0.6666666666666666,Feed Energy
guangzhou institute of energy conversion,korea institute of energy technology,0.6578947368421053,Korea Institute of Energy Technology
guangzhou institute of energy conversion,indian institute of technology ropar,0.6052631578947368,Indian Institute of Technology Ropar
guangzhou institute of energy conversion,indian institute of technology delhi,0.6052631578947368,Indian Institute of Technology Delhi
guangzhou institute of energy conversion,indian institute of technology bhu varanasi,0.5783132530120482,Indian Institute of Technology (BHU) Varanasi
guild associates,gilead sciences,0.6451612903225806,Gilead Sciences
gyeongsang national university,pukyong national university,0.8421052631578947,Pukyong National University
gyeongsang national university,pusan national university,0.8363636363636363,Pusan National University
gyeongsang national university,kongju national university,0.8214285714285714,Kongju National University
gyeongsang national university,kangwon national university,0.8070175438596491,Kangwon National University
gyeongsang national university,yokohama national university,0.7931034482758621,Yokohama National University
hamad bin khalifa university,khalifa university,0.782608695652174,Khalifa University
hamad bin khalifa university,inha university,0.6976744186046512,Inha University
hamad bin khalifa university,yokohama national university,0.7142857142857143,Yokohama National University
hamad bin khalifa university,yantai university,0.6222222222222222,Yantai University
hamad bin khalifa university,vanderbilt university,0.6530612244897959,Vanderbilt University
hanyang university,chang gung university,0.8205128205128205,Chang Gung University
hanyang university,zhejiang university,0.8108108108108109,Zhejiang university
hanyang university,yantai university,0.8,Yantai University
hanyang university,nagoya university,0.8,Nagoya University
hanyang university,hongik university,0.8,Hongik University
harris lab at purdue university,purdue university,0.7083333333333334,Purdue University
harris lab at purdue university,harvard university,0.6938775510204082,Harvard University
harris lab at purdue university,arizona state university,0.6545454545454545,Arizona State University
harris lab at purdue university,iowa state university,0.6153846153846154,Iowa State University
harris lab at purdue university,north carolina state university,0.6129032258064516,North Carolina State University
harvard college,augsburg college,0.6451612903225806,Augsburg College
harvard college,lafayette college,0.625,Lafayette College
harvard college,dartmouth college,0.625,Dartmouth College
harvey mudd college,dartmouth college,0.6666666666666666,Dartmouth College
health research institute,paul scherrer institute,0.625,Paul Scherrer Institute
health research institute,rensselaer polytechnic institute,0.631578947368421,Rensselaer Polytechnic Institute
health research institute,the cyprus institute,0.6666666666666666,The Cyprus Institute
helical energy,feed energy,0.64,Feed Energy
hemocleanse technologies  llc,aspen technology inc.,0.56,Aspen Technology Inc.
high performance materials institute  florida state university,virginia polytechnic institute and state university,0.6548672566371682,Virginia Polytechnic Institute and State University
higher collages of technology,vellore institute of technology,0.6333333333333333,Vellore Institute of Technology
higher collages of technology,hamburg university of technology,0.6229508196721312,Hamburg University of Technology
higher collages of technology,em ai technology,0.5333333333333333,EM AI Technology
higher collages of technology,izmir institute of technology,0.6206896551724138,Izmir Institute of Technology
higher collages of technology,graz university of technology,0.6206896551724138,Graz University of Technology
hiroshima university,ohio university,0.8,Ohio University
hiroshima university,inha university,0.7428571428571429,Inha University
hiroshima university,rowan university,0.7777777777777778,Rowan University
hiroshima university,hoseo university,0.7777777777777778,Hoseo University
hiroshima university,lehigh university,0.7567567567567568,Lehigh University
hiroshima university at japan,ohio university,0.6363636363636364,Ohio University
hiroshima university at japan,inha university,0.5909090909090909,Inha University
hiroshima university at japan,rowan university,0.6222222222222222,Rowan University
hiroshima university at japan,hoseo university,0.6222222222222222,Hoseo University
hiroshima university at japan,soka university of america,0.5818181818181818,Soka University of America
hkust,kaust,0.8,KAUST
hkust,kist,0.6666666666666666,KIST
hkust,unist,0.6,UNIST
honeywell,cornell,0.625,Cornell
hope college,lafayette college,0.6206896551724138,Lafayette College
hope college,dartmouth college,0.6206896551724138,Dartmouth College
ials consulting,process consultant,0.6060606060606061,Process Consultant
ifce,aiche,0.6666666666666666,AIChE
ifpen,riken,0.6,Riken
iit mumbai,iit madras,0.6,IIT Madras
iitm,instm,0.6666666666666666,INSTM
illinois state geological survey,illinois state university,0.6666666666666666,Illinois State University
imperial college london  south kensington,imperial college london,0.71875,Imperial College London
imperial college london  south kensington,medical college of wisconsin,0.5217391304347826,Medical College of Wisconsin
independent researcher,nasa glenn research center,0.625,NASA Glenn Research Center
independent researcher,ibm almaden research center,0.6122448979591837,IBM Almaden Research Center
indian   institute of science education and research  bhopal,srm institute of science and technology,0.6262626262626263,SRM Institute of Science and Technology
indian   institute of science education and research  bhopal,indian institute of science,0.6206896551724138,Indian Institute of Science
indian   institute of science education and research  bhopal,korea advanced institute of science and technology,0.6181818181818182,Korea Advanced Institute of Science and Technology
indian   institute of science education and research  bhopal,korean institute science and technology,0.6060606060606061,Korean Institute Science and Technology
indian institute of science education and research  bhopal,srm institute of science and technology,0.6391752577319587,SRM Institute of Science and Technology
indian institute of science education and research  bhopal,indian institute of science,0.6352941176470588,Indian Institute of Science
indian institute of science education and research  bhopal,korea advanced institute of science and technology,0.6296296296296297,Korea Advanced Institute of Science and Technology
indian institute of science education and research  bhopal,korean institute science and technology,0.6185567010309279,Korean Institute Science and Technology
indian institute of technology kharagpur kharagpur,indian institute of technology bhu varanasi,0.7741935483870968,Indian Institute of Technology (BHU) Varanasi
indian institute of technology kharagpur kharagpur,indian institute of technology roorkee,0.7272727272727273,Indian Institute of Technology Roorkee
indian institute of technology kharagpur kharagpur,indian institute of technology ropar,0.7674418604651163,Indian Institute of Technology Ropar
indian institute of technology kharagpur kharagpur,indian institute of technology jammu,0.7674418604651163,Indian Institute of Technology Jammu
indian institute of technology kharagpur kharagpur,indian institute of technology delhi,0.7441860465116279,Indian Institute of Technology Delhi
indian institute of technology roorkee  uttarakhand  india,indian institute of technology roorkee,0.7916666666666666,Indian Institute of Technology Roorkee
indian institute of technology roorkee  uttarakhand  india,indian institute of technology ropar,0.7446808510638298,Indian Institute of Technology Ropar
indian institute of technology roorkee  uttarakhand  india,indian institute of technology guwahati,0.7422680412371134,Indian Institute of Technology Guwahati
indian institute of technology roorkee  uttarakhand  india,indian institute of technology bhu varanasi,0.7326732673267327,Indian Institute of Technology (BHU) Varanasi
indian institute of technology roorkee  uttarakhand  india,indian institute of technology delhi,0.723404255319149,Indian Institute of Technology Delhi
ingredion incorporated,eaton corporation,0.6153846153846154,Eaton Corporation
ingredion incorporated,evonik corporation,0.6,Evonik Corporation
institute for basic science,institute of science tokyo,0.7169811320754716,Institute of Science Tokyo
institute for basic science,indian institute of science,0.7037037037037037,Indian Institute of Science
institute for energy and materials  universidad san francisco de quito usfq,universidad san francisco de quito,0.6238532110091743,Universidad San Francisco de Quito
institute for regenerative medicine  wake forest school of medicine,wake forest school of medicine,0.6185567010309279,Wake Forest School of Medicine
institute of automation and control  graz university of technology,national university of technology,0.6666666666666666,National University of Technology
institute of automation and control  graz university of technology,south china university of technology,0.5490196078431373,South China University of Technology
institute of automation and control  graz university of technology,graz university of technology,0.6105263157894737,Graz University of Technology
institute of automation and control  graz university of technology,eindhoven university of technology,0.58,Eindhoven University of Technology
institute of automation and control  graz university of technology,clausthal university of technology,0.58,Clausthal University of Technology
institute of chemical research of catalonia,institute of chemical technology mumbai,0.7073170731707317,Institute of Chemical Technology Mumbai
institute of chemical research of catalonia,tata institute of fundamental research,0.6172839506172839,Tata Institute of Fundamental Research
institute of chemical research of catalonia,vtt technical research centre of finland,0.6024096385542169,VTT Technical Research Centre of Finland
institute of particle technology,institute of chemical technology mumbai,0.7605633802816901,Institute of Chemical Technology Mumbai
institute of particle technology,tokyo institute of technology,0.7540983606557377,Tokyo institute of technology
institute of particle technology,kyoto institute of technology,0.7540983606557377,Kyoto Institute of Technology
institute of particle technology,izmir institute of technology,0.7540983606557377,Izmir Institute of Technology
institute of particle technology,chiba institute of technology,0.7540983606557377,Chiba Institute of Technology
institute of separation science and technology  friedrich-alexander-university erlangen-nürnberg,friedrich-alexander-universität erlangen-nürnberg,0.6482758620689655,Friedrich-Alexander-Universität Erlangen-Nürnberg
institute of zhejiang university-quzhou,zhejiang university,0.6551724137931034,Zhejiang university
institute of zhejiang university-quzhou,xian jiaotong university,0.6031746031746031,Xi'an Jiaotong University
institution los alamos national laboratory,los alamos national laboratory,0.8333333333333334,Los Alamos National Laboratory
institution los alamos national laboratory,idaho national laboratory,0.6567164179104478,Idaho National Laboratory
institution los alamos national laboratory,brookhaven national laboratory,0.5833333333333334,Brookhaven National Laboratory
institution los alamos national laboratory,argonne national laboratory,0.6376811594202898,Argonne National Laboratory
institution los alamos national laboratory,sandia national laboratories,0.6,Sandia National Laboratories
instituto de ciencias aplicadas y tecnología,srm institute of science and technology,0.6506024096385542,SRM Institute of Science and Technology
instituto de ciencias aplicadas y tecnología,korean institute science and technology,0.6506024096385542,Korean Institute Science and Technology
instituto de investigaciones biomédicas  unam,consejo superior de investigaciones científicas,0.6304347826086957,Consejo Superior de Investigaciones Científicas
instituto superior técnico  universidade de lisboa,universidade de lisboa,0.6111111111111112,Universidade De Lisboa
intec,sinopec,0.6666666666666666,SINOPEC
intec,imec,0.6666666666666666,imec
intec,linde,0.6,Linde
intec,instm,0.6,INSTM
international institute for nanotechnology,technion israel institute of technology,0.7654320987654321,Technion Israel Institute of Technology
international institute for nanotechnology,national institute of standards and technology,0.75,National Institute of Standards and Technology
international institute for nanotechnology,kth royal institute of technology,0.7466666666666667,KTH Royal Institute of Technology
international institute for nanotechnology,visvesvaraya national institute of technology nagpur,0.723404255319149,Visvesvaraya National Institute of Technology Nagpur
international institute for nanotechnology,georgia institute of technology,0.684931506849315,Georgia Institute of Technology
iran university of medical science,university of maine,0.6037735849056604,University of Maine
iran university of medical science,university of texas medical branch,0.7058823529411765,University of Texas Medical Branch
iran university of medical science,the university of maine,0.5964912280701754,The University of Maine
iran university of medical science,soka university of america,0.7,Soka University of America
iran university of medical science,university of miami,0.6792452830188679,University of Miami
iran university of medical sciences,university of maine,0.5925925925925926,University of Maine
iran university of medical sciences,university of texas medical branch,0.6956521739130435,University of Texas Medical Branch
iran university of medical sciences,the university of maine,0.5862068965517241,The University of Maine
iran university of medical sciences,soka university of america,0.6885245901639344,Soka University of America
iran university of medical sciences,washington university school of medicine,0.64,Washington University School of Medicine
israel institute of technology technion,indian institute of technology delhi,0.8,Indian Institute of Technology Delhi
israel institute of technology technion,technion israel institute of technology,0.7692307692307693,Technion Israel Institute of Technology
israel institute of technology technion,izmir institute of technology,0.7647058823529411,Izmir Institute of Technology
israel institute of technology technion,chiba institute of technology,0.7647058823529411,Chiba Institute of Technology
israel institute of technology technion,kth royal institute of technology,0.75,KTH Royal Institute of Technology
jacobs technology inc,aspen technology inc.,0.8095238095238095,Aspen Technology Inc.
jacobs technology inc,em ai technology,0.6486486486486487,EM AI Technology
jacobs technology inc,shell technology center,0.6363636363636364,Shell Technology Center
jacobs technology inc,freeman technology,0.6153846153846154,Freeman Technology
jfe steel corporation,eaton corporation,0.7368421052631579,Eaton Corporation
jfe steel corporation,basf corporation,0.7027027027027027,BASF Corporation
jfe steel corporation,evonik corporation,0.6666666666666666,Evonik Corporation
johns hopkins applied physics laboratory,johns hopkins university,0.625,Johns Hopkins University
johns hopkins school of medicine,wake forest school of medicine,0.6774193548387096,Wake Forest School of Medicine
johns hopkins school of medicine,washington university school of medicine,0.6388888888888888,Washington University School of Medicine
johns hopkins school of medicine,penn state college of medicine,0.6129032258064516,Penn State College of Medicine
johns hopkins university applied physics laboratory,johns hopkins university,0.64,Johns Hopkins University
johns hopkins university school of medicine,washington university school of medicine,0.7951807228915663,Washington University School of Medicine
johns hopkins university school of medicine,johns hopkins university,0.7164179104477612,Johns Hopkins University
johns hopkins university school of medicine,wake forest school of medicine,0.6027397260273972,Wake Forest School of Medicine
johns hopkins university school of medicine,soka university of america,0.6086956521739131,Soka University of America
johns hopkins university school of medicine,the university of maine,0.6060606060606061,The University of Maine
johnson matthey technology centre,shell technology center,0.7142857142857143,Shell Technology Center
johnson matthey technology centre,johnson matthey,0.625,Johnson Matthey
jsol corporation,basf corporation,0.8125,BASF Corporation
jsol corporation,eaton corporation,0.7878787878787878,Eaton Corporation
jsol corporation,evonik corporation,0.7647058823529411,Evonik Corporation
kanagawa academy of science and technology,pohang university of science and technology,0.7529411764705882,Pohang University of Science and Technology
kanagawa academy of science and technology,university of science and technology,0.7435897435897436,University of Science and Technology
kanagawa academy of science and technology,east china university of science and technology,0.7191011235955056,East China University of Science and Technology
kanagawa academy of science and technology,norwegian university of science and technology,0.7045454545454546,Norwegian University of Science and Technology
kanagawa academy of science and technology,hong kong university of science and technology,0.7272727272727273,Hong Kong University of Science and Technology
kaneka corporation,eaton corporation,0.8,Eaton Corporation
kaneka corporation,evonik corporation,0.7222222222222222,Evonik Corporation
kaneka corporation,basf corporation,0.7647058823529411,BASF Corporation
kangwon national university  samcheok campus,kangwon national university,0.7605633802816901,Kangwon National University
kangwon national university  samcheok campus,hankyong national university,0.6666666666666666,Hankyong National University
kangwon national university  samcheok campus,kyungpook national university,0.6575342465753424,Kyungpook National University
kangwon national university  samcheok campus,kongju national university,0.6571428571428571,Kongju National University
kangwon national university  samcheok campus,pukyong national university,0.647887323943662,Pukyong National University
kansas university medical center,university of mississippi medical center,0.6944444444444444,University of Mississippi Medical Center
kansas university medical center,soka university of america,0.6551724137931034,Soka University of America
kansas university medical center,university of connecticut health center,0.647887323943662,University of Connecticut Health Center
kansas university medical center,university of rochester,0.5454545454545454,University of Rochester
kansas university medical center,kansas state university,0.6181818181818182,Kansas State University
kbc advanced technologies inc,aspen technology inc.,0.64,Aspen Technology Inc.
king abdullah university of science and technology,pohang university of science and technology,0.8387096774193549,Pohang University of Science and Technology
king abdullah university of science and technology,university of science and technology,0.8372093023255814,University of Science and Technology
king abdullah university of science and technology,norwegian university of science and technology,0.8125,Norwegian University of Science and Technology
king abdullah university of science and technology,hong kong university of science and technology,0.8333333333333334,Hong Kong University of Science and Technology
king abdullah university of science and technology,hebei university of science and technology,0.8260869565217391,Hebei University of Science and Technology
king khalid university,inha university,0.8108108108108109,Inha University
king khalid university,tunghai university,0.8,Tunghai University
king khalid university,khalifa university,0.8,Khalifa University
king khalid university,tsinghua university,0.7804878048780488,Tsinghua university
king khalid university,miami university,0.7368421052631579,Miami University
king s college london,imperial college london,0.7272727272727273,Imperial College London
kinga abdullah university of science and technology,pohang university of science and technology,0.8297872340425532,Pohang University of Science and Technology
kinga abdullah university of science and technology,university of science and technology,0.8275862068965517,University of Science and Technology
kinga abdullah university of science and technology,norwegian university of science and technology,0.8041237113402062,Norwegian University of Science and Technology
kinga abdullah university of science and technology,hong kong university of science and technology,0.8247422680412371,Hong Kong University of Science and Technology
kinga abdullah university of science and technology,hebei university of science and technology,0.8172043010752689,Hebei University of Science and Technology
kitech,koreatech,0.6666666666666666,KOREATECH
kitech,kist,0.6,KIST
kitech,imec,0.6,imec
kookmin university,koc university,0.8125,Koc University
kookmin university,tohoku university,0.8,Tohoku University
kookmin university,ohio university,0.7878787878787878,Ohio University
kookmin university,inha university,0.7878787878787878,Inha University
kookmin university,old dominion university,0.7804878048780488,Old Dominion University
korea institute of energy research,korea institute of energy technology,0.8285714285714286,Korea Institute of Energy Technology
korea institute of energy research,tata institute of fundamental research,0.7222222222222222,Tata Institute of Fundamental Research
korea institute of energy research,indian institute of technology ropar,0.6571428571428571,Indian Institute of Technology Ropar
korea institute of energy research,korea institute of industrial technology,0.6216216216216216,Korea Institute of Industrial Technology
korea institute of energy research,korean institute science and technology,0.5753424657534246,Korean Institute Science and Technology
korea institute of science and technology  korea university,korean institute science and technology,0.7755102040816326,Korean Institute Science and Technology
korea institute of science and technology  korea university,srm institute of science and technology,0.7551020408163265,SRM Institute of Science and Technology
korea institute of science and technology  korea university,korea advanced institute of science and technology,0.7522935779816514,Korea Advanced Institute of Science and Technology
korea institute of science and technology  korea university,korea institute of energy technology,0.6947368421052632,Korea Institute of Energy Technology
korea institute of science and technology  korea university,korea institute of industrial technology,0.6666666666666666,Korea Institute of Industrial Technology
korea research institute of chemical technology,korea advanced institute of science and technology,0.7422680412371134,Korea Advanced Institute of Science and Technology
korea research institute of chemical technology,korea institute of industrial technology,0.7586206896551724,Korea Institute of Industrial Technology
korea research institute of chemical technology,korea institute of energy technology,0.7469879518072289,Korea Institute of Energy Technology
korea research institute of chemical technology,institute of chemical technology mumbai,0.7441860465116279,Institute of Chemical Technology Mumbai
korea research institute of chemical technology,srm institute of science and technology,0.6976744186046512,SRM Institute of Science and Technology
krict,kist,0.6666666666666666,KIST
kwangwoon university,kangwon national university,0.8085106382978723,Kangwon National University
kwangwoon university,rowan university,0.7777777777777778,Rowan University
kwangwoon university,nihon university,0.7777777777777778,Nihon University
kwangwoon university,maynooth university,0.7692307692307693,Maynooth University
kwangwoon university,kumamoto university,0.7692307692307693,Kumamoto University
kyung hee university,kyushu university,0.8108108108108109,Kyushu University
kyung hee university,tunghai university,0.7894736842105263,Tunghai University
kyung hee university,ghent university,0.7777777777777778,Ghent University
kyung hee university,yeungnam university,0.7692307692307693,Yeungnam University
kyung hee university,tuskegee university,0.7692307692307693,Tuskegee University
laboratory for chemical technology,beijing university of chemical technology,0.6933333333333334,Beijing University of Chemical Technology
laboratory for chemical technology,institute of chemical technology mumbai,0.6027397260273972,Institute of Chemical Technology Mumbai
laboratory for chemical technology,freeman technology,0.5769230769230769,Freeman Technology
laboratory for chemical technology,university of science and technology,0.6,University of Science and Technology
lakril technologies corporation,evonik corporation,0.5306122448979592,Evonik Corporation
lam research corporation,basf corporation,0.7,BASF Corporation
lam research corporation,eaton corporation,0.6829268292682927,Eaton Corporation
lam research corporation,army research lab,0.6341463414634146,Army Research Lab
lam research corporation,evonik corporation,0.6190476190476191,Evonik Corporation
lamar university university of louisville,university of louisville,0.7384615384615385,University of Louisville
lamar university university of louisville,aristotle university of thessaloniki,0.5974025974025974,Aristotle University of Thessaloniki
lamar university university of louisville,american university of beirut,0.6,American University of Beirut
lawrence berkeley national laboratory,argonne national laboratory,0.71875,Argonne National Laboratory
lawrence berkeley national laboratory,savannah river national laboratory,0.676056338028169,Savannah River National Laboratory
lawrence berkeley national laboratory,oak ridge national laboratory,0.696969696969697,Oak Ridge National Laboratory
lawrence berkeley national laboratory,brookhaven national laboratory,0.6865671641791045,Brookhaven National Laboratory
lawrence berkeley national laboratory,idaho national laboratory,0.6774193548387096,Idaho National Laboratory
lawrence livermore national lab,savannah river national laboratory,0.5846153846153846,Savannah River National Laboratory
lawrence livermore national laboratory,savannah river national laboratory,0.7222222222222222,Savannah River National Laboratory
lawrence livermore national laboratory,argonne national laboratory,0.7384615384615385,Argonne National Laboratory
lawrence livermore national laboratory,los alamos national laboratory,0.7058823529411765,Los Alamos National Laboratory
lawrence livermore national laboratory,idaho national laboratory,0.6984126984126984,Idaho National Laboratory
lawrence livermore national laboratory,pacific northwest national laboratory,0.6666666666666666,Pacific Northwest National Laboratory
lbnl,lanl,0.75,LANL
lehman college  the city university of new york,columbia university in the city of new york,0.6,Columbia University in the City of New York
leidos inc,dow inc.,0.6666666666666666,Dow Inc.
liangzhu laboratory  zhejiang university,zhejiang university,0.6440677966101694,Zhejiang university
liangzhu laboratory  zhejiang university,xian jiaotong university,0.625,Xi'an Jiaotong University
linde plc,linde,0.7142857142857143,Linde
loyola university chicago,soka university of america,0.6666666666666666,Soka University of America
loyola university chicago,nagoya university,0.6666666666666666,Nagoya University
loyola university chicago,university of illinois chicago,0.6545454545454545,University of Illinois Chicago
loyola university chicago,oakland university,0.6511627906976745,Oakland University
loyola university chicago,ohio university,0.65,Ohio University
lubrizol advanced materials europe bvba,lubrizol advanced materials,0.8181818181818182,Lubrizol Advanced Materials
m-star simulations,synt solutions,0.625,Synt Solutions
macdiarmid institute for advanced materials and nanotechnology,national institute of standards and technology,0.6851851851851852,National Institute of Standards and Technology
macdiarmid institute for advanced materials and nanotechnology,srm institute of science and technology,0.6534653465346535,SRM Institute of Science and Technology
macdiarmid institute for advanced materials and nanotechnology,korea institute of industrial technology,0.6078431372549019,Korea Institute of Industrial Technology
mario negri institute for pharmacological research,tata institute of fundamental research,0.6136363636363636,Tata Institute of Fundamental Research
mars  inc,"mars, inc.",0.8421052631578947,"Mars, Inc."
mars  inc,css inc,0.625,CSS Inc
mars  inc,mayo clinic,0.6,Mayo Clinic
massachusets institute of technology,karlsruhe institute of technology,0.8115942028985508,Karlsruhe Institute of Technology
massachusets institute of technology,caltech institute of technology,0.8059701492537313,Caltech Institute of Technology
massachusets institute of technology,chiba institute of technology,0.8,Chiba Institute of Technology
massachusets institute of technology,tokyo institute of technology,0.7692307692307693,Tokyo institute of technology
massachusets institute of technology,kyoto institute of technology,0.7692307692307693,Kyoto Institute of Technology
massachusetts institue of technology,karlsruhe institute of technology,0.782608695652174,Karlsruhe Institute of Technology
massachusetts institue of technology,caltech institute of technology,0.7761194029850746,Caltech Institute of Technology
massachusetts institue of technology,chiba institute of technology,0.7692307692307693,Chiba Institute of Technology
massachusetts institue of technology,tokyo institute of technology,0.7384615384615385,Tokyo institute of technology
massachusetts institue of technology,kyoto institute of technology,0.7384615384615385,Kyoto Institute of Technology
massachusetts institute of technology,karlsruhe institute of technology,0.8,Karlsruhe Institute of Technology
massachusetts institute of technology,caltech institute of technology,0.7941176470588235,Caltech Institute of Technology
massachusetts institute of technology,chiba institute of technology,0.7878787878787878,Chiba Institute of Technology
massachusetts institute of technology,tokyo institute of technology,0.7575757575757576,Tokyo institute of technology
massachusetts institute of technology,kyoto institute of technology,0.7575757575757576,Kyoto Institute of Technology
massachusetts institute of technology and arizona,karlsruhe institute of technology,0.6829268292682927,Karlsruhe Institute of Technology
massachusetts institute of technology and arizona,caltech institute of technology,0.675,Caltech Institute of Technology
massachusetts institute of technology and arizona,indian institute of technology bhu varanasi,0.6521739130434783,Indian Institute of Technology (BHU) Varanasi
massachusetts institute of technology and arizona,chiba institute of technology,0.6666666666666666,Chiba Institute of Technology
massachusetts institute of technology and arizona,indian institute of technology guwahati,0.6590909090909091,Indian Institute of Technology Guwahati
massachusetts institute of thechnology,karlsruhe institute of technology,0.7887323943661971,Karlsruhe Institute of Technology
massachusetts institute of thechnology,caltech institute of technology,0.782608695652174,Caltech Institute of Technology
massachusetts institute of thechnology,chiba institute of technology,0.7761194029850746,Chiba Institute of Technology
massachusetts institute of thechnology,tokyo institute of technology,0.746268656716418,Tokyo institute of technology
massachusetts institute of thechnology,kyoto institute of technology,0.746268656716418,Kyoto Institute of Technology
materials science and engineering  georgia institute of technology,georgia institute of technology,0.6391752577319587,Georgia Institute of Technology
materials science and engineering  georgia institute of technology,technion israel institute of technology,0.5523809523809524,Technion Israel Institute of Technology
materials science and engineering  georgia institute of technology,karlsruhe institute of technology,0.5858585858585859,Karlsruhe Institute of Technology
materials science and engineering  georgia institute of technology,siddaganga institute of technology,0.58,Siddaganga Institute of Technology
media and process technology inc,aspen technology inc.,0.6415094339622641,Aspen Technology Inc.
mexican institute of petroleum,indian institute of science,0.6666666666666666,Indian Institute of Science
mexican institute of petroleum,georgia institute of technology,0.6557377049180327,Georgia Institute of Technology
mexican institute of petroleum,china university of petroleum,0.6440677966101694,China University of Petroleum
mexican institute of petroleum,chiba institute of technology,0.6440677966101694,Chiba Institute of Technology
mexican institute of petroleum,indian institute of technology jammu,0.6363636363636364,Indian Institute of Technology Jammu
mezzo technologies,em ai technology,0.6470588235294118,EM AI Technology
mezzo technologies,aspen technology inc.,0.6153846153846154,Aspen Technology Inc.
mezzo technologies,freeman technology,0.6111111111111112,Freeman Technology
microsoft research,chevron research,0.7058823529411765,Chevron Research
microsoft research,ibm research uk,0.6060606060606061,IBM Research UK
middle east technical university,michigan technological university,0.7384615384615385,Michigan Technological University
middle east technical university,texas tech university,0.7169811320754716,Texas Tech University
middle east technical university,nanyang technological university,0.6875,Nanyang Technological University
middle east technical university,boise state university,0.6666666666666666,Boise State University
middle east technical university,national technical university of athens,0.647887323943662,National Technical University of Athens
ming chi university of technology,dalian university of technology,0.84375,Dalian University of Technology
ming chi university of technology,south china university of technology,0.8405797101449275,South China University of Technology
ming chi university of technology,graz university of technology,0.8387096774193549,Graz University of Technology
ming chi university of technology,eindhoven university of technology,0.835820895522388,Eindhoven University of Technology
ming chi university of technology,amirkabir university of technology,0.835820895522388,Amirkabir University of Technology
minnesota state university at mankato,iowa state university,0.6896551724137931,Iowa State University
minnesota state university at mankato,montana state university,0.6885245901639344,Montana State University
minnesota state university at mankato,montana state university-northern,0.6571428571428571,Montana State University-Northern
minnesota state university at mankato,south ural state university,0.65625,South Ural State University
minnesota state university at mankato,wichita state university,0.6557377049180327,Wichita State University
mit department of mechanical engineering,u.s. department of energy,0.6153846153846154,U.S. Department of Energy
mit energy initiative  massachusetts institute of technology,new jersey institute of technology,0.6170212765957447,New Jersey Institute of Technology
mit energy initiative  massachusetts institute of technology,georgia institute of technology,0.6373626373626373,Georgia Institute of Technology
mit energy initiative  massachusetts institute of technology,caltech institute of technology,0.6153846153846154,Caltech Institute of Technology
mit energy initiative  massachusetts institute of technology,visvesvaraya national institute of technology nagpur,0.5535714285714286,Visvesvaraya National Institute of Technology Nagpur
mit energy initiative  massachusetts institute of technology,izmir institute of technology,0.6067415730337079,Izmir Institute of Technology
mohammed vi polytechnic university,hampton university,0.6538461538461539,Hampton University
mohammed vi polytechnic university,michigan technological university,0.6567164179104478,Michigan Technological University
mohammed vi polytechnic university,texas tech university,0.6181818181818182,Texas Tech University
mohammed vi polytechnic university,semmelweis university,0.5454545454545454,Semmelweis University
mohammed vi polytechnic university,"california state polytechnic university, pomona",0.6419753086419753,"California State Polytechnic University, Pomona"
monash university,ohio university,0.8125,Ohio University
monash university,inha university,0.8125,Inha University
monash university,masaryk university,0.8,Masaryk University
monash university,hampton university,0.8,Hampton University
monash university,clemson university,0.8,Clemson University
msu,bms,0.6666666666666666,BMS
naias labs,national lab,0.7272727272727273,National Lab
naieel technology,em ai technology,0.7878787878787878,EM AI Technology
naieel technology,freeman technology,0.7428571428571429,Freeman Technology
naieel technology,aspen technology inc.,0.631578947368421,Aspen Technology Inc.
naieel technology,shell technology center,0.65,Shell Technology Center
naieel technology,syntegon technology gmbh,0.6341463414634146,Syntegon Technology GmbH
nasa ames research center - kbr  inc,nasa glenn research center,0.7096774193548387,NASA Glenn Research Center
nasa ames research center - kbr  inc,ibm almaden research center,0.6349206349206349,IBM Almaden Research Center
national academies,national lab,0.6666666666666666,National Lab
national academies,national academy of sciences of ukraine,0.631578947368421,National Academy of Sciences of Ukraine
national academies,sandia national laboratories,0.6086956521739131,Sandia National Laboratories
national energy technology lab,national university of technology,0.7619047619047619,National University of Technology
national energy technology lab,korea institute of energy technology,0.6666666666666666,Korea Institute of Energy Technology
national energy technology lab,syntegon technology gmbh,0.6296296296296297,Syntegon Technology GmbH
national energy technology lab,clausthal university of technology,0.625,Clausthal University of Technology
national energy technology lab,poznan university of technology,0.5573770491803278,Poznan University of Technology
national energy technology laboratory,national renewable energy laboratory,0.7123287671232876,National Renewable Energy Laboratory
national energy technology laboratory,national chemical laboratory,0.7076923076923077,National Chemical Laboratory
national energy technology laboratory,national university of technology,0.6857142857142857,National University of Technology
national energy technology laboratory,idaho national laboratory,0.6129032258064516,Idaho National Laboratory
national energy technology laboratory,korea institute of energy technology,0.6027397260273972,Korea Institute of Energy Technology
national energy technology laboratory lrst,national renewable energy laboratory,0.6666666666666666,National Renewable Energy Laboratory
national energy technology laboratory lrst,national chemical laboratory,0.6571428571428571,National Chemical Laboratory
national energy technology laboratory lrst,national university of technology,0.64,National University of Technology
national fuel cell research center,nasa glenn research center,0.6333333333333333,NASA Glenn Research Center
national fuel cell research center,national research council cnr,0.6666666666666666,National Research Council (CNR)
national fuel cell research center,ibm almaden research center,0.6557377049180327,IBM Almaden Research Center
national institute for communicable diseases,national institute for public health and the environment,0.64,National Institute for Public Health and the Environment
national institute of advanced industrial science and technology,national institute of standards and technology,0.7636363636363637,National Institute of Standards and Technology
national institute of advanced industrial science and technology,korea institute of industrial technology,0.6923076923076923,Korea Institute of Industrial Technology
national institute of advanced industrial science and technology,srm institute of science and technology,0.6990291262135923,SRM Institute of Science and Technology
national institute of advanced industrial science and technology,korean institute science and technology,0.6601941747572816,Korean Institute Science and Technology
national institute of advanced industrial science and technology,korea advanced institute of science and technology,0.6491228070175439,Korea Advanced Institute of Science and Technology
national institute of chemistry,national institutes of health,0.8333333333333334,National Institutes of Health
national institute of chemistry,national institute of standards and technology,0.6493506493506493,National Institute of Standards and Technology
national institute of chemistry,technion israel institute of technology,0.6571428571428571,Technion Israel Institute of Technology
national institute of chemistry,kth royal institute of technology,0.65625,KTH Royal Institute of Technology
national institute of chemistry,harbin institute of technology,0.5901639344262295,Harbin Institute of Technology
national institute of safety and health at work,national institutes of health,0.7368421052631579,National Institutes of Health
national institute of safety and health at work,national institute of standards and technology,0.6881720430107527,National Institute of Standards and Technology
national institute of safety and health at work,national institute for public health and the environment,0.6407766990291263,National Institute for Public Health and the Environment
national institute of standards and technology  brookhaven national laboratory,national institute of standards and technology,0.7419354838709677,National Institute of Standards and Technology
national institute of standards and technology center for neutron research,national institute of standards and technology,0.7666666666666667,National Institute of Standards and Technology
national institute of technology  numazu college,indian institute of technology roorkee,0.7209302325581395,Indian Institute of Technology Roorkee
national institute of technology  numazu college,visvesvaraya national institute of technology nagpur,0.7,Visvesvaraya National Institute of Technology Nagpur
national institute of technology  numazu college,indian institute of technology jammu,0.6904761904761905,Indian Institute of Technology Jammu
national institute of technology  numazu college,harbin institute of technology,0.6410256410256411,Harbin Institute of Technology
national institute of technology  numazu college,kth royal institute of technology,0.691358024691358,KTH Royal Institute of Technology
national laboratory astana  nazarbayev university,national taiwan university,0.6133333333333333,National Taiwan University
national tsing hua university,national cheng kung university,0.8135593220338984,National Cheng Kung University
national tsing hua university,national taiwan university,0.8363636363636363,National Taiwan University
national tsing hua university,tsinghua university,0.7916666666666666,Tsinghua university
national tsing hua university,national yang ming chiao tung university,0.7536231884057971,National Yang Ming Chiao Tung University
national tsing hua university,arizona state university,0.7169811320754716,Arizona State University
national university of colombia or purdue university,national university of technology,0.6588235294117647,National University of Technology
national university of colombia or purdue university,university of colorado denver,0.6419753086419753,University of Colorado Denver
national university of science and technology politehnica,university of science and technology of china,0.803921568627451,University of Science and Technology of China
national university of science and technology politehnica,pohang university of science and technology,0.76,Pohang University of Science and Technology
national university of science and technology politehnica,norwegian university of science and technology,0.7766990291262136,Norwegian University of Science and Technology
national university of science and technology politehnica,university of science and technology,0.7741935483870968,University of Science and Technology
national university of science and technology politehnica,hebei university of science and technology,0.7676767676767676,Hebei University of Science and Technology
natural resources canada  canmetenergy,natural resources canada,0.7741935483870968,Natural Resources Canada
naval research laboratory,national renewable energy laboratory,0.6885245901639344,National Renewable Energy Laboratory
naval research laboratory,national chemical laboratory,0.6792452830188679,National Chemical Laboratory
naval research laboratory,army research lab,0.6666666666666666,Army Research Lab
naval research laboratory,nasa glenn research center,0.5882352941176471,NASA Glenn Research Center
naval research laboratory,savannah river national laboratory,0.6101694915254238,Savannah River National Laboratory
naval research labratory,army research lab,0.6829268292682927,Army Research Lab
naval research labratory,national renewable energy laboratory,0.6666666666666666,National Renewable Energy Laboratory
naval research labratory,national chemical laboratory,0.6538461538461539,National Chemical Laboratory
naval research labratory,nasa glenn research center,0.6,NASA Glenn Research Center
naval research labratory,national research council cnr,0.6037735849056604,National Research Council (CNR)
ndiana university bloomington,indiana university,0.723404255319149,Indiana University
ndiana university bloomington,university of wyoming,0.68,University of Wyoming
ndiana university bloomington,university of washington,0.6792452830188679,University of Washington
ndiana university bloomington,brunel university london,0.6792452830188679,Brunel University London
ndiana university bloomington,university of oregon,0.6530612244897959,University of Oregon
nestlé product technology centre,shell technology center,0.6909090909090909,Shell Technology Center
nestlé research,chevron research,0.6451612903225806,Chevron Research
nestlé research,ibm research uk,0.6,IBM Research UK
new jersey center for microchemical systems  stevens institute of technology,new jersey institute of technology,0.6181818181818182,New Jersey Institute of Technology
new mexico institute of mining and technology,srm institute of science and technology,0.7619047619047619,SRM Institute of Science and Technology
new mexico institute of mining and technology,new jersey institute of technology,0.7341772151898734,New Jersey Institute of Technology
new mexico institute of mining and technology,national institute of standards and technology,0.7252747252747253,National Institute of Standards and Technology
new mexico institute of mining and technology,korea institute of energy technology,0.691358024691358,Korea Institute of Energy Technology
new mexico institute of mining and technology,korean institute science and technology,0.6904761904761905,Korean Institute Science and Technology
new york university,baylor university,0.7777777777777778,Baylor University
new york university,widener university,0.7567567567567568,Widener University
new york university,andrews university,0.7567567567567568,Andrews University
new york university,trine university,0.7428571428571429,Trine University
new york university,nihon university,0.7428571428571429,Nihon University
new york university  tandon school of engineering,washington university school of medicine,0.6292134831460674,Washington University School of Medicine
new york university langone health,the university of utah,0.5357142857142857,The University of Utah
new york university tandon school of engineering,washington university school of medicine,0.6363636363636364,Washington University School of Medicine
newcastle university,mcmaster university,0.8205128205128205,McMaster University
newcastle university,western university,0.7894736842105263,Western University
newcastle university,andrews university,0.7894736842105263,Andrews University
newcastle university,texas tech university,0.7804878048780488,Texas Tech University
newcastle university,iowa state university,0.7804878048780488,Iowa State University
nexight group,inga group,0.6956521739130435,Inga Group
ningbo tech university,tennessee tech university,0.7659574468085106,Tennessee Tech University
ningbo tech university,groningen university,0.7619047619047619,Groningen University
ningbo tech university,inha university,0.7567567567567568,Inha University
ningbo tech university,texas tech university,0.7441860465116279,Texas Tech University
ningbo tech university,iowa state university,0.7441860465116279,Iowa State University
nist center for neutron research  national institute of standards and technology,national institute of standards and technology,0.7301587301587301,National Institute of Standards and Technology
njit,unist,0.6666666666666666,UNIST
nl chemical technology  inc,institute of chemical technology mumbai,0.696969696969697,Institute of Chemical Technology Mumbai
nl chemical technology  inc,aspen technology inc.,0.6666666666666666,Aspen Technology Inc.
nl chemical technology  inc,em ai technology,0.6511627906976745,EM AI Technology
nl chemical technology  inc,shell technology center,0.64,Shell Technology Center
nl chemical technology  inc,freeman technology,0.6222222222222222,Freeman Technology
northern arizona university,northumbria university,0.7755102040816326,Northumbria University
northern arizona university,southern arkansas university,0.8,Southern Arkansas University
northern arizona university,northwestern university,0.76,Northwestern University
northern arizona university,north carolina state university,0.7586206896551724,North Carolina State University
northern arizona university,kangwon national university,0.7407407407407407,Kangwon National University
norwegian institute for air research,tata institute of fundamental research,0.6486486486486487,Tata Institute of Fundamental Research
norwegian institute for air research,georgia institute of technology,0.6268656716417911,Georgia Institute of Technology
norwegian institute for air research,korea institute of energy technology,0.5833333333333334,Korea Institute of Energy Technology
norwegian institute for air research,indian institute of science,0.6349206349206349,Indian Institute of Science
nottingham trent university,ghent university,0.7441860465116279,Ghent University
nottingham trent university,tsinghua university,0.7391304347826086,Tsinghua university
nottingham trent university,groningen university,0.723404255319149,Groningen University
nottingham trent university,national taiwan university,0.7169811320754716,National Taiwan University
nottingham trent university,inha university,0.7142857142857143,Inha University
nrel,netl,0.75,NETL
nrel,henkel,0.6,Henkel
nsf s chemmatcars  university of chicago,national university of singapore,0.6111111111111112,National University of Singapore
nsf s chemmatcars  university of chicago,soka university of america,0.6060606060606061,Soka University of America
nsf s chemmatcars  university of chicago,south china university of technology,0.6052631578947368,South China University of Technology
nsf s chemmatcars  university of chicago,the university of akron,0.6031746031746031,The University of Akron
nsf s chemmatcars  university of chicago,national university of technology,0.6027397260273972,National University of Technology
nyu college of dentistry,famu-fsu college of engineering,0.6181818181818182,FAMU-FSU College of Engineering
nyu tandon school of engineering,famu-fsu college of engineering,0.6349206349206349,FAMU-FSU College of Engineering
oak ridge associated universities  us environmental protection agency,state university of new york environmental science,0.6050420168067226,State University of New York Environmental Science
oak ridge institure of science and education,srm institute of science and technology,0.6987951807228916,SRM Institute of Science and Technology
oak ridge institure of science and education,korean institute science and technology,0.6506024096385542,Korean Institute Science and Technology
oak ridge institure of science and education,korea advanced institute of science and technology,0.7021276595744681,Korea Advanced Institute of Science and Technology
oak ridge institure of science and education,institute of science tokyo,0.6285714285714286,Institute of Science Tokyo
oak ridge institure of science and education,indian institute of science,0.5915492957746479,Indian Institute of Science
oak ridge national lab - oak ridge  tn,oak ridge national laboratory,0.746268656716418,Oak Ridge National Laboratory
oak ridge national lab - oak ridge  tn,argonne national laboratory,0.5538461538461539,Argonne National Laboratory
oak ridge national lab - oak ridge  tn,sandia national laboratories,0.6060606060606061,Sandia National Laboratories
ocean college zhejiang university,zhejiang university,0.7307692307692307,Zhejiang university
ocean college zhejiang university,xian jiaotong university,0.6666666666666666,Xi'an Jiaotong University
ocean college zhejiang university,chang gung university,0.6666666666666666,Chang Gung University
ocean college zhejiang university,shenzhen university,0.6538461538461539,Shenzhen University
ocean college zhejiang university,lehigh university,0.6,Lehigh University
oregon health and science university,oregon state university,0.711864406779661,Oregon State University
oregon health and science university,rwth aachen university,0.6551724137931034,RWTH Aachen University
oregon health and science university,montana state university,0.6333333333333333,Montana State University
oregon health and science university,oakland university,0.6296296296296297,Oakland University
oregon health and science university,north carolina state university,0.6268656716417911,North Carolina State University
origin materials,iit madras,0.6153846153846154,IIT Madras
origin materials,lubrizol advanced materials,0.6046511627906976,Lubrizol Advanced Materials
otto von guericke university magdeburg,otto von guericke university,0.8484848484848485,Otto von Guericke University
pacific northwest national laboratory  richland  wa,pacific northwest national laboratory,0.8409090909090909,Pacific Northwest National Laboratory
padova university,nagoya university,0.8235294117647058,Nagoya University
padova university,villanova university,0.8108108108108109,Villanova University
padova university,uppsala university,0.8,Uppsala University
padova university,harvard university,0.8,Harvard University
padova university,rowan university,0.7272727272727273,Rowan University
pakistan institute of nuclear science and technology,srm institute of science and technology,0.8131868131868132,SRM Institute of Science and Technology
pakistan institute of nuclear science and technology,korean institute science and technology,0.7912087912087912,Korean Institute Science and Technology
pakistan institute of nuclear science and technology,korea advanced institute of science and technology,0.7647058823529411,Korea Advanced Institute of Science and Technology
pakistan institute of nuclear science and technology,pohang university of science and technology,0.7157894736842105,Pohang University of Science and Technology
pakistan institute of nuclear science and technology,east china university of science and technology,0.7070707070707071,East China University of Science and Technology
pfizer  inc,pfizer,0.7058823529411765,Pfizer
pfizer  inc,pfizer canada,0.6666666666666666,Pfizer Canada
pfizer inc,pfizer,0.75,Pfizer
pfizer inc,pfizer canada,0.6956521739130435,Pfizer Canada
polish academy of sciences,national academy of sciences of ukraine,0.676923076923077,National Academy of Sciences of Ukraine
polytechnic institute of bragança,worcester polytechnic institute,0.65625,Worcester Polytechnic Institute
polytechnic institute of bragança,rensselaer polytechnic institute,0.6461538461538462,Rensselaer Polytechnic Institute
polytechnic institute of bragança,caltech institute of technology,0.625,Caltech Institute of Technology
polytechnic university of puerto rico,technical university of munich,0.746268656716418,Technical University of Munich
polytechnic university of puerto rico,technical university of denmark,0.7058823529411765,Technical University of Denmark
polytechnic university of puerto rico,china university of petroleum,0.6060606060606061,China University of Petroleum
polytechnic university of puerto rico,"university of puerto rico, mayaguez",0.6944444444444444,"University of Puerto Rico, Mayaguez"
polytechnic university of puerto rico,university of pretoria,0.6779661016949152,University of Pretoria
pontifical catholic university of rio grande do sul,universidade federal do rio grande do sul,0.6086956521739131,Universidade Federal do Rio Grande do Sul
port sunlight laboratory,oak ridge national laboratory,0.6037735849056604,Oak Ridge National Laboratory
postech,koreatech,0.625,KOREATECH
poznań university of medical sciences,soka university of america,0.6984126984126984,Soka University of America
poznań university of medical sciences,university of maine,0.5714285714285714,University of Maine
poznań university of medical sciences,poznan university of technology,0.6764705882352942,Poznan University of Technology
poznań university of medical sciences,university of texas medical branch,0.676056338028169,University of Texas Medical Branch
poznań university of medical sciences,the university of maine,0.5666666666666667,The University of Maine
procter and gamble technical centre,procter and gamble co.,0.7017543859649122,Procter and Gamble Co.
procter and gamble technical centre,procter and gamble,0.6792452830188679,Procter & Gamble
procter and gamble technical centre,"procter and gamble, mason, oh",0.625,"Procter & Gamble, Mason, OH"
purdue university institute of cancer research,the university of manchester,0.5675675675675675,The University of Manchester
purdue university institute of cancer research,tata institute of fundamental research,0.6190476190476191,Tata Institute of Fundamental Research
qingyuan innovation laboratory,idaho national laboratory,0.6545454545454545,Idaho National Laboratory
qingyuan innovation laboratory,brookhaven national laboratory,0.6666666666666666,Brookhaven National Laboratory
qingyuan innovation laboratory,argonne national laboratory,0.6666666666666666,Argonne National Laboratory
qingyuan innovation laboratory,sandia national laboratories,0.6551724137931034,Sandia National Laboratories
qingyuan innovation laboratory,savannah river national laboratory,0.65625,Savannah River National Laboratory
queenmary university of london,university of wollongong,0.7037037037037037,University of Wollongong
queenmary university of london,the university of toledo,0.7037037037037037,The University of Toledo
queenmary university of london,brunel university london,0.7407407407407407,Brunel University London
queenmary university of london,queens university,0.6808510638297872,Queen's University
queenmary university of london,the university of tokyo,0.6792452830188679,The University of Tokyo
queensland university of technology,poznan university of technology,0.8484848484848485,Poznan University of Technology
queensland university of technology,dalian university of technology,0.8484848484848485,Dalian University of Technology
queensland university of technology,national university of technology,0.7941176470588235,National University of Technology
queensland university of technology,graz university of technology,0.8125,Graz University of Technology
queensland university of technology,eindhoven university of technology,0.8115942028985508,Eindhoven University of Technology
rajiv gandhi institute of petroleum technology,korea institute of energy technology,0.7073170731707317,Korea Institute of Energy Technology
rajiv gandhi institute of petroleum technology,florida institute of technology,0.6753246753246753,Florida Institute of Technology
rajiv gandhi institute of petroleum technology,siddaganga institute of technology,0.7,Siddaganga Institute of Technology
rajiv gandhi institute of petroleum technology,korea institute of industrial technology,0.6976744186046512,Korea Institute of Industrial Technology
rajiv gandhi institute of petroleum technology,izmir institute of technology,0.6666666666666666,Izmir Institute of Technology
rcpe gmbh,evon gmbh,0.6666666666666666,evon GmbH
reelement technologies llc,freeman technology,0.6818181818181818,Freeman Technology
rice,riken,0.6666666666666666,Riken
rice,aiche,0.6666666666666666,AIChE
rite,riken,0.6666666666666666,Riken
robinson research institute,rensselaer polytechnic institute,0.6440677966101694,Rensselaer Polytechnic Institute
robinson research institute,nasa glenn research center,0.6037735849056604,NASA Glenn Research Center
rochester institute of technology,caltech institute of technology,0.8125,Caltech Institute of Technology
rochester institute of technology,kyoto institute of technology,0.8387096774193549,Kyoto Institute of Technology
rochester institute of technology,chiba institute of technology,0.8387096774193549,Chiba Institute of Technology
rochester institute of technology,harbin institute of technology,0.7936507936507936,Harbin Institute of Technology
rochester institute of technology,karlsruhe institute of technology,0.8181818181818182,Karlsruhe Institute of Technology
rollins college,dartmouth college,0.625,Dartmouth College
rose-hulman institute of technology,harbin institute of technology,0.8,Harbin Institute of Technology
rose-hulman institute of technology,chiba institute of technology,0.8125,Chiba Institute of Technology
rose-hulman institute of technology,kth royal institute of technology,0.7941176470588235,KTH Royal Institute of Technology
rose-hulman institute of technology,vellore institute of technology,0.7878787878787878,Vellore Institute of Technology
rose-hulman institute of technology,georgia institute of technology,0.7878787878787878,Georgia Institute of Technology
rutgers  the state university of new jersey,utah state university,0.625,Utah State University
rutgers  the state university of new jersey,the university of manchester,0.6197183098591549,The University of Manchester
rutgers  the state university of new jersey,the university of maine,0.6060606060606061,The University of Maine
rutgers  the state university of nj,utah state university,0.7142857142857143,Utah State University
rutgers  the state university of nj,kent state university,0.6428571428571429,Kent State University
rutgers  the state university of nj,the ohio state university,0.6666666666666666,The Ohio State University
rutgers  the state university of nj,boise state university,0.6666666666666666,Boise State University
rutgers  the state university of nj,the university of maine,0.6551724137931034,The University of Maine
rutgers university,ege university,0.8125,Ege University
rutgers university,queens university,0.8,Queen's University
rutgers university,aarhus university,0.8,Aarhus University
rutgers university,southwest university,0.7894736842105263,Southwest University
rutgers university,duke university,0.7878787878787878,Duke University
s p college,augsburg college,0.6666666666666666,Augsburg College
saint louis university,yantai university,0.6666666666666666,Yantai University
saint louis university,dalhousie university,0.7619047619047619,Dalhousie University
saint louis university,tsinghua university,0.7317073170731707,Tsinghua university
saint louis university,tohoku university,0.717948717948718,Tohoku University
saint louis university,kuwait university,0.717948717948718,Kuwait University
salvador garcia munoz eli lilly and company,eli lilly and company,0.65625,Eli Lilly and Company
samsung advanced institute of technology,karlsruhe institute of technology,0.7397260273972602,Karlsruhe Institute of Technology
samsung advanced institute of technology,siddaganga institute of technology,0.7837837837837838,Siddaganga Institute of Technology
samsung advanced institute of technology,korea advanced institute of science and technology,0.7555555555555555,Korea Advanced Institute of Science and Technology
samsung advanced institute of technology,harbin institute of technology,0.7428571428571429,Harbin Institute of Technology
samsung advanced institute of technology,indian institute of technology ropar,0.7368421052631579,Indian Institute of Technology Ropar
sandia national labs,sandia national laboratories,0.8333333333333334,Sandia National Laboratories
sandia national labs,national lab,0.75,National Lab
sandia national labs,idaho national laboratory,0.6222222222222222,Idaho National Laboratory
sandia national labs,los alamos national laboratory,0.64,Los Alamos National Laboratory
sandia national labs,argonne national laboratory,0.6382978723404256,Argonne National Laboratory
sao paulo state university,iowa state university,0.7659574468085106,Iowa State University
sao paulo state university,arizona state university,0.8,Arizona State University
sao paulo state university,south ural state university,0.7547169811320755,South Ural State University
sao paulo state university,oklahoma state university,0.7843137254901961,Oklahoma State University
sao paulo state university,colorado state university,0.7450980392156863,Colorado State University
sapienza university of rome,china university of petroleum,0.75,China University of Petroleum
sapienza university of rome,university of bremen,0.723404255319149,University of Bremen
sapienza university of rome,the university of maine,0.72,The University of Maine
sapienza university of rome,the university of akron,0.72,The University of Akron
sapienza university of rome,soka university of america,0.7169811320754716,Soka University of America
saudi aramco oil company,saudi aramco,0.6666666666666666,Saudi Aramco
saudi aramco oil company,kuwait oil company,0.6666666666666666,Kuwait Oil Company
saudi aramco oil company,hyundai motor company,0.5333333333333333,Hyundai Motor Company
savannah river nuclear solutions,savannah river national laboratory,0.6363636363636364,Savannah River National Laboratory
schlumberger-doll research,chevron research,0.6666666666666666,Chevron Research
school of chemical engineering  dalian university of technology,south china university of technology,0.6666666666666666,South China University of Technology
school of chemical engineering  dalian university of technology,dalian university of technology,0.6595744680851063,Dalian University of Technology
school of chemical engineering  dalian university of technology,eindhoven university of technology,0.5979381443298969,Eindhoven University of Technology
school of chemical engineering  dalian university of technology,clausthal university of technology,0.5979381443298969,Clausthal University of Technology
school of chemical engineering  dalian university of technology,amirkabir university of technology,0.6185567010309279,Amirkabir University of Technology
schrödinger  inc,schrödinger,0.8148148148148148,Schrödinger
shanghaitech university,louisiana tech university,0.7916666666666666,Louisiana Tech University
shanghaitech university,tunghai university,0.7804878048780488,Tunghai University
shanghaitech university,tsinghua university,0.7619047619047619,Tsinghua university
shanghaitech university,yantai university,0.75,Yantai University
shanghaitech university,hongik university,0.75,Hongik University
shaoguan university,hampton university,0.8108108108108109,Hampton University
shaoguan university,rowan university,0.8,Rowan University
shaoguan university,nihon university,0.8,Nihon University
shaoguan university,chang gung university,0.8,Chang Gung University
shaoguan university,tsinghua university,0.7894736842105263,Tsinghua university
sheffield university,shenzhen university,0.7692307692307693,Shenzhen University
sheffield university,ege university,0.7647058823529411,Ege University
sheffield university,ohio university,0.7428571428571429,Ohio University
sheffield university,lund university,0.7428571428571429,Lund University
sheffield university,shiv nadar university,0.7317073170731707,Shiv Nadar University
shell global solutions,synt solutions,0.6111111111111112,Synt Solutions
shell technical center bangalore,shell technology center,0.6909090909090909,Shell Technology Center
siemens pse,siemens,0.7777777777777778,Siemens
simons foundation,national science foundation,0.6818181818181818,National Science Foundation
singapore university of technology and design,eindhoven university of technology,0.7341772151898734,Eindhoven University of Technology
singapore university of technology and design,graz university of technology,0.7297297297297297,Graz University of Technology
singapore university of technology and design,national university of technology,0.717948717948718,National University of Technology
singapore university of technology and design,south china university of technology,0.7160493827160493,South China University of Technology
singapore university of technology and design,warsaw university of technology,0.7105263157894737,Warsaw University of Technology
singapore-mit alliance for research and technology,national institute of standards and technology,0.5,National Institute of Standards and Technology
sinopec shanghai research institute of petrochemical technology,korea institute of industrial technology,0.6601941747572816,Korea Institute of Industrial Technology
sinopec shanghai research institute of petrochemical technology,technion israel institute of technology,0.5882352941176471,Technion Israel Institute of Technology
sinopec shanghai research institute of petrochemical technology,institute of chemical technology mumbai,0.6274509803921569,Institute of Chemical Technology Mumbai
sinopec shanghai research institute of petrochemical technology,korea institute of energy technology,0.6262626262626263,Korea Institute of Energy Technology
sinopec shanghai research institute of petrochemical technology,siddaganga institute of technology,0.6185567010309279,Siddaganga Institute of Technology
sintef,sinopec,0.6153846153846154,SINOPEC
sivananthan laboratories  inc,sandia national laboratories,0.7017543859649122,Sandia National Laboratories
sivananthan laboratories inc,sandia national laboratories,0.7142857142857143,Sandia National Laboratories
sivananthan laboratories inc,idaho national laboratory,0.6037735849056604,Idaho National Laboratory
slac national accelerator laboratory,national chemical laboratory,0.6875,National Chemical Laboratory
slac national accelerator laboratory,los alamos national laboratory,0.696969696969697,Los Alamos National Laboratory
slac national accelerator laboratory,idaho national laboratory,0.6885245901639344,Idaho National Laboratory
slac national accelerator laboratory,national renewable energy laboratory,0.6666666666666666,National Renewable Energy Laboratory
slac national accelerator laboratory,argonne national laboratory,0.6666666666666666,Argonne National Laboratory
slb,ssl,0.6666666666666666,SSL
soochow university,ohio university,0.7878787878787878,Ohio University
soochow university,stockholm university,0.8421052631578947,Stockholm University
soochow university,koc university,0.8125,Koc University
soochow university,tohoku university,0.8,Tohoku University
soochow university,southwest university,0.7894736842105263,Southwest University
soongsil university,hongik university,0.8333333333333334,Hongik University
soongsil university,mcgill university,0.7777777777777778,McGill University
soongsil university,stockholm university,0.7692307692307693,Stockholm University
soongsil university,ohio university,0.7647058823529411,Ohio University
soongsil university,tunghai university,0.7567567567567568,Tunghai University
south asian university,south ural state university,0.8163265306122449,South Ural State University
south asian university,southwest university,0.8095238095238095,Southwest University
south asian university,southern arkansas university,0.8,Southern Arkansas University
south asian university,utah state university,0.7441860465116279,Utah State University
south asian university,rwth aachen university,0.7727272727272727,RWTH Aachen University
south dakota school of mines and technology,southern university of science and technology,0.6590909090909091,Southern University of Science and Technology
south dakota school of mines andtechnology,south dakota mines,0.6,South Dakota Mines
spx flow mixing solutions,synt solutions,0.6153846153846154,Synt Solutions
srnl,ornl,0.75,ORNL
st josephs college of engineering,famu-fsu college of engineering,0.75,FAMU-FSU College of Engineering
st josephs college of engineering,penn state college of medicine,0.6031746031746031,Penn State College of Medicine
state univ of new york-buffalo,state university of new york environmental science,0.6,State University of New York Environmental Science
state university of new york at buffalo,state university of new york environmental science,0.7191011235955056,State University of New York Environmental Science
state university of new york at buffalo,university at buffalo,0.7,University at Buffalo
state university of new york at buffalo,the university of texas at el paso,0.6575342465753424,The University of Texas at El Paso
state university of new york at buffalo,the university of texas at tyler,0.647887323943662,The University of Texas at Tyler
state university of new york at buffalo,university of north dakota,0.5846153846153846,University of North Dakota
state university of new york college of environmental science and forestry,state university of new york environmental science,0.8064516129032258,State University of New York Environmental Science
stevens institute of technology,vellore institute of technology,0.8387096774193549,Vellore Institute of Technology
stevens institute of technology,caltech institute of technology,0.8387096774193549,Caltech Institute of Technology
stevens institute of technology,tokyo institute of technology,0.8333333333333334,Tokyo institute of technology
stevens institute of technology,kyoto institute of technology,0.8333333333333334,Kyoto Institute of Technology
stevens institute of technology,harbin institute of technology,0.819672131147541,Harbin Institute of Technology
stf technologies llc,aspen technology inc.,0.6341463414634146,Aspen Technology Inc.
stf technologies llc,shell technology center,0.5581395348837209,Shell Technology Center
strategic energy analysis center  national renewable energy laboratory,national renewable energy laboratory,0.6792452830188679,National Renewable Energy Laboratory
suny   buffalo,suny-buffalo,0.8461538461538461,SUNY-Buffalo
suny   buffalo,university at buffalo,0.6857142857142857,University at Buffalo
susteon inc,css inc,0.6666666666666666,CSS Inc
swinburne univ of technology,hamburg university of technology,0.7333333333333333,Hamburg University of Technology
swinburne univ of technology,warsaw university of technology,0.711864406779661,Warsaw University of Technology
swinburne univ of technology,poznan university of technology,0.711864406779661,Poznan University of Technology
swinburne univ of technology,dalian university of technology,0.711864406779661,Dalian University of Technology
swinburne univ of technology,eindhoven university of technology,0.7096774193548387,Eindhoven University of Technology
swiss federal institute of materials and technology  empa,national institute of standards and technology,0.6796116504854369,National Institute of Standards and Technology
swiss federal institute of materials and technology  empa,srm institute of science and technology,0.6666666666666666,SRM Institute of Science and Technology
swiss federal institute of materials and technology  empa,korea institute of industrial technology,0.6597938144329897,Korea Institute of Industrial Technology
swiss federal institute of materials and technology  empa,institute of chemical technology mumbai,0.6458333333333334,Institute of Chemical Technology Mumbai
swiss federal institute of materials and technology  empa,indian institute of technology ropar,0.6451612903225806,Indian Institute of Technology Ropar
swiss federal laboratories for materials science and technology,missouri university of science and technology,0.5925925925925926,Missouri University of Science and Technology
syracuse university,kyushu university,0.7777777777777778,Kyushu University
syracuse university,aarhus university,0.7777777777777778,Aarhus University
syracuse university,dalhousie university,0.7692307692307693,Dalhousie University
syracuse university,duke university,0.7647058823529411,Duke University
syracuse university,trine university,0.7428571428571429,Trine University
taiyo nippon sanso corporation,eaton corporation,0.6382978723404256,Eaton Corporation
taiyo nippon sanso corporation,basf corporation,0.6086956521739131,BASF Corporation
takeda,arkema,0.6666666666666666,Arkema
takeda pharmaceuticals,janssen pharmaceuticals,0.8,Janssen pharmaceuticals
technical university berlin,technical university of denmark,0.7931034482758621,Technical University of Denmark
technical university berlin,technical university of munich,0.7719298245614035,Technical University of Munich
technical university berlin,national technical university of athens,0.696969696969697,National Technical University of Athens
technical university berlin,china university of petroleum,0.6785714285714286,China University of Petroleum
technical university berlin,american university of beirut,0.6785714285714286,American University of Beirut
technical university of darmstadt,technical university of denmark,0.84375,Technical University of Denmark
technical university of darmstadt,technical university of munich,0.7936507936507936,Technical University of Munich
technical university of darmstadt,national technical university of athens,0.7222222222222222,National Technical University of Athens
technical university of darmstadt,the university of kansas,0.7017543859649122,The University of Kansas
technical university of darmstadt,the university of utah,0.6909090909090909,The University of Utah
technische universitat dresden,technical university of denmark,0.6885245901639344,Technical University of Denmark
technische universitat dresden,technical university of munich,0.6333333333333333,Technical University of Munich
technische universitat dresden,national technical university of athens,0.6086956521739131,National Technical University of Athens
technische universitat dresden,the university of akron,0.6037735849056604,The University of Akron
technische universitat dresden,stellenbosch university,0.6037735849056604,Stellenbosch University
technische universiteit delft,technical university of denmark,0.6666666666666666,Technical University of Denmark
technische universiteit delft,technical university of munich,0.6101694915254238,Technical University of Munich
technische universiteit delft,the university of utah,0.5490196078431373,The University of Utah
technische universiteit delft,the university of tokyo,0.5384615384615384,The University of Tokyo
technische universiteit delft,stellenbosch university,0.6153846153846154,Stellenbosch University
tecmasters  inc,"mars, inc.",0.64,"Mars, Inc."
tecmasters  inc,css inc,0.6363636363636364,CSS Inc
tennessee technological university,tennessee tech university,0.847457627118644,Tennessee Tech University
tennessee technological university,nanyang technological university,0.8181818181818182,Nanyang Technological University
tennessee technological university,michigan technological university,0.7761194029850746,Michigan Technological University
tennessee technological university,texas tech university,0.6909090909090909,Texas Tech University
tennessee technological university,national technical university of athens,0.6301369863013698,National Technical University of Athens
terasaki institute,the cyprus institute,0.7368421052631579,The Cyprus Institute
texas a and m,texas aandm university,0.6285714285714286,Texas A&M University
texas aandm energy institute,texas aandm university,0.72,Texas A&M University
texas aandm energy institute,texas aandm university - corpus christi,0.6268656716417911,Texas A&M University - Corpus Christi
texas aandm energy institute,texas aandm university-kingsville,0.6885245901639344,Texas A&M University-Kingsville
texas aandm energy institute  texas aandm university,texas aandm international university,0.6818181818181818,Texas A&M International University
texas aandm university at qatar,texas aandm university,0.8301886792452831,Texas A&M University
texas aandm university at qatar,texas aandm university - corpus christi,0.6857142857142857,Texas A&M University - Corpus Christi
texas aandm university at qatar,texas aandm university-kingsville,0.6875,Texas A&M University-Kingsville
texas aandm university at qatar,texas aandm international university,0.6567164179104478,Texas A&M International University
texas aandm university at qatar,texas tech university,0.6538461538461539,Texas Tech University
texas tech university health sciences center,east china university of science and technology,0.6593406593406593,East China University of Science and Technology
texas tech university health sciences center,texas tech university,0.6461538461538462,Texas Tech University
texas tech university health sciences center,the university of manchester,0.5555555555555556,The University of Manchester
texas tech university health sciences center,southern university of science and technology,0.5842696629213483,Southern University of Science and Technology
texas transportation institute,the cyprus institute,0.52,The Cyprus Institute
the chemours company,the dow chemical company,0.7272727272727273,The Dow Chemical Company
the chemours company,dow chemical company,0.65,Dow Chemical Company
the chemours company,hyundai motor company,0.6341463414634146,Hyundai Motor Company
the chemours company,3m company,0.6,3M Company
the city college of new york,university college cork,0.6274509803921569,University College Cork
the college of wooster,medical college of wisconsin,0.64,Medical College of Wisconsin
the hong kong polytechnic university,the ohio state university,0.6557377049180327,The Ohio State University
the hong kong polytechnic university,zhejiang gongshang university,0.5846153846153846,Zhejiang Gongshang University
the hong kong polytechnic university,michigan technological university,0.5797101449275363,Michigan Technological University
the hong kong polytechnic university,texas tech university,0.631578947368421,Texas Tech University
the hong kong polytechnic university,"california state polytechnic university, pomona",0.6024096385542169,"California State Polytechnic University, Pomona"
the joint bioenergy institute,the cyprus institute,0.6122448979591837,The Cyprus Institute
the lubrizol corporation,eaton corporation,0.6829268292682927,Eaton Corporation
the lubrizol corporation,evonik corporation,0.6666666666666666,Evonik Corporation
the lubrizol corporation,basf corporation,0.65,BASF Corporation
the ohio state university wexner medical center,the ohio state university,0.6944444444444444,The Ohio State University
the scripps research institute,the cyprus institute,0.6,The Cyprus Institute
the scripps research institute,paul scherrer institute,0.6415094339622641,Paul Scherrer Institute
the university of chicago,the university of akron,0.8333333333333334,The University of Akron
the university of chicago,the university of utah,0.8085106382978723,The University of Utah
the university of chicago,the university of tokyo,0.7916666666666666,The University of Tokyo
the university of chicago,the university of maine,0.7916666666666666,The University of Maine
the university of chicago,the university of toledo,0.7755102040816326,The University of Toledo
the university of north carolina at charlotte,university of north carolina at chapel hill,0.8181818181818182,University of North Carolina at Chapel Hill
the university of north carolina at charlotte,university of south carolina,0.7123287671232876,University of South Carolina
the university of north carolina at charlotte,the university of texas at tyler,0.6493506493506493,The University of Texas at Tyler
the university of north carolina at charlotte,the university of manchester,0.6301369863013698,The University of Manchester
the university of north carolina at charlotte,university of california santa cruz,0.5,University of California Santa Cruz
the university of queensland  australia,university of western australia,0.7714285714285715,University of Western Australia
the university of queensland  australia,university of queensland,0.7619047619047619,University of Queensland
the university of queensland  australia,the university of kansas,0.6984126984126984,The University of Kansas
the university of queensland  australia,the university of utah,0.6557377049180327,The University of Utah
the university of queensland  australia,the university of manchester,0.6865671641791045,The University of Manchester
the university of tennessee knoxville,university of tennessee,0.7666666666666667,University of Tennessee
the university of tennessee knoxville,the university of toledo,0.7213114754098361,The University of Toledo
the university of tennessee knoxville,the university of sheffield,0.65625,The University of Sheffield
the university of tennessee knoxville,the university of manchester,0.6153846153846154,The University of Manchester
the university of tennessee knoxville,the university of tokyo,0.7,The University of Tokyo
the university of texas aandm,the university of texas at el paso,0.8253968253968254,The University of Texas at El Paso
the university of texas aandm,the university of texas at tyler,0.819672131147541,The University of Texas at Tyler
the university of texas aandm,university of texas at austin,0.7931034482758621,University of Texas at Austin
the university of texas aandm,the university of toledo,0.7924528301886793,The University of Toledo
the university of texas aandm,the university of utah,0.7843137254901961,The University of Utah
the university of texas at san antonio,the university of texas at el paso,0.8055555555555556,The University of Texas at El Paso
the university of texas at san antonio,the university of texas at tyler,0.8,The University of Texas at Tyler
the university of texas at san antonio,university of texas at austin,0.746268656716418,University of Texas at Austin
the university of texas at san antonio,the university of tokyo,0.6885245901639344,The University of Tokyo
the university of texas at san antonio,the university of akron,0.6885245901639344,The University of Akron
the university of trinidad and tobago o meara camp,university of trinidad and tobago,0.7951807228915663,University of Trinidad and Tobago
the university of trinidad and tobago o meara camp,the university of texas at el paso,0.5714285714285714,The University of Texas at El Paso
the university of trinidad and tobago o meara camp,the university of texas at tyler,0.6341463414634146,The University of Texas at Tyler
the university of trinidad and tobago o meara camp,university of california santa barbara,0.6136363636363636,University of California Santa Barbara
the university of trinidad and tobago o meara camp,university of science and technology of china,0.6105263157894737,University of Science and Technology of China
total s e,total s.e.,0.8421052631578947,Total S.E.
totalenergies cstjf,totalenergies,0.8125,TotalEnergies
towson university,rowan university,0.8484848484848485,Rowan University
towson university,hoseo university,0.8484848484848485,Hoseo University
towson university,brown university,0.8484848484848485,Brown University
towson university,tohoku university,0.8235294117647058,Tohoku University
towson university,ohio university,0.8125,Ohio University
toyota research institute,rensselaer polytechnic institute,0.631578947368421,Rensselaer Polytechnic Institute
toyota research institute,paul scherrer institute,0.625,Paul Scherrer Institute
trinity college dublin,university college dublin,0.8085106382978723,University College Dublin
tsinghua university  p r china,tsinghua university,0.7755102040816326,Tsinghua university
tsinghua university  p r china,tunghai university,0.6666666666666666,Tunghai University
tsinghua university  p r china,inha university,0.6666666666666666,Inha University
tsinghua university  p r china,the university of maine,0.6415094339622641,The University of Maine
tsinghua university  p r china,university of arizona,0.6274509803921569,University of Arizona
tufts university,tuskegee university,0.8,Tuskegee University
tufts university,tulane university,0.7878787878787878,Tulane University
tufts university,tohoku university,0.7878787878787878,Tohoku University
tufts university,queens university,0.7878787878787878,Queen's University
tufts university,kyushu university,0.7878787878787878,Kyushu University
u s  army,u.s. army,0.7777777777777778,U.S. Army
u s  army research laboratory,army research lab,0.7391304347826086,Army Research Lab
u s  dept  of energy,u.s. department of energy,0.7555555555555555,U.S. Department of Energy
u s  doe national energy technology laboratory,national renewable energy laboratory,0.6341463414634146,National Renewable Energy Laboratory
u s  doe national energy technology laboratory,national chemical laboratory,0.6216216216216216,National Chemical Laboratory
u s  doe national energy technology laboratory,idaho national laboratory,0.6197183098591549,Idaho National Laboratory
u s  doe national energy technology laboratory,national university of technology,0.6075949367088608,National University of Technology
u s  doe national energy technology laboratory,los alamos national laboratory,0.6052631578947368,Los Alamos National Laboratory
u s dept  of energy,u.s. department of energy,0.7727272727272727,U.S. Department of Energy
uc riverside,uc irvine,0.5714285714285714,UC Irvine
uc riverside,koc university,0.6153846153846154,Koc University
ucla henry samueli school of engineering and applied science,pakistan institute of engineering and applied sciences,0.6491228070175439,Pakistan Institute of Engineering and Applied Sciences
ues  inc,css inc,0.6666666666666666,CSS Inc
ufc - universidade federal do ceara,universidade federal de são carlos,0.782608695652174,Universidade Federal de São Carlos
ufc - universidade federal do ceara,universidade federal do rio grande do sul,0.6842105263157895,Universidade Federal do Rio Grande do Sul
ufc - universidade federal do ceara,universidade estadual de campinas,0.6764705882352942,Universidade Estadual de Campinas
ufc - universidade federal do ceara,universidade de lisboa,0.5614035087719298,Universidade De Lisboa
ufc - universidade federal do ceara,universidad de carabobo,0.5862068965517241,Universidad de Carabobo
uga,gea,0.6666666666666666,GEA
ukurhuleni water care company,hyundai motor company,0.56,Hyundai Motor Company
ulsan national institute of science and technology,srm institute of science and technology,0.8314606741573034,SRM Institute of Science and Technology
ulsan national institute of science and technology,national institute of standards and technology,0.8125,National Institute of Standards and Technology
ulsan national institute of science and technology,korean institute science and technology,0.7865168539325843,Korean Institute Science and Technology
ulsan national institute of science and technology,korea advanced institute of science and technology,0.76,Korea Advanced Institute of Science and Technology
ulsan national institute of science and technology,university of science and technology,0.6976744186046512,University of Science and Technology
uniformed services university of the health sciences,american university of the middle east,0.6,American University of the Middle East
univ  of patras and abu dhabi university,abu dhabi university,0.6666666666666666,Abu Dhabi University
univ of ar,university of ar,0.7692307692307693,University of AR
univ of ar,university of tartu,0.6896551724137931,University of Tartu
univ of ar,university of pau,0.6666666666666666,University of Pau
univ of ar,university of patras,0.6666666666666666,University of Patras
univ of ar,university of warwick,0.6451612903225806,University of Warwick
univeristy of cape town,university of dayton,0.7906976744186046,University of Dayton
univeristy of cape town,university of pretoria,0.7555555555555555,University of Pretoria
univeristy of cape town,university of iowa,0.7317073170731707,University of Iowa
univeristy of cape town,university of vermont,0.6818181818181818,University of vermont
univeristy of cape town,university of toronto,0.7272727272727273,University of Toronto
univeristy of texas at san antonio,university of texas at austin,0.7619047619047619,University of Texas at Austin
univeristy of texas at san antonio,the university of texas at el paso,0.7058823529411765,The University of Texas at El Paso
univeristy of texas at san antonio,the university of texas at tyler,0.696969696969697,The University of Texas at Tyler
univeristy of texas at san antonio,university of pannonia,0.6785714285714286,University of Pannonia
univeristy of texas at san antonio,university of texas medical branch,0.6764705882352942,University of Texas Medical Branch
universidad autonoma de mexico,universidad autónoma de sinaloa,0.819672131147541,Universidad Autónoma de Sinaloa
universidad autonoma de mexico,universidad autónoma de san luis potosí,0.7246376811594203,Universidad Autónoma de San Luis Potosí
universidad autonoma de mexico,universidad nacional de colombia,0.7096774193548387,Universidad Nacional de Colombia
universidad autonoma de mexico,university of new mexico,0.7037037037037037,University of New Mexico
universidad autonoma de mexico,universidad san francisco de quito,0.625,Universidad San Francisco de Quito
universidad autónoma metropolitana -iztapalapa,universidad autónoma de sinaloa,0.6753246753246753,Universidad Autónoma de Sinaloa
universidad autónoma metropolitana -iztapalapa,universidad autónoma de san luis potosí,0.5882352941176471,Universidad Autónoma de San Luis Potosí
universidad autónoma metropolitana unidad iztapalapa,universidad autónoma de sinaloa,0.6265060240963856,Universidad Autónoma de Sinaloa
universidad autónoma metropolitana unidad iztapalapa,universidad mariana de pasto,0.6,Universidad Mariana de Pasto
universidad de chile,universidade de lisboa,0.7619047619047619,Universidade De Lisboa
universidad de chile,universidad de carabobo,0.7441860465116279,Universidad de Carabobo
universidad de chile,universidad del atlántico,0.7111111111111111,Universidad del Atlántico
universidad de chile,universidad de guanajuato,0.6666666666666666,Universidad de Guanajuato
universidad de chile,universidad autónoma de sinaloa,0.6666666666666666,Universidad Autónoma de Sinaloa
universidad de ingeniería y tecnología,universidad autónoma de sinaloa,0.6086956521739131,Universidad Autónoma de Sinaloa
universidad de ingeniería y tecnología,universidad de guanajuato,0.6031746031746031,Universidad de Guanajuato
universidad de ingeniería y tecnología,universidade de lisboa,0.5666666666666667,Universidade De Lisboa
universidad de los andes,universidade de lisboa,0.782608695652174,Universidade De Lisboa
universidad de los andes,universidad del atlántico,0.7346938775510204,Universidad del Atlántico
universidad de los andes,universidad de las americas puebla,0.7241379310344828,Universidad de las Americas Puebla
universidad de los andes,universidad de guanajuato,0.6938775510204082,Universidad de Guanajuato
universidad de los andes,universidad de carabobo,0.6808510638297872,Universidad de Carabobo
universidad de los andes  carrera,universidad de carabobo,0.6785714285714286,Universidad de Carabobo
universidad de los andes  carrera,universidad de las americas puebla,0.6865671641791045,Universidad de las Americas Puebla
universidad de los andes  carrera,universidad del atlántico,0.6551724137931034,Universidad del Atlántico
universidad de los andes  carrera,universidad de guanajuato,0.6551724137931034,Universidad de Guanajuato
universidad de los andes  carrera,universidade de lisboa,0.6545454545454545,Universidade De Lisboa
universidad nacional autónoma de méxico,universidad autónoma de sinaloa,0.7428571428571429,Universidad Autónoma de Sinaloa
universidad nacional autónoma de méxico,universidad nacional de colombia,0.7323943661971831,Universidad Nacional de Colombia
universidad nacional autónoma de méxico,universidad autónoma de san luis potosí,0.6666666666666666,Universidad Autónoma de San Luis Potosí
universidad nacional autónoma de méxico,universidad del atlántico,0.625,Universidad del Atlántico
universidad nacional autónoma de méxico,universidad san francisco de quito,0.6301369863013698,Universidad San Francisco de Quito
universidad nacional de colombia   sede medellín  facultad de minas,universidad nacional de colombia,0.6464646464646465,Universidad Nacional de Colombia
universidad nacional de ingenieria,universidad nacional de colombia,0.7878787878787878,Universidad Nacional de Colombia
universidad nacional de ingenieria,universidad industrial de santander,0.6956521739130435,Universidad Industrial de Santander
universidad nacional de ingenieria,universidad autónoma de sinaloa,0.6461538461538462,Universidad Autónoma de Sinaloa
universidad nacional de ingenieria,universidade estadual de campinas,0.6567164179104478,Universidade Estadual de Campinas
universidad nacional de ingenieria,universidad michoacana de san nicolás de hidalgo,0.5853658536585366,Universidad Michoacana de San Nicolás de Hidalgo
universidad nacional de ingeniería,universidad nacional de colombia,0.7878787878787878,Universidad Nacional de Colombia
universidad nacional de ingeniería,universidad industrial de santander,0.6956521739130435,Universidad Industrial de Santander
universidad nacional de ingeniería,universidad autónoma de sinaloa,0.6461538461538462,Universidad Autónoma de Sinaloa
universidad nacional de ingeniería,universidade estadual de campinas,0.6567164179104478,Universidade Estadual de Campinas
universidad nacional de ingeniería,universidad san francisco de quito,0.6470588235294118,Universidad San Francisco de Quito
universidad nacional mayor de san marcos,universidad nacional de colombia,0.7222222222222222,Universidad Nacional de Colombia
universidad nacional mayor de san marcos,universidad autónoma de sinaloa,0.647887323943662,Universidad Autónoma de Sinaloa
universidad nacional mayor de san marcos,universidad industrial de santander,0.6666666666666666,Universidad Industrial de Santander
universidad nacional mayor de san marcos,universidad autónoma de san luis potosí,0.6582278481012658,Universidad Autónoma de San Luis Potosí
universidad nacional mayor de san marcos,universidade federal de são carlos,0.6486486486486487,Universidade Federal de São Carlos
universidade de são paulo,university of são paulo,0.7916666666666666,University of São Paulo
universidade de são paulo,universidade federal de são carlos,0.7796610169491526,Universidade Federal de São Carlos
universidade de são paulo,universidade de lisboa,0.8085106382978723,Universidade De Lisboa
universidade de são paulo,universidad de carabobo,0.7083333333333334,Universidad de Carabobo
universidade de são paulo,universidad de guanajuato,0.64,Universidad de Guanajuato
universidade estadual do maranhao,universidade estadual de campinas,0.7878787878787878,Universidade Estadual de Campinas
universidade estadual do maranhao,universidade federal de são carlos,0.7164179104477612,Universidade Federal de São Carlos
universidade estadual do maranhao,universidade federal do rio grande do sul,0.6756756756756757,Universidade Federal do Rio Grande do Sul
universidade estadual do maranhao,universidad industrial de santander,0.6470588235294118,Universidad Industrial de Santander
universidade estadual do maranhao,universidad de carabobo,0.6071428571428571,Universidad de Carabobo
universidade federal de minas gerais,universidade federal de são carlos,0.7428571428571429,Universidade Federal de São Carlos
universidade federal de minas gerais,universidade estadual de campinas,0.7536231884057971,Universidade Estadual de Campinas
universidade federal de minas gerais,universidade federal do rio grande do sul,0.6493506493506493,Universidade Federal do Rio Grande do Sul
universidade federal de minas gerais,universidad industrial de santander,0.676056338028169,Universidad Industrial de Santander
universidade federal de minas gerais,universidad de las americas puebla,0.6285714285714286,Universidad de las Americas Puebla
universiry college london,university college dublin,0.8,University College Dublin
universiry college london,university college cork,0.7916666666666666,University College Cork
universiry college london,imperial college london,0.7916666666666666,Imperial College London
universiry college london,university of wollongong,0.6938775510204082,University of Wollongong
universiry college london,university of liege,0.6818181818181818,University of Liege
universite de toulouse,university of tulsa,0.7317073170731707,University of Tulsa
universite de toulouse,university of louisville,0.6956521739130435,University of Louisville
universite de toulouse,university of turku,0.6829268292682927,University of Turku
universite de toulouse,universidade de lisboa,0.6363636363636364,Universidade De Lisboa
universite de toulouse,université de sherbrooke,0.6956521739130435,Université de Sherbrooke
universiti teknologi petronas,universiti teknologi malaysia utm,0.7096774193548387,Universiti Teknologi Malaysia (UTM)
universiti teknologi petronas,university of patras,0.6938775510204082,University of Patras
universiti teknologi petronas,université grenoble alpes,0.6666666666666666,Université Grenoble Alpes
universiti teknologi petronas,university of pretoria,0.6666666666666666,University of Pretoria
universiti teknologi petronas,university of vermont,0.56,University of vermont
university at buffalo  state university of new york,columbia university in the city of new york,0.6170212765957447,Columbia University in the City of New York
university at buffalo  the state university of new york,columbia university in the city of new york,0.6326530612244898,Columbia University in the City of New York
university college dublin  ireland,university college dublin,0.847457627118644,University College Dublin
university college dublin  ireland,university college cork,0.7017543859649122,University College Cork
university college dublin  ireland,university of queensland,0.6551724137931034,University of Queensland
university college dublin  ireland,university of rhode island,0.6333333333333333,University of Rhode Island
university college dublin  ireland,university of ljubljana,0.631578947368421,University of Ljubljana
university college hospital,university college cork,0.8,University College Cork
university college hospital,university college dublin,0.7692307692307693,University College Dublin
university college hospital,university of houston,0.7083333333333334,University of Houston
university college hospital,university of georgia,0.7083333333333334,University of Georgia
university college hospital,university of liege,0.6956521739130435,University of Liege
university college london,university college dublin,0.84,University College Dublin
university college london,university college cork,0.8333333333333334,University College Cork
university college london,imperial college london,0.7916666666666666,Imperial College London
university college london,university of wollongong,0.7346938775510204,University of Wollongong
university college london,university of liege,0.7272727272727273,University of Liege
university college london - torrington place,university college dublin,0.6376811594202898,University College Dublin
university college london - torrington place,university college cork,0.6268656716417911,University College Cork
university college of london,university college dublin,0.7924528301886793,University College Dublin
university college of london,university college cork,0.7843137254901961,University College Cork
university college of london,imperial college london,0.7450980392156863,Imperial College London
university college of london,university of wollongong,0.6923076923076923,University of Wollongong
university college of london,university of toronto,0.6938775510204082,University of Toronto
university hospital cologne,university of bologna,0.75,University of Bologna
university hospital cologne,university of houston,0.7083333333333334,University of Houston
university hospital cologne,university of south carolina,0.6181818181818182,University of South Carolina
university hospital cologne,university of wollongong,0.7058823529411765,University of Wollongong
university hospital cologne,university of toronto,0.6666666666666666,University of Toronto
university of alberta  edmonton  canada,university of alberta,0.7,University of Alberta
university of alberta  edmonton  canada,university of salamanca,0.6774193548387096,University of Salamanca
university of alberta  edmonton  canada,university of vermont,0.6666666666666666,University of vermont
university of alberta  edmonton  canada,university of aberdeen,0.6557377049180327,University of Aberdeen
university of alberta  edmonton  canada,university of bremen,0.6101694915254238,University of Bremen
university of blumenau - furb,university of bremen,0.7346938775510204,University of Bremen
university of blumenau - furb,university of maribor,0.64,University of Maribor
university of blumenau - furb,university of bologna,0.72,University of Bologna
university of blumenau - furb,university of luxembourg,0.7169811320754716,University of Luxembourg
university of blumenau - furb,university of ar,0.7111111111111111,University of AR
university of california technical institute,university of california davis,0.7297297297297297,University of California Davis
university of california technical institute,"university of california, merced",0.7368421052631579,"University of California, Merced"
university of california technical institute,"university of california, irvine",0.7368421052631579,"University of California, Irvine"
university of california technical institute,university of california san diego,0.6666666666666666,University of California San Diego
university of california technical institute,university of california santa cruz,0.7088607594936709,University of California Santa Cruz
university of capet town,university of dayton,0.8181818181818182,University of Dayton
university of capet town,university of pretoria,0.782608695652174,University of Pretoria
university of capet town,university of iowa,0.7619047619047619,University of Iowa
university of capet town,university of vermont,0.7111111111111111,University of vermont
university of capet town,university of toronto,0.7555555555555555,University of Toronto
university of chemical technology and metallurgy,university of chemistry and technology in prague,0.7083333333333334,University of Chemistry and Technology in Prague
university of chemical technology and metallurgy,beijing university of chemical technology,0.7415730337078652,Beijing University of Chemical Technology
university of chemical technology and metallurgy,university of science and technology,0.6904761904761905,University of Science and Technology
university of chemical technology and metallurgy,institute of chemical technology mumbai,0.6666666666666666,Institute of Chemical Technology Mumbai
university of chemical technology and metallurgy,university of science and technology of china,0.6666666666666666,University of Science and Technology of China
university of chicago,university of michigan,0.8372093023255814,University of Michigan
university of chicago,university of illinois chicago,0.8235294117647058,University of Illinois Chicago
university of chicago,university of iowa,0.8205128205128205,University of Iowa
university of chicago,university of ar,0.8108108108108109,University of AR
university of chicago,university of calgary,0.8095238095238095,University of Calgary
university of chile,university of maine,0.8421052631578947,University of Maine
university of chile,university of liege,0.8421052631578947,University of Liege
university of chile,university of leeds,0.8421052631578947,University of Leeds
university of chile,university of michigan,0.8292682926829268,University of Michigan
university of chile,university of hawaii,0.8205128205128205,University of Hawaii
university of colorado anschutz medical campus,university of colorado boulder,0.6578947368421053,University of Colorado Boulder
university of colorado anschutz medical campus,university of colorado denver,0.6666666666666666,University of Colorado Denver
university of colorado anschutz medical campus,university of california los angeles,0.5365853658536586,University of California Los Angeles
university of colorado anschutz medical campus,university of texas medical branch,0.65,University of Texas Medical Branch
university of colorado anschutz medical campus,the university of texas at el paso,0.6,The University of Texas at El Paso
university of colorado denver - anschutz medical campus,university of colorado denver,0.6904761904761905,University of Colorado Denver
university of colorado denver - anschutz medical campus,university of colorado boulder,0.611764705882353,University of Colorado Boulder
university of colorado denver anschutz medical campus,university of colorado denver,0.7073170731707317,University of Colorado Denver
university of colorado denver anschutz medical campus,university of colorado boulder,0.6265060240963856,University of Colorado Boulder
university of colorado school of medicine,university of colorado boulder,0.7323943661971831,University of Colorado Boulder
university of colorado school of medicine,washington university school of medicine,0.7160493827160493,Washington University School of Medicine
university of colorado school of medicine,university of colorado denver,0.7428571428571429,University of Colorado Denver
university of colorado school of medicine,wake forest school of medicine,0.676056338028169,Wake Forest School of Medicine
university of colorado school of medicine,university of california san diego,0.6666666666666666,University of California San Diego
university of east london,university of waterloo,0.7659574468085106,University of Waterloo
university of east london,university of dayton,0.8,University of Dayton
university of east london,university of toronto,0.782608695652174,University of Toronto
university of east london,university of houston,0.782608695652174,University of Houston
university of east london,university of wollongong,0.7755102040816326,University of Wollongong
university of erlangen-nuremberg,university of luxembourg,0.75,University of Luxembourg
university of erlangen-nuremberg,university of gothenburg,0.7142857142857143,University of Gothenburg
university of erlangen-nuremberg,university of delaware,0.7037037037037037,University of Delaware
university of erlangen-nuremberg,university of bremen,0.6923076923076923,University of Bremen
university of erlangen-nuremberg,university of tennessee,0.6909090909090909,University of Tennessee
university of florida student chapter,university of colorado denver,0.7272727272727273,University of Colorado Denver
university of florida student chapter,university of florida,0.7241379310344828,University of Florida
university of florida student chapter,university of california santa cruz,0.7222222222222222,University of California Santa Cruz
university of florida student chapter,university of colorado boulder,0.6865671641791045,University of Colorado Boulder
university of florida student chapter,university of rochester,0.6666666666666666,University of Rochester
university of hohenheim,university of copenhagen,0.8085106382978723,University of Copenhagen
university of hohenheim,university of oregon,0.7906976744186046,University of Oregon
university of hohenheim,university of rochester,0.782608695652174,University of Rochester
university of hohenheim,university of houston,0.7727272727272727,University of Houston
university of hohenheim,university of gothenburg,0.7659574468085106,University of Gothenburg
university of illinois  urbana-champaign,university of illinois chicago,0.7714285714285715,University of Illinois Chicago
university of illinois  urbana-champaign,university of illinois,0.7096774193548387,University of Illinois
university of illinois  urbana-champaign,university of nottingham,0.59375,University of Nottingham
university of illinois  urbana-champaign,university of isfahan,0.5901639344262295,University of Isfahan
university of illinois  urbana-champaign,university of michigan,0.5806451612903226,University of Michigan
university of illinois at urbana champaign,university of illinois chicago,0.75,University of Illinois Chicago
university of illinois at urbana champaign,university of illinois,0.6875,University of Illinois
university of illinois at urbana champaign,university of california davis,0.5277777777777778,University of California Davis
university of illinois at urbana champaign,university of nottingham,0.5757575757575758,University of Nottingham
university of illinois at urbana champaign,university of notre dame,0.5757575757575758,University of Notre dame
university of illinois at urbana-champaign,university of illinois chicago,0.75,University of Illinois Chicago
university of illinois at urbana-champaign,university of illinois,0.6875,University of Illinois
university of illinois at urbana-champaign,university of nottingham,0.5757575757575758,University of Nottingham
university of illinois at urbana-champaign,university of isfahan,0.6031746031746031,University of Isfahan
university of illinois at urbana-champaign,university of michigan,0.5625,University of Michigan
university of illinois at urbana-champain,university of illinois chicago,0.7323943661971831,University of Illinois Chicago
university of illinois at urbana-champain,university of illinois,0.6984126984126984,University of Illinois
university of illinois at urbana-champain,university of nottingham,0.5846153846153846,University of Nottingham
university of illinois at urbana-champain,university of isfahan,0.6129032258064516,University of Isfahan
university of illinois at urbana-champain,university of texas at austin,0.6285714285714286,University of Texas at Austin
university of illinois laboratory high school,university of illinois chicago,0.72,University of Illinois Chicago
university of illinois laboratory high school,university of illinois,0.6567164179104478,University of Illinois
university of illinois laboratory high school,university of colorado boulder,0.5333333333333333,University of Colorado Boulder
university of illinois laboratory high school,university of strathclyde,0.5428571428571428,University of Strathclyde
university of illinois laboratory high school,university of north texas,0.6,University of North Texas
university of illinois urbana champaign,university of illinois chicago,0.782608695652174,University of Illinois Chicago
university of illinois urbana champaign,university of illinois,0.7213114754098361,University of Illinois
university of illinois urbana champaign,university of nottingham,0.6031746031746031,University of Nottingham
university of illinois urbana champaign,university of isfahan,0.6,University of Isfahan
university of illinois urbana champaign,university of california davis,0.5507246376811594,University of California Davis
university of illinois urbana-champaign,university of illinois chicago,0.782608695652174,University of Illinois Chicago
university of illinois urbana-champaign,university of illinois,0.7213114754098361,University of Illinois
university of illinois urbana-champaign,university of nottingham,0.6031746031746031,University of Nottingham
university of illinois urbana-champaign,university of isfahan,0.6,University of Isfahan
university of illinois urbana-champaign,university of michigan,0.5901639344262295,University of Michigan
university of iowa aiche student chapter,university of rochester,0.6984126984126984,University of Rochester
university of iowa aiche student chapter,the university of manchester,0.6470588235294118,The University of Manchester
university of iowa aiche student chapter,university of minnesota twin cities,0.64,University of Minnesota Twin Cities
university of iowa aiche student chapter,university of massachusetts amherst,0.56,University of Massachusetts Amherst
university of iowa aiche student chapter,university of california santa cruz,0.64,University of California Santa Cruz
university of kentucky accelerator laboratory,university of kentucky,0.6567164179104478,University of Kentucky
university of kentucky accelerator laboratory,university of canterbury,0.6086956521739131,University of Canterbury
university of kentucky accelerator laboratory,university of toronto,0.6060606060606061,University of Toronto
university of kentucky accelerator laboratory,university of calgary,0.6060606060606061,University of Calgary
university of kentucky accelerator laboratory,university of alberta,0.5757575757575758,University of Alberta
university of kwazulu-natal,university of kansas,0.7659574468085106,University of Kansas
university of kwazulu-natal,university of utah,0.7555555555555555,University of Utah
university of kwazulu-natal,university of arizona,0.75,University of Arizona
university of kwazulu-natal,university of tulsa,0.7391304347826086,University of Tulsa
university of kwazulu-natal,university of waterloo,0.6938775510204082,University of Waterloo
university of lisbon,university of iowa,0.8421052631578947,University of Iowa
university of lisbon,university of wisconsin,0.8372093023255814,University of Wisconsin
university of lisbon,university of maribor,0.8292682926829268,University of Maribor
university of lisbon,university of isfahan,0.8292682926829268,University of Isfahan
university of lisbon,university of houston,0.8292682926829268,University of Houston
university of maryland  baltimore county,university of toronto,0.6557377049180327,University of Toronto
university of maryland  baltimore county,university of maribor,0.6557377049180327,University of Maribor
university of maryland  baltimore county,university of bayreuth,0.6451612903225806,University of Bayreuth
university of maryland  baltimore county,university of maryland-college park,0.6666666666666666,University of Maryland-College Park
university of maryland  baltimore county,university of oregon,0.6333333333333333,University of Oregon
university of maryland baltimore,university of maribor,0.7547169811320755,University of Maribor
university of maryland baltimore,university of maryland-college park,0.746268656716418,University of Maryland-College Park
university of maryland baltimore,university of maine,0.7058823529411765,University of Maine
university of maryland baltimore,university of delaware,0.6296296296296297,University of Delaware
university of maryland baltimore,university of dayton,0.6538461538461539,University of Dayton
university of maryland baltimore county,university of toronto,0.6666666666666666,University of Toronto
university of maryland baltimore county,university of maribor,0.6666666666666666,University of Maribor
university of maryland baltimore county,university of bayreuth,0.6557377049180327,University of Bayreuth
university of maryland baltimore county,university of maryland-college park,0.6756756756756757,University of Maryland-College Park
university of maryland baltimore county,university of oregon,0.6440677966101694,University of Oregon
university of maryland school of medicine,washington university school of medicine,0.7160493827160493,Washington University School of Medicine
university of maryland school of medicine,university of maryland-college park,0.6842105263157895,University of Maryland-College Park
university of maryland school of medicine,university of science and technology of china,0.6744186046511628,University of Science and Technology of China
university of maryland school of medicine,university of chemistry and technology in prague,0.651685393258427,University of Chemistry and Technology in Prague
university of maryland school of medicine,university of maine,0.6333333333333333,University of Maine
university of maryland-baltimore county,university of maryland-college park,0.7027027027027027,University of Maryland-College Park
university of maryland-baltimore county,university of toronto,0.6666666666666666,University of Toronto
university of maryland-baltimore county,university of maribor,0.6666666666666666,University of Maribor
university of maryland-baltimore county,university of bayreuth,0.6557377049180327,University of Bayreuth
university of maryland-baltimore county,university of oregon,0.6440677966101694,University of Oregon
university of massachusetts medical school,university of massachusetts lowell,0.8157894736842105,University of Massachusetts Lowell
university of massachusetts medical school,university of massachusetts amherst,0.8051948051948052,University of Massachusetts Amherst
university of massachusetts medical school,university of texas medical branch,0.7105263157894737,University of Texas Medical Branch
university of massachusetts medical school,university of mississippi medical center,0.7073170731707317,University of Mississippi Medical Center
university of massachusetts medical school,beijing university of chemical technology,0.6506024096385542,Beijing University of Chemical Technology
university of michigan ann arbor,university of michigan,0.8148148148148148,University of Michigan
university of michigan ann arbor,university of maribor,0.7547169811320755,University of Maribor
university of michigan ann arbor,university of cantabria,0.6909090909090909,University of Cantabria
university of michigan ann arbor,university of cincinnati,0.7142857142857143,University of Cincinnati
university of michigan ann arbor,university of canterbury,0.7142857142857143,University of Canterbury
university of missouri - columbia,university of missouri,0.8,University of Missouri
university of missouri - columbia,university of british columbia,0.7936507936507936,University of British Columbia
university of missouri - columbia,university of south carolina,0.7540983606557377,University of South Carolina
university of missouri - columbia,university of minnesota - duluth,0.7076923076923077,University of Minnesota - Duluth
university of missouri - columbia,university of southern california,0.696969696969697,University of Southern California
university of missouri columbia,university of missouri,0.8301886792452831,University of Missouri
university of missouri columbia,university of british columbia,0.819672131147541,University of British Columbia
university of missouri columbia,university of south carolina,0.7796610169491526,University of South Carolina
university of missouri columbia,university of southern california,0.71875,University of Southern California
university of missouri columbia,university of virginia,0.7169811320754716,University of Virginia
university of missouri-columbia,university of missouri,0.8301886792452831,University of Missouri
university of missouri-columbia,university of british columbia,0.7868852459016393,University of British Columbia
university of missouri-columbia,university of south carolina,0.7457627118644068,University of South Carolina
university of missouri-columbia,university of virginia,0.7169811320754716,University of Virginia
university of missouri-columbia,university of michigan,0.6792452830188679,University of Michigan
university of naples federico i,university of new mexico,0.7636363636363637,University of New Mexico
university of naples federico i,university of leeds,0.72,University of Leeds
university of naples federico i,university of limerick,0.7169811320754716,University of Limerick
university of naples federico i,university of tennessee,0.7037037037037037,University of Tennessee
university of naples federico i,university of warwick,0.6923076923076923,University of Warwick
university of naples federico ii,university of new mexico,0.75,University of New Mexico
university of naples federico ii,university of leeds,0.7058823529411765,University of Leeds
university of naples federico ii,university of limerick,0.7037037037037037,University of Limerick
university of naples federico ii,university of tennessee,0.6909090909090909,University of Tennessee
university of naples federico ii,university of warwick,0.6792452830188679,University of Warwick
university of natural resources and life sciences,university of minnesota twin cities,0.5,University of Minnesota Twin Cities
university of nebraska - lincoln,university of nebraska,0.8148148148148148,University of Nebraska
university of nebraska - lincoln,"university of nevada, reno",0.6551724137931034,"University of Nevada, Reno"
university of nebraska - lincoln,university of washington,0.7142857142857143,University of Washington
university of nebraska - lincoln,university of new mexico,0.7142857142857143,University of New Mexico
university of nebraska - lincoln,university of salamanca,0.6545454545454545,University of Salamanca
university of nebraska lincoln,university of nebraska,0.8461538461538461,University of Nebraska
university of nebraska lincoln,"university of nevada, reno",0.6785714285714286,"University of Nevada, Reno"
university of nebraska lincoln,university of washington,0.7407407407407407,University of Washington
university of nebraska lincoln,university of new mexico,0.7407407407407407,University of New Mexico
university of nebraska lincoln,university of salamanca,0.6792452830188679,University of Salamanca
university of nebraska medical center,university of mississippi medical center,0.7792207792207793,University of Mississippi Medical Center
university of nebraska medical center,university of texas medical branch,0.7605633802816901,University of Texas Medical Branch
university of nebraska medical center,university of nebraska,0.7457627118644068,University of Nebraska
university of nebraska medical center,university of connecticut health center,0.7105263157894737,University of Connecticut Health Center
university of nebraska medical center,"university of nevada, reno",0.6031746031746031,"University of Nevada, Reno"
university of nebraska-lincoln,university of nebraska,0.8461538461538461,University of Nebraska
university of nebraska-lincoln,university of washington,0.7407407407407407,University of Washington
university of nebraska-lincoln,university of salamanca,0.6792452830188679,University of Salamanca
university of nebraska-lincoln,"university of nevada, reno",0.6785714285714286,"University of Nevada, Reno"
university of nebraska-lincoln,university of vermont,0.5882352941176471,University of vermont
university of nebraska-lincoln  lincoln,university of nebraska,0.7213114754098361,University of Nebraska
university of nebraska-lincoln  lincoln,"university of nevada, reno",0.5846153846153846,"University of Nevada, Reno"
university of nebraska-lincoln  lincoln,university of wisconsin,0.5806451612903226,University of Wisconsin
university of nebraska-lincoln  lincoln,university of washington,0.6349206349206349,University of Washington
university of nebraska-lincoln  lincoln,university of cincinnati,0.6349206349206349,University of Cincinnati
university of nebraska-lincoln  ne  usa,university of nebraska,0.7213114754098361,University of Nebraska
university of nebraska-lincoln  ne  usa,university of kansas,0.576271186440678,University of Kansas
university of nebraska-lincoln  ne  usa,university of british columbia,0.6376811594202898,University of British Columbia
university of nebraska-lincoln  ne  usa,university of washington,0.6349206349206349,University of Washington
university of nebraska-lincoln  ne  usa,university of cincinnati,0.6349206349206349,University of Cincinnati
university of new mexico school of medicine,university of new mexico,0.7164179104477612,University of New Mexico
university of new mexico school of medicine,washington university school of medicine,0.6987951807228916,Washington University School of Medicine
university of new mexico school of medicine,university of wisconsin,0.6363636363636364,University of Wisconsin
university of new mexico school of medicine,university of new haven,0.6060606060606061,University of New Haven
university of new mexico school of medicine,university of new hampshire,0.5714285714285714,University of New Hampshire
university of north carolina at chapel hill and north carolina state university,university of north carolina at chapel hill,0.7049180327868853,University of North Carolina at Chapel Hill
university of north carolina at chapel hill and north carolina state university,north carolina agricultural and technical state university,0.656934306569343,North Carolina Agricultural & Technical State University
university of north carolina at chapel hill and north carolina state university,north carolina aandt state university,0.6379310344827587,North Carolina A&T State University
university of north carolina at greensboro,university of north carolina at chapel hill,0.7764705882352941,University of North Carolina at Chapel Hill
university of north carolina at greensboro,university of south carolina,0.7428571428571429,University of South Carolina
university of north carolina at greensboro,university of north texas,0.6567164179104478,University of North Texas
university of north carolina at greensboro,university of north dakota,0.6764705882352942,University of North Dakota
university of north carolina at greensboro,"university of nevada, reno",0.5882352941176471,"University of Nevada, Reno"
university of north carolina charlotte,university of north carolina at chapel hill,0.8148148148148148,University of North Carolina at Chapel Hill
university of north carolina charlotte,university of south carolina,0.7878787878787878,University of South Carolina
university of north carolina charlotte,university of north dakota,0.71875,University of North Dakota
university of north carolina charlotte,university of north texas,0.6984126984126984,University of North Texas
university of north carolina charlotte,university of british columbia,0.6764705882352942,University of British Columbia
university of notredame southbend,university of notre dame,0.8070175438596491,University of Notre dame
university of notredame southbend,university of oregon,0.7169811320754716,University of Oregon
university of notredame southbend,university of bremen,0.7169811320754716,University of Bremen
university of notredame southbend,university of new haven,0.6785714285714286,University of New Haven
university of notredame southbend,university of rhode island,0.711864406779661,University of Rhode Island
university of oklahoma health sciences center,university of connecticut health center,0.6904761904761905,University of Connecticut Health Center
university of oklahoma health sciences center,university of oklahoma,0.6567164179104478,University of Oklahoma
university of oklahoma health sciences center,the university of manchester,0.6027397260273972,The University of Manchester
university of oklahoma health sciences center,university of alabama in huntsville,0.575,University of Alabama in Huntsville
university of oklahoma health sciences center,the university of oklahoma,0.6197183098591549,The University of Oklahoma
university of pittsburgh school of medicine,washington university school of medicine,0.6987951807228916,Washington University School of Medicine
university of pittsburgh school of medicine,"university of pittsburgh, johnstown",0.717948717948718,"University of Pittsburgh, Johnstown"
university of pittsburgh school of medicine,university of british columbia,0.6575342465753424,University of British Columbia
university of pittsburgh school of medicine,university of south carolina,0.6197183098591549,University of South Carolina
university of pittsburgh school of medicine,wake forest school of medicine,0.6301369863013698,Wake Forest School of Medicine
university of puerto rico medical science campus,"university of puerto rico, mayaguez",0.6746987951807228,"University of Puerto Rico, Mayaguez"
university of puerto rico medical science campus,university of texas medical branch,0.6341463414634146,University of Texas Medical Branch
university of puerto rico medical science campus,state university of new york environmental science,0.5918367346938775,State University of New York Environmental Science
university of puerto rico medical science campus,university of southern maine,0.5263157894736842,University of Southern Maine
university of puerto rico medical science campus,university of pretoria,0.6,University of Pretoria
university of puerto rico rio piedras campus,"university of puerto rico, mayaguez",0.6835443037974683,"University of Puerto Rico, Mayaguez"
university of puerto rico rio piedras campus,university of pretoria,0.6363636363636364,University of Pretoria
university of puerto rico rio piedras campus,university of texas at austin,0.5753424657534246,University of Texas at Austin
university of ribeirão preto,university of maribor,0.7346938775510204,University of Maribor
university of ribeirão preto,university of pretoria,0.76,University of Pretoria
university of ribeirão preto,university of fribourg,0.72,University of Fribourg
university of ribeirão preto,university of oregon,0.75,University of Oregon
university of ribeirão preto,university of são paulo,0.7450980392156863,University of São Paulo
university of rochester medical center,university of mississippi medical center,0.7692307692307693,University of Mississippi Medical Center
university of rochester medical center,university of rochester,0.7540983606557377,University of Rochester
university of rochester medical center,university of connecticut health center,0.7012987012987013,University of Connecticut Health Center
university of rochester medical center,university of texas medical branch,0.7222222222222222,University of Texas Medical Branch
university of rochester medical center,university of southern maine,0.6363636363636364,University of Southern Maine
university of san diego,university of maine,0.8095238095238095,University of Maine
university of san diego,university of liege,0.8095238095238095,University of Liege
university of san diego,university of california san diego,0.8070175438596491,University of California San Diego
university of san diego,university of sydney,0.7906976744186046,University of Sydney
university of san diego,university of oregon,0.7906976744186046,University of Oregon
university of sayyed jamaleddin asadabadi,university of salamanca,0.65625,University of Salamanca
university of sayyed jamaleddin asadabadi,university of california davis,0.6197183098591549,University of California Davis
university of sayyed jamaleddin asadabadi,university of queensland,0.5230769230769231,University of Queensland
university of sayyed jamaleddin asadabadi,university of california san diego,0.5066666666666667,University of California San Diego
university of sayyed jamaleddin asadabadi,university of alabama,0.5806451612903226,University of Alabama
university of tennessee  knoxville,university of tennessee,0.8070175438596491,University of Tennessee
university of tennessee  knoxville,university of louisville,0.6896551724137931,University of Louisville
university of tennessee  knoxville,university of new haven,0.5614035087719298,University of New Haven
university of tennessee  knoxville,"university of the peloponnese,",0.65625,"University of the Peloponnese,"
university of tennessee  knoxville,university of texas rio grande valley,0.647887323943662,University of Texas Rio Grande Valley
university of tennessee institute of agriculture,university of tennessee,0.647887323943662,University of Tennessee
university of tennessee institute of agriculture,university of connecticut,0.6027397260273972,University of Connecticut
university of tennessee institute of agriculture,university of minnesota twin cities,0.5783132530120482,University of Minnesota Twin Cities
university of tennessee knoxville,university of tennessee,0.8214285714285714,University of Tennessee
university of tennessee knoxville,university of louisville,0.7017543859649122,University of Louisville
university of tennessee knoxville,university of new haven,0.5714285714285714,University of New Haven
university of tennessee knoxville,"university of the peloponnese,",0.6666666666666666,"University of the Peloponnese,"
university of tennessee knoxville,university of texas rio grande valley,0.6571428571428571,University of Texas Rio Grande Valley
university of tennessee oak ridge national lab,university of tennessee,0.6666666666666666,University of Tennessee
university of tennessee oak ridge national lab,university of texas rio grande valley,0.6265060240963856,University of Texas Rio Grande Valley
university of tennessee oak ridge national lab,university of minnesota twin cities,0.5679012345679012,University of Minnesota Twin Cities
university of tennessee oak ridge national lab,"university of nevada, reno",0.4722222222222222,"University of Nevada, Reno"
university of tennessee oak ridge national lab,university of engineering and technology lahore,0.4731182795698925,University of Engineering and Technology Lahore
university of tennessee-knoxville,university of tennessee,0.8214285714285714,University of Tennessee
university of tennessee-knoxville,university of louisville,0.7017543859649122,University of Louisville
university of tennessee-knoxville,"university of the peloponnese,",0.6666666666666666,"University of the Peloponnese,"
university of tennessee-knoxville,university of new mexico,0.631578947368421,University of New Mexico
university of tennessee-knoxville,university of pannonia,0.6545454545454545,University of Pannonia
university of tennessee-oak ridge innovation institute,university of minnesota twin cities,0.5842696629213483,University of Minnesota Twin Cities
university of texas at san antonio,university of texas at austin,0.7936507936507936,University of Texas at Austin
university of texas at san antonio,the university of texas at el paso,0.7352941176470589,The University of Texas at El Paso
university of texas at san antonio,the university of texas at tyler,0.7272727272727273,The University of Texas at Tyler
university of texas at san antonio,university of pannonia,0.7142857142857143,University of Pannonia
university of texas at san antonio,university of texas medical branch,0.7058823529411765,University of Texas Medical Branch
university of texas at san antonio  usa,university of texas at austin,0.7647058823529411,University of Texas at Austin
university of texas at san antonio  usa,the university of texas at el paso,0.684931506849315,The University of Texas at El Paso
university of texas at san antonio  usa,university of pannonia,0.6885245901639344,University of Pannonia
university of texas at san antonio  usa,the university of texas at tyler,0.676056338028169,The University of Texas at Tyler
university of texas at san antonio  usa,university of texas medical branch,0.6575342465753424,University of Texas Medical Branch
university of the western cape,university of southern maine,0.7586206896551724,University of Southern Maine
university of the western cape,university of tennessee,0.7547169811320755,University of Tennessee
university of the western cape,university of rochester,0.7547169811320755,University of Rochester
university of the western cape,university of western australia,0.7540983606557377,University of Western Australia
university of the western cape,university of the witwatersrand,0.7540983606557377,University of the Witwatersrand
university of the witwatersrand  johannesburg,university of the witwatersrand,0.8157894736842105,University of the Witwatersrand
university of the witwatersrand  johannesburg,"university of the peloponnese,",0.64,"University of the Peloponnese,"
university of the witwatersrand  johannesburg,university of gothenburg,0.6376811594202898,University of Gothenburg
university of the witwatersrand  johannesburg,university of southern maine,0.5753424657534246,University of Southern Maine
university of the witwatersrand  johannesburg,university of rhode island,0.6197183098591549,University of Rhode Island
university of twente,university of tennessee,0.8372093023255814,University of Tennessee
university of twente,university of vermont,0.8292682926829268,University of vermont
university of twente,university of toronto,0.8292682926829268,University of Toronto
university of twente,university of munster,0.8292682926829268,University of Munster
university of twente,university of tartu,0.8205128205128205,University of Tartu
university of utah  assistant professor,university of washington,0.6031746031746031,University of Washington
university of utah  assistant professor,university of munster,0.6,University of Munster
university of utah  assistant professor,university of utah,0.631578947368421,University of Utah
university of utah  assistant professor,university of southern mississippi,0.6301369863013698,University of Southern Mississippi
university of utah  assistant professor,the university of texas at el paso,0.6301369863013698,The University of Texas at El Paso
university of wisconsin   madison,"university of wisconsin-madison, madison",0.8493150684931506,"University of Wisconsin-Madison, Madison"
university of wisconsin   madison,university of wisconsin,0.8214285714285714,University of Wisconsin
university of wisconsin   madison,university of wisconsin-milwaukee,0.7575757575757576,University of Wisconsin-Milwaukee
university of wisconsin   madison,university of southern maine,0.7213114754098361,University of Southern Maine
university of wisconsin   madison,university of washington,0.631578947368421,University of Washington
university of zurich,university of utah,0.8421052631578947,University of Utah
university of zurich,university of ar,0.8333333333333334,University of AR
university of zurich,university of warwick,0.8292682926829268,University of Warwick
university of zurich,university of turku,0.8205128205128205,University of Turku
university of zurich,university of pau,0.8108108108108109,University of Pau
universität leipzig,university of liege,0.6842105263157895,University of Liege
universität leipzig,university of michigan,0.6341463414634146,University of Michigan
universität leipzig,university of limerick,0.6341463414634146,University of Limerick
universität leipzig,university of pavia,0.5789473684210527,University of Pavia
universität leipzig,university of miami,0.631578947368421,University of Miami
université catholique de louvain   place l  pasteur 1,universite catholique de louvain,0.7294117647058823,Universite Catholique de Louvain
université catholique de louvain  place l  pasteur 1,universite catholique de louvain,0.7380952380952381,Universite Catholique de Louvain
université claude bernard lyon i,université de sherbrooke,0.6428571428571429,Université de Sherbrooke
université claude bernard lyon i,university at buffalo,0.6037735849056604,University at Buffalo
université côte d azur,university of ar,0.6842105263157895,University of AR
université côte d azur,university of pau,0.6666666666666666,University of Pau
université côte d azur,university of notre dame,0.6521739130434783,University of Notre dame
université côte d azur,university of canterbury,0.6521739130434783,University of Canterbury
université côte d azur,university college dublin,0.6382978723404256,University College Dublin
université de lorraine,university of maine,0.7317073170731707,University of Maine
université de lorraine,university of florida,0.6976744186046512,University of Florida
université de lorraine,university of liege,0.6829268292682927,University of Liege
université de lorraine,university of delaware,0.6818181818181818,University of Delaware
université de lorraine,university of surrey,0.6666666666666666,University of Surrey
université de lorraine  cnrs,university of maine,0.6382978723404256,University of Maine
université de lorraine  cnrs,university of colorado denver,0.45614035087719296,University of Colorado Denver
université de lorraine  cnrs,university of oregon,0.5833333333333334,University of Oregon
université de lorraine  cnrs,university of florida,0.6122448979591837,University of Florida
université de lorraine  cnrs,université grenoble alpes,0.6037735849056604,Université Grenoble Alpes
université de lyon,university of dayton,0.7368421052631579,University of Dayton
université de lyon,university of wyoming,0.717948717948718,University of Wyoming
université de lyon,université de sherbrooke,0.7142857142857143,Université de Sherbrooke
université de lyon,universidade de lisboa,0.7,Universidade De Lisboa
université de lyon,university of rhode island,0.6818181818181818,University of Rhode Island
us doe national energy technology laboratory,national renewable energy laboratory,0.65,National Renewable Energy Laboratory
us doe national energy technology laboratory,national chemical laboratory,0.6388888888888888,National Chemical Laboratory
us doe national energy technology laboratory,idaho national laboratory,0.6376811594202898,Idaho National Laboratory
us doe national energy technology laboratory,national university of technology,0.6233766233766234,National University of Technology
us doe national energy technology laboratory,los alamos national laboratory,0.6216216216216216,Los Alamos National Laboratory
utrecht university,trine university,0.8235294117647058,Trine University
utrecht university,maastricht university,0.8205128205128205,Maastricht University
utrecht university,purdue university,0.8,Purdue University
utrecht university,southwest university,0.7894736842105263,Southwest University
utrecht university,duke university,0.7878787878787878,Duke University
varda space industries,ppg industries,0.6666666666666666,PPG Industries
veranova,aveva,0.6153846153846154,Aveva
vertex pharmaceuticals,janssen pharmaceuticals,0.7555555555555555,Janssen pharmaceuticals
vertex pharmaceuticals inc,janssen pharmaceuticals,0.6938775510204082,Janssen pharmaceuticals
vrije universiteit brussel,trine university,0.6190476190476191,Trine University
wageningen university and research,groningen university,0.6666666666666666,Groningen University
wageningen university and research,washington university in st louis,0.6268656716417911,Washington University in St Louis
wageningen university and research,eindhoven university of technology,0.6176470588235294,Eindhoven University of Technology
wageningen university and research,california state university long beach,0.6111111111111112,California State University Long Beach
wageningen university and research,american university of beirut,0.5714285714285714,American University of Beirut
waseda university,masaryk university,0.8,Masaryk University
waseda university,iowa state university,0.7894736842105263,Iowa State University
waseda university,rowan university,0.7878787878787878,Rowan University
waseda university,qatar university,0.7878787878787878,Qatar University
waseda university,lamar university,0.7878787878787878,Lamar University
washington river protection solutions,washington university in st louis,0.6857142857142857,Washington University in St Louis
whitehead institute,the cyprus institute,0.6666666666666666,The Cyprus Institute
whitehead institute for biomedical research,tata institute of fundamental research,0.691358024691358,Tata Institute of Fundamental Research
worfolk consulting,process consultant,0.5555555555555556,Process Consultant
xi an jiaotong uni,xian jiaotong university,0.8095238095238095,Xi'an Jiaotong University
xprize,pfizer,0.6666666666666666,Pfizer
yale university,ege university,0.8275862068965517,Ege University
yale university,yantai university,0.8125,Yantai University
yale university,tulane university,0.8125,Tulane University
yale university,nagoya university,0.8125,Nagoya University
yale university,lehigh university,0.8125,Lehigh University
yamaguchi university,yantai university,0.8108108108108109,Yantai University
yamaguchi university,miami university,0.7777777777777778,Miami University
yamaguchi university,lamar university,0.7777777777777778,Lamar University
yamaguchi university,mcgill university,0.7567567567567568,McGill University
yamaguchi university,kyushu university,0.7567567567567568,Kyushu University
yonsei university,hoseo university,0.8484848484848485,Hoseo University
yonsei university,yantai university,0.8235294117647058,Yantai University
yonsei university,hongik university,0.8235294117647058,Hongik University
yonsei university,ohio university,0.8125,Ohio University
yonsei university,cornell university,0.8,Cornell University
zaiput flow technologies,em ai technology,0.6,EM AI Technology
zhejiang huakang pharmaceutical co   ltd,janssen pharmaceuticals,0.6031746031746031,Janssen pharmaceuticals
zoetis,novelis,0.6153846153846154,Novelis
