location,merged_location_names,latitude,longitude,count,address
Harvard University,"MIT; Tufts University; Harvard University; Northeastern University; Boston University; Broad Institute; University of Massachusetts; Bentley University; Koch Institute for Integrative Cancer Research; Brigham and Women's Hospital; Takeda Pharmaceuticals; Google; Mitsubishi Electric Research Laboratories; Dana-Farber Cancer Institute; Beth Israel Deaconess Medical Center, Boston; Massachusetts General Hospital; Whitehead Institute",42.364657,-71.11147818571428,714,"76 Koch Institute, 500, Main Street, The Port, Cambridge, Middlesex County, Massachusetts, 02142, United States, Bentley University, 175, Forest Street, Eastview Park, Waltham, Middlesex County, Massachusetts, 02452, United States, Beth Israel Deaconess Medical Center East Campus, 330, Brookline Avenue, Longwood Medical and Academic Area, Boston, Suffolk County, Massachusetts, 02215, United States, Boston University, Saint Mary's Street, North Brookline, Boston, Norfolk County, Massachusetts, 02215, United States, Brigham and Women's Hospital, 75, Francis Street, Longwood Medical and Academic Area, Boston, Suffolk County, Massachusetts, 02115, United States, Broad Institute, 320, Charles Street, East Cambridge, Cambridge, Middlesex County, Massachusetts, 02141, United States, Dana-Farber Cancer Institute, 450, Brookline Avenue, Longwood Medical and Academic Area, Boston, Suffolk County, Massachusetts, 02215, United States, Google Store, 153, Newbury Street, Back Bay, Boston, Suffolk County, Massachusetts, 02116, United States, Harvard Medical School, 25, Shattuck Street, Longwood Medical and Academic Area, Boston, Suffolk County, Massachusetts, 02115, United States, Harvard Pu Science College Muddebihal, SH41, Muddebihala, Muddebihala taluku, Vijayapura, Karnataka, 586212, India, Harvard University, Carver Street, Baldwin, Cambridge, Middlesex County, Massachusetts, 02318, United States, Massachusetts General Hospital, 55, Fruit Street, West End, Boston, Suffolk County, Massachusetts, 02114, United States, Massachusetts Institute of Technology, Vassar Street, The Port, Cambridge, Middlesex County, Massachusetts, 02238, United States, Mitsubishi Electric Research Laboratories, 201, Broadway, Harlow Square, Cambridge, Middlesex County, Massachusetts, 02139, United States, Northeastern University, 360, Huntington Avenue, Fenway, Boston, Suffolk County, Massachusetts, 02115, United States, Takeda Pharmaceuticals, Lexington, Middlesex County, Massachusetts, United States, Tufts University, Burget Avenue, Medford Hillside, West Medford, Medford, Middlesex County, Massachusetts, 02144, United States, Whitehead Institute, 455, Main Street, The Port, Cambridge, Middlesex County, Massachusetts, 02142, United States"
Stanford University,retired; Stanford University; SLAC National Accelerator Laboratory; Toyota Research Institute; Ansys Inc; Ansys Inc.; NASA Ames Research Center; Citrine Informatics,37.41550242,-122.09825894000001,443,"Ames Research Center, Bayshore Freeway, Mountain View, Santa Clara County, California, 94043, United States, Ansys, Inc., 2645, Zanker Road, North San Jose, San Jose, Santa Clara County, California, 95134, United States, Citrine Informatics, Winklebleck Street, Redwood City, San Mateo County, California, 94063, United States, Stanford Linear Accelerator Center National Accelerator Laboratory, 2575, Sand Hill Road, Menlo Park, San Mateo County, California, 94025, United States, Stanford University, 408, Panama Mall, Stanford, Santa Clara County, California, 94305, United States, Stanford, Santa Clara County, California, United States, Toyota Research Institute, 4440, West El Camino Real, Los Altos, Santa Clara County, California, 94022, United States, retired baseball field, Sunnyvale, Santa Clara County, California, United States"
Texas A&M University,Texas A&M University; Texas A&M; Texas A & M University,30.6108618,-96.3520606,361,"Texas A&M University, 400, Bizzell Street, The Gardens Apartments, College Station, Brazos County, Texas, 77843, United States"
The Ohio State University,The Ohio State University; Ohio State University,40.0056802,-83.0286612,336,"The Ohio State University, 281, West Lane Avenue, University District District 2, Columbus, Sharon, Franklin County, Ohio, 43210, United States"
Purdue University,Purdue University; Purdue university,40.430028,-86.9264211,324,"Purdue University, 610, West Lafayette, Tippecanoe County, Indiana, 47907, United States"
University of Houston,Rice University; University of Houston; MD Anderson Cancer Center,29.715084,-95.38222913333334,303,"Rice University, 6100, Main Street, Houston, Harris County, Texas, 77005, United States, University of Houston, 4800, Calhoun Road, University Oaks, Houston, Harris County, Texas, 77004, United States, University of Texas MD Anderson Cancer Center, 1515, Holcombe Boulevard, Texas Medical Center, Houston, Harris County, Texas, 77030, United States"
Duquesne University,University of Pittsburgh; Carnegie Mellon University; Duquesne University,40.44162456666667,-79.96522063333333,296,"Carnegie Mellon University, Filmore Street, Bellefield, Pittsburgh, Allegheny County, Pennsylvania, 15213, United States, Duquesne University, Gibbon Street, Bluff, Pittsburgh, Allegheny County, Pennsylvania, 15282, United States, University of Pittsburgh, 4200, Fifth Avenue, Fifth & Forbes, Downtown, Pittsburgh, Allegheny County, Pennsylvania, 15260, United States"
Imperial College London,"Imperial College London; University College London; University College Hospital; Vertex Pharmaceuticals; University College London (UCL); UCL School of Pharmacy; Chevron; UCL (University College London); Imperial College London, South Kensington",51.51618432222222,-0.13545365555555555,278,"Chevron, 1, Westferry Circus, Canary Wharf, London Borough of Tower Hamlets, London, Greater London, England, E14 4HA, United Kingdom, Imperial College London, Exhibition Road, Knightsbridge, London, Greater London, England, SW7 2AZ, United Kingdom, Imperial College Road, South Kensington, Royal Borough of Kensington and Chelsea, London, Greater London, England, SW7 2AD, United Kingdom, UCL School of Pharmacy, 29-39, Brunswick Square, Gray's Inn, King's Cross, London Borough of Camden, London, Greater London, England, WC1N 1AX, United Kingdom, University College Hospital, 235, Euston Road, Fitzrovia, London Borough of Camden, London, Greater London, England, NW1 2BU, United Kingdom, University College London, Great Titchfield Street, East Marylebone, Fitzrovia, Camden Town, London, Greater London, England, W1W 6RY, United Kingdom, Vertex Pharmaceuticals (U.K.) Limited, 2, Kingdom Street, Westbourne Green, Paddington, London, Greater London, England, W2 6PY, United Kingdom"
University of Michigan,University of Michigan; University of Michigan Ann Arbor,42.2942142,-83.7100389,277,"University of Michigan, 500, South State Street, Old Fourth Ward, Ann Arbor, Washtenaw County, Michigan, 48109, United States"
Georgia Institute of Technology,Georgia Institute of Technology; Clark Atlanta University; Georgia State University; georgia institute of technology; Georgia Tech,33.7663996,-84.3986866,262,"Clark Atlanta University, Raymond Street Southwest, Atlanta University Center, Atlanta, Fulton County, Georgia, 30314, United States, Georgia State University, 33, Gilmer Street Southeast, Georgia State, Old Fourth Ward, Atlanta, Fulton County, Georgia, 30303, United States, Georgia Tech, Center Street, Home Park, Atlanta, Fulton County, Georgia, 30332, United States"
North Carolina State University,North Carolina State University; North carolina state university; NC State University; NCSU,35.763836575,-78.674785875,260,"NCSU Pond Number One Dam, Wake County, North Carolina, 27693, United States, North Carolina State University, Pullen Road, Forest Park, Oberlin, Raleigh, Wake County, North Carolina, 27695, United States"
University of California Los Angeles,"University of California, Los Angeles; University of California Los Angeles; UCLA; University of California-Los Angeles; Cedars-Sinai Medical Center; Terasaki Institute; University of California - Los Angeles; XPRIZE",34.05998905,-118.4310129,236,"Cedars-Sinai Medical Center, 8700, Beverly Boulevard, West Hollywood, Los Angeles County, California, 90048, United States, Terasaki Research Institute, Westwood Boulevard, Westwood Village, Westwood, Los Angeles, Los Angeles County, California, 90024, United States, University of California, Los Angeles, Hilgard Avenue, Holmby Hills, Westwood, Los Angeles, Los Angeles County, California, 90095, United States, Xprize Foundation, West Slauson Avenue, Fox Hills, Culver City, Los Angeles County, California, 90056, United States"
University of Delaware,University of Delaware,39.6803338,-75.7530749,231,"University of Delaware, The Green, Newark, New Castle County, Delaware, 19716, United States"
National Renewable Energy Laboratory,National Energy Technology Laboratory; National Renewable Energy Laboratory; Colorado School of Mines; National Renewable Energy Lab,39.740915175,-105.183859375,231,"Colorado School of Mines, 1500, Illinois Street, Golden, Jefferson County, Colorado, 80401, United States, National Renewable Energy Lab, Denver West Parkway, Applewood, Jefferson County, Colorado, 80410, United States, Science and Technology Facility, Denver West Parkway, Applewood, Jefferson County, Colorado, 80419, United States"
Pennsylvania State University,Pennsylvania State University; Penn State University; The Pennsylvania State University; Penn State; Pennsylvania state university; the Pennsylvania State University,40.8025835,-77.8559383,222,"Penn State University, Abby Plaza, Overlook Heights, Krumrine, Ferguson Township, Centre County, Pennsylvania, 16803, United States"
Columbia University in the City of New York,"Stevens Institute of Technology; Columbia University; New York University; NYU Tandon School of Engineering; NYU College of Dentistry; City College of New York, CUNY; City College of New York; The City College of New York; CUNY Advanced Science Research Center; Columbia University in the City of New York; Weill Cornell Medical College; Forest Concepts",40.774002491666664,-73.95921585,219,"A & E Hair Concepts, 64-03, 108th Street, Forest Hills, Queens, Queens County, City of New York, New York, 11375, United States, CUNY Advanced Science Research Center, 85, Saint Nicholas Terrace, Manhattanville, Manhattan Community Board 9, Manhattan, New York County, City of New York, New York, 10031, United States, Columbia University, Amsterdam Avenue, Morningside Heights, Manhattan Community Board 9, Manhattan, New York County, City of New York, New York, 10027, United States, NYU College of Nursing, College of Dentistry and School of Engineering, 433, 1st Avenue, Kips Bay, Manhattan Community Board 6, Manhattan, New York County, City of New York, New York, 10010, United States, New York University, West Houston Street, University Village, Manhattan, New York County, City of New York, New York, 10014, United States, Stevens Institute of Technology, 1, 6th Street, Downtown, Hoboken, Hudson County, New Jersey, 07030, United States, Tandon School of Engineering, Johnson Street, Brooklyn Navy Yard, Brooklyn, Kings County, City of New York, New York, 11201, United States, The City College of New York, 160, Convent Avenue, Manhattanville, Manhattan Community Board 9, Manhattan, New York County, City of New York, New York, 10031, United States, Weill Cornell Medical College, York Avenue, Lenox Hill, Manhattan Community Board 8, Manhattan, New York County, City of New York, New York, 10128, United States"
Pacific Northwest National Laboratory,"Pacific Northwest National Laboratory; PNNL; Pacific Northwest National Laboratory, Richland, WA; Ingredion Incorporated; )Pacific Northwest National Laboratory",46.34770818,-119.27561190000002,202,"Ingredion Incorporated, Richland, Benton County, Washington, United States, PNNL Guesthouse/ User Housing Facility, Battelle Boulevard, Richland, Benton County, Washington, 99354, United States, Pacific Northwest National Laboratory, Horn Rapids Road, Richland, Benton County, Washington, 99354, United States"
University of Illinois,"University of Illinois Urbana-Champaign; University of Illinois at Urbana-Champaign; University of Illinois at Urbana Champaign; U.S. Army Research Laboratory; Army Research Laboratory; University of Illinois Urbana Champaign; University of Illinois at Urbana−Champaign; University of Illinois; University of Illinois Urbana–Champaign; University of Illinois, Urbana-Champaign; University of Illinois At Urbana-Champaign; University of Illinois Laboratory High School; UIUC; UNIVERSITY OF ILLINOIS AT URBANA CHAMPAIGN",40.094607692857146,-88.21349916428572,196,"Atkins Golf Club at the University of Illinois, 2600, South Stone Creek Boulevard, Mira, Urbana, Champaign County, Illinois, 61802, United States, US Army Construction Engineering Research Laboratory, 2902, Champaign, Champaign County, Illinois, 61822, United States, University of Illinois Laboratory High School, 1212, West Springfield Avenue, Urbana, Champaign County, Illinois, 61801, United States, University of Illinois Urbana-Champaign, West Stoughton Street, Urbana, Champaign County, Illinois, 61801, United States"
West Virginia University,West Virginia University; west virginia university,39.6348397,-79.9542095,185,"West Virginia University, Rohrbaugh Street, Westover, Monongalia County, West Virginia, 26501, United States"
University of California Berkeley,"University of California, Berkeley; University of California; Lawrence Berkeley National Laboratory; University of California Berkeley; UC Berkeley; Lawrence Berkeley National Lab; University of California at Berkeley; University of California-Berkeley",37.8671453125,-122.243397875,185,"Lawrence Berkeley National Laboratory, Centennial Drive, Oakland, Alameda County, California, 94720, United States, Oakland Scientific Facility - Lawrence Berkeley National Lab, Thomas L. Berkley Way, Uptown, Downtown Oakland, Oakland, Alameda County, California, 94612, United States, University of California Botanical Garden at Berkeley, 200, Centennial Drive, Berkeley, Alameda County, California, 94720, United States, University of California, Berkeley, Campanile Way, Northside, Berkeley, Alameda County, California, 94720, United States"
"University of Wisconsin-Madison, Madison","University of Wisconsin-Madison; University of Wisconsin - Madison; University of Wisconsin—Madison; University of Wisconsin – Madison; University of Wisconsin, Madison; University of Wisconsin-Madison, Madison; UW-Madison; University of Wisconsin–Madison; UW Madison; Forest Products Laboratory",43.07970709,-89.43061513,175,"Forest Products Laboratory, 1, Gifford Pinchot Drive, Forest Products Laboratory Campus, Madison, Dane County, Wisconsin, 53726, United States, University of Wisconsin-Madison, North Park Street, South Campus, Bowens Addition, Madison, Dane County, Wisconsin, 53715, United States"
University of Notre dame,"University of Notre dame; University of Notre Dame; Indiana University School of Medicine; University of Notre Dame,Indiana",41.701515725,-86.23799269999999,171,"Indiana University School of Medicine, 1234, North Notre Dame Avenue, Harters Heights, South Bend, Saint Joseph County, Indiana, 46617, United States, University of Notre Dame du Lac, Ironwood Road, Maple Lane, Notre Dame, Saint Joseph County, Indiana, 46556, United States"
Princeton University,Princeton University; Princeton,40.344185249999995,-74.65905155,171,"Princeton University, Baker Lane, Princeton, Mercer County, New Jersey, 08540, United States, Princeton, Mercer County, New Jersey, United States"
University of Minnesota Twin Cities,University of Minnesota; University of Minnesota-Twin Cities; University of Minnesota – Twin Cities; University of Minnesota Twin Cities; University of Minnesota - Twin Cities; Augsburg University; 3M,44.98228161428572,-93.1951990857143,166,"3M Arena, 1901, Southeast 4th Street, Prospect Park - East River Road, Minneapolis, Hennepin County, Minnesota, 55455, United States, Augsburg University, South 21st Avenue, Phillips, Minneapolis, Hennepin County, Minnesota, 55455, United States, The University of Minnesota, Twin Cities Campus, West Dan Patch Avenue, Falcon Heights, Ramsey County, Minnesota, 55455, United States"
University of Colorado Boulder,"University of Colorado Boulder; CU Boulder; University of Colorado, Boulder; University of Colorado; University of Colorado-Boulder",40.00720174,-105.26747227999999,151,"University of Colorado Boulder (Main Campus), Baseline Road, Boulder, Boulder County, Colorado, 80310, United States, University of Colorado Boulder (Main Campus), Boulder, Boulder County, Colorado, 80309, United States, University of Colorado, 1100, Boulder, Boulder County, Colorado, United States"
Johns Hopkins University,"Johns Hopkins University; JHU; Johns Hopkins University School of Medicine; University of Maryland Baltimore County; UMBC; University of Maryland Baltimore; University of Maryland, Baltimore County; Johns Hopkins School of Medicine; The Johns Hopkins University",39.289034799999996,-76.6431253111111,150,"Johns Hopkins University School Of Medicine, 2024, East Monument Street, Middle East, Baltimore, Maryland, 21287, United States, Johns Hopkins University, 3400, North Charles Street, Charles Village, Baltimore, Maryland, 21218, United States, The Peabody Institute of Johns Hopkins, Centre Street Cycletrack, Mount Vernon, Baltimore, Maryland, 21201, United States, University of Maryland Baltimore County, 1000, Hilltop Circle, Baltimore, Baltimore County, Maryland, 21250, United States, University of Maryland Baltimore, West Lombard Street, Chinatown, Sowebo, Baltimore, Maryland, 21201, United States"
Iowa State University,Iowa State University; University of Science & Technology; Ames National Laboratory; USDA-ARS,42.033054325,-93.62842245,144,"Ames National Laboratory, 311, Morrill Road, Frederiksen Court, Ames, Story County, Iowa, 50011, United States, Iowa State University, Lindenwood Circle, Northridge Parkway, Ames, Story County, Iowa, 50011, United States, USDA-ARS National Animal Disease Center, I 35, Ames, Milford Township, Story County, Iowa, 50019, United States"
Auburn University,Auburn University,32.5919528,-85.4959775,140,"Auburn University, Auburn, Lee County, Alabama, 36849, United States"
University of Florida,University of Florida,29.6411884,-82.3562296,137,"University of Florida, Fletcher Drive, Gainesville, Alachua County, Florida, 32611, United States"
Northwestern University,Northwestern University; Loyola University Chicago,42.02743245,-87.66633245,135,"Loyola University Chicago, 1032, West Sheridan Road, Edgewater Glen, Edgewater, Chicago, Lake View Township, Cook County, Illinois, 60660, United States, Northwestern University, 633, Clark Street, Downtown, Evanston, Evanston Township, Cook County, Illinois, 60208, United States"
University of Oklahoma,University of Oklahoma,35.1959878,-97.4457083,127,"University of Oklahoma, 660, Parrington Oval, Norman, Cleveland County, Oklahoma, 73019, United States"
University of Alabama,The University of Alabama; University of Alabama; University of alabama,33.2136006,-87.54399920000002,123,"Chabad at The University of Alabama, 17, Sherwood Drive, Audubon Place, Sherwood, Tuscaloosa, Tuscaloosa County, Alabama, 35401, United States, University of Alabama, Julia Tutwiler Drive, Buena Vista, Tuscaloosa, Tuscaloosa County, Alabama, 35487, United States"
University of Pennsylvania,Science History Institute; University of Pennsylvania; Drexel University; Children's Hospital of Philadelphia,39.951032575,-75.1815277,116,"Children's Hospital of Philadelphia, 3401, Civic Center Boulevard, University City, West Philadelphia, Philadelphia, Philadelphia County, Pennsylvania, 19104, United States, Drexel University, 3141, Chestnut Street, University City, West Philadelphia, Philadelphia, Philadelphia County, Pennsylvania, 19104, United States, Science History Institute, 315, Chestnut Street, Society Hill, Center City, Philadelphia, Philadelphia County, Pennsylvania, 19106, United States, University of Pennsylvania, Grays Ferry Avenue, South Philadelphia, Philadelphia, Philadelphia County, Pennsylvania, 19104, United States"
National University of Singapore,National University of Singapore; Temasek Life Sciences Laboratory; National University Of Singapore; National university of Singapore; Singapore Institute of Technology,1.2966282999999998,103.77749186000001,111,"National University of Singapore, Heng Mui Keng Terrace, Southern Waterfront, Queenstown, Southwest, Singapore, 119614, Singapore, Singapore Institute of Technology (Dover), 10, Dover Drive, one-north, Queenstown, Central, Singapore, 138683, Singapore, Temasek Life Sciences Laboratory, Research Link, Southern Waterfront, Queenstown, Southwest, Singapore, 118411, Singapore"
Hongik University,Korea Institute of Science and Technology; Kyung Hee University; Kwangwoon University; Hanyang University; Seoul National University; Ewha Womans University; Yonsei University; Sungkyunkwan University (SKKU); Chung-Ang University; Korea Institute of science and technology; Kookmin University; Myongji University; Soongsil University; Hongik University; Chung Ang University,37.56100883333333,126.98620790666668,111,"경희대학교 서울캠퍼스, 26, 경희대로, 회기동, 동대문구, 서울특별시, 02447, 대한민국, 광운대학교, 광운로7길, 월계1동, 노원구, 서울특별시, 01888, 대한민국, 국민대학교, 정릉로, 정릉동, 정릉3동, 성북구, 서울특별시, 02703, 대한민국, 명지대학교 인문캠퍼스, 34, 거북골로, 남가좌동, 남가좌2동, 서대문구, 서울특별시, 03674, 대한민국, 서울대학교, 1, 관악로, 대학동, 관악구, 서울특별시, 08826, 대한민국, 성균관대학교 인문사회과학캠퍼스, 25-2, 성균관로, 명륜2가, 혜화동, 종로구, 서울특별시, 03063, 대한민국, 숭실대학교, 369, 상도로, 상도1동, 동작구, 서울특별시, 07040, 대한민국, 연세대학교 신촌캠퍼스, 50, 연세로, 신촌동, 서대문구, 서울특별시, 03722, 대한민국, 이화여자대학교, 52, 이화여대길, 대현동, 신촌동, 서대문구, 서울특별시, 03760, 대한민국, 중앙대학교, 흑석로, 흑석동, 동작구, 서울특별시, 06972, 대한민국, 한국과학기술연구원, 화랑로13길, 하월곡동, 월곡2동, 성북구, 서울특별시, 02748, 대한민국, 한양대, 왕십리로, 사근동, 성동구, 서울특별시, 04763, 대한민국, 홍익대학교 서울캠퍼스, 94, 와우산로, 4통, 서강동, 마포구, 서울특별시, 04066, 대한민국"
Cornell University,Cornell University,42.4529076,-76.4800842,111,"Cornell University, City of Ithaca, Town of Dryden, Tompkins County, New York, 14850, United States"
Caltech Institute of Technology,"Caltech; California Institute of Technology; Caltech Institute of Technology; California Institute of Technology - Pasadena, CA",34.1370138,-118.1252883,110,"California Institute of Technology, East Del Mar Boulevard, Pasadena Council District 7, Pasadena, Los Angeles County, California, 91106, United States"
Sandia National Laboratories,Lawrence Livermore National Laboratory; Sandia National Laboratories; Lam Research Corporation,37.688589533333335,-121.7401623,108,"Lam Research Corporation, 1, Portola Avenue, Livermore, Alameda County, California, 94551, United States, Lawrence Livermore National Laboratory, Greenville Road, Livermore, Alameda County, California, 94605, United States, Sandia National Laboratories, Silverado Lane, Livermore, Alameda County, California, 94605, United States"
Indian Institute of Technology Bombay,"Indian Institute of Technology, Bombay; IIT Bombay; Indian Institute of Technology Bombay; Indian Institute of technology Bombay; IIT Mumbai; Indian Institute of Technology - Bombay; IITB; IIT BOMBAY; Indian Institute of Technology,Bombay; Indian Institute of Technology Bombay, Powai",19.1326186,72.9149702,105,"Indian Institute of Technology Bombay, Powai, Zone 6, Mumbai Suburban, Maharashtra, 400076, India"
Washington University in St Louis,"Washington University in St. Louis; Washington University in St Louis; MilliporeSigma; Washington University in St louis; Saint Louis University; Millipore Sigma; Donald Danforth Plant Science Center; Washington University in St. Louis,; Washington University in St.Louis",38.640798588888885,-90.28978154444445,97,"Donald Danforth Plant Science Center, 975, North Warson Road, Olivette, Saint Louis County, Missouri, 63131, United States, Millipore Sigma, Saint Louis, Missouri, United States, MilliporeSigma, 3500, Dekalb Street, Marine Villa, Saint Louis, Missouri, 63118, United States, Saint Louis University, 1, North Grand Boulevard, Covenant Blu Grand Center, Saint Louis, Missouri, 63103, United States, Washington University in St. Louis, 1, Brookings Drive, Skinker DeBaliviere, Saint Louis, Missouri, 63130, United States"
Tsinghua university,"Tsinghua University; tsinghua university; Tsinghua University, P.R.China; Tsinghua university",40.0022905,116.320963,94,"清华大学, 30, 双清路, 东升镇, 海淀区, 北京市, 100084, 中国"
University of Connecticut,University of Connecticut; UConn,41.8111114,-72.2483889,94,"University of Connecticut, North Eagleville Road, Mansfield, Capitol Planning Region, Connecticut, 06269, United States"
"Merck & Co., Inc.","Merck & Co., Inc; Merck & Co., Inc.; Merck & Co, Inc.; Merck & Co. Inc.",40.21103505,-75.3003919,93,"Merck & Co Inc, Upper Gwynedd Township, Montgomery County, Pennsylvania, United States, Merck Nature Trail, Merck & Co Inc, West Point, Upper Gwynedd Township, Montgomery County, Pennsylvania, 19486, United States"
Bristol Myers Squibb,University of Maryland; Bristol-Myers Squibb; Bristol Myers Squibb; Robert Bosch GmbH,48.1292363,11.5812022,82,"Bristol-Myers Squibb, 29, Arnulfstraße, Marsfeld, Maxvorstadt, Ludwigsvorstadt-Isarvorstadt, München, Bayern, 80636, Deutschland, Robert Bosch GmbH, Berg am Laim, München, Bayern, 81673, Deutschland, University of Maryland, Stadelheim, Obergiesing, Obergiesing-Fasangarten, München, Bayern, 81547, Deutschland"
University of South Carolina,University of South Carolina,33.9928841,-81.0268676,82,"University of South Carolina, Catawba Street, Columbia, Richland County, South Carolina, 29201, United States"
University of Illinois Chicago,University of Illinois Chicago; The University of Chicago; Illinois Institute of Technology,41.832161066666664,-87.62530033333333,82,"Illinois Institute of Technology, East 31st Street, Douglas, Chicago, Cook County, Illinois, 60616, United States, The University of Chicago, 5801, South Ellis Avenue, Hyde Park, Chicago, Hyde Park Township, Cook County, Illinois, 60637, United States, University of Illinois Chicago, 1200, West Harrison Street, Little Italy, Near West Side, Chicago, West Chicago Township, Cook County, Illinois, 60607, United States"
University of California San Diego,"University of California San Diego; University of California, San Diego; UCSD; university of california san diego; PORTON USA; Porton USA",32.87783769999999,-117.22710246666666,80,"Porton, 4059, Miramar Street, University City, San Diego, San Diego County, California, 92037, United States, University of California, San Diego, 9500, Gilman Drive, San Diego, San Diego County, California, 92093, United States"
"University of California, Riverside","University of California Riverside; University of California, Riverside; UNIVERSITY OF CALIFORNIA, RIVERSIDE; University Of California Riverside; UC Riverside; University of California, riverside",33.9642576,-117.3398097,80,"University of California, Riverside, 900, University Avenue, Riverside, Riverside County, California, 92521, United States"
University of California Santa Barbara,"University of California, Santa Barbara; University of California Santa Barbara; Engineering Science; University of California-Santa Barbara; University of California - Santa Barbara",34.41480948,-119.84491292,77,"Engineering Science, Mesa Road, Isla Vista, Santa Barbara County, California, 93107, United States, University of California, Santa Barbara, 552, Storke Road, Isla Vista, Santa Barbara County, California, 93106, United States"
Louisiana State University,Louisiana State University,30.4062005,-91.1854129,75,"Louisiana State University, Illinois Street, Nicholson Estates, Baton Rouge, East Baton Rouge Parish, Louisiana, 70803, United States"
Arizona State University,Arizona State University; arizona state university; The University of Arizona,33.422653833333335,-111.96481396666667,74,"Arizona State University, 1151, South Forest Avenue, Tempe Junction, Tempe, Maricopa County, Arizona, 85281, United States, Lutheran Social Services of the Southwest, 2502, East University Drive, Phoenix, Maricopa County, Arizona, 85034, United States"
Virginia Polytechnic Institute and State University,Virginia Polytechnic Institute and State University; Virginia Tech,37.2219268,-80.4272818,74,"Virginia Tech, 800, Drillfield Drive, Keister Addition, Blacksburg, Montgomery County, Virginia, 24061, United States"
"University of California, Irvine","University of California, Irvine; National Academies; University of California Irvine; Department of Chemical and Biomolecular Engineering; Dow, Inc.; University of California-Irvine; Department of Chemical and Biomolecular Engineering, University of California, Irvine",33.653261171428575,-117.83812945714286,74,"Beckman Center, 100, Academy Way, University Research Center, Irvine, Orange County, California, 92617, United States, Department of Chemical and Biomolecular Engineering, South Circle View, University of California, Irvine, Irvine, Orange County, California, 92697, United States, DeviceLab Inc., 3002, Dow Avenue, Tustin, Orange County, California, 92780, United States, University of California, Irvine, Ring Mall, University of California, Irvine, Irvine, Orange County, California, 92697, United States"
The Dow Chemical Company,The Dow Chemical Company,40.1633941,-75.4651946,74,"The Dow Chemical Company, Troutman Road, Arcola Corporate Campus, Yerkes, Upper Providence Township, Montgomery County, Pennsylvania, 19426, United States"
Argonne National Laboratory,Argonne National Laboratory; Argonne National Lab; Argonne national laboratory,41.712022100000006,-87.97847346666667,73,"Argonne National Lab, Outer Circle, DuPage County, Illinois, 60561, United States, Argonne National Laboratory, 9700, Cass Avenue, Lemont, DuPage County, Illinois, 60439, United States"
University of New Haven,University of New Haven; Yale University,41.27402215,-72.9761542,71,"University of New Haven, Allan Street, Allingtown, West Haven, South Central Connecticut Planning Region, Connecticut, 06516, United States, Yale University, West Haven, South Central Connecticut Planning Region, Connecticut, 06516, United States"
University of Virginia,University of Virginia,38.0410576,-78.5055084,71,"University of Virginia, Faulconer Drive, University of Virginia, Albemarle County, Virginia, 22903, United States"
University of Tennessee,"The University of Tennessee Knoxville; University of Tennessee; University of Tennessee-Knoxville; The University of Tennessee; University of Tennessee, Knoxville; University of Tennessee Knoxville",35.9515982,-83.93088095,71,"University of Tennessee, Knoxville, Cumberland Avenue, Cumberland District, Fort Sanders, Knoxville, Knox County, East Tennessee, Tennessee, 37996, United States, University of Tennessee, Knoxville, Knox County, East Tennessee, Tennessee, United States"
Worcester Polytechnic Institute,Worcester Polytechnic Institute; University of Massachusetts Medical School; Clariant Corporation; WPI,42.2893383,-71.805867725,69,"Clariant Corporation, 85, Industrial Drive, Dawson, Holden, Worcester County, Massachusetts, 01520, United States, University of Massachusetts Medical School, Second Road, Worcester, Worcester County, Massachusetts, 01653, United States, WPI South Village, Sever Street, Elm Park, Hammond Heights, Worcester, Worcester County, Massachusetts, 01609, United States, Worcester Polytechnic Institute, 100, Institute Road, Massachusetts Avenue Historic District, Hammond Heights, Worcester, Worcester County, Massachusetts, 01609, United States"
Case Western Reserve University,Case Western Reserve University; Cleveland State University,41.501985149999996,-81.63789464999999,69,"Case Western Reserve University, 10900, Euclid Avenue, Uptown, Cleveland, Cuyahoga County, Ohio, 44106, United States, Cleveland State University, 2121, Euclid Avenue, Downtown Cleveland, Cleveland, Cuyahoga County, Ohio, 44115, United States"
Wayne State University,Wayne State University,42.3571895,-83.0709436,68,"Wayne State University, 656, West Kirby Street, Midtown, Detroit, Wayne County, Michigan, 48202, United States"
University of Missouri,University of Missouri; University of Missouri-Columbia; University of Missouri Columbia,38.9364147,-92.329703,67,"University of Missouri, Columbia, Columbia Township, Boone County, Missouri, 65211, United States"
University of California Davis,"UC Davis; University of California - Davis; University of California Davis; University of California, Davis; UC DAVIS",38.5337904,-121.7907544,67,"University of California, Davis, 1, Newton Court, Davis, Yolo County, California, 95616, United States"
University of Utah,University of Utah,40.7628137,-111.8368719,66,"University of Utah, 201, Presidents Circle, Salt Lake City, Salt Lake County, Utah, 84112, United States"
Brown University,Brown University; Rhode Island School of Design,41.82287165,-71.4075955,65,"Brown University, Carrington Avenue, Blackstone, Providence, Providence County, Rhode Island, 02912, United States, Rhode Island School of Design, Providence County, Rhode Island, 02912, United States"
Oak Ridge National Laboratory,Oak Ridge National Laboratory; Oak Ridge National laboratory,35.9301332,-84.3119307,65,"Oak Ridge National Laboratory, Oak Ridge, Roane County, East Tennessee, Tennessee, United States"
University of Massachusetts Amherst,"University of Massachusetts Amherst; University of Massachusetts-Amherst; University of Massachusetts - Amherst; University of Massachusetts, Amherst; University Of Massachusetts Amherst; UMass Amherst; UMass",42.3875741,-72.5299209,63,"University of Massachusetts Amherst, North Pleasant Street, Amherst, Hampshire County, Massachusetts, 01004, United States"
University of Washington,University of Washington,47.6554303,-122.3001692,63,"University of Washington, Red Square, Central Campus, University District, Seattle, King County, Washington, 98195, United States"
ETH Zürich,ETH Zürich; ETH Zurich,47.413218,8.5374914,63,"ETH Zürich, 130, Binzmühlestrasse, Oerlikon, Kreis 11, Zürich, Bezirk Zürich, Zürich, 8050, Schweiz/Suisse/Svizzera/Svizra"
Vanderbilt University,Vanderbilt University,36.1438011,-86.8028189,63,"Vanderbilt University, 2201, West End Avenue, Nashville, Davidson County, Middle Tennessee, Tennessee, 37235, United States"
University of Massachusetts Lowell,University of Massachusetts Lowell; UMass Lowell; University of Massachusetts-Lowell,42.6519097,-71.3173628,62,"University of Massachusetts Lowell, Walker Street, Cambodia Town, The Acre, Lowell, Middlesex County, Massachusetts, 01854, United States"
Texas Tech University,Texas Tech University,33.5937526,-101.8995955,61,"Texas Tech University, 2500, Broadway, Lubbock, Lubbock County, Texas, 79409, United States"
Lehigh University,Lehigh University,40.6068028,-75.3782488,61,"Lehigh University, Library Drive, Sayre Park, South Bethlehem, Bethlehem, Northampton County, Pennsylvania, 18015, United States"
New Jersey Institute of Technology,New Jersey Institute of Technology; Ampère SAS; New Jersey Institute of technology,40.75033943333333,-74.18431020000001,60,"Ampere, East Orange, Essex County, New Jersey, 07107, United States, New Jersey Institute of Technology, Sussex Avenue, Newark, Essex County, New Jersey, 07102, United States"
University of Nebraska,"University of Nebraska-Lincoln; University of Nebraska - Lincoln; DOE NE; Zoetis; University of Nebraska-Lincoln, NE, USA; University of Nebraska-Lincoln, Lincoln; University of Nebraska",40.83132621428571,-96.68771961428571,58,"Doe Addition, Belmont, Lincoln, Lancaster County, Nebraska, United States, University of Nebraska - Lincoln (East Campus), 2000, North 33rd Street, Clinton, Lincoln, Lancaster County, Nebraska, 68503, United States, University of Nebraska-Lincoln City Campus, T Street, Hartley, Lincoln, Lancaster County, Nebraska, 68503, United States, Zoetis, Lincoln, Lancaster County, Nebraska, United States"
IIT Madras,IIT Madras; Indian Institute of Technology Madras; IITm,12.993263033333333,80.23568126666667,57,"IIT Madras, Adayar, Ward 174, Zone 13 Adyar, Chennai, Tamil Nadu, 600036, India, Indian Institute of Technology Madras, Taramani Road, Vikram Sarabhai Industrial Estate, Ward 180, Zone 13 Adyar, Chennai, Tamil Nadu, 600036, India"
Rensselaer Polytechnic Institute,Rensselaer Polytechnic Institute; RPI; Rensselaer Polytechnic institute,42.7298969,-73.6796678,57,"Rensselaer Polytechnic Institute, 110, 8th Street, Downtown, City of Troy, Rensselaer County, New York, 12180, United States"
Tulane University,Tulane University,29.9412195,-90.1201009,55,"Tulane University, 6823, Saint Charles Avenue, Black Pearl, Greenville, New Orleans, Orleans Parish, Louisiana, 70118, United States"
U.S. Department of Energy,U.S. Dept. of Energy; US Environmental Protection Agency; U.S. Department of Energy; USDA; Naval Research Laboratory; Georgetown University; U.S. Environmental Protection Agency; Howard University,38.887938874999996,-77.0324304125,55,"Georgetown University, 3700, O Street Northwest, Georgetown, Ward 2, Washington, District of Columbia, 20057, United States, Howard University, 2400, 6th Street Northwest, Howard University, Ward 1, Washington, District of Columbia, 20059, United States, U.S. Department of Energy, 12th Street Expressway, Southwest Employment Area, Ward 6, Washington, District of Columbia, 20585, United States, U.S. Environmental Protection Agency, 1200, Pennsylvania Avenue Northwest, Ward 2, Washington, District of Columbia, 20004, United States, US Environmental Protection Agency, 1200, Pennsylvania Avenue Northwest, Ward 2, Washington, District of Columbia, 20004, United States, United States Department of Agriculture, 1400, Independence Avenue Southwest, Ward 2, Washington, District of Columbia, 20250, United States, United States Naval Research Laboratory, Ward 8, Washington, District of Columbia, United States"
Sungkyunkwan University,Sungkyunkwan University; Sungkyunkwan university; CJ CheilJedang,37.29748823333333,126.9434087,54,"CJ제일제당 안산공장, 141, 상록구, 안산시, 대한민국, 성균관대, 화산로, 율전동, 장안구, 수원시, 16360, 대한민국"
Idaho National Laboratory,Idaho National Laboratory,43.5208319,-112.0490689,54,"Idaho National Laboratory, Idaho Falls, Bonneville County, Idaho, United States"
University of Alberta,"University of Alberta; University of alberta; University of Alberta, Edmonton, Canada",53.52682000000001,-113.5244937,52,"University of Alberta, 114 Street NW, University of Alberta, Greater Strathcona, Edmonton, Alberta, T6G 0N1, Canada"
University of Kansas,University of Kansas,38.9535052,-95.2630922,52,"University of Kansas, 1450, Jayhawk Boulevard, Lawrence, Douglas County, Kansas, 66045, United States"
Michigan Technological University,Michigan Technological University,47.1099114,-88.5511513,52,"Michigan Technological University, 1400, Townsend Drive, Houghton, Houghton County, Michigan, 49931, United States"
Saudi Aramco,Saudi Aramco; Saudi aramco,23.9494015,38.2920459,51,"Saudi Aramco, المنطقة الصناعية, محافظة ينبع, منطقة المدينة المنورة, السعودية"
Stony Brook University,Stony Brook University,40.9090809,-73.1205518,51,"Stony Brook University, 100, Nicolls Road, Town of Brookhaven, Suffolk County, New York, 11794, United States"
Eli Lilly and Company,Eli Lilly and Company,51.3768345,-0.6747395,48,"Eli Lilly and Company, Sunninghill Road, Windlesham, Surrey Heath, Surrey, England, GU20 6PH, United Kingdom"
Nanyang Technological University,Nanyang Technological University,1.3484104,103.6829332,47,"Nanyang Technological University, 50, Nanyang Avenue, Western Water Catchment, Southwest, Singapore, 639798, Singapore"
University of Toronto,University of Toronto,43.663462,-79.3977597,47,"University of Toronto, Queen's Park Crescent West, Bay-Cloverhill, University—Rosedale, Toronto, Golden Horseshoe, Ontario, M5S 3M2, Canada"
Oklahoma State University,Oklahoma State University,36.1313112,-97.0890259,47,"Oklahoma State University, Stillwater, Payne County, Oklahoma, United States"
The University of Sheffield,University of Sheffield; The University Of Sheffield; The University of Sheffield; Sheffield University; Department of Biological Engineering,53.37781046,-1.49144162,46,"Department of Chemical and Biological Engineering, Newcastle Street, Devonshire, City Centre, Sheffield, South Yorkshire, England, S1 4TT, United Kingdom, University of Sheffield, Upper Hanover Street, Saint George's, Broomhall, Sheffield, South Yorkshire, England, S3 7RL, United Kingdom, University of Sheffield, Western Bank, Broomfield, Netherthorpe, Sheffield, South Yorkshire, England, S10 2TN, United Kingdom"
Zhejiang university,Zhejiang University; Zhejiang university; zhejiang university,30.521595,120.7195312,45,"浙江大学（海宁校区）, 西环路, 鹃湖科技城, 硖石街道, 海宁市, 嘉兴市, 浙江省, 314400, 中国"
King Fahd University of Petroleum and Minerals,"KFUPM; King Fahd University of Petroleum & Minerals; King Fahd University of Petroleum and Minerals; King Fahd University of Petroleum and Minerals, Dhahran; King Fahd University Of Petroleum & Minerals",26.30948538,50.14682478,45,"KFUPM Square, Farooq Road, الظهران, محافظة الدمام, المنطقة الشرقية, 34455, السعودية, جامعة الملك فهد للبترول والمعادن, Cypress Street, الظهران, مجمع الظهران السكني, محافظة الدمام, المنطقة الشرقية, 34453, السعودية"
Oregon State University,Oregon State University,44.5630559,-123.2839234,44,"Oregon State University, 1500, Southwest Jefferson Way, Corvallis, Benton County, Oregon, 97331, United States"
Rutgers,Rutgers; Rutgers University,40.5204169,-74.4645303,44,"Rutgers University, Bartlett Street, New Brunswick, Middlesex County, New Jersey, 08901, United States"
University of Kentucky,University of Kentucky,38.0266291,-84.5047222,43,"University of Kentucky, 101, Colliseum Alley, Academic Core, University of Kentucky, Lexington, Fayette County, Kentucky, 40506, United States"
Kansas State University,Kansas State University; Kansas state university,39.20883,-96.5884512,43,"Kansas State University, Cedar Acres Drive, Manhattan, Riley County, Kansas, 66506, United States"
"Mars, Inc.","Mars, Inc.",40.6919252,-80.0030045,43,"Fleming Tire & Auto Service, Inc, 649, Mars Road, Mars, Butler County, Pennsylvania, 16046, United States"
RWTH Aachen University,German Aerospace Center (DLR); RWTH Aachen University; Sartorius; RWTH Aachen,50.783707975,6.104963125,43,"Deutsches Zentrum für Luft- und Raumfahrt (DLR), 12, Carlo-Schmid-Straße, Gewerbegebiet Aachener Kreuz, Sankt Jobs, Würselen, Städteregion Aachen, Nordrhein-Westfalen, 52146, Deutschland, RWTH Aachen, Friedrich-Ebert-Allee, Burtscheid, Aachen-Mitte, Aachen, Städteregion Aachen, Nordrhein-Westfalen, 52066, Deutschland, Sartorius, Auguste-von-Sartorius-Weg, Forst, Aachen-Mitte, Aachen, Städteregion Aachen, Nordrhein-Westfalen, 52068, Deutschland"
National Institute of Standards and Technology,US Department of Energy; National Institute of Standards and Technology; National Institute of Standards and Technology Center for Neutron Research; John Hopkins University; NIST; National Institute of Standards and Technology (NIST),39.13327588333333,-77.2234751,42,"Future John Hopkins University Belward Campus, Gaithersburg, Montgomery County, Maryland, United States, NIST Center for Neutron Research, 235, Center Drive, National Institute of Standards and Technology, Kentlands, Montgomery County, Maryland, 20899, United States, National Institute of Standards and Technology, 100, Gaithersburg, Montgomery County, Maryland, 20899, United States, US Department of Energy, Fox Chapel, Germantown, Montgomery County, Maryland, United States"
Los Alamos National Laboratory,Los Alamos National Laboratory; LOS ALAMOS NATIONAL LABORATORY,35.8190003,-106.2656274,42,"Los Alamos National Laboratory, Los Alamos, Los Alamos County, New Mexico, 87545, United States"
Brigham Young University,Brigham Young University,40.2554083,-111.6496832,42,"Brigham Young University, East 2020 North, Pleasant View, Provo, Utah County, Utah, 84602, United States"
IIT Kharagpur,"Indian Institute of Technology Kharagpur; IIT Kharagpur; IIT KHARAGPUR; Indian Institute of Technology, Kharagpur",22.3144275,87.310392,41,"Indian Institute of Technology Kharagpur, SH5, Kharagpur, Kharagpur-I, Paschim Medinipur, West Bengal, 721302, India"
Khalifa University,Khalifa University,24.4479513,54.3955267,39,"جامعة خليفة, شارع جَبل النِّجيد, حدبة الزعفرانة, أبو ظبي, أبوظبي, أبو ظبي, الإمارات العربية المتحدة"
University of South Florida,University of South Florida; Moffitt Cancer Center,28.062033550000002,-82.41778115,39,"H. Lee Moffitt Cancer Center, 12902, USF Magnolia Drive, Tampa, Hillsborough County, Florida, 33612, United States, University of South Florida, 4202, East Fowler Avenue, Tampa, Hillsborough County, Florida, 33620, United States"
The University of Kansas,The University of Kansas; Kansas University Medical Center,39.0565182,-94.60928849999999,38,"The University of Kansas Hospital, 4000, Cambridge Street, Rosedale, Kansas City, Wyandotte County, Kansas, 66160, United States, University of Kansas Medical Center, 3901, Rainbow Boulevard, Rosedale, Kansas City, Wyandotte County, Kansas, 66160, United States"
University of Georgia,University of Georgia; UGA,33.9404278,-83.373049,38,"University of Georgia, Athens, Clarke County, Georgia, United States, University of Georgia, Southview Drive, Five Points, Athens, Clarke County, Georgia, 30602, United States"
Tokyo institute of technology,Keio University; Tokyo institute of technology; Tokyo Institute of Technology,35.58797123333333,139.6689706,36,"慶應義塾大学, 赤門坂, 日吉本町二丁目, 港北区, 横浜市, 神奈川県, 223-0062, 日本, 東京科学大学 大岡山キャンパス, 轟橋, 大岡山二丁目, 大岡山, 目黒区, 東京都, 152-0034, 日本"
Qatar University,Qatar University; Qatar university,25.3719714,51.4879579,36,"جامعة قطر, شارع الجامعة, الدوحة, قطر"
AbbVie,AbbVie; Abbvie,42.33708,-87.8344244,36,"AbbVie, North Chicago, Lake County, Illinois, United States"
TU Delft,Delft University of Technology; GSK R&D; TU Delft; Technische Universiteit Delft,52.016043475000004,4.358393925,35,"GSK, Hoefkade, Schilderswijk, Centrum, Den Haag, Zuid-Holland, Nederland, 2515 GH, Nederland, Technische Universiteit Delft, N.C. Kistweg, TU-wijk, Wippolder, Delft, Zuid-Holland, Nederland, 2628 XE, Nederland"
Michigan State University,Michigan State University; MSU,42.7023794,-84.4803869,34,"Michigan State University, 426, Auditorium Road, North Neighborhood, East Lansing, Ingham County, Michigan, 48824, United States"
Clemson University,Clemson University,34.6686915,-82.8374348,34,"Clemson University, RV Lot, Pickens County, South Carolina, 29634, United States"
Virginia Commonwealth University,Virginia Commonwealth University,37.5461246,-77.4540609,33,"Virginia Commonwealth University, 907, Floyd Avenue, Carver, Richmond, Virginia, 23284, United States"
University of Southern California,University of Southern California; UNIVERSITY OF SOUTHERN CALIFORNIA,34.0218689,-118.2858579,33,"University of Southern California, South Figueroa Street, Historic South-Central, Los Angeles, Los Angeles County, California, 90089, United States"
GSK,GSK,46.2857292,-114.1470748,33,"GSK, Hamilton, Ravalli County, Montana, United States"
McMaster University,McMaster University,43.2639397,-79.9178252,33,"McMaster University, 1280, Main Street West, Ainslie Wood East, Hamilton, Golden Horseshoe, Ontario, L8S 3L8, Canada"
United States Military Academy,United States Military Academy,41.3926455,-73.9599242,33,"United States Military Academy, Storm King Highway, Town of Highlands, Orange County, New York, 10996, United States"
Dow,Dow,35.504124,-119.1726056,33,"Dow, Minter Field Industrial Center, Shafter, Kern County, California, United States"
Universidad Nacional de Colombia,"Universidad Nacional De Colombia; Universidad Nacional de Colombia; Universidad de los Andes; Universidad de los Andes, Carrera",4.62007255,-74.07507125000001,33,"Universidad Nacional de Colombia, 26-85, Carrera 45, Rafael Nuñez, UPZ Parque Simón Bolivar-CAN, Localidad Teusaquillo, Bogotá, Bogotá, Distrito Capital, RAP (Especial) Central, 111321, Colombia, Universidad de los Andes, Carrera 2A, Las Aguas, UPZs Localidad La Candelaria, Bogotá, Bogotá, Distrito Capital, RAP (Especial) Central, 111711, Colombia"
Rowan University,Rowan University,39.7103526,-75.1193267,33,"Rowan University, 201, Mullica Hill Road, Glassboro, Gloucester County, New Jersey, 08028, United States"
Politecnico di Torino,Politecnico di Torino,45.0636974,7.6575263,32,"Politecnico di Torino, Corso Castelfidardo, Cit Turin, Circoscrizione 3, Torino, Piemonte, 10129, Italia"
Brookhaven National Laboratory,Brookhaven National Laboratory; Brookhaven National Lab,40.87930865,-72.85765635,32,"Brookhaven National Lab Road, Brookhaven National Laboratory, Ridge, Town of Brookhaven, Suffolk County, New York, 11973, United States, Brookhaven National Laboratory, Ridge, Town of Brookhaven, Suffolk County, New York, 11973, United States"
University of AR,University of Arkansas; Univ of AR; University of AR,36.0970389,-94.1703322,31,"University of Arkansas, West Spruce Street, VA Hill, Fayetteville, Washington County, Arkansas, 72703, United States"
University of Louisiana at Lafayette,University of Louisiana at Lafayette; University of Louisiana,30.2117256,-92.0195772,30,"University of Louisiana at Lafayette, Barry Street, Arbolada Addition, Lafayette, Lafayette Parish, Louisiana, 70501, United States"
University of New Mexico,University of New Mexico; Air Force Research Laboratory,35.07115085,-106.6113392,30,"Air Force Research Laboratory - Space Vehicles Directorate, 3550, Aberdeen Drive Southeast, Albuquerque, Bernalillo County, New Mexico, 87117, United States, University of New Mexico, Frontier Avenue Northeast, Nob Hill, Albuquerque, Bernalillo County, New Mexico, 87131, United States"
University of North Dakota,University of North Dakota,47.9265412,-97.0721209,30,"University of North Dakota, Healthy Way, Grand Forks, Grand Forks County, North Dakota, 58203, United States"
University of Birmingham,University of Birmingham,52.4522956,-1.9312857,29,"The Teaching and Learning Building, Edgbaston Park Road, Bournbrook, Metchley, Birmingham, West Midlands, England, B15 2TT, United Kingdom"
KAUST,KAUST; King Abdullah University of Science and Technology,22.3223754,39.1173835,29,"جامعة الملك عبد الله للعلوم و التقنية, Beacon Avenue, محافظة رابغ, منطقة مكة المكرمة, 23955, السعودية"
Dalian University of Technology,Dalian University of Technology; Dalian university of technology,38.8812564,121.52016,28,"大连理工大学(凌水校区), 2号, 软件园路, 凌水街道, 栾金村, 甘井子区, 辽宁省, 116024, 中国"
University of Waterloo,University of Waterloo,43.4701994,-80.5452429,28,"University of Waterloo, Wilmot, Region of Waterloo, Ontario, N2L 3G1, Canada"
Florida Institute of Technology,Florida Institute of Technology; Florida Institute of technology,28.064271,-80.623004,28,"Florida Institute of Technology, East University Boulevard, Melbourne, Brevard County, Florida, 32901, United States"
The Hong Kong University of Science and Technology,City University of Hong Kong; The Hong Kong University of Science and Technology; HKUST; the Hong Kong University of Science and Technology; The Hong Kong Polytechnic University,22.329990000000002,114.22884208,27,"科大 (逸夫演藝中心) HKUST (Shaw Auditorium), 銀影路 Ngan Ying Road, 阿公灣 A Kung Wan, 大埔仔 Tai Po Tsai, 西貢區 Sai Kung District, 新界 New Territories, 香港 Hong Kong, 中国, 香港城市大學 City University of Hong Kong, 晴碧花園 Sunshine Grove, 圓洲角 Yuen Chau Kok, 插桅杆村 Chap Wai Kon Village, 沙田區 Sha Tin District, 新界 New Territories, 香港 Hong Kong, 中国, 香港理工大學 The Hong Kong Polytechnic University, 11, 育才道 Yuk Choi Road, 紅磡灣 Hung Hom Bay, 尖沙咀 Tsim Sha Tsui, 油尖旺區 Yau Tsim Mong District, 九龍 Kowloon, 香港 Hong Kong, 中国, 香港科技大學 The Hong Kong University of Science and Technology, 大學道 University Road, 碧水新村 Pik Shui San Tsuen, 大埔仔 Tai Po Tsai, 西貢區 Sai Kung District, 新界 New Territories, 香港 Hong Kong, 中国"
University of Rochester,University of Rochester; Rochester Institute of Technology; University of Rochester Medical Center,43.11182133333333,-77.64236646666667,27,"Rochester Institute of Technology, 1, Lomb Memorial Drive, City of Rochester, Monroe County, New York, 14623, United States, University of Rochester Medical Center Main Campus, 601, Elmwood Avenue, Upper Mount Hope, City of Rochester, Monroe County, New York, 14611, United States, University of Rochester River Campus, Jefferson Avenue, Genesee-Jefferson, City of Rochester, Monroe County, New York, 14611, United States"
Ghent University,Ghent University,51.0078484,3.7108831,26,"Universiteit Gent Vakgroep Textielkunde, 70A, Technologiepark-Zwijnaarde, Wetenschapspark Ardoyen, Zwijnaarde, Gent, Oost-Vlaanderen, 9052, België / Belgique / Belgien"
Indian Institute of Technology Delhi,"South Asian University; Indian Institute of Technology Delhi; Indian Institute of Technology, Delhi; PSRI",28.526577,77.2008821,26,"Indian Institute of Technology Delhi, Hauz Khas, Hauz Khas Tehsil, South Delhi, Delhi, 110016, India, PSRI Hospital, Pandit Trilok Chandra Sharma Marg, Savitri Nagar, Khirki, Hauz Khas Tehsil, South Delhi, Delhi, 110017, India, South Asian University, Daffodil Lane, Satbari, Saket Tehsil, South Delhi, Delhi, 110074, India"
The University of Tokyo,The University of Tokyo,35.9019845,139.9362283,26,"東京大学 柏キャンパス, 学融合の道, 柏の葉五丁目, 柏市, 千葉県, 277-8583, 日本"
University at Buffalo,University at Buffalo; University At Buffalo,43.0019863,-78.7859649,26,"University at Buffalo, Town of Amherst, Erie County, New York, United States"
Korea Advanced Institute of Science and Technology,KAIST; Korea Advanced Institute of Science and Technology; Institute for Basic Science; Hanbat National University,36.36678495,127.35252315,25,"국립한밭대학교, 125, 동서대로, 덕명동, 학하동, 유성구, 대전광역시, 34158, 대한민국, 기초과학연구원, 엑스포로41번길, 도룡동, 신성동, 유성구, 대전광역시, 34126, 대한민국, 한국과학기술원, 291, 대학로, 구성동, 온천2동, 유성구, 대전광역시, 34141, 대한민국"
University of Rhode Island,University of Rhode Island,41.4875094,-71.5343138,25,"University of Rhode Island, Complex Road, South Kingstown, South County, Rhode Island, 02881, United States"
Pfizer,Pfizer,51.0669817,4.3097669,25,"Pfizer, Rijksweg, Kalfort, Puurs, Puurs-Sint-Amands, Mechelen, Antwerpen, 2870, België / Belgique / Belgien"
École Polytechnique Fédérale de Lausanne,École Polytechnique Fédérale de Lausanne; Ecole Polytechnique Fédérale de Lausanne,46.5186594,6.5665615,24,"École Polytechnique Fédérale de Lausanne, Chemin des Charmilles, Saint-Sulpice, District de l'Ouest lausannois, Vaud, 1025, Schweiz/Suisse/Svizzera/Svizra"
University College Dublin,"University College Dublin, Ireland; University College Dublin; Trinity College Dublin; Alkermes",53.32253315,-6.237669275,24,"Alkermes, 1, Burlington Road, Pembroke West C ED, Dublin, County Dublin, Leinster, D04 C5Y6, Éire / Ireland, Trinity College Dublin, College Green, Mansion House A Ward 1986, Dublin, County Dublin, Leinster, D02 VR66, Éire / Ireland, University College Dublin (Belfield Campus), Merville, Merville Student Residences, Roebuck, Clonskeagh-Belfield DED 1986, Dundrum, Dún Laoghaire-Rathdown, County Dublin, Leinster, A94 V6T7, Éire / Ireland"
The University of Akron,The University of Akron; University of Akron,41.07669885,-81.51450285,24,"The University of Akron College of Business Administration, 259, South Broadway Street, Downtown Akron, Downtown, Akron, Summit County, Ohio, 44325, United States, University of Akron, Grant Street, Downtown Akron, Downtown, Akron, Summit County, Ohio, 44325, United States"
"Amgen, Inc.","Amgen, Inc.; Amgen, inc.; Amgen Inc.",34.1905959,-118.91985619999998,24,"Amgen Inc. (Thousand Oaks Headquarters), 1, Amgen Center Drive, Newbury Park, Thousand Oaks, Ventura County, California, 91320, United States"
Boehringer Ingelheim,Boehringer-Ingelheim; Boehringer Ingelheim; Bristol-Myers Squibb Co.; UNAM; Universidad Nacional Autónoma de México; Universidad Autónoma Metropolitana -Iztapalapa,19.3038519,-99.13449406666666,23,"Boehringer Ingelheim, Ciudad de México, Xochimilco, Ciudad de México, 16200, México, Bristol-Myers Squibb, Ciudad de México, Coyoacán, Ciudad de México, 04980, México, Universidad Autónoma Metropolitana Unidad Iztapalapa, 186, Avenida La Purísima, Colonia La Purísima, Ciudad de México, Iztapalapa, Ciudad de México, 09340, México, Universidad Nacional Autónoma de México, Avenida Insurgentes Sur, Ciudad de México, Coyoacán, Ciudad Universitaria, Ciudad de México, 04510, México"
University of Iowa,University of Iowa; The University of Iowa,41.649707500000005,-91.56013935,23,"The University of Iowa, West Court Street, Iowa City, Johnson County, Iowa, 52240, United States, University of Iowa, McCollister Boulevard, Iowa City, Johnson County, Iowa, 52246, United States"
South Dakota Mines,South Dakota School of Mines & Technology; South Dakota School of Mines &Technology; South Dakota Mines,44.0739534,-103.2056622,23,"South Dakota Mines, 501, East Saint Joseph Street, Rapid City, Pennington County, South Dakota, 57701, United States"
Kyoto Institute of Technology,Takeda; Kyoto University; Kyoto Institute of Technology,35.00920706666667,135.77106473333333,23,"京都大学, 近衛通り, 吉田下阿達町, 左京区, 京都市, 京都府, 606-8391, 日本, 左京区総合庁舎・京都工芸繊維大学前, 北泉通, 松ケ崎堂ノ上町, 左京区, 京都市, 京都府, 606-0931, 日本, 竹田, 名神高速道路, らくなん進都, 伏見区, 京都市, 京都府, 612-8428, 日本"
University of Bologna,University of Bologna; Alma Mater Studiorum - University of Bologna,44.4982886,11.354457,22,"Università di Bologna, Piazza di Porta San Donato, Irnerio, Santo Stefano, Bologna, Emilia-Romagna, 40126, Italia"
IIT Hyderabad,Indian Institute of Technology Hyderabad; IIT Hyderabad; IITH,17.589982833333334,78.1218824,22,"Indian Institute of Technology Hyderabad, NH161, Kandi, Kandi mandal, Sangareddy, Telangana, 502285, India, Main Road IITH, Kandi, Kandi mandal, Sangareddy, Telangana, 502285, India"
Washington State University,Washington State University; washington state university; University of Idaho,46.730447,-117.10668199999999,22,"University of Idaho, 875, Perimeter Drive, Moscow, Latah County, Idaho, 83844, United States, Washington State University, Selma Koppel Path, Pullman Community Garden at Koppel Farm, Pullman, Whitman County, Washington, 99164, United States"
University of Cambridge,University of Cambridge; Microsoft Research,52.20118383333334,0.12160359999999999,22,"Microsoft Research, 21, Station Road, Petersfield, Cambridge, Cambridgeshire, Cambridgeshire and Peterborough, England, CB1 2FB, United Kingdom, University of Cambridge, 15, J J Thomson Avenue, Eddington, Cambridge, Cambridgeshire, Cambridgeshire and Peterborough, England, CB3 0FD, United Kingdom"
HAX,HAX,35.7461408,-95.4110305,22,"Hatbox Field, West Muskogee, Muskogee, Muskogee County, Oklahoma, United States"
Twelve,Twelve,-33.9808333,18.3852778,22,"Twelve Apostles, Cape Town, City of Cape Town, Western Cape, 8040, South Africa"
University of Cincinnati,University of Cincinnati,39.1318991,-84.5157575,21,"University of Cincinnati Uptown (West) Campus, West Martin Luther King Junior Drive, Andrew W. Breidenbach Environmental Research Center, Corryville, Cincinnati, Hamilton County, Ohio, 45268, United States"
UC San Diego,UC San Diego; University of San Diego,32.77256405,-117.18858305,21,"Hahn University Center, Alcala Park Way, Morena, San Diego, San Diego County, California, 92110, United States, University of San Diego, 5998, Alcala Park Way, San Diego, San Diego County, California, 92110, United States"
Mississippi State University,Mississippi State University,33.4386876,-88.7943232,21,"Mississippi State University, 75, George Perry Street, Oktibbeha County, Mississippi, 39762, United States"
Guangdong Technion Israel Institute of Technology,"Guangdong Technion-Israel Institute of Technology; Guangdong Technion - Israel Institute of Technology; Guangdong Technion Israel Institute of Technology; Guangdong Technion Israel Institute of Technology, Shantou, China",23.4125696,116.636155,21,"广东以色列理工学院, 241号, 大学路, 𬶍江街道, 金平区, 汕头市, 广东省, 515063, 中国"
Korea Institute of Industrial Technology,Korea Institute of Industrial Technology; Chonnam National University,35.20173355,126.87721164999999,21,"전남대학교, 77, 용봉로, 신안동, 북구, 광주광역시, 61186, 대한민국, 한국생산기술연구원, 첨단과기로, 오룡동, 첨단1동, 북구, 광주광역시, 61005, 대한민국"
Dow Chemical Company,Dow Chemical Company; Johnson Matthey Technology Centre,54.5856558,-1.23670675,21,"Dow Chemical Company, Riverside Road, Billingham, Stockton-on-Tees, Tees Valley, England, TS2 1TT, United Kingdom, Johnson Matthey Technology Centre, Thornaby, Stockton-on-Tees, Tees Valley, England, TS17 6PY, United Kingdom"
Heriot-Watt University,University of Edinburgh; Heriot-Watt University; Veranova,55.93115233333333,-3.2497418000000002,21,"Heriot-Watt University, Research Avenue North, Currie, City of Edinburgh, Alba / Scotland, EH14 4AS, United Kingdom, University of Edinburgh, Buccleuch Place, Pleasance, Southside, City of Edinburgh, Alba / Scotland, EH8 9LH, United Kingdom, Veranova, Wheatfield Road, Tynecastle, Gorgie/Dalry, City of Edinburgh, Alba / Scotland, EH11 2PX, United Kingdom"
Aristotle University of Thessaloniki,Aristotle University of Thessaloniki,40.6296704,22.9591611,20,"Αριστοτέλειο Πανεπιστήμιο, Ιατρού Κεραμέως, Σαράντα Εκκλησίες, Θεσσαλονίκη, Δημοτική Ενότητα Θεσαλονίκης, Δήμος Θεσσαλονίκης, Μητροπολιτική Ενότητα Θεσσαλονίκης, Περιφέρεια Κεντρικής Μακεδονίας, Αποκεντρωμένη Διοίκηση Μακεδονίας - Θράκης, 546 36, Ελλάς"
Indian Institute of Technology Roorkee,"Indian Institute of Technology Roorkee; Indian Institute Of Technology Roorkee, Uttarakhand, India; Indian Institute of Technology Roorkee, ROORKEE; INDIAN INSTITUTE OF TECHNOLOGY ROORKEE; IIT Roorkee",29.8661656,77.8957348,20,"Indian Institute of Technology Roorkee, Civil Lines, Roorkee, Haridwar, Uttarakhand, 247667, India"
University of Texas at Austin,"University of Texas at Austin; University of Texas, Austin",30.2851494,-97.7339352,20,"University of Texas at Austin, 1, Allandale, Austin, Travis County, Texas, 78712, United States"
Inha University,inha university; INHA University; Inha University,37.449443,126.6534446,20,"인하대학교, 인하로77번길, 용현동, 용현1·4동, 미추홀구, 인천광역시, 22182, 대한민국"
Lamar University,Lamar University,30.0388946,-94.0758929,20,"Lamar University, 4400, South Martin Luther King Junior Parkway, Zummo, Beaumont, Jefferson County, Texas, 77705, United States"
UC Irvine,UC Irvine,-29.7451544,147.7685722,19,"Irvine, Milrae Street, Cumborah, Walgett Shire Council, New South Wales, 2832, Australia"
University of Strathclyde,University of Strathclyde,55.8618812,-4.2419566,19,"University of Strathclyde, Cathedral Street, Townhead, Glasgow, Glasgow City, Alba / Scotland, G4 0RD, United Kingdom"
North Carolina A&T State University,North Carolina A&T State University,36.2116175,-81.6760234,19,"Rivers Street, Horn in the West, Boone, Watauga County, North Carolina, 28607, United States"
Karlsruhe Institute of Technology,Karlsruhe Institute of Technology,49.1018534,8.4331202,19,"Karlsruher Institut für Technologie, Ehingen (Donau), Gemeindeverwaltungsverband Ehingen (Donau), Alb-Donau-Kreis, Baden-Württemberg, 89584, Deutschland"
Tecnológico de Monterrey,Instituto Politécnico Nacional; Instituto Politécnico Nacional; Tecnológico de Monterrey; Tecnologico de Monterrey; Universidad autonoma de Mexico,20.677378519999998,-105.22261644,18,"Instituto Politécnico Nacional, Puerto Vallarta, Región Costa Norte, Jalisco, 48300, México, Tecnologico de Monterrey, Puerto Vallarta, Región Costa Norte, Jalisco, 48300, México, Universidad Autonoma de México, Puerto Vallarta, Región Costa Norte, Jalisco, 48300, México"
KTH Royal Institute of Technology,KTH Royal Institute of Technology,59.2016758,17.6203201,18,"KTH - Royal Institute of Technology (Södertälje), 12, Kvarnbergagatan, Tälje, Södertälje, Södertälje kommun, Stockholms län, 151 36, Sverige"
Stellenbosch University,Stellenbosch University,-33.9326212,18.8650551,17,"Stellenbosch University, Andringa Street, Stellenbosch Ward 9, Stellenbosch, Stellenbosch Local Municipality, Cape Winelands District Municipality, Western Cape, 7599, South Africa"
Graz University of Technology,Graz University of Technology; TU Graz; Anton Paar Gmbh,47.0494299,15.441566266666667,17,"Anton Paar GmbH, 20, Anton-Paar-Straße, Webling, Straßgang, Graz, Steiermark, 8054, Österreich, Technische Universität Graz, Nibelungengasse, Herz-Jesu-Viertel, Sankt Leonhard, Graz, Steiermark, 8010, Österreich"
State University of New York Environmental Science,State University of New York Environmental Science and Forestry; Syracuse University; State University of New York Environmental Science; State University of New York College of Environmental Science and Forestry; SUNY ESF,43.03120034,-76.1321552,17,"State University of New York College of Environmental Science and Forestry, 1, Forestry Drive, University Hill, City of Syracuse, Onondaga County, New York, 13210, United States, Syracuse University, Salt Springs Road, Salt Springs, City of Syracuse, Onondaga County, New York, 13210, United States"
Louisiana Tech University,Louisiana Tech University,32.526106,-92.6481217,16,"Louisiana Tech University, 305, Wisteria Street, Ward 1, Ruston, Lincoln Parish, Louisiana, 71272, United States"
University of Louisville,University of Louisville; Clariant,38.19373075,-85.75322835,16,"Clariant, Louisville, Jefferson County, Kentucky, United States, University of Louisville, 2301, South 3rd Street, Louisville, Jefferson County, Kentucky, 40292, United States"
APC Ltd,APC Ltd; APC Ltd.,16.8497417,96.0796153,16,"APC Intertrade Co.,Ltd, Knaungminthargyi Road, လှိုင်သာယာ (အရှေ့ပိုင်း), အင်းစိန်ခရိုင်, ညောင်ရွာ, ရန်ကုန်မြို့, ရန်ကုန်တိုင်းဒေသကြီး, 20202, မြန်မာ"
East China University of Science and Technology,East China University of Science and Technology; East China University of Science & Technology; East China University Of Science and Technology,31.145271500000003,121.42105243333333,15,"华东理工大学, 老沪闵路, 长桥, 凌云路街道, 徐汇区, 上海市, 200237, 中国, 华东理工大学（徐汇校区）, 石龙路, 长桥街道, 徐汇区, 上海市, 200237, 中国"
Utah State University,Utah State University,41.7526959,-111.808733,15,"Utah State University, 1950 North, North Logan, Cache County, Utah, 84341, United States"
Merck & Co.,Merck & Co.; Electric Power Research Institute,35.3243885,-80.76610554999999,15,"Electric Power Research Institute, Epri Drive, University Research Park, University City, Charlotte, Mecklenburg County, North Carolina, 28262, United States, Merck & Co, Treble Court, Aria At The Park, University City, Charlotte, Mecklenburg County, North Carolina, 28269, United States"
University of New Hampshire,University of New Hampshire,43.1350987,-70.9462079,15,"University of New Hampshire, 105, Main Street, Durham Historic District, Durham, Strafford County, New Hampshire, 03824, United States"
Hankyong National University,Hankyong National University,37.0117775,127.2634692,15,"국립한경대학교, 327, 중앙로, 아양동, 안성시, 17578, 대한민국"
Yokohama National University,Yokohama National University,35.4737978,139.5900454,15,"横浜国立大学, 横浜新道, 岡沢町, 保土ヶ谷区, 横浜市, 神奈川県, 231-0017, 日本"
University of Maine,University of Maine,44.9015188,-68.6617222,15,"University of Maine, 168, College Avenue, Webster, Orono, Penobscot County, Maine, 04469, United States"
The University of Melbourne,Monash University; The University of Melbourne; Swinburne Univ of Technology; the University of Melbourne,-37.7991808,144.9800356,15,"Monash University, Walker Street, Parkville, Melbourne, City of Melbourne, Victoria, 3052, Australia, Swinburne University of Technology (Hawthorn Campus), John Street, Glenferrie, Hawthorn, Melbourne, City of Boroondara, Victoria, 3122, Australia, The University of Melbourne, Parkville Campus, Cardigan Street, Carlton, Melbourne, City of Melbourne, Victoria, 3053, Australia"
Genentech,Genentech,38.3901767,-121.9482113,15,"Genentech, Vacaville, Solano County, California, United States"
University of Liege,University of Liege; University of Liège,50.6368602,5.5624252,15,"HEC Liège, 14, Rue Louvrex, Avroy, Angleur, Liège, Wallonie, 4000, België / Belgique / Belgien"
The University of Toledo,The University of Toledo; University of Toledo,41.6582432,-83.6147873,14,"The University of Toledo, 2801, Univeristy Hills Sidepath, University Hills, Toledo, Lucas County, Ohio, 43606, United States"
University of Mississippi,University of Mississippi,34.3646125,-89.5396349,14,"University of Mississippi, Washington Avenue Extension, Oxford, Lafayette County, Mississippi, 38677, United States"
Montana State University,Montana State University,45.6638859,-111.079287,14,"Montana State University, 100, Stucky Road, The Arrow Townhomes & Flats, Bozeman, Gallatin County, Montana, 59715, United States"
Tohoku University,Tohoku University,38.2581115,140.8360434,14,"東北大学 青葉山北キャンパス, 3, 青葉区, 仙台市, 宮城県, 980-8578, 日本"
Canakkale Onsekiz Mart Univ,Canakkale Onsekiz Mart Univ; Canakkale Onsekiz Mart University,40.1120066,26.4214648,14,"Çanakkale Onsekiz Mart Üniversitesi, Bağ Sokak, Barbaros Mahallesi, Çanakkale Merkez, Çanakkale, Marmara Bölgesi, 17020, Türkiye"
Clarkson University,Clarkson University,44.6595887,-75.0062397,14,"Clarkson University, Bayside Cemetery, Village of Potsdam, Town of Potsdam, Saint Lawrence County, New York, 13699, United States"
University of Oxford,University of Oxford,51.752,-1.2577,14,"University of Mississippi, Washington Avenue Extension, Oxford, Lafayette County, Mississippi, 38677, United States"
"University of Puerto Rico, Mayaguez","University of Puerto Rico - Mayagüez; University of Puerto Rico, Mayaguez; University of Puerto Rico, Mayagüez; University of Puerto Rico at Mayaguez; University of Puerto Rico at Mayagüez; University of Puerto Rico-Mayaguez",18.2137084,-67.14489083333332,13,"Universidad de Puerto Rico - Recinto Universitario de Mayagüez, Paseo Robles, Miradero, Mayagüez, Puerto Rico, 00682, United States, University Plaza, Barrio Pueblo, Mayagüez, Puerto Rico, United States"
University of Gothenburg,Chalmers University of Technology; PowerCell; University of Gothenburg,57.69796686666666,11.944211333333334,13,"Chalmers Tekniska Högskola, Lilla Drottninggatan, Nordstaden, Inom Vallgraven, Centrum, Göteborg, Göteborgs Stad, Västra Götalands län, 411 08, Sverige, Göteborgs universitet, 5, Universitetsplatsen, Vasastaden, Centrum, Göteborg, Göteborgs Stad, Västra Götalands län, 411 24, Sverige, Powercell group, 8, Ruskvädersgatan, Biskopsgårdens industriområde, Södra Biskopsgården, Hisingen, Göteborg, Göteborgs Stad, Västra Götalands län, 418 34, Sverige"
Indiana University,Indiana University,39.1802358,-86.5093526,13,"Indiana University Bloomington, South Clarizz Boulevard, Bloomington, Monroe County, Indiana, 47407, United States"
University of Arizona,University of Arizona; UofA,32.23664585,-110.95234075,13,"University of Arizona, West Drachman Street, Tucson, Pima County, Arizona, 85721, United States, UofA Lot 1157, East Helen Street, North University, Tucson, Pima County, Arizona, 85721, United States"
The University of Southern Mississippi,The University of Southern Mississippi,30.3528503,-89.1377831,13,"The University of Southern Mississippi Gulf Park Campus, 730, East Beach Boulevard, Long Beach, Harrison County, Mississippi, 39560, United States"
Savannah River National Laboratory,Savannah River National Laboratory; SRNL,33.3447893,-81.73874705,13,"SRNL Badge Office, State Highway 1, Jackson, Aiken County, South Carolina, United States, Savannah River National Laboratory, Aiken County, South Carolina, United States"
Beijing University of Chemical Technology,Beijing University of Chemical Technology,40.2525863,116.1437701,13,"北京化工大学(昌平校区), 29号, 南涧路, 南口镇, 昌平区, 北京市, 102202, 中国"
Shenzhen University,Shenzhen University,22.5359022,113.9314749,13,"深圳大学(粤海校区), 3688, 南海大道, 大汪山社区, 南头街道, 南山区, 深圳市, 广东省, 518060, 中国"
Nihon University,Nihon University; Waseda University,35.7031676,139.74115154999998,13,"日本大学, お茶の水仲通り, 神田駿河台四丁目, 神田駿河台, 千代田区, 東京都, 102-0000, 日本, 早稲田大学早稲田キャンパス, 1, 西早稲田一丁目, 西早稲田, 新宿区, 東京都, 169-8050, 日本"
Gilead Sciences,Université de Lorraine; Gilead Sciences; UCB Pharma; CNRS,48.85183275,2.2433118,12,"CNRS, 3, Rue Michel-Ange, Quartier d'Auteuil, Paris 16e Arrondissement, Paris, France métropolitaine, 75016, France, Gilead Sciences, Quai Georges Gorse, Rives de Seine, Boulogne-Billancourt, Hauts-de-Seine, France métropolitaine, 92100, France, Lorraine, Allée de Gascogne, Quartier de l'Université, Nanterre, Hauts-de-Seine, Île-de-France, France métropolitaine, 92000, France, UCB Pharma, Avenue Le Jour-Se-Lève, Point du Jour, Boulogne-Billancourt, Hauts-de-Seine, France métropolitaine, 92100, France"
The University of Texas at Tyler,The University of Texas at Tyler; University of Texas at Tyler,32.3163078,-95.2536994,12,"The University of Texas at Tyler, 3900, University Boulevard, Tyler, Smith County, Texas, 75799, United States"
University of Surrey,University of Surrey,51.2430782,-0.5900545,12,"University of Surrey, School Meadow, Worplesdon, Fairlands, Guildford, Surrey, England, GU2 7XH, United Kingdom"
Corteva Agriscience,Corteva Agriscience,41.6704889,-93.715464,12,"Corteva Agriscience, Johnston, Polk County, Iowa, United States"
Duke University,Duke University,36.0001557,-78.9442297,12,"Duke University, West Pettigrew Street, Durham, Durham County, North Carolina, 27708, United States"
University of Pretoria,University of South Africa; Department of Energy; University of Pretoria; Environmental Division,-25.73856225,28.198362799999998,12,"Department of Energy, 192, Visagie Street, Salvokop, Tshwane Ward 60, Pretoria, City of Tshwane Metropolitan Municipality, Gauteng, 0126, South Africa, Environmental Management Division, Es'kia Mphahlele Drive, Parktown, Tshwane Ward 1, Pretoria, City of Tshwane Metropolitan Municipality, Gauteng, 0182, South Africa, University of Pretoria, 23, Lynnwood Road, Baileys Muckleneuk, Tshwane Ward 56, Pretoria, City of Tshwane Metropolitan Municipality, Gauteng, 0028, South Africa, University of South Africa, Nana Sita Street, Pretoria Central, Tshwane Ward 80, Pretoria, City of Tshwane Metropolitan Municipality, Gauteng, 0002, South Africa"
IIT Kanpur,IIT Kanpur; Indian Institute of Technology Kanpur,26.512743999999998,80.23469215,12,"IIT Kanpur, NH34, कानपुर, Kanpur Nagar, Uttar Pradesh, 208016, India, Indian Institute of Technology Kanpur, Hall 4 - Hall 7 Cross, कानपुर, Kanpur Nagar, Uttar Pradesh, 208016, India"
University of Queensland,"University of Queensland; The University of Queensland, Australia; The University of Queensland; Queensland University of Technology",-27.508793400000002,153.02560985,12,"Griffith University Mount Gravatt Campus (Queensland Institute of Business and Technology), Pacific Motorway, Mount Gravatt, Greater Brisbane, Queensland, 4122, Australia, The University of Queensland, UQ Lakes Walkway, St Lucia, Greater Brisbane, Queensland, 4067, Australia, University of Queensland, Chancellors Place, St Lucia, Greater Brisbane, Queensland, 4067, Australia"
Boise State University,Boise State University,43.6032821,-116.19941,12,"Boise State University, Vietnam Veterans Memorial Highway, Boise, Ada County, Idaho, 83705, United States"
Technical University of Denmark,Technical University of Denmark,55.7854145,12.5202151,12,"Danmarks Tekniske Universitet, Gyrithe Lemches Vej, Lundtofte, Kongens Lyngby, Lyngby-Taarbæk Kommune, Region Hovedstaden, 2800, Danmark"
National Technical University of Athens,National Technical University of Athens; Department of Biology,37.977380100000005,23.7590529,12,"Department of Biology, Καίσαρα Αλεξοπούλου, Ζωγράφου, Δήμος Ζωγράφου, Περιφερειακή Ενότητα Κεντρικού Τομέα Αθηνών, Περιφέρεια Αττικής, Αποκεντρωμένη Διοίκηση Αττικής, 157 80, Ελλάς, Εθνικό Μετσόβιο Πολυτεχνείο, Μπουμπουλίνας, Μουσείο, 1η Κοινότητα Αθηνών, Αθήνα, Δήμος Αθηναίων, Περιφερειακή Ενότητα Κεντρικού Τομέα Αθηνών, Περιφέρεια Αττικής, Αποκεντρωμένη Διοίκηση Αττικής, 106 82, Ελλάς"
Universidade De Lisboa,"Hovione; Universidade De Lisboa; Instituto Superior Técnico, Universidade de Lisboa; University of Lisbon; SLB",38.7672092,-9.16304826,12,"Estádio do Sport Lisboa e Benfica, Avenida Lusíada, São Domingos de Benfica, Lisboa, 1500-313, Portugal, Hovione, Estradão do DDT, Milharada, Sete Casas, Loures, Lisboa, 2670-350, Portugal, Instituto Superior Técnico, 1, Avenida Rovisco Pais, Saldanha, Arroios, Lisboa, 1049-001, Portugal, Universidade de Lisboa - Cidade Universitária, Avenida Professor Gama Pinto, Campo Grande, Alvalade, Lisboa, 1649-028, Portugal"
Prairie View A&M University,Prairie View A & M University; Prairie View A&M University; PVAMU,30.0960954,-95.9870007,12,"Prairie View A&M University, 700, Sandra Bland Parkway, Prairie View, Waller County, Texas, 77446, United States"
Missouri University of Science and Technology,"Missouri University of Science and Technology, 65409; Missouri University of Science & Technology; Missouri University of Science and Technology",37.9532435,-91.7742667,11,"Missouri University of Science and Technology, North Pine Street, Rolla, Phelps County, Missouri, 65409, United States"
Ohio University,Ohio University; OHIO UNIVERSITY,39.3241782,-82.1015648,11,"Ohio University, Richland Avenue, La Mar Heights, Athens, Athens Township, Athens County, Ohio, 45701, United States"
Liberty University,Liberty University,37.3539466,-79.1531533,11,"Liberty University, 1971, University Boulevard, Lynchburg, Virginia, 24515, United States"
"California State Polytechnic University, Pomona","Cal Poly Pomona; California State Polytechnic University, Pomona; California State Polytechnic University",34.0556686,-117.8239282,11,"California State Polytechnic University, Pomona, 3801, Temple Avenue, Pomona, Los Angeles County, California, 91768, United States"
The University of Manchester,The University of Manchester,51.5723682,-1.3114537,11,"The University of Manchester at Harwell, R73, Road Seven, Chilton Fields, Chilton, Vale of White Horse, Oxfordshire, England, OX11 0DE, United Kingdom"
Technion Israel Institute of Technology,Technion - Israel Institute of Technology; Technion-Israel Institute of Technology; Israel institute of Technology Technion; Technion Israel Institute of Technology,32.7768128,35.0225446,11,"הטכניון - מכון טכנולוגי לישראל, קו 300, קרית הטכניון, רובע רמות נווה שאנן, חיפה, נפת חיפה, מחוז חיפה, 3498825, ישראל"
Queen's University,Queen's University; Queen's university,54.5847533,-5.936566,11,"Queen's University, University Road, Queen's Quarter, Belfast, Belfast City District, County Antrim, Northern Ireland / Tuaisceart Éireann, BT7 1NZ, United Kingdom"
University of Wyoming,University of Wyoming,41.314986,-105.5643222,11,"University of Wyoming, 1000, East University Avenue, Downtown Laramie, Laramie, Albany County, Wyoming, 82071, United States"
University of Patras,University of Patras,38.2869279,21.7851062,11,"Πανεπιστημιούπολη Πατρών, Διοδώρου, 1η Κοινότητα Πατρών - Αρκτικός Τομέας, Δημοτική Ενότητα Πατρέων, Δήμος Πατρέων, Περιφερειακή Ενότητα Αχαΐας, Περιφέρεια Δυτικής Ελλάδας, Αποκεντρωμένη Διοίκηση Πελοποννήσου, Δυτικής Ελλάδας και Ιονίου, 264 43, Ελλάς"
University of Calgary,University of Calgary; The University of Calgary,51.0766289,-114.1285493,11,"The Atrium, University of Calgary, Calgary, Alberta, Canada, University of Calgary, Calgary, Alberta, Canada"
Amgen,Amgen,23.0726689,72.5941167,11,"AMGEN, Sabarmati, SabarmatiTaluka, Ahmedabad, Gujarat, India"
Warsaw University of Technology,Warsaw University of Technology; Polish Academy of Sciences,52.2297165,21.0127888,11,"Politechnika Warszawska, 1, Plac Politechniki, Koszyki, Śródmieście Południowe, Śródmieście, Warszawa, województwo mazowieckie, 00-661, Polska, Polska Akademia Nauk, 72, Nowy Świat, Centrum, Śródmieście Północne, Śródmieście, Warszawa, województwo mazowieckie, 00-330, Polska"
University of Salamanca,University of Salamanca,45.9455202,-66.6401861,11,"University of New Brunswick, Rue Grey Street, Town Plat, Downtown, City of Fredericton, York County, New Brunswick, E3B 5H5, Canada"
Manchester Metropolitan University,Agilent Technologies; University of Manchester; Manchester Metropolitan University,53.43878743333334,-2.2311935,10,"Agilent Technologies, Lakeside, Cheadle Royal Business Park, Cheadle, Stockport, Greater Manchester, England, SK8 3GR, United Kingdom, Grosvenor West, Grosvenor Square, First Street, Hulme, Manchester, Greater Manchester, England, M15 6BH, United Kingdom, University of Manchester, Oxford Road, Victoria Park, Chorlton-on-Medlock, Manchester, Greater Manchester, England, M13 9PL, United Kingdom"
Northumbria University,Northumbria university; Northumbria University; Northumbria Uni; Newcastle University,54.979120575,-1.6109001250000001,10,"Newcastle University, Alley Number 2, Grainger Town, Newcastle upon Tyne, Tyne and Wear, North East, England, NE1 5AW, United Kingdom, Northumbria University, Sandyford Road, Haymarket, Newcastle upon Tyne, Tyne and Wear, North East, England, NE1 8PS, United Kingdom"
South Dakota State University,South Dakota State University; South Dakota state university,44.344449,-96.7982371,10,"South Dakota State University, 25th Avenue, Brookings, Aurora Township, Brookings County, South Dakota, 57007, United States"
KU Leuven,KU Leuven,50.8057128,3.2915374,10,"KU Leuven Kulak, Etienne Sabbelaan, Kortrijk, West-Vlaanderen, 8500, België / Belgique / Belgien"
IFF,IFF,-29.6934704,-53.7929766,10,"Instituto Federal Farroupilha - Reitoria, 195, Alameda Santiago do Chile, Nossa Senhora das Dores, Sede, Santa Maria, Região Geográfica Imediata de Santa Maria, Região Geográfica Intermediária de Santa Maria, Rio Grande do Sul, Região Sul, 97050-685, Brasil"
Durban University of Technology South Africa,Durban University of Technology South Africa; Durban University of Technology,-29.6458441,30.3501321,10,"Durban University of Technology Indumiso Campus, F.J. Sithole Road, Slangspruit, Msunduzi Ward 19, Pietermaritzburg, Msunduzi Local Municipality, uMgungundlovu District Municipality, KwaZulu-Natal, South Africa"
Institution,Institution; The Australian National University,0.3120733,32.58589165,10,"Consulate of the Commonwealth of Australia, 40, Kyadondo Road, Nakasero, Central, Kampala Capital City, Kampala, Central Region, Uganda, Institution, Kampala, Central Region, Uganda"
National Institute for Public Health and the Environment,National Institute for Public Health and the Environment; Utrecht University,52.1009638,5.1684496,10,"Rijksinstituut voor Volksgezondheid en Milieu, 9, Antonie van Leeuwenhoeklaan, Bilthoven, De Bilt, Utrecht, Nederland, 3721 MA, Nederland, University College Utrecht, 1, Campusplein, Galgenwaard E.o., Wilhelminapark, Rijnsweerd, Oost, Utrecht, Nederland, 3584 ED, Nederland"
University of Limerick,"University of Limerick; Bernal Institute, University of Limerick",52.67356865,-8.56909645,9,"Bernal Institute, University of Limerick, Sreelane, Castletroy, Ballysimon ED, The Metropolitan District of Limerick City, Limerick, County Limerick, Munster, V94 NX93, Éire / Ireland, University of Limerick, Milford Road, Castletroy, Ballysimon ED, The Metropolitan District of Limerick City, Limerick, County Limerick, Munster, V94 NX93, Éire / Ireland"
University of Tulsa,University of Tulsa,36.1523306,-95.9459602,9,"University of Tulsa, East 8th Street, Kendall-Whittier, Tulsa, Tulsa County, Oklahoma, 74104, United States"
Friedrich-Alexander-Universität Erlangen-Nürnberg,Friedrich-Alexander-Universität Erlangen-Nürnberg,49.4583219,11.08546,9,"Friedrich-Alexander-Universität Erlangen-Nürnberg Wirtschafts- und Sozialwissenschaftliche Fakultät, Innerer Laufer Platz, Altstadt, St. Sebald, Sebald, Nürnberg, Bayern, 90403, Deutschland"
Universidad de las Americas Puebla,Universidad de las Americas Puebla; Universidad de las Américas Puebla,19.0544632,-98.284968,9,"Universidad de las Américas Puebla, Andador Poniente, San Andrés Cholula, Puebla, 72810, México"
National Yang Ming Chiao Tung University,National Yang Ming Chiao Tung University; Industrial Technology Research Institute; National Tsing Hua University,24.784218199999998,121.01173493333333,9,"國立清華大學, 101, 光復路二段, 軍功里, 東區, 新竹市, 300044, 臺灣, 國立陽明交通大學, 1001, 大學路, 光明里, 東區, 新竹市, 30010, 臺灣, 工業技術研究院, 195, 中興路四段, 石碑, 頭重里, 竹東鎮, 新竹縣, 31061, 臺灣"
BASF,BASF,51.3623782,4.2771851,9,"BASF Antwerpen nv, 600, Scheldelaan, Zandvliet, Berendrecht-Zandvliet-Lillo, Antwerpen, 2040, België / Belgique / Belgien"
Natural Resources Canada,National Research Council Canada; University of Ottawa; Natural Resources Canada,45.424719399999994,-75.6372981,9,"National Research Council, 1191, Rideau-Rockcliffe, Ottawa, Eastern Ontario, Ontario, Canada, Natural Resources Canada, 2464, Sheffield Road, Sheffield Glen, Alta Vista, Ottawa, Eastern Ontario, Ontario, K1B 1A4, Canada, University of Ottawa, 75, Laurier Avenue East, Byward Market, Sandy Hill, Rideau-Vanier, Ottawa, Eastern Ontario, Ontario, K1N 6N5, Canada"
Mathworks,Mathworks; MathWorks,42.3000136,-71.350891,9,"MathWorks, Natick, Middlesex County, Massachusetts, United States"
DuPont,DuPont; Dupont,47.0990689,-122.637546,9,"DuPont, Pierce County, Washington, 98327, United States"
University of vermont,University of vermont; University of Vermont,44.4737365,-73.1941468,9,"University of Vermont, North Prospect Street, Burlington, Chittenden County, Vermont, 05401, United States"
University of Chemistry and Technology in Prague,University of Chemistry and Technology in Prague; University of Chemistry and Technology Prague,50.102222,14.39063,9,"Vysoká škola chemicko-technologická v Praze, Thákurova, Dejvice, Praha, obvod Praha 6, Hlavní město Praha, Praha, 162 01, Česko"
National Taiwan University,National Taiwan University; Soochow University,25.05578835,121.54194385,9,"國立臺灣大學, 1, 羅斯福路四段, 水源里, 中正區, 公館, 臺北市, 106319, 臺灣, 東吳大學, 70, 臨溪路, 福林里, 士林區, 石角, 臺北市, 111, 臺灣"
Dartmouth College,Dartmouth College; Ansys,43.69147315,-72.2763655,9,"Ansys, 10, Cavendish Court, Centerra, Lebanon, Grafton County, New Hampshire, 03766, United States, Dartmouth College, River Road, Norwich, Windsor County, Vermont, 03755, United States"
Sanofi,Sanofi,47.4296449,0.6951806,9,"Sanofi, Douets Milletière, Tours, Indre-et-Loire, Centre-Val de Loire, France métropolitaine, France"
University of São Paulo,University of São Paulo; Universidade de São Paulo; Sao Paulo State University (UNESP),-23.550206033333335,-46.70192036666666,9,"Núcleo de Computação Científica da UNESP, 271 Bloco II  - Térreo, Rua Doutor Bento Teobaldo Ferraz, Barra Funda, São Paulo, Região Imediata de São Paulo, Região Metropolitana de São Paulo, Região Geográfica Intermediária de São Paulo, São Paulo, Região Sudeste, 01140-070, Brasil, Universidade de São Paulo (Portaria 1), Avenida Afrânio Peixoto, Butantã, São Paulo, Região Imediata de São Paulo, Região Metropolitana de São Paulo, Região Geográfica Intermediária de São Paulo, São Paulo, Região Sudeste, 05507-000, Brasil, Universidade de São Paulo - Cidade Universitária Armando de Salles Oliveira, Rua Maria Emília Leonel, Caxingui, Butantã, São Paulo, Região Imediata de São Paulo, Região Metropolitana de São Paulo, Região Geográfica Intermediária de São Paulo, São Paulo, Região Sudeste, 05580-010, Brasil"
UNIV OF ALABAMA BIRMINGHAM,UNIV OF ALABAMA BIRMINGHAM; University of Alabama at Birmingham,33.5016153,-86.8060476,9,"University of Alabama at Birmingham, 1720, University Boulevard, Five Points South, Birmingham, Jefferson County, Alabama, 35294, United States"
Texas A&M University-Kingsville,"Texas A&M University - Kingsville; Texas A&M University-Kingsville; Texas A&M University,Kingsville",27.5279817,-97.8836721,8,"Texas A&M University-Kingsville, West I Avenue, Kingsville, Kleberg County, Texas, 78363, United States"
University of British Columbia,University of British Columbia,49.2578915,-123.2429755,8,"University of British Columbia, Electoral Area A, Metro Vancouver Regional District, British Columbia, Canada"
University of Leeds,University of Leeds,53.8057925,-1.555111,8,"University of Leeds, Claremont Grove, Little Woodhouse, Woodhouse, Leeds, West Yorkshire, England, LS3 1AX, United Kingdom"
Colorado State University,Colorado State University,40.5706567,-105.0853995,8,"Colorado State University, Jefferson Street, Buckingham, Fort Collins, Larimer County, Colorado, 80523, United States"
UCTM,UCTM; University of Chemical Technology and Metallurgy,42.6587444,23.3571228,8,"Химикотехнологичен и металургичен университет, 8, бул. Свети Климент Охридски, ж.к. Студентски град, София, Студентски, Столична, София-град, 1756, България"
Central Michigan University,Central Michigan University,43.58355,-84.7746308,8,"Central Michigan University, 1200, South Franklin Street, Mount Pleasant, Isabella County, Michigan, 48858, United States"
Kongju National University,Kongju National University,36.8517528,127.1510574,8,"공주대학교 천안캠퍼스, 1223-24, 천안대로, 신당동, 서북구, 천안시, 충청남도, 31080, 대한민국"
National Cheng Kung University,National Cheng Kung University,22.999099,120.2162295,8,"國立成功大學, 1, 大學路, 大學里, 東區, 臺南市, 70101, 臺灣"
FAMU-FSU College of Engineering,FAMU-FSU College of Engineering; FAMU; Florida State University,30.428374766666664,-84.3011659,8,"FAMU-FSU College of Engineering, Pottsdamer Street, Tallahassee, Leon County, Florida, 32310, United States, Florida A&M University, 1601, Capital Cascades Trail, All Saints, Tallahassee, Leon County, Florida, 32307, United States, Florida State University, 600, West College Avenue, College Town, Tallahassee, Leon County, Florida, 32306, United States"
FEI,FEI,45.7647019,8.2499183,8,"Fei, Quarona, Cellio con Breia, Vercelli, Piemonte, 13017, Italia"
Southern Illinois University Edwardsville,Southern Illinois University Edwardsville,38.7941616,-90.0002789,8,"Southern Illinois University Edwardsville, 1, Hairpin Drive, Edwardsville, Madison County, Illinois, 62026, United States"
ExxonMobil,ExxonMobil,51.2480381,4.3478222,8,"ExxonMobil, Antwerpen, Vlaanderen, 2030, België / Belgique / Belgien"
Universidad de Guanajuato,Universidad de Guanajuato,28.6984944,-106.1339119,8,"Universidad de Guanajuato, Chihuahua, Municipio de Chihuahua, Chihuahua, 31125, México"
Widener University,Widener University,39.8606395,-75.3565932,8,"Widener University, 1, Providence Avenue, Chester, Delaware County, Pennsylvania, 19013, United States"
Indian Institute of Science,Indian Institute of Science,13.0222347,77.5671832,8,"Indian Institute of Science, CV Raman Road, Milk Colony, Malleswaram, Bengaluru West City Corporation, Bengaluru, Bangalore North, Bengaluru Urban, Karnataka, 560012, India"
"University of California, Merced","University of California, Merced",37.365182,-120.4225275,8,"University of California, Merced, 5200, University Avenue, Merced, Merced County, California, 95343, United States"
Stockholm University,Stockholm University; Karolinska Institutet; TELLUS,59.3398917,18.032752633333335,8,"Karolinska Institutet, Visionsgatan, Solna Kyrkby, Solna, Solna kommun, Stockholms län, 171 76, Sverige, Stockholms universitet, Lilla Frescativägen, Frescati, Norra Djurgården, Norra innerstadens stadsdelsområde, Stockholm, Stockholms kommun, Stockholms län, 114 18, Sverige, Tellus, Vattenledningsvägen, Midsommarkransen, Hägersten-Älvsjö stadsdelsområde, Stockholm, Stockholms kommun, Stockholms län, 126 35, Sverige"
South China University of Technology,South China University of Technology,23.160342,113.3372426,8,"华南理工大学(五山校区), 华农华山路, 玉泉山庄, 五山街道, 天河区, 广州市, 广东省, 510642, 中国"
École Normale Superieure de Lyon,École Normale Superieure de Lyon; Université de Lyon,45.7297811,4.8265819,8,"École Normale Supérieure de Lyon - Site Jacques Monod, Allée d'Italie, Le Bon Lait, Gerland, Lyon 7e Arrondissement, Lyon, Métropole de Lyon, Rhône, Auvergne-Rhône-Alpes, France métropolitaine, 69007, France"
Nagoya University,Nagoya University,35.1533086,136.9677806,8,"名古屋大学, 千代保稲荷神社境内, 園山町一丁目, 千種区, 名古屋市, 愛知県, 464-8601, 日本"
Korea University,Korea University,36.6108894,127.2934174,8,"고려대학교, 세종로, 조치원읍, 세종특별자치시, 30017, 대한민국"
Technical University of Munich,Technical University of Munich; Technical University of Munich (TUM),48.2654976,11.6692249,8,"Technische Universität München, Boltzmannstraße, Hochschul- und Forschungszentrum, Garching bei München, Landkreis München, Bayern, 85748, Deutschland"
Maastricht University,Maastricht University,50.8472117,5.6859518,8,"Maastricht University, 4-6, Minderbroedersberg, Kommelkwartier, Maastricht-Centrum, Maastricht, Limburg, Nederland, 6211 LK, Nederland"
The University of Utah,The University of Utah,41.0956278,-111.9941083,8,"The University of Phoenix, 1366, Legend Hills Drive, Clearfield, Davis County, Utah, 84056, United States"
University of Canterbury,University of Canterbury; University  of Canterbury,-43.5240894,172.5803004,8,"University of Canterbury, Rountree Street, Upper Riccarton, Christchurch, Christchurch City, Canterbury, 8041, New Zealand / Aotearoa"
Xi'an Jiaotong University,Xi'an Jiaotong University; xi'an jiaotong university; Xi'an Jiaotong Uni,34.249322799999995,108.98010896666666,8,"交通大学·兴庆宫, 咸宁西路, 曹家巷社区, 东关南街街道, 碑林区, 西安市, 陕西省, 710049, 中国, 西安交通大学兴庆校区, 28, 咸宁西路, 曹家巷社区, 东关南街街道, 碑林区, 西安市, 陕西省, 710049, 中国"
University of Hawaii,University of Hawaii,21.3320662,-157.9218882,7,"University of Hawaii, 300, Rodgers Boulevard, Honolulu, Honolulu County, Hawaii, 96819, United States"
Politecnico di Milano,Politecnico di Milano,45.0468832,9.7030881,7,"Politecnico Di Milano, Piazzale della Libertà, Baia del Re, Piacenza, Emilia-Romagna, 29100, Italia"
Kumamoto University,Kumamoto University,32.8164178,130.7270397,7,"熊本大学黒髪キャンパス, 熊本菊陽線, 黒髪二丁目, 黒髪, 中央区, 熊本市, 熊本県, 860-8601, 日本"
TotalEnergies,TotalEnergies; TOTALEnergies,0.3854609,9.4447602,7,"TotalEnergies, Boulevard de l'Indépendance, Centre Ville, Libreville, Estuaire, 540, Gabon"
University of Alabama in Huntsville,University of Alabama in Huntsville; NASA Marshall Space Flight Center; University of Alabama Huntsville,34.70024513333333,-86.65110853333334,7,"Marshall Space Flight Center, Pioneer Road, Madison County, Alabama, 35809, United States, University of Alabama in Huntsville, 301, Sparkman Drive Northwest, Summit Place, Huntsville, Madison County, Alabama, 35899, United States"
The University of Maine,The University of Maine,43.6854339,-70.2988834,7,"University of New England Portland Campus for the Health Sciences, Southern Avenue, Morrills Corner, Portland, Cumberland County, Maine, 04103, United States"
"University of Nevada, Reno","University of Nevada, Reno; University of Nevada-Reno; University of Nevada Reno; University of nevada, Reno",39.5442688,-119.8163105,7,"University of Nevada, Reno, 1664, North Virginia Street, Reno, Washoe County, Nevada, 89557, United States"
North Carolina Agricultural & Technical State University,North Carolina A & T State Univ; North Carolina Agricultural and Technical State University; North Carolina Agricultural & Technical State University; University of North Carolina at Greensboro,36.071873825000004,-79.773697625,7,"North Carolina A&T State University Farm, Franklin Boulevard, Hope Valley, Greensboro, Guilford County, North Carolina, 27401, United States, North Carolina Agricultural and Technical State University, 1601, East Market Street, Scott Park, Greensboro, Guilford County, North Carolina, 27411, United States, University of North Carolina - Greensboro, 1400, Spring Garden Street, Greensboro, Guilford County, North Carolina, 27412, United States"
Universite Catholique de Louvain,Vrije Universiteit Brussel; Universite Catholique de Louvain; Toyota Motor Europe,50.84135353333334,4.3945249,7,"Oudstudentenbond Vrije Universiteit Brussel vzw, 40, Boulevard du Triomphe - Triomflaan, Auderghem - Oudergem, Brussel-Hoofdstad - Bruxelles-Capitale, Région de Bruxelles-Capitale - Brussels Hoofdstedelijk Gewest, 1160, België / Belgique / Belgien, Toyota Motor Europe NV/SA, Avenue du Bourget - Bourgetlaan, Haren, Bruxelles - Brussel, Brussel-Hoofdstad - Bruxelles-Capitale, Région de Bruxelles-Capitale - Brussels Hoofdstedelijk Gewest, 1130, België / Belgique / Belgien, UCLouvain LOCI Bruxelles, Rue Henri Wafelaerts - Henri Wafelaertsstraat, Ma Campagne, Saint-Gilles - Sint-Gillis, Brussel-Hoofdstad - Bruxelles-Capitale, Région de Bruxelles-Capitale - Brussels Hoofdstedelijk Gewest, 1060, België / Belgique / Belgien"
Baylor University,Baylor University,31.550434,-97.1102906,7,"Baylor University, 1301, South University Parks Drive, Waco, McLennan County, Texas, 76706, United States"
Kyungpook National University,Kyungpook National University,35.8905697,128.6108553,7,"경북대학교, 80, 대학로, 산격3동, 북구, 대구광역시, 41566, 대한민국"
Uppsala University,Uppsala University,59.8576363,17.6294616,7,"Uppsala universitet, Sankt Olofsgatan, Främre Luthagen, Fjärdingen, Uppsala, Uppsala kommun, Uppsala län, 753 11, Sverige"
Kuwait University,Kuwait University,29.344252,48.0833926,7,"الجامعة الأمريكية في الكويت, شارع يوسف بن حمود جادة 2, السالمية - قطعة 2, السالمية, محافظة حولي, 20003, الكويت"
Pohang University of Science and Technology,Pohang University of Science and Technology; POSTECH,36.0180795,129.3208556,7,"포항공과대학교, 77, 청암로, 효자동, 효곡동, 남구, 포항시, 37673, 대한민국"
Indian Institute of Technology (BHU) Varanasi,"Indian Institute of Technology; Indian Institute of Technology, Varanasi; Indian Institute of Technology (BHU) Varanasi",25.2621544,82.9925896,7,"Indian Institute of Technology (BHU), Semi Circle Road 2, Karbirdas Colony, Varanasi, Sadar, Varanasi, Uttar Pradesh, 221005, India"
Bucknell University,Bucknell University,40.9515356,-76.8879603,7,"Bucknell University, Market Street, Linntown, East Buffalo Township, Union County, Pennsylvania, 17837, United States"
Université de Sherbrooke,Université de Sherbrooke,45.374731,-71.9303566,7,"Université de Sherbrooke, Voie 2 Sud, Les Nations, Sherbrooke, Québec, J1N 0J8, Canada"
Amirkabir University of Technology,Amirkabir University of Technology; Iran University of Medical Sciences,35.7263664,51.3955131,6,"دانشگاه صنعتی امیرکبیر, 350, حافظ, ولیعصر, ناحیه ۱, منطقه ۶ شهر تهران, شهرداری منطقه شش ناحیه یک, شهر تهران, بخش مرکزی شهرستان تهران, شهرستان تهران, استان تهران, 15916-34311, ایران, دانشگاه علوم پزشکی ایران, سرباز گمنام, کوی نصر, منطقه ۲ شهر تهران, شهر تهران, بخش مرکزی شهرستان تهران, شهرستان تهران, استان تهران, 14658-65159, ایران"
UCB Pharma S.A.,UCB Pharma S.A.,50.6918016,4.3405796,6,"UCB Pharma S.A., Sart-Moulin, Braine-l'Alleud, Nivelles, Brabant wallon, Wallonie, 1420, België / Belgique / Belgien"
U.S. Food and Drug Administration,U.S. Food and Drug Administration,47.7969561,-122.2009767,6,"Food and Drug Administration, 22201, 23rd Drive Southeast, Canyon Park, Bothell, Snohomish County, Washington, 98021, United States"
National Academy of Sciences of Ukraine,National Academy of Sciences of Ukraine,50.4505671,30.5289007,6,"Національна академія наук України, вулиця Михайла Грушевського, Урядовий квартал, Бегічевська Гора, Клов, Печерський район, Київ, 01008, Україна"
Universidad San Francisco de Quito,Universidad San Francisco de Quito,-0.1968612,-78.4359156,6,"Universidad San Francisco de Quito, Diego de Robles, San Juan, Cumbaya, Quito, Pichincha, 170157, Ecuador"
University of Central Florida,University of Central Florida,28.599591,-81.1971284,6,"University of Central Florida, 4000, Central Florida Boulevard, Orlando, Orange County, Florida, 32816, United States"
The University of Oklahoma,The University of Oklahoma; University of Oklahoma Health Sciences Center,35.47989685,-97.49737655,6,"The University of Oklahoma (Health Sciences Center), Oklahoma City, Oklahoma County, Oklahoma, United States, University of Oklahoma Health Sciences Center, Oklahoma City, Oklahoma County, Oklahoma, United States"
Pontificia Universidad Catolica de Chile,Pontificia Universidad Catolica de Chile; University of Chile,-33.4517715,-70.6185639,6,"Pontificia Universidad Católica de Chile, 360, Avenida Libertador Bernardo O'Higgins, Barrio Lastarria, Santiago, Provincia de Santiago, Región Metropolitana de Santiago, 6500808, Chile, Universidad Metropolitana de Ciencias de la Educación, 774, Avenida José Pedro Alessandri, Barrio Doctor Luis Bisquert, Ñuñoa, Provincia de Santiago, Región Metropolitana de Santiago, 7750000, Chile"
Università degli Studi di Padova,Università degli Studi di Padova,45.4066496,11.8774407,6,"Università degli Studi di Padova, Via Cesare Battisti, San Giuseppe, Padova, Veneto, 35121, Italia"
Soka University of America,Soka University of America; Soka University,33.5546752,-117.7347405,6,"Soka University of America, 1, University Drive, Aliso Viejo, Orange County, California, 92656, United States"
DLR,DLR; Chapman University,33.80123545,-117.88532445,6,"Chapman University, 1, University Drive, Orange, Orange County, California, 92866, United States, Disneyland Resort, 1313, South Harbor Boulevard, Anaheim Resort District, Anaheim, Orange County, California, 92802, United States"
Siemens,Siemens,45.7918775,24.0933759,6,"Siemens, 4, Strada Florian Rieger, Zona Industrială Vest, Sibiu, 550052, România"
Tuskegee University,Tuskegee University,32.4301095,-85.7067335,6,"Tuskegee University, 1200, West Montgomery Road, Tuskegee, Macon County, Alabama, 36088, United States"
Oakland University,Oakland University; Pfizer Global Supply,42.67665135,-83.15880505,6,"Oakland University, 201, Meadow Brook Road, Rochester, Oakland County, Michigan, 48309, United States, Pfizer Global Supply, 1200, Parkdale Avenue, Rochester, Oakland County, Michigan, 48307, United States"
Chang Gung University,Chang Gung University; Ming Chi University of Technology,25.03767115,121.40532285,6,"明志科技大學, 84, 工專路, 貴子里, 泰山區, 貴子坑, 新北市, 24301, 臺灣, 長庚大學, 259, 文化一路, A7合宜住宅, 文青里, 龜山區, 桃園市, 33301, 臺灣"
BASF SE,BASF SE,49.5004949,8.4989269,6,"BASF SE, Käfertaler Straße, Wohlgelegen, Neckarstadt-Ost, Neckarstadt-Ost/Wohlgelegen, Mannheim, Baden-Württemberg, 68167, Deutschland"
Aalborg University,Aalborg University,57.0159071,9.9753082,6,"Aalborg Universitet, Fredrik Bajers Vej, Sønder Tranders, Aalborg, Aalborg Kommune, Region Nordjylland, 9220, Danmark"
Old Dominion University,Old Dominion University,36.8862699,-76.3097248,6,"Old Dominion University, 5115, Hampton Boulevard, Norfolk, Virginia, 23529, United States"
Lubrizol Advanced Materials,Lubrizol Advanced Materials,41.2911811,-81.6241902,6,"Lubrizol Advanced Materials, Brecksville, Cuyahoga County, Ohio, United States"
University of Mississippi Medical Center,University of Mississippi Medical Center,32.3309299,-90.1723002,6,"University of Mississippi Medical Center, 2500, North State Street, Fondren, Woodland Hills, Jackson, Hinds County, Mississippi, 39216, United States"
ABB,ABB,22.5478712,88.1995212,6,"Abada, Sankrail Station Road, Sankrail, Howrah, West Bengal, 711302, India"
University of Science and Technology of China,University of Science and Technology of China,31.8234166,117.2758194,6,"中国科学技术大学（南校区）, 平天湖西路, 兰州军区干休所, 常青街道, 包河区, 安徽省, 230026, 中国"
Universidad Autónoma de San Luis Potosí,Universidad Autónoma de San Luis Potosí,22.1443382,-101.0155732,6,"Universidad Autónoma de San Luis Potosí, Calle Río Papaloapan, Colonia Bellas Lomas, San Luis Potosí, Municipio de San Luis Potosí, San Luis Potosí, 78240, México"
chulalongkorn university,chulalongkorn university; Chulalongkorn University,13.7431114,100.5328752,6,"จุฬาลงกรณ์มหาวิทยาลัย, 254, ถนนพญาไท, สามย่าน, แขวงวังใหม่, เขตปทุมวัน, กรุงเทพมหานคร, 10330, ประเทศไทย"
Kuwait Oil Company,Kuwait Oil Company,29.3166361,47.944563,6,"Kuwait Oil & Grease Company, طريق حسين بن علي الرومي, الشويخ الصناعية 2 - قطعة 3, الشويخ الصناعية 2, محافظة العاصمة, 70070, الكويت"
Fuzhou University,Fuzhou University,26.0614068,119.1933416,5,"福州大学旗山校区, 学府南路, 闽侯县, 中美村, 福建省, 350100, 中国"
ETH,ETH,50.3260433,3.6671281,5,"Eth, Avesnes-sur-Helpe, Nord, Hauts-de-France, France métropolitaine, 59144, France"
Procter & Gamble,Procter & Gamble,47.7451328,19.949296,5,"Procter & Gamble, Ipari park, Gyöngyös, Gyöngyösi járás, Heves vármegye, Észak-Magyarország, Alföld és Észak, 3200, Magyarország"
Korea Institute of Energy Technology,Korea Institute of Energy Technology; Korea Institute of Energy Technology (KENTECH),35.0099961,126.8039044,5,"한국에너지공과대학교, 21, 켄텍길, 신도리, 나주시, 전라남도, 58330, 대한민국"
Penn State College of Medicine,Penn State College of Medicine; Penn State Health Milton S. Hershey Medical Center,40.2639023,-76.67560449999999,5,"Penn State College of Medicine, Crescent Drive, Derry Township, Dauphin County, Pennsylvania, 17036, United States, Penn State Health Milton S. Hershey Medical Center, 500, University Drive, Derry Township, Dauphin County, Pennsylvania, 17033, United States"
Merck,Merck,36.935832,140.8428371,5,"Merck, いわき市, 福島県, 日本"
Western Michigan University,Western Michigan University,42.2832928,-85.6102611,5,"Western Michigan University, 1903, West Michigan Avenue, Kalamazoo, Kalamazoo County, Michigan, 49008, United States"
SRM Institute of Science and Technology,SRM Institute of Science and Technology,12.8234361,80.0450412,5,"SRM Institute of Science and Technology, Potheri, Chengalpattu, Tamil Nadu, India"
UNIST,UNIST; Ulsan National Institute of Science and Technology (UNIST),35.5737484,129.1897266,5,"울산과학기술원, 본관 다리, 울주군, 울산광역시, 44936, 대한민국"
Yeungnam University,Yeungnam University,35.828022,128.7572223,5,"영남대학교, 280, 대학로, 대동, 북부동, 경산시, 38541, 대한민국"
Sabic,Sabic; SABIC,37.9068688,-87.9283382,5,"SABIC, Posey County, Indiana, United States"
NETL,NETL,52.6830181,5.8732297,5,"Netl, Leemringweg, Kraggenburg, Noordoostpolder, Flevoland, Nederland, 8317 RE, Nederland"
Texas A&M International University,Texas A&M International University,27.5722485,-99.4325843,5,"Texas A&M International University, 5201, University Boulevard, Laredo, Webb County, Texas, 78041, United States"
Otto von Guericke University,Otto von Guericke University,52.1405894,11.6455823,5,"Otto-von-Guericke Business School Magdeburg, 2, Universitätsplatz, Universitätsviertel, Alte Neustadt, Magdeburg, Sachsen-Anhalt, 39106, Deutschland"
Masaryk University,Masaryk University; MSD Czech Republic,49.210998599999996,16.5894777,5,"Copy MSD, 3171/103, Minská, Žabovřesky, Brno, okres Brno-město, Jihomoravský kraj, Jihovýchod, 616 00, Česko, Fakulta informatiky Masarykovy univerzity, 554/68a, Botanická, Ponava, Brno, okres Brno-město, Jihomoravský kraj, Jihovýchod, 602 00, Česko"
Paul Scherrer Institute,Paul Scherrer Institute,47.5358954,8.222218,5,"Paul Scherrer Institut, 111, Forschungsstrasse, Villigen, Bezirk Brugg, Aargau, 5232, Schweiz/Suisse/Svizzera/Svizra"
California State University-Bakersfield,California State University-Bakersfield,35.3493892,-119.1033969,5,"California State University Bakersfield, Don Hart Drive East, Bakersfield, Kern County, California, 93311, United States"
AIChE,AIChE,47.6756422,8.2617198,5,"Aichen, Waldshut-Tiengen, Verwaltungsgemeinschaft Waldshut-Tiengen, Landkreis Waldshut, Baden-Württemberg, 79761, Deutschland"
University of Southern Mississippi,University of Southern Mississippi,31.3286452,-89.3367312,5,"University of Southern Mississippi, 118, College Drive, Hattiesburg, Forrest County, Mississippi, 39406, United States"
SPX FLOW,SPX FLOW,-23.6716178,-46.5565992,5,"SPX Flow, Anchieta, São Bernardo do Campo, Região Imediata de São Paulo, Região Metropolitana de São Paulo, São Paulo, Região Sudeste, Brasil"
Institut Charles Sadron,Institut Charles Sadron; University of Strasbourg; IFCE; Mondelez International,48.586427349999994,7.7464308,5,"IFCE, Rue Jacques Kablé, Tribunal-Gare-Porte de Schirmeck, Strasbourg, Bas-Rhin, Grand Est, France métropolitaine, 67001, France, Institut Charles Sadron, Rue Becquerel, Espace Européen de l'Entreprise, Cronenbourg, Schiltigheim, Strasbourg, Bas-Rhin, Grand Est, France métropolitaine, 67300, France, Institut National des Sciences Appliquées, 24, Boulevard de la Victoire, Esplanade, Bourse-Esplanade-Krutenau, Strasbourg, Bas-Rhin, Grand Est, France métropolitaine, 67000, France, Mondelez International, Meinau, Strasbourg, Bas-Rhin, Grand Est, France métropolitaine, France"
University of Innsbruck,University of Innsbruck,47.2633159,11.3844733,5,"Universität Innsbruck - Campus Innrain, Innrain, Innenstadt, Innsbruck, Tirol, 6020, Österreich"
University of Pau,University of Pau,43.3146145,-0.3653306,5,"Université de Pau et des pays de l'Adour, Avenue de l'Université, Pau Nord, Pau, Pyrénées-Atlantiques, Nouvelle-Aquitaine, France métropolitaine, 64012, France"
Hong Kong University of Science and Technology,Hong Kong University of Science and Technology,22.8916128,113.4790189,5,"香港科技大学(广州), 广澳高速, 东涌镇, 南沙区, 广州市, 广东省, 中国"
UND,UND,47.488157,16.6940316,5,"Und, Soproni járás, Győr-Moson-Sopron vármegye, Nyugat-Dunántúl, Dunántúl, 9464, Magyarország"
Dow Chemical,Dow Chemical,43.3183808,-2.9796248,5,"Dow Chemical, Astrabudua, Erandio, Bizkaia, Euskadi, España"
Mayo Clinic,Mayo Clinic,-26.1505617,27.9197318,5,"Mayo Clinic, William Nicol Street North, Floracliffe, Johannesburg Ward 85, Roodepoort, City of Johannesburg Metropolitan Municipality, Gauteng, 1709, South Africa"
University of Copenhagen,University of Copenhagen,55.6801502,12.572327,5,"Københavns Universitet, Nørregade, Nørrevold, Indre By, København, Københavns Kommune, Region Hovedstaden, 1167, Danmark"
Eli Lilly,Eli Lilly,39.7735152,-85.7971257,4,"Eli Lilly, Hancock County, Indiana, 46140, United States"
California State University Long Beach,California State University Long Beach; Embry-Riddle Aeronautical University,33.795004199999994,-118.12481125,4,"California State University, Long Beach, East 7th Street, Long Beach, Los Angeles County, California, 90822, United States, Embry-Riddle Aeronautical University, Airport Plaza Drive, Long Beach, Los Angeles County, California, 90815, United States"
Cardiff University,Cardiff University,51.4887426,-3.1795999,4,"Cardiff University, Park Place, Civic Centre, Castle, Cardiff, Cymru / Wales, CF10 3AT, United Kingdom"
University of Oregon,University of Oregon,44.0444197,-123.0717603,4,"University of Oregon, 1585, East 13th Avenue, Eugene, Lane County, Oregon, 97403, United States"
University of Connecticut Health Center,University of Connecticut Health Center,41.7334454,-72.7923453,4,"University of Connecticut Health Center, 263, Farmington Avenue, Farmington, Capitol Planning Region, Connecticut, 06030, United States"
American University of the Middle East,American University of the Middle East,29.1640713,48.099383,4,"American University of the Middle East, شارع سعود جلال السهلي, العقيلة - قطعة 6, العقيلة, محافظة الأحمدي, 53301, الكويت"
Bogazici University,Bogazici University,41.0832733,29.0505009,4,"Boğaziçi Üniversitesi Güney Yerleşkesi, Ayşesultan Sokağı, Aşiyan, Bebek Mahallesi, Beşiktaş, İstanbul, Marmara Bölgesi, 34342, Türkiye"
Universidad de Carabobo,Universidad de Carabobo,10.2743683,-67.999855,4,"Universidad de Carabobo, Distribuidor Bárbula, Manantial, Naguanagua, Parroquia Naguanagua, Municipio Naguanagua, Carabobo, 2005, Venezuela"
Avnos,Avnos,26.1124263,50.4820025,4,"Al Avnos Electronics, شارع 27, كرزكان, المحافظة الشمالية, 1203, البحرين"
DSM-Firmenich,DSM-Firmenich; dsm-firmenich,46.1772613,6.0064557,4,"dsm-firmenich, La Plaine, Dardagny, Genève, 1283, Schweiz/Suisse/Svizzera/Svizra"
Ruhr-University Bochum,Ruhr-University Bochum; Ruhr University Bochum,51.4441576,7.2609654,4,"Ruhr-Universität Bochum, 150, Universitätsstraße, Querenburg, Bochum-Süd, Bochum, Nordrhein-Westfalen, 44801, Deutschland"
University of Hawaiʻi at Mānoa,University of Hawaiʻi at Mānoa,21.2982795,-157.8186932,4,"University of Hawaiʻi at Mānoa, 2500, Campus Road, Lower Mānoa, Mānoa, East Honolulu, Honolulu, Honolulu County, Hawaii, 96822, United States"
Universiti Teknologi Malaysia (UTM),Universiti Teknologi Malaysia (UTM),1.5585223,103.6399138,4,"Universiti Teknologi Malaysia, Jalan Iman, Iskandar Puteri, Kulai, Johor, 81310, Malaysia"
Obafemi Awolowo University,"Obafemi Awolowo University; Obafemi Awolowo University,",7.5204371,4.5233004,4,"Obafemi Awolowo University, Road 2, Ifẹ̀, Ife Central, Osun, 220282, Nigeria"
University of Wollongong,University of Wollongong,-34.4050554,150.8783465,4,"University of Wollongong, Northfields Avenue, Keiraville, Wollongong City Council, New South Wales, 2500, Australia"
Braskem America,Braskem America; Braskem SA,29.7077186,-95.0784345,4,"Braskem, Strang Road, Noltex, La Porte, Harris County, Texas, 77571, United States"
Nanjing Normal University,Nanjing Normal University,32.0550562,118.7621005,4,"南京师范大学(随园校区), 河海路, 华侨路街道, 鼓楼区, 南京市, 江苏省, 210098, 中国"
Merck KGaA,Merck KGaA; TU Darmstadt,49.91527725,8.6637737,4,"Merck KGaA, Darmstadt-Nord, Darmstadt, Hessen, 64293, Deutschland, TU, Prinzenschneise, Wixhausen, Darmstadt, Hessen, 64291, Deutschland"
Tennessee Tech University,Tennessee Tech University; Tennessee Technological University,36.1748736,-85.5089051,4,"Tennessee Technological University, 1, William L. Jones Drive, Cookeville, Putnam County, Middle Tennessee, Tennessee, 38505, United States"
Maynooth University,Maynooth University,53.3846374,-6.6030523,4,"Maynooth University (North Campus) Chargers, Kilcock Road, Maynooth ED, The Municipal District of Clane — Maynooth, County Kildare, Leinster, W23 W6R7, Éire / Ireland"
New Mexico Tech,New Mexico Tech,34.0662339,-106.9110595,4,"New Mexico Tech, 801, Leroy Place, Socorro, Socorro County, New Mexico, 87801, United States"
Texas A&M University - Corpus Christi,Texas A&M University - Corpus Christi,27.7127513,-97.3233877,4,"Texas A&M University-Corpus Christi, Starfish Lane, Corpus Christi, Nueces County, Texas, 78412, United States"
University of Cantabria,University of Cantabria,43.4714973,-3.8018803,4,"UNICAN, Avenida de los Castros, Barrio La Torre, Barrio Bolado, Santander, Cantabria, 39005, España"
Hacettepe University,Hacettepe University; Middle East Technical University,39.871477799999994,32.7604575,4,"Hacettepe Üniversitesi Beytepe Kampüsü, 1596. Cadde, Üniversiteler Mahallesi, Çankaya, Ankara, İç Anadolu Bölgesi, 06800, Türkiye, Orta Doğu Teknik Üniversitesi, Mevlana Bulvarı, Or-An Mahallesi, Ankara, Çankaya, Ankara, İç Anadolu Bölgesi, 06550, Türkiye"
3P Instruments,3P Instruments,32.9301854,-96.7519165,3,"Texas Instruments, 12500, Dallas, Dallas County, Texas, 75243, United States"
Linde,Linde,50.7127198,2.4195699,3,"Lynde, Dunkerque, Nord, Hauts-de-France, France métropolitaine, 59173, France"
Air Liquide,Air Liquide,33.7784088,-118.2827261,3,"Air Liquide, 1502, Los Angeles, Los Angeles County, California, 90744, United States"
SUNY-Buffalo,SUNY-Buffalo; SUNY @ Buffalo,42.9336675,-78.8839422,3,"Buffalo State University, 1300, Elmwood Avenue, Buffalo, Erie County, New York, 14222, United States"
University of Sydney,University of Sydney,-33.8889073,151.1894111,3,"The University of Sydney, Carillon Avenue, Camperdown, Inner West, Sydney, Council of the City of Sydney, New South Wales, 2050, Australia"
Lund University,Lund University,55.7126504,13.2107587,3,"Lunds Tekniska Högskola, Box 118, Ole Römers väg, Ideon Pålsjö, Norr, Lund, Lunds kommun, Skåne län, 221 00, Sverige"
Korean Institute Science and Technology,Korean Institute Science and Technology,49.2587784,7.0492746,3,"Korean Institute of Science and Technology, Campus, Universität, St. Johann, Bezirk Mitte, Saarbrücken, Regionalverband Saarbrücken, Saarland, 66123, Deutschland"
Barpimo S.A.,Barpimo S.A.,42.9108971,-8.5254274,3,"Pinturas Barpimo, Rúa de José Villar Grangel, Polígono Industrial do Tambre, Boisaca, San Caetano, Santiago de Compostela, Santiago, A Coruña, Galicia, 15890, España"
Aspen Technology Inc.,Aspen Technology Inc.; Aspen Technology Inc,39.067515,-108.560123,3,"Aspen Technology Group Inc, 734, Main Street, Grand Junction, Mesa County, Colorado, 81501, United States"
Tianjin University,Tianjin University,39.1072533,117.1778919,3,"天津医科大学, 22号, 气象台路, 新兴街道, 海光寺, 和平区, 天津市, 300051, 中国"
University of Tartu,University of Tartu,58.381014,26.7195598,3,"Tartu Ülikool, 18, Ülikooli, Vanalinn, Kesklinn, Tartu linn, Tartu maakond, 50090, Eesti"
imec,imec,50.8651015,4.6776509,3,"IMEC Cafeteria, 75, Kapeldreef, Heverlee, Leuven, Vlaams-Brabant, Vlaanderen, 3001, België / Belgique / Belgien"
Lakehead University,Lakehead University,48.4203116,-89.2623395,3,"Lakehead University, 955, Oliver Road, Thunder Bay, Thunder Bay District, Northwestern Ontario, Ontario, P7B 5E1, Canada"
Villanova University,Villanova University,40.0367774,-75.3420233,3,"Villanova University, South Ithan Avenue, Garrett Hill, Radnor, Radnor Township, Delaware County, Pennsylvania, 19010, United States"
Hyundai Motor Company,Hyundai Motor Company,36.8452544,126.858137,3,"현대자동차사원아파트, 200-17, 대음리, 아산시, 충청남도, 31437, 대한민국"
Schrödinger,Schrödinger; Singapore University of Technology and Design,1.35336195,103.9273249,3,"Schrödinger's cat, Singapur East, Northeast, Singapore, Singapore University of Technology and Design, Singapur East, Tampines, Southeast, Singapore, 485996, Singapore"
University of Amsterdam,University of Amsterdam,52.3681334,4.8898042,3,"Universiteit van Amsterdam, Spui, Centrum, Amsterdam, Noord-Holland, Nederland, 1012 RX, Nederland"
Universidad Michoacana de San Nicolás de Hidalgo,Universidad Michoacana de San Nicolás de Hidalgo,19.6892955,-101.2066338,3,"Universidad Michoacana de San Nicolás de Hidalgo, Avenida Real Universidad, Morelia, Michoacán, 58030, México"
National University of Technology,National University of Technology; ISGS,33.6632271,73.0065016,3,"Inter State Gas Systems (ISGS) (pvt) Ltd, Service Road F10 (VR30), ایف-10, اسلام آباد, زون 1, وفاقی دارالحکومت اسلام آباد, 44000, پاکستان, National University Of Technology (NUTECH), IJP Road, Meharabad, Allah Abad, تحصیل راولپنڈی چھاؤنی, ضلع راولپنڈی, راولپنڈی ڈویژن, پنجاب, 46060, پاکستان"
Army Research Lab,Army Research Lab; RTI International,35.90017975,-78.868206,3,"Army Research Lab—Raleigh Durham, 800, Park Offices Drive, Research Triangle Park, Durham County, North Carolina, 27703, United States, RTI International, Durham County, North Carolina, United States"
University of Nottingham,University of Nottingham; A*Star; Nottingham Trent University,52.9366805,-1.1851735666666667,3,"A Star, 197, Alfreton Road, Hyson Green, City of Nottingham, East Midlands, England, NG7 3NW, United Kingdom, Nottingham Trent University (Clifton Campus), Remembrance Way, Clifton, City of Nottingham, East Midlands, England, NG11 8NB, United Kingdom, University of Nottingham, Wollaton Vale, Wollaton, City of Nottingham, East Midlands, England, NG7 2RD, United Kingdom"
Henkel,Henkel; ShanghaiTech University,31.185185599999997,121.59436205,3,"上海科技大学（张江校区）, 393号, 华夏中路, 张江镇, 浦东新区, 101201, 中国, 汉高（中国）投资有限公司, 928, 张衡路, 张江镇, 浦东新区, 201203, 中国"
Pittsburg State University,Pittsburg State University,37.3904299,-94.6953939,3,"Pittsburg State University, 1701, South Broadway Street, Pittsburg, Crawford County, Kansas, 66762, United States"
Anton Paar,Anton Paar; university of hohenheim,48.7144847,9.2415921,3,"Anton Paar, 6, Hellmuth-Hirth-Straße, Scharnhauser Park, Ostfildern, Landkreis Esslingen, Baden-Württemberg, 73760, Deutschland, Universität Hohenheim, Rübenäcker, Birkach, Birkach-Süd, Plieningen, Stuttgart, Baden-Württemberg, 70599, Deutschland"
University of the Witwatersrand,"University of the Witwatersrand; University of the Witwatersrand, Johannesburg",-26.1888766,28.0247912,3,"University of the Witwatersrand, Empire Road, Braamfontein, Johannesburg Ward 60, Johannesburg, City of Johannesburg Metropolitan Municipality, Gauteng, 2001, South Africa"
Shell,Shell; ASU,-25.28323465,-57.602774600000004,3,"Asunción, Distrito Capital, Región Oriental, Paraguay / Paraguái, Shell plc, Avenida Aviadores del Chaco, Ycuá Satí, Asunción, Distrito Capital, Región Oriental, 001410, Paraguay / Paraguái"
BIPC,BIPC,30.435736,49.1063427,3,"پتروشیمی بندرامام, دهستان بندر امام خمینی, بخش بندر امام خمینی, شهرستان بندر ماهشهر, استان خوزستان, 63571-36379, ایران"
Dow Inc.,Dow Inc.,14.4495397,120.9957662,3,"Dow Chemical Philippines, Inc., 2nd District, Las Piñas, Southern Manila District, Metro Manila, Philippines"
Vellore Institute of Technology,Vellore Institute of Technology,12.9697279,79.1606943,3,"Vellore Institute of Technology, Main Subway, Brammapuram, Katpadi, Vellore, Tamil Nadu, 632014, India"
Semmelweis University,Semmelweis University; Budapest University of Technology and Economics,47.4810691,19.06978395,3,"Budapesti Műszaki és Gazdaságtudományi Egyetem, Irinyi József utca, Lágymányos, XI. kerület, Budapest, Közép-Magyarország, 1111, Magyarország, Semmelweis Egyetem, 26, Üllői út, Palotanegyed, VIII. kerület, Budapest, Közép-Magyarország, 1085, Magyarország"
University of California San Francisco,University of California San Francisco; Chemistry and Biochemistry,37.74342515,-122.46753670000001,3,"Chemistry and Biochemistry, 1600, Holloway Avenue, Parkmerced, San Francisco, California, 94132, United States, University of California, San Francisco, Medical Center Way, Forest Knolls, San Francisco, California, 94117, United States"
Koc University,Koc University; Koç University,41.203159,29.0728654,3,"Koç Üniversitesi, Koç Meydanı, Rumelifeneri Mahallesi, Sarıyer, İstanbul, Marmara Bölgesi, 34450, Türkiye"
Western University,Western University,32.7139413,-117.0372503,3,"Western University, Easthill Drive, Jamacha, Skyline, San Diego, San Diego County, California, 91945, United States"
Shiv Nadar University,Shiv Nadar University,28.5257123,77.574455,3,"Shiv Nadar University, NH34;NH334C, Beel Akbarpur, Dadri, Gautam Buddha Nagar, Uttar Pradesh, 201314, India"
Chiba Institute of Technology,Chiba Institute of Technology,35.6888667,140.0211756,3,"千葉工業大学, 1, 習志野市, 千葉県, 275-0016, 日本"
Aarhus University,Aarhus University,56.1670905,10.2026177,3,"Aarhus Universitet, Nordre Ringgade, Nobelparken, Aarhus, Aarhus Kommune, Region Midtjylland, 8000, Danmark"
Kent State University,Kent State University,41.1442325,-81.3398321,3,"Kent State University, Haymaker Parkway, Gateway, Kent, Portage County, Ohio, 44242, United States"
Miami University,Miami University,39.5094198,-84.7311546,3,"Miami University, East Chestnut Street, Oxford, Oxford Township, Butler County, Ohio, 45056, United States"
Altair Engineering,Altair Engineering,42.562319,-83.1116915,3,"Altair Engineering, 1820, East Big Beaver Road, Troy, Oakland County, Michigan, 48083, United States"
Johnson Matthey,Johnson Matthey,53.0436493,-2.1973036,3,"Johnson Matthey, Longport, Burslem, Stoke-on-Trent, England, ST6 3AZ, United Kingdom"
N/A,N/A; n/a,51.566874,4.9284972,3,"Vliegbasis Gilze-Rijen, Ericssonstraat, De Haansberg, Rijen, Gilze en Rijen, Noord-Brabant, Nederland, 5121 LD, Nederland"
Braskem S.A.,Braskem S.A.,-9.6819321,-35.7646171,3,"Braskem, Pontal da Barra, Maceió, Região Geográfica Imediata de Maceió, Região Geográfica Intermediária de Maceió, Alagoas, Região Nordeste, Brasil"
Széchenyi István University,Széchenyi István University,47.6941936,17.6273964,3,"Széchenyi István Egyetem, 1, Egyetem tér, Belváros, Győr, Győri járás, Győr-Moson-Sopron vármegye, Nyugat-Dunántúl, Dunántúl, 9026, Magyarország"
Aveva,Aveva; AVEVA,51.1031262,16.9450607,3,"Aveva, 54-56, Mińska, Muchobór Wielki, Wrocław, województwo dolnośląskie, 54-610, Polska"
The University of Texas at El Paso,The University of Texas at El Paso,31.7757047,-106.5062875,3,"The University of Texas at El Paso, East Robinson Avenue, El Paso, El Paso County, Texas, 79902, United States"
Lafayette College,Lafayette College,40.6986835,-75.209246,3,"Lafayette College, 730, High Street, College Hill, Easton, Northampton County, Pennsylvania, 18042, United States"
Indian Institute of Technology Guwahati,Indian Institute of Technology Guwahati; IIT Guwahati,26.1924787,91.6946357,3,"Indian Institute of Technology Guwahati, Footpath surrounding sports area, North Guwahati (Pt), Kamrup Metropolitan, Assam, 781039, India"
TU Dortmund University,TU Dortmund University,51.4914844,7.4122739,3,"Technische Universität Dortmund, Am Gardenkamp, Groß-Barop, Barop, Hombruch, Dortmund, Nordrhein-Westfalen, 44227, Deutschland"
FDA,FDA,6.0819016,-8.1441751,3,"FDA, Zone 6, Tchien, Grand Gedeh County, Liberia"
University of Maribor,University of Maribor,46.5592325,15.6432937,3,"Univerza v Mariboru, 15, Slomškov trg, Lent, Center, Maribor, 2000, Slovenija"
Coanda,Coanda; University of Zurich,47.5054136,8.7476545,3,"Coanda, Hegmattenstrasse, Hegmatten, Oberwinterthur, Winterthur, Bezirk Winterthur, Zürich, 8404, Schweiz/Suisse/Svizzera/Svizra, Zürcher Hochschule für Angewandte Wissenschaften, Turmhaldenstrasse, Heiligberg, Stadt, Winterthur, Bezirk Winterthur, Zürich, 8403, Schweiz/Suisse/Svizzera/Svizra"
Process Consultant,Process Consultant,-6.7749378,39.2403722,3,"Process Consultant and Facilitator, SM/MPA/31, Misri Street, Mwenge, Kijitonyama, Kinondoni Municipal, Dar es-Salaam, Coastal Zone, 14113, Tanzania"
University of North Carolina at Chapel Hill,University of North Carolina at Chapel Hill; University of North Carolina,35.9050353,-79.0477533,3,"University of North Carolina at Chapel Hill, North Graham Street, Northside, Downtown, Chapel Hill, Orange County, North Carolina, 27516, United States"
Florida Atlantic University,Florida Atlantic University,26.1194037,-80.1416919,2,"Florida Atlantic University, 111, East Las Olas Boulevard, Fort Lauderdale, Broward County, Florida, 33301, United States"
Loughborough university,Loughborough university; Loughborough University,52.763845,-1.2372582,2,"Loughborough University, Towers Way, Thorpe Acre, Loughborough, Charnwood, Leicestershire, England, LE11 3TG, United Kingdom"
University of Guelph,University of Guelph,43.5327864,-80.2249974,2,"University of Guelph, Arboretum Road, Guelph, Ontario, N1G 0C5, Canada"
VTT Technical Research Centre of Finland,VTT Technical Research Centre of Finland,61.446334,23.8612472,2,"Teknologian tutkimuskeskus VTT Oy, 4, Visiokatu, Hermia, Hervanta, Kaakkoinen suuralue, Tampere, Tampereen seutukunta, Pirkanmaa, Manner-Suomi, 33101, Suomi / Finland"
Visvesvaraya National Institute of Technology Nagpur,Visvesvaraya National Institute of Technology Nagpur,21.1260842,79.0497523,2,"Visvesvaraya National Institute of Technology, VNIT Campus, Ambazari Road, Nagpur City, Nagpur Urban Taluka, Nagpur, Maharashtra, 440010, India"
Trine University,Trine University,41.6311141,-85.0105982,2,"Trine University, 1, University Avenue, Angola, Steuben County, Indiana, 46703, United States"
Janssen pharmaceuticals,Janssen pharmaceuticals,40.5771027,-74.6501363,2,"Janssen Pharmaceuticals, 1000, US 202, Raritan, Somerset County, New Jersey, 08869, United States"
University of Ljubljana,University of Ljubljana; National Institute of Chemistry,46.05860735,14.503831,2,"Kemijski inštitut, Hajdrihova ulica, Glince, Četrtna skupnost Vič, Ljubljana, Upravna Enota Ljubljana, 1115, Slovenija, Univerza v Ljubljani, Kardeljeva ploščad, Četrtna skupnost Bežigrad, Ljubljana, Upravna Enota Ljubljana, 1113, Slovenija"
AstraZeneca UK,AstraZeneca UK,51.8652311,-0.4067176,2,"AstraZeneca, New Airport Way, Park Town, Luton, England, LU1 3LU, United Kingdom"
Arkema,Arkema,45.8436061,5.0970802,2,"Usine Arkema Kem One, Balan, Bourg-en-Bresse, Ain, Auvergne-Rhône-Alpes, France métropolitaine, 01360, France"
GEA,GEA,41.4768249,-81.1850459,2,"Geauga County, Ohio, United States"
American University of Beirut,American University of Beirut,33.9000264,35.4823838,2,"الجامعة الأمريكية في بيروت, شارع الجامعة الأميركية, الجامعة الأمريكية, الجامعة, دار المريسة, محافظة بيروت, 2034 1111, لبنان"
CIC nanoGUNE,CIC nanoGUNE,43.3048187,-2.0073381,2,"CIC Nanogune, Tolosa hiribidea, Campus, Ibaeta, Mendebaldea, Donostia / San Sebastián, Gipuzkoa, Euskadi, 20008, España"
UIN sunan kalijaga yogyakarta,UIN sunan kalijaga yogyakarta,-7.7857048,110.3942909,2,"UIN Sunan Kalijaga, Under Pass, Catur Tunggal, Depok, Sleman, Daerah Istimewa Yogyakarta, Jawa, 55221, Indonesia"
University of Turku,University of Turku,60.4560732,22.2864097,2,"Turun yliopisto, Yliopistonmäki, I, Keskusta, Turku, Turun seutukunta, Varsinais-Suomi, Manner-Suomi, 20500, Suomi / Finland"
New Mexico State University,New Mexico State University,32.2729032,-106.7434927,2,"New Mexico State University, 1780, East University Avenue, Las Cruces, Doña Ana County, New Mexico, 88003, United States"
Indian Institute of Technology Jammu,Indian Institute of Technology Jammu; IIT-JAMMU,32.8022368,74.8913825,2,"Indian Institute of Technology Jammu, Nargota Bypass, Nagrota Cantonment, Jagti, Jammu, Jammu district, Jammu and Kashmir, 181221, India"
Harbin Institute of Technology,Harbin Institute of Technology,45.741589,126.6255626,2,"哈尔滨工业大学, 海城街, 松花江街道, 花园街道, 南岗区, 哈尔滨市, 香坊区, 黑龙江省, 150000, 中国"
CASALE SA,CASALE SA,40.6854091,14.8295531,2,"Casale, Salerno, Campania, 57184, Italia"
University of Wisconsin-Milwaukee,University of Wisconsin-Milwaukee; TIP,43.0742429,-87.8896416,2,"Tip, Beerline Trail, Riverwest, Milwaukee, Milwaukee County, Wisconsin, 53212, United States, University of Wisconsin-Milwaukee, 2200, East Kenwood Boulevard, Cambridge Woods, East Side, Milwaukee, Milwaukee County, Wisconsin, 53211, United States"
University of California Santa Cruz,University of California Santa Cruz,36.9550719,-122.050364,2,"University of California Santa Cruz, Westside Industrial District, Westside, Santa Cruz, Santa Cruz County, California, United States"
Laboratoire de Génie Chimique,Laboratoire de Génie Chimique; Universite de Toulouse,43.574540299999995,1.47556405,2,"Laboratoire de Génie Chimique, Allée Émile Monso, Pont des Demoiselles / Ormeau/ Montaudran / La Terrasse / Malepère, Toulouse, Haute-Garonne, Occitanie, France métropolitaine, 31400, France, Université de Toulouse, Allée Matilda, Le Busca, Saint-Michel / Saint-Agne / Empalot / Le Busca / Île du Ramier / Montplaisir, Toulouse, Haute-Garonne, Occitanie, France métropolitaine, 31400, France"
Pfizer Canada,Pfizer Canada,45.4487982,-73.8646156,2,"Pfizer Canada, Voie de Service Sud, Kirkland, Agglomération de Montréal, Montréal (région administrative), Québec, H9J 1M1, Canada"
University of Dayton,University of Dayton,39.7384599,-84.1791948,2,"University of Dayton, Nellie Avenue, Walnut Hills, Dayton, Montgomery County, Ohio, 45410, United States"
Groningen University,Groningen University,53.2194415,6.5629863,2,"Rijksuniversiteit Groningen, Oude Boteringestraat, Binnenstad-noord, Binnenstad, Centrum, Groningen, Nederland, 9712 GL, Nederland"
CSS Inc,CSS Inc,41.0487475,-76.2723621,2,"CSS Industries, Inc., Spring Garden Avenue, Berwick, Columbia County, Pennsylvania, 18603, United States"
Yantai University,Yantai University,37.4335887,121.5165087,2,"中国农业大学烟台研究院, 海澜路, 马山街道, 烟台高新区, 莱山区, 烟台市, 山东省, 264000, 中国"
Hamburg University of Technology,Hamburg University of Technology,53.4610001,9.9692264,2,"Technische Universität Hamburg, Kasernenstraße, Harburg, Hamburg, 21073, Deutschland"
Southern University of Science and Technology,Southern University of Science and Technology,22.603603,113.9968497,2,"南方科技大学, 1088, 学苑大道, 深圳大学城, 桃源街道, 南山区, 深圳市, 广东省, 518055, 中国"
FAU,FAU,26.3743445,-80.1027236,2,"Florida Atlantic University - Boca Raton Campus, 777, Glades Road, Boca Raton, Palm Beach County, Florida, 33431, United States"
Evonik,Evonik,51.4477493,7.0143636,2,"Evonik, 1, Opernplatz, Sternviertel, Südviertel, Stadtbezirk I, Essen, Nordrhein-Westfalen, 45128, Deutschland"
Indian Institute of Technology Ropar,Indian Institute of Technology Ropar,30.9659501,76.4729772,2,"Indian Institute of Technology Ropar, IIT Ropar (Main Campus) Road, Bari Haveli, Rupnagar Tahsil, Rupnagar, Punjab, 144533, India"
IIT (ISM) Dhanbad,IIT (ISM) Dhanbad,23.8148779,86.4425786,2,"Indian Institute of Technology, Dhanbad, NH18, Hirapur, Kasturba Nagar, Dhanbad, Dhanbad-Cum-Kenduadih-Cum-Jagata, Dhanbad, Jharkhand, 826004, India"
Eindhoven University of Technology,Eindhoven University of Technology,51.4486602,5.4903996,2,"Technische Universiteit Eindhoven, 3, Groene Loper, Centrum, Eindhoven, Noord-Brabant, Nederland, 5612 AE, Nederland"
Pusan National University,Pusan National University; Pusan national University,35.2343498,129.0784068,2,"부산대학교, 산성로, 금성동, 장전2동, 금정구, 부산광역시, 46240, 대한민국"
ORNL,ORNL,36.0151754,-84.2484495,2,"ORNL Federal Credit Union, Oak Ridge, Anderson County, East Tennessee, Tennessee, United States"
BASF Corporation,BASF Corporation,42.1310835,-80.0482529,2,"BASF Corporation, 1729, Erie, Erie County, Pennsylvania, 16503, United States"
Institute of Science Tokyo,Institute of Science Tokyo,35.514711,139.4840416,2,"東京科学大学 すずかけ台キャンパス, 厚木街道, 長津田町, 緑区, 横浜市, 神奈川県, 226-0026, 日本"
Lyten,Lyten,47.7747446,8.5758347,2,"Lyten, Merishausen, Schaffhausen, 8232, Schweiz/Suisse/Svizzera/Svizra"
University of Maryland-College Park,University of Maryland-College Park; University of Maryland College Park,38.9904124,-76.9438586,2,"University of Maryland, College Park, Underwood Street, College Heights, University Park, Prince George's County, Maryland, 20742, United States"
University College Cork,University College Cork,51.8947384,-8.4903073,2,"Glucksman Gallery, Western Road, Gillabbey, The Mardyke, Gillabbey B, Cork, County Cork, Munster, T12 V1WH, Éire / Ireland"
PPG Industries,PPG Industries,51.6755488,17.7940944,2,"PPG Industries, Lewkowiec, gmina Ostrów Wielkopolski, powiat ostrowski, województwo wielkopolskie, 63-410, Polska"
Eaton Corporation,Eaton Corporation,42.83977,-93.6037789,2,"Eaton Corporation, Belmond, Wright County, Iowa, United States"
Abu Dhabi University,Abu Dhabi University,24.3665244,54.5647253,2,"جامعة ابو ظبي, شارع الجَزيره الحَمراء, Z4, مدينة محمد بن زايد, أبو ظبي, أبوظبي, أبو ظبي, الإمارات العربية المتحدة"
Johannes Gutenberg University Mainz,Johannes Gutenberg University Mainz,49.9920396,8.2371107,2,"Johannes Gutenberg-Universität Mainz, Jakob-Welder-Weg, Oberstadt, Mainz, Rheinland-Pfalz, 55128, Deutschland"
University of Fribourg,University of Fribourg,46.793058,7.157106,2,"Department of Geosciences at the University of Fribourg, Chemin du Musée, Les Charmettes, Pérolles, Fribourg - Freiburg, District de la Sarine, Fribourg/Freiburg, 1705, Schweiz/Suisse/Svizzera/Svizra"
3M Company,3M Company,41.3079575,-96.3382383,2,"3M Company Valley, Valley, Platte Valley Precinct, Douglas County, Nebraska, United States"
University of Sharjah,University of Sharjah,25.2878292,55.478969,2,"جامعة الشارقة, شارع 58, الجرينة 3, مويلح, مدينة الشارقة, الشارقة, الإمارات العربية المتحدة"
University of Bayreuth,University of Bayreuth,49.9270796,11.5872266,2,"Universität Bayreuth, 30, Universitätsstraße, Cosima-Wagner- / Nürnberger- / Universitätsstraße, Birken, Quellhöfe, Bayreuth, Bayern, 95447, Deutschland"
F. Hoffmann-La Roche,F. Hoffmann-La Roche,47.536045,7.7399516,2,"Hoffmann-La Roche, Werk Kaiseraugst, Kaiseraugst, Bezirk Rheinfelden, Aargau, 4303, Schweiz/Suisse/Svizzera/Svizra"
University of Texas Medical Branch,University of Texas Medical Branch; Texas A and M University,29.29696405,-94.82142955,2,"Texas A&M University at Galveston Center for Marine Training and Safety, Teichman Road, Galveston, Galveston County, Texas, 77554, United States, University of Texas Medical Branch at Galveston, 301, Church Street - Avenue F, Galveston, Galveston County, Texas, 77555, United States"
Institute of Chemical Technology Mumbai,"Institute of Chemical Technology Mumbai; Institute of Chemical Technology, Mumbai",19.0239129,72.8587665,2,"Institute of Chemical Technology, Rafi Ahmed Kidwai Marg, New BPT Colony, F/N Ward, Zone 2, Mumbai City, Maharashtra, 400019, India"
Hampton University,Hampton University,37.0210096,-76.3386255,2,"Hampton University, 100, East Queen Street, East Hampton, Hampton, Virginia, 23668, United States"
Andrews University,Andrews University,41.9696627,-86.3633155,2,"Andrews University, 8975, Old US-31, Berrien Springs, Berrien County, Michigan, 49104, United States"
National Science Foundation,National Science Foundation,6.9049547,79.8701128,2,"National Science Foundation, Vidya Road, Independence Square, Cinnamon Gardens, Colombo, Colombo District, Western Province, 00700, Sri Lanka"
Universidad Mariana de Pasto,Universidad Mariana de Pasto,1.2236979,-77.2831891,2,"Universidad Mariana, Carrera 35, Maridíaz, Comuna 9, Perímetro Urbano Pasto, Pasto, Centro, Nariño, RAP Pacífico, 520002, Colombia"
Memorial University,Memorial University,47.5732831,-52.7351911,2,"Memorial University, 1, Arctic Avenue, Memorial University of Newfoundland main campus, St. John's, Newfoundland, Newfoundland and Labrador, A1B 1T0, Canada"
WRPS,WRPS,42.1287118,-70.9164328,2,"WRPS-FM (Rockland), Goddard Avenue, Rockland, Plymouth County, Massachusetts, 02371, United States"
Guanajuato University,Guanajuato University,21.060753,-101.5711841,2,"Universidad de Guanajuato Campus León, Boulevard Cañaveral, Valle Del Roble, León, Guanajuato, 37544, México"
ANSTO,ANSTO,-34.0499891,150.9839291,2,"ANSTO, Lucas Heights, Sydney, Sutherland Shire Council, New South Wales, 2234, Australia"
Callaghan Innovation,Callaghan Innovation,-36.8504492,174.7832208,2,"Callaghan Innovation, 1, Watt Street, Mechanics Bay, Parnell, Auckland, 1052, New Zealand / Aotearoa"
Institución Universitaria Colegio Mayor de Antioquia,Institución Universitaria Colegio Mayor de Antioquia,6.2732225,-75.5912113,2,"Institución Universitaria Colegio Mayor de Antioquia, 65-46, Carrera 78, San Germán, Comuna 7 - Robledo, Perímetro Urbano Medellín, Medellín, Valle de Aburrá, Antioquia, RAP del Agua y la Montaña, 050034, Colombia"
University of Pavia,University of Pavia,45.1869265,9.1568768,2,"Università degli Studi di Pavia, 65, Corso Strada Nuova, Borgo Ticino, Pavia, Lombardia, 27100, Italia"
Utsunomiya University,Utsunomiya University,36.5487554,139.9130866,2,"宇都宮大学 (本部・峰キャンパス), 峰町, 宇都宮市, 栃木県, 321-8505, 日本"
Georgia Southern University,Georgia Southern University,32.4214381,-81.7845053,2,"Georgia Southern University, Malecki Drive, Sussex Commons, Statesboro, Bulloch County, Georgia, 30460, United States"
Air Products,Air Products,51.1543176,3.7897645,2,"Air products, Sint-Kruis-Winkel, Gent, Oost-Vlaanderen, Vlaanderen, 9042, België / Belgique / Belgien"
Dalhousie University,Dalhousie University,44.636201,-63.5919961,2,"Dalhousie University, Robie Street, Marlborough Woods, South End, Halifax, Halifax Regional Municipality, Halifax County, Nova Scotia, B3H 3C6, Canada"
Refinity,Refinity,14.5734072,121.0591387,2,"Refinity Dermatology And Laser Clinic, United Street, Capitol, Kapitolyo, Pasig First District, Pasig, Eastern Manila District, Metro Manila, 1603, Philippines"
University of Isfahan,University of Isfahan; Iran University of Medical Science,32.617484700000006,51.66130245,2,"دانشگاه علوم پزشکی, هزار جریب, منطقه ۵, اصفهان, بخش مرکزی شهرستان اصفهان, شهرستان اصفهان, استان اصفهان, 81739-85461, ایران, کتابفروشی دانشگاه اصفهان, دانشگاه, منطقه ۵, اصفهان, بخش مرکزی شهرستان اصفهان, شهرستان اصفهان, استان اصفهان, 81739-65711, ایران"
Finnish Institute of Occupational Health,Finnish Institute of Occupational Health,60.1894793,24.9120143,2,"Työterveyslaitos, 41b, Topeliuksenkatu, Meilahti, Läntinen suurpiiri, Helsinki, Helsingin seutukunta, Uusimaa, Manner-Suomi, 00250, Suomi / Finland"
Universidad del Atlántico,Universidad del Atlántico,25.9764525,-98.0792578,2,"Universidad del Atlantico, Libramiento Juan Antonio Guajardo Anzaldúa, Río Bravo, Tamaulipas, 88900, México"
Signature Science,Signature Science,3.1494724,101.568823,2,"Signature, Lot 24, Jalan Teknologi, Taman Sains Selangor 1, PJU 5, Kota Damansara, Petaling Jaya, Petaling, Selangor, 47810, Malaysia"
Tokyo University of Agriculture and Technology,Tokyo University of Agriculture and Technology,35.699409,139.5184397,2,"東京農工大学, 下山谷通り, 緑町, 小金井市, 東京都, 184-0003, 日本"
"The Chinese University of Hong Kong, Shenzhen","The Chinese University of Hong Kong, Shenzhen",22.6910685,114.207366,2,"香港中文大学（深圳）, 2001号, 龙翔大道, 龙城街道, 龙岗区, 深圳市, 广东省, 518172, 中国"
Dokuz Eylul University,Dokuz Eylul University,38.3943741,27.0303419,2,"Dokuz Eylül Üniversitesi 15 Temmuz Sağlık ve Sanat Yerleşkesi, İnciraltı Caddesi, İnciraltı Mahallesi, Balçova, Ege Bölgesi, 35330, Türkiye"
Washington University School of Medicine,Washington University School of Medicine,47.6614466,-117.397547,2,"University of Washington School of Medicine Spokane, 840, East Spokane Falls Boulevard, University District, Spokane, Spokane County, Washington, 99202, United States"
Kanazawa University,Kanazawa University,36.6575095,136.6473669,2,"金沢医科大学病院, 高松内灘線, 大学二丁目, 内灘町, 河北郡, 石川県, 920-0211, 日本"
Cornell,Cornell,40.9900326,-88.7292337,2,"Cornell, Amity Township, Livingston County, Illinois, United States"
University of North Texas,University of North Texas,33.2098926,-97.1514762,2,"University of North Texas, 1155, Union Circle, Denton, Denton County, Texas, 76203, United States"
Clausthal University of Technology,Clausthal University of Technology,51.8019554,10.3455053,2,"Technische Universität Clausthal, Graupenstraße, Clausthal, Clausthal-Zellerfeld, Landkreis Goslar, Niedersachsen, 38678, Deutschland"
IBM Research UK,IBM Research UK,53.3446566,-2.6380317,2,"IBM Research Daresbury, Keckwick Lane, Warrington, Halton, Liverpool City Region, England, WA4 4AD, United Kingdom"
Pukyong National University,Pukyong National University,35.1342725,129.1052466,2,"부경대학교 대연캠퍼스, 45, 용소로, 대연3동, 남구, 부산광역시, 48513, 대한민국"
Norwegian University of Science and Technology,Norwegian University of Science and Technology; NTNU,63.4283173,10.46118035,2,"NTNU Ringve botaniske hage, Lade allé, Leangen, Ringve, Østbyen, Trondheim, Trøndelag, 7041, Norge, Norges teknisk-naturvitenskapelige universitet, Alvdal, Innlandet, 2560, Norge"
Procter and Gamble,Procter and Gamble; Procter and Gamble.,53.5273241,-2.7604531,2,"Procter and Gamble, Pendle Place, West Pimbo Industrial Estate, Up Holland, West Lancashire, Lancashire, England, WN8 9PN, United Kingdom"
Pakistan Institute of Engineering and Applied Sciences,Pakistan Institute of Engineering and Applied Sciences,33.6531627,73.2669373,2,"Pakistan Institute of Engineering and Applied Sciences (PIEAS), Market Road, زون ۴, وفاقی دارالحکومت اسلام آباد, 44000, پاکستان"
Medical College of Wisconsin,Medical College of Wisconsin,43.0438671,-88.0224532,1,"Medical College of Wisconsin, 8701, West Watertown Plank Road, Milwaukee, Milwaukee County, Wisconsin, 53226, United States"
SSL,SSL,38.95224,-7.67603,1,"Sousel, Portalegre, Portugal"
Harro Höfliger,Harro Höfliger,48.9730439,9.3866196,1,"Harro Höfliger, 6-10, Boschstraße, Forstboden, Großaspach, Aspach, Vereinbarte Verwaltungsgemeinschaft der Stadt Backnang, Rems-Murr-Kreis, Baden-Württemberg, 71546, Deutschland"
evon GmbH,evon GmbH,47.1396314,15.679928,1,"evon GmbH, 154, Wollsdorf, Sankt Ruprecht an der Raab, Bezirk Weiz, Steiermark, 8181, Österreich"
Eli Lilly & Company,Eli Lilly & Company,39.7576131,-86.1521511,1,"Eli Lilly and Company Corporate Center, Indianapolis, Marion County, Indiana, United States"
University of Science and Technology,University of Science and Technology,15.3705392,44.1750664,1,"جامعة العلوم والتكنولوجيا, شارع الستين, حارة الليل, باب المنجل, مدينة صنعاء, مديرية معين, أمانة العاصمة, اليمن"
Wake Forest School of Medicine,Wake Forest School of Medicine,36.0905029,-80.2665306,1,"Wake Forest School of Medicine, 1, Medical Center Boulevard, Ardmore, Winston-Salem, Forsyth County, North Carolina, 27157, United States"
EDF R&D,EDF R&D,18.5015934,-69.9266509,1,"EDF., 1, Calle 43, Cristo Rey, Santo Domingo de Guzmán, Distrito Nacional, 03201, República Dominicana"
Ege University,Ege University,38.4556928,27.2281857,1,"Ege Üniversitesi, 172, Ankara Caddesi, Erzene Mahallesi, Bornova, Ege Bölgesi, 35100, Türkiye"
University of Aberdeen,University of Aberdeen,57.1645247,-2.1018364,1,"University of Aberdeen, The Chanonry, Old Aberdeen, Aberdeen City, Alba / Scotland, AB24 3RR, United Kingdom"
Izmir Institute of Technology,Izmir Institute of Technology,38.3226588,26.6377295,1,"İzmir Yüksek Teknoloji Enstitüsü (İzmir Institute of Technology), İyte Sera Yolu, Gülbahçe Mahallesi, Urla, İzmir, Ege Bölgesi, 35433, Türkiye"
Syntegon Technology GmbH,Syntegon Technology GmbH,48.823336,9.2939815,1,"Syntegon Technology GmbH, Waiblingen, Rems-Murr-Kreis, Baden-Württemberg, 71332, Deutschland"
Burapha University,Burapha University,13.2765891,100.9256197,1,"มหาวิทยาลัยบูรพา, 169, ถนนลงหาดบางแสน, บางแสน, เหมือง, อำเภอเมืองชลบุรี, จังหวัดชลบุรี, 20131, ประเทศไทย"
Arba Minch University,Arba Minch University,6.0659447,37.5600365,1,"Arba Minch University, Wolayta Sodo - Arba Minch, አርባ ምንጭ / Arba Minch, Gamo Gofa, ደቡብ ኢትዮጵያ ክልላዊ መንግስት South Ethiopia Regional State ولاية جنوب إثيوبيا الإقليمية, ኢትዮጵያ إثيوبيا"
Cape Breton University,Cape Breton University,46.1679892,-60.0905367,1,"Cape Breton University, 1250, Grand Lake Road, Cape Breton Regional Municipality, Cape Breton County, Nova Scotia, B1A 2K1, Canada"
University of Liverpool,University of Liverpool,53.4072429,-2.9658337,1,"University of Liverpool, Brownlow Hill, Knowledge Quarter, Edge Hill, Liverpool, Liverpool City Region, England, L3 5RH, United Kingdom"
National Institutes of Health,National Institutes of Health,39.0000142,-77.1040039,1,"National Institutes of Health, 9000, Rockville Pike, Locust Hill Estates, Pooks Hill, Bethesda, Montgomery County, Maryland, 20892, United States"
TU Berlin,TU Berlin,52.5110159,13.3269541,1,"Technische Universität Berlin, Wallenbergstraße, Wilmersdorf, Charlottenburg-Wilmersdorf, Berlin, 10713, Deutschland"
Wichita State University,Wichita State University,37.7193429,-97.2898878,1,"Wichita State University, 1845, Fairmount Street, Wichita, Sedgwick County, Kansas, 67260, United States"
University of Munster,University of Munster,51.9673422,7.5992433,1,"Universität Münster, Albert-Schweitzer-Straße, Sentruper Höhe, Münster-West, Münster, Nordrhein-Westfalen, 48149, Deutschland"
University of Engineering and Technology Lahore,University of Engineering and Technology Lahore,31.4631818,73.2543186,1,"University of Engineering and Technology, Lahore(Faisalabad Campous), Faisalabad ByPass, رام نگر, تحصیل جڑانوالہ, ضلع فیصل آباد, فیصل آباد ڈویژن, پنجاب, پاکستان"
Boeing,Boeing,30.2029768,-81.7451249,1,"Boeing Jacksonville Training Systems Center, Lake Gray Boulevard, Jacksonville, Duval County, Florida, 32244, United States"
Australian National University,Australian National University,-35.2812742,149.1172023,1,"Australian National University, Clunies Ross Street, Yukeembruk Village, Acton, Canberra, District of Canberra Central, Australian Capital Territory, 2601, Australia"
Consejo Superior de Investigaciones Científicas,Consejo Superior de Investigaciones Científicas,40.4407145,-3.6874014,1,"Consejo Superior de Investigaciones Científicas, Calle de Serrano, El Viso, Chamartín, Madrid, Comunidad de Madrid, 28006, España"
Universitat Rovira i Virgili,Universitat Rovira i Virgili,41.1226832,1.2501587,1,"Universitat Rovira i Virgili - Campus Catalunya, 33,35, Avinguda de Catalunya, Nou Eixample Nord, els Quatre Garrofers, Tarragona, Tarragonès, Tarragona, Catalunya, 43002, España"
University of Texas Rio Grande Valley,University of Texas Rio Grande Valley,26.3071534,-98.1728187,1,"University of Texas Rio Grande Valley, 1201, West University Drive, Wood Colonia, Edinburg, Hidalgo County, Texas, 78541, United States"
Manchester University,Manchester University,41.0117756,-85.7600095,1,"Manchester University, 604, East College Avenue, North Manchester, Wabash County, Indiana, 46962, United States"
École Polytechnique,École Polytechnique,48.7127874,2.2107453,1,"École Polytechnique, Route de Saclay, La Vauve - École Polytechnique, Plateau, Palaiseau, Essonne, France métropolitaine, 91120, France"
Illinois State University,Illinois State University,40.5179938,-89.0084607,1,"Illinois State University, South Adelaide Street, Normal, McLean County, Illinois, 61790, United States"
Washington & Jefferson College,Washington & Jefferson College,40.1719209,-80.2413496,1,"Washington & Jefferson College, North Avenue, Washington, Washington County, Pennsylvania, 15301, United States"
The Cyprus Institute,The Cyprus Institute,35.1409611,33.3811819,1,"The Cyprus Institute, 20, Konstantinou Kavafi, Aglangia, Μητροπολιτική Περιοχή Λευκωσίας - Lefkoşa Metropolitan Alanı, Δήμος Λευκωσίας, Επαρχία Λευκωσίας, Κύπρος, 2121, Κύπρος - Kıbrıs"
Freeman Technology,Freeman Technology,40.5206252,-111.9448791,1,"Jordan Academy for Technology Careers, Park Avenue, Greenfield, The Meadows, Riverton, Salt Lake County, Utah, 84065, United States"
Valladolid University,Valladolid University,41.6629651,-4.7050172,1,"Escuela de Ingeniería Informática de Valladolid, 15, Paseo de Belén, Los Viveros, San Pedro Regalado, Valladolid, Castilla y León, 47011, España"
Merck Sharp & Dohme,Merck Sharp & Dohme,44.8116348,20.3982426,1,"Merck, Sharp&Dohme, 90a, Омладинских бригада, Ерпорт сити, МЗ Младост, Градска општина Нови Београд, Београд, Град Београд, Централна Србија, 11070, Србија"
Hochschule Rosenheim,Hochschule Rosenheim,48.2436043,12.5272539,1,"Hochschule Rosenheim, 18d, Töginger Straße, Altstadt, Mühldorf a. Inn, Landkreis Mühldorf am Inn, Bayern, 84453, Deutschland"
"University of Pittsburgh, Johnstown","University of Pittsburgh, Johnstown",40.2667709,-78.8278635,1,"University of Pittsburgh - Johnstown Campus, 450, Schoolhouse Road, Johnstown, Cambria County, Pennsylvania, 15904, United States"
KOREATECH,KOREATECH,36.7635507,127.281751,1,"한국기술교육대학교, 1600, 충절로, 동남구, 천안시, 충청남도, 31253, 대한민국"
Université Grenoble Alpes,Université Grenoble Alpes,45.1907263,5.7213189,1,"Université inter-âges du Dauphiné, Boulevard Gambetta, Hyper Centre, Secteur 2, Grenoble, Isère, Auvergne-Rhône-Alpes, France métropolitaine, 38000, France"
Western Kentucky University,Western Kentucky University,36.984529,-86.457647,1,"Western Kentucky University, 1906, College Heights Boulevard, Bowling Green, Warren County, Kentucky, 42101, United States"
River Otter,River Otter,50.791191,-3.2268388,1,"River Otter, East Devon, Devon, Devon and Torbay, England, United Kingdom"
Exponent,Exponent,33.6996887,-112.0914977,1,"Exponent, Phoenix, Maricopa County, Arizona, United States"
Unilever R&D,Unilever R&D,18.7248972,-69.7652092,1,"Mercasid / Unilever, Monte Plata, 51802, República Dominicana"
University of Omaha,University of Omaha,41.2577933,-96.0104971,1,"University of Nebraska at Omaha, University Drive East, Omaha, Douglas County, Nebraska, 68182, United States"
Chevron Research,Chevron Research,30.4619848,-97.7934639,1,"Chevron, 13775, Research Boulevard, Austin, Williamson County, Texas, 78729, United States"
International Flavors & Fragrances,International Flavors & Fragrances,40.4630253,-88.3841974,1,"International Flavors & Fragrances, 124, IL 9;IL 47, Gibson City, Ford County, Illinois, 60936, United States"
University of Minnesota - Duluth,University of Minnesota - Duluth,46.8203898,-92.0852741,1,"University of Minnesota Duluth, 1049, University Drive, Duluth, Saint Louis County, Minnesota, 55812, United States"
Celanese,Celanese,34.2834261,-85.1607836,1,"Celanese, Floyd County, Georgia, 30149, United States"
National Lab,National Lab,11.6647793,75.5606026,1,"National Lab, NH66, Kunjippalli, Azhiyur, Vadakara, Kozhikode, Kerala, 673308, India"
Federal University of Santa Catarina,Federal University of Santa Catarina,-27.6034134,-48.5224425,1,"Universidade Federal de Santa Catarina, Rua Roberto Sampaio Gonzaga, Serrinha, Trindade, Florianópolis, Região Geográfica Imediata de Florianópolis, Região Geográfica Intermediária de Florianópolis, Santa Catarina, Região Sul, 88040-900, Brasil"
Zhengzhou University,Zhengzhou University,34.8214567,113.5297412,1,"郑州大学, 枫香街, 中原区, 郑州市, 河南省, 中国"
Shell Technology Center,Shell Technology Center,29.7236777,-95.6397497,1,"Shell Technology Center Houston, Houston, Harris County, Texas, United States"
Novelis,Novelis,44.2504745,-76.5089101,1,"Novelis, Leroy Grant Trail, Kingscourt, Kingston, Eastern Ontario, Ontario, K7K 4P9, Canada"
Evonik Corporation,Evonik Corporation,39.5447547,-76.0986196,1,"Evonik, Havre de Grace, Harford County, Maryland, United States"
BMS,BMS,42.7675202,12.7515343,1,"Bms, 103, Madonna di Lugo, Cortaccione, Spoleto, Perugia, Umbria, 06049, Italia"
Poznan University of Technology,Poznan University of Technology,52.3942702,16.9181304,1,"Politechnika Poznańska (Kampus Wilda), Gothilfa Bergera, Rynek Wildecki, Wilda, Poznań, województwo wielkopolskie, 61-541, Polska"
RERI,RERI,31.8721724,77.148006,1,"Reri, Bhuntar, Kullu, Himachal Pradesh, 175125, India"
King Mongkut's Institute of Technology Ladkrabang,King Mongkut's Institute of Technology Ladkrabang,13.7299068,100.7829827,1,"สถาบันเทคโนโลยีพระจอมเกล้าเจ้าคุณทหารลาดกระบัง, ถนนหลวงพรตพิทยพยัต, แขวงลาดกระบัง, เขตลาดกระบัง, กรุงเทพมหานคร, 10520, ประเทศไทย"
University of Miami,University of Miami,25.7172724,-80.2787069,1,"University of Miami, Carillo Street, Coral Gables, Miami-Dade County, Florida, 33124, United States"
Universidade Federal de São Carlos,Universidade Federal de São Carlos,-21.9834422,-47.8806644,1,"Universidade Federal de São Carlos, Rodovia Washington Luís, Parque dos Pássaros, Monjolinho, São Carlos, Região Imediata de São Carlos, Região Geográfica Intermediária de Araraquara, São Paulo, Região Sudeste, 13565-905, Brasil"
Orlando Utilities Commission,Orlando Utilities Commission,28.53629,-81.3796475,1,"Orlando Utilities Commission, West Anderson Street, Central Business District, Orlando, Orange County, Florida, 32801, United States"
Universitat Pompeu Fabra,Universitat Pompeu Fabra,41.3892781,2.1911055,1,"Campus Ciutadella Universitat Pompeu Fabra, Carrer de Ramon Trias Fargas, la Vila Olímpica del Poblenou, Sant Martí, Barcelona, Barcelonès, Barcelona, Catalunya, 08003, España"
Repsol Polímeros S.A.,Repsol Polímeros S.A.,37.9835629,-8.8285023,1,"Repsol Polímeros, S.A., Sines, Setúbal, Portugal"
Universidad Autónoma de Sinaloa,Universidad Autónoma de Sinaloa,25.8140349,-108.9817245,1,"Universidad Autónoma de Sinaloa, Avenida Fuentes de Poseidón, Los Mochis, Ahome, Sinaloa, 81210, México"
FAU Erlangen-Nürnberg,FAU Erlangen-Nürnberg,49.6015012,11.0176956,1,"Institut für Fremdsprachen und Auslandskunde bei der FAU Erlangen-Nürnberg, 42, Hindenburgstraße, Burgberg, Erlangen, Bayern, 91054, Deutschland"
"Procter & Gamble, Mason, OH","Procter & Gamble, Mason, OH",39.3145401,-84.3085419,1,"Procter & Gamble Mason Business Center, Mason, Warren County, Ohio, United States"
Riken,Riken,47.2760208,7.8491956,1,"Riken, Murgenthal, Bezirk Zofingen, Aargau, 4853, Schweiz/Suisse/Svizzera/Svizra"
China University of Petroleum,China University of Petroleum,35.9453575,120.1670032,1,"石油大学, 长江西路, 塔山后, 长江路街道, 青岛西海岸新区（黄岛区）, 青岛市, 山东省, 266500, 中国"
"Faculdade de Engenharia, Universidade do Porto","Faculdade de Engenharia, Universidade do Porto",41.1784933,-8.5961974,1,"Faculdade de Engenharia da Universidade do Porto, Rua Doutor Roberto Frias, Lamas, Paranhos, Porto, 4200-465, Portugal"
University of Colorado Denver,University of Colorado Denver,39.7460707,-105.001771,1,"University of Colorado Denver, 1201, Larimer Street, Auraria, Denver, Colorado, 80204, United States"
U.S. Army,U.S. Army,40.6009249,-74.0599166,1,"U.S. Army, Staten Island, Richmond County, City of New York, New York, United States"
Total S.E.,Total S.E.,18.2366269,-72.5378656,1,"Total, Rue Mesmair, Portail Leogane, 1re Bas Cap Rouge, Jacmel, Commune Jacmel, Arrondissement de Jacmel, Département du Sud-Est, 9110, Ayiti"
Mines ParisTech,Mines ParisTech,48.6117414,2.4390437,1,"Centre des Matériaux de Mines ParisTech, Rue Henri Auguste Desbruères, Corbeil-Essonnes, Évry, Essonne, France métropolitaine, 91100, France"
California Energy Commission,California Energy Commission,38.5747434,-121.4978954,1,"California Energy Commission, 1516, 9th Street, Downtown, Sacramento, Sacramento County, California, 95814, United States"
Universidade Estadual de Campinas,Universidade Estadual de Campinas,-22.822656,-47.0627959,1,"Universidade Estadual de Campinas, Rua Agostinho Zechin, Parque das Universidades, Barão Geraldo, Campinas, Região Imediata de Campinas, Região Metropolitana de Campinas, Região Geográfica Intermediária de Campinas, São Paulo, Região Sudeste, 13083-878, Brasil"
IBM Almaden Research Center,IBM Almaden Research Center,37.2113478,-121.8083246,1,"IBM Almaden Research Center, 650, Harry Road, IBM Almaden Research Center, San Jose, Santa Clara County, California, 95120, United States"
Naresuan University,Naresuan University,16.746551,100.195528,1,"Aggi Coner, Naresuan University, ถนนเอกาทศรถ, พิษณุโลก, ท่าทอง, อำเภอเมืองพิษณุโลก, จังหวัดพิษณุโลก, 65000, ประเทศไทย"
Siddaganga Institute of Technology,Siddaganga Institute of Technology,13.3285139,77.1265772,1,"Siddaganga Institute of Technology, Bengaluru Honnavara Road, Tumakuru, Tumkur taluk, Tumakuru, Karnataka, 572102, India"
VUB,VUB,49.971006,16.3904667,1,"VUB, Ústí nad Orlicí, okres Ústí nad Orlicí, Pardubický kraj, Severovýchod, Česko"
Kyushu University,Kyushu University,33.6707768,130.4444986,1,"九州産業大学, 香椎バイパス, 松香台一丁目, 東区, 福岡市, 福岡県, 813-8503, 日本"
Procter and Gamble Co.,Procter and Gamble Co.,41.5966797,-76.0207527,1,"Procter and Gamble, Detrich Road, Meshoppen Township, Wyoming County, Pennsylvania, United States"
Tata Institute of Fundamental Research,Tata Institute of Fundamental Research,18.9071237,72.8049637,1,"Tata Institute of Fundamental Research, Dr Homi Bhaba Road, New Navy Nagar, A Ward, Zone 1, Mumbai City, Maharashtra, 400005, India"
NASA Glenn Research Center,NASA Glenn Research Center,41.4110836,-81.8692711,1,"John H. Glenn Research Center at Lewis Field, Lanabelle, Brook Park, Cuyahoga County, Ohio, 44126, United States"
Augsburg College,Augsburg College,48.3651329,10.9053352,1,"Volkshochschule Augsburg, 3a, Willy-Brandt-Platz, Am Schäfflerbach, Innenstadt, Augsburg, Bayern, 86153, Deutschland"
University of Warwick,University of Warwick,52.3813073,-1.5639569,1,"University of Warwick, Applecross Close, Kirby Corner, Westwood Heath, Coventry, West Midlands, England, CV4 8JW, United Kingdom"
Georg-August Universitat,Georg-August Universitat,51.5592251,9.9524442,1,"Georg-August-Universität, Bahnhof-Ost, Innenstadt, Göttingen, Landkreis Göttingen, Niedersachsen, 37077, Deutschland"
Columbia,Columbia,4.099917,-72.9088133,1,Colombia
Universidad Industrial de Santander,Universidad Industrial de Santander,7.1409311,-73.1198652,1,"Universidad Industrial de Santander, Plazoleta Camilo Torres, Universidad, Comuna 3 - San Francisco, Perímetro Urbano Bucaramanga, Metropolitana, Santander, RAP Gran Santander, 680001, Colombia"
Arla Foods,Arla Foods,58.4252024,15.5988321,1,"Arla Foods, 7, Roxtorpsgatan, Tornby, Skäggetorp, Linköping, Linköpings kommun, Östergötlands län, 582 73, Sverige"
EM AI Technology,EM AI Technology,14.4760697,75.8849723,1,"GM Institute of Technology, SH76, Devaraja Arasu Badavane, Vinobanagara, Davanagere, Davanagere Taluku, Davanagere, Karnataka, 577006, India"
National Research Council (CNR),National Research Council (CNR),43.7185349,10.4220511,1,"Consiglio Nazionale delle Ricerche (CNR), Via Giuseppe Moruzzi, Don Bosco, Pisa, Toscana, 56124, Italia"
ULCA,ULCA,45.7017972,13.7333143,1,"Ülca, Borgo Santo Stefano / Dolenja vas, Altipiano Ovest, Contovello / Kontovel, Trieste, Friuli-Venezia Giulia, 34151, Italia"
Ibb University,Ibb University,13.9607115,44.1724817,1,"جامعة إب, شارع الجامعه, اب, الظهار, إب, مديرية الظهار, محافظة إب, اليمن"
University of Luxembourg,University of Luxembourg,49.5036259,5.9487155,1,"University of Luxembourg, Porte de France, Belval, Esch-sur-Alzette, Canton Esch-sur-Alzette, 4360, Lëtzebuerg"
Paris-Lodron University Salzburg,Paris-Lodron University Salzburg,47.7984448,13.0503867,1,"Paris Lodron Universität Salzburg - Kultur- u. Gesellschaftswissenschaftliche Fakultät, 42, Rudolfskai, Altstadt, Salzburg, 5020, Österreich"
LANL,LANL,35.6577468,-105.9583865,1,"LANL Pacheco Street Complex, 2025, South Pacheco Street, Santa Fe, Santa Fe County, New Mexico, 87505, United States"
INSTM,INSTM,35.7446193,10.8243491,1,"bassin d'elevage INSTM, المدينة 2, معتمدية المنستير, ولاية المنستير, تونس"
Ben-Gurion University of the Negev,Ben-Gurion University of the Negev,31.2631254,34.8022385,1,"אוניברסיטת בן גוריון בנגב, פרופסור חיים חנני, רובע החדשנות באר שבע, שכונה ד, באר שבע, נפת באר שבע, מחוז הדרום, 8452566, ישראל"
Air Gas,Air Gas,45.4448972,9.1432237,1,"Air Gas, Via L. il Moro Via Guintellino, San Cristoforo, Municipio 6, Milano, Lombardia, 20146, Italia"
Physical Sciences Inc.,Physical Sciences Inc.,42.695935,-71.2056261,1,"Physical Sciences Inc, 20, New England Business Center Drive, Andover, Essex County, Massachusetts, 01810, United States"
South Ural State University,South Ural State University,55.1609128,61.3701652,1,"Южно-Уральский государственный университет, улица Коммуны, Центральный район, Челябинск, Челябинский городской округ, Челябинская область, Уральский федеральный округ, 454091, Россия"
Inga Group,Inga Group,-4.3516961,15.2829802,1,"Group Help services, Avenue Inga, Adoula, Bandalungwa, Kinshasa, République démocratique du Congo"
Ministry of Development,Ministry of Development,4.925359,114.9265106,1,"Kementerian Pembangunan, Jalan Pembangunan, Bandar Seri Begawan, Mukim Berakas A, Brunei-Muara, BB3510, Brunei"
Brunel University London,Brunel University London,51.5326092,-0.4740499,1,"Brunel University of London, Pinn Path, Cowley, London Borough of Hillingdon, London, Greater London, England, UB10 0AF, United Kingdom"
Bu-Ali Sina University,Bu-Ali Sina University,34.7965122,48.4847717,1,"دانشگاه بوعلی سینا, شهر همدان, بخش مرکزی شهرستان همدان, شهرستان همدان, استان همدان, ایران"
SUNY Brockport,SUNY Brockport,43.209853,-77.9513391,1,"The College at Brockport, 350, New Campus Drive, Village of Brockport, Town of Sweden, Monroe County, New York, 14420, United States"
University of Trinidad and Tobago,University of Trinidad and Tobago,10.6083043,-61.2765359,1,"University of Trinidad and Tobago (UTT), Churchill-Roosevelt Highway, Arima, 303001, Trinidad and Tobago"
German Aerospace Center,German Aerospace Center,50.8532848,7.124659,1,"Deutsches Zentrum für Luft- und Raumfahrt, Grengel, Porz, Köln, Nordrhein-Westfalen, 51147, Deutschland"
National Chemical Laboratory,National Chemical Laboratory,18.5414362,73.8107557,1,"National Chemical Laboratory, Dr. Homi Bhabha Marg, Pashan, Pune City, Pune, Maharashtra, 411008, India"
GE Aerospace,GE Aerospace,42.9035512,-85.5459779,1,"GE Aerospace, 3290, Patterson Avenue Southeast, Cascade Charter Township, Grand Rapids, Kent County, Michigan, 49512, United States"
University of Southern Maine,University of Southern Maine,43.6832708,-70.4496829,1,"University of Southern Maine, 37, Campus Avenue, Gorham, Cumberland County, Maine, 04038, United States"
University of Pannonia,University of Pannonia,47.0883929,17.9084885,1,"Pannon Egyetem (alsó kampusz), 10, Egyetem utca, Hóvirág lakótelep, Belváros, Veszprém, Veszprémi járás, Veszprém vármegye, Közép-Dunántúl, Dunántúl, 8200, Magyarország"
SINOPEC,SINOPEC,-0.3476216,-77.0107652,1,"Sinopec, Nuevo Paraíso, Francisco de Orellana, Orellana, Ecuador"
Zhejiang Gongshang University,Zhejiang Gongshang University,30.2874377,120.1319505,1,"浙江工商大学(教工路校区), 149, 教工路, 翠苑街道, 西湖区, 杭州市, 浙江省, 310012, 中国"
Hoseo University,Hoseo University,36.7352819,127.0757053,1,"호서대학교 아산캠퍼스, 20, 호서로, 세출리, 아산시, 충청남도, 31499, 대한민국"
University of Western Australia,University of Western Australia,-31.9504044,115.7979016,1,"University of Western Australia, 35, Stirling Highway, Nedlands, City of Nedlands, Western Australia, 6009, Australia"
Southern Arkansas University,Southern Arkansas University,33.2898495,-93.2360008,1,"Southern Arkansas University, 100, East University Street, Magnolia, Columbia County, Arkansas, 71753, United States"
Government of the United Kingdom,Government of the United Kingdom,55.9588465,-2.9577684,1,"Battle of Prestonpans Memorial (Government Soldiers), Tranent-Cockenzie Waggonway, Cockenzie, Cockenzie and Port Seton, East Lothian, Alba / Scotland, EH33 1LY, United Kingdom"
EARTH University,EARTH University,10.2104447,-83.5914035,1,"Universidad EARTH, Carretera Braulio Carrillo, Iroquois, Mercedes, Guácimo, Limón, 70602, Costa Rica"
Arkansas State University,Arkansas State University,35.8447472,-90.6726256,1,"Arkansas State University, 2105, Aggie Road, Jonesboro, Craighead County, Arkansas, 72401, United States"
AstraZeneca,AstraZeneca,13.1243025,77.6145998,1,"AstraZeneca, Bengaluru North City Corporation, Bengaluru, Yelahanka taluku, Bengaluru Urban, Karnataka, 560063, India"
McGill University,McGill University,45.506875,-73.5790704,1,"McGill University, 845, Rue Sherbrooke Ouest, Ville-Marie, Montréal, Agglomération de Montréal, Montréal (région administrative), Québec, H3A 3P8, Canada"
Tunghai University,Tunghai University,24.1788982,120.6045034,1,"東海大學, 1727, 臺灣大道四段, 福聯里, 西屯區, 臺中市, 40704, 臺灣"
Southwest University,Southwest University,29.8232371,106.4195884,1,"西南大学, 2, 天生路, 天生街道, 北碚区, 重庆市, 400715, 中国"
University of Wisconsin,University of Wisconsin,44.7987719,-91.5069963,1,"University of Wisconsin, 105, Garfield Avenue, Lower Campus, Eau Claire, Eau Claire County, Wisconsin, 54701, United States"
Hebei University of Science and Technology,Hebei University of Science and Technology,37.9774255,114.5156097,1,"河北科技大学, 热河泉路, 裕翔街道, 裕华区, 石家庄市, 河北省, 050024, 中国"
Kangwon National University,Kangwon National University,37.8672582,127.7447487,1,"강원대학교, 공지로252번길, 효자동, 효자2동, 춘천시, 강원특별자치도, 24345, 대한민국"
Montana State University-Northern,Montana State University-Northern,48.5412308,-109.6853331,1,"Montana State University - Northern, 300, 13th Street West, Havre, Hill County, Montana, 59501, United States"
YPF,YPF,-33.2634577,-66.2293384,1,"YPF Cruz de Piedra, Ruta Provincial 9, Cruz de Piedra, Juana Koslay, Municipio de Juana Koslay, Juan Martín de Pueyrredón, San Luis, 5700, Argentina"
"University of the Peloponnese,","University of the Peloponnese,",37.5271168,22.3716537,1,"Πανεπιστήμιο Πελοποννήσου, Καραϊσκάκη, Σέχι, Κοινότητα Τριπόλεως, Δημοτική Ενότητα Τρίπολης, Δήμος Τρίπολης, Περιφερειακή Ενότητα Αρκαδίας, Περιφέρεια Πελοποννήσου, Αποκεντρωμένη Διοίκηση Πελοποννήσου, Δυτικής Ελλάδας και Ιονίου, 221 00, Ελλάς"
Independent Consultant,Independent Consultant,-34.4437431,147.5365095,1,"Laurette Chessor - Thermo_Ret - Independent Thermomix Consultant, Anzac Street, Temora, Temora Shire Council, New South Wales, 2666, Australia"
JARA-ENERGY,JARA-ENERGY,39.6821529,45.4864777,1,"Team Energy, Երևան-Մեղրի ավտոմայրուղի, Վայք, Վայք համայնք, Վայոց ձորի մարզ, 3801, Հայաստան"
National Center for Agricultural Utilization Research,National Center for Agricultural Utilization Research,40.7092208,-89.6148159,1,"National Center for Agricultural Utilization Research, North University Street, Peoria, Peoria County, Illinois, 61615, United States"
University of Bremen,University of Bremen,53.1079646,8.8556646,1,"Universität Bremen, 1, Bibliothekstraße, Lehe, Horn-Lehe, Bremen-Ost, Bremen, 28359, Deutschland"
Synt Solutions,Synt Solutions,59.9379332,30.3202084,1,"Office Solutions, набережная реки Мойки, Дворцовый округ, Санкт-Петербург, Северо-Западный федеральный округ, 191186, Россия"
Jiangnan University,Jiangnan University,31.4851218,120.2673352,1,"江南大学, 井冈山路, 雪浪街道, 滨湖区, 无锡市, 江苏省, 214000, 中国"
"BIT Mesra, Ranchi - 835215","BIT Mesra, Ranchi - 835215",23.4175695,85.4394094,1,"Birla Institute of Technology, Ranchi Bypass, Kanke, Ranchi, Jharkhand, 835215, India"
Feed Energy,Feed Energy,42.4831747,-96.3847667,1,"Feed Energy, 800, Cunningham Drive, Sioux City, Woodbury County, Iowa, 51106, United States"
KIST,KIST,49.7444194,9.8413018,1,"Kist, Verwaltungsgemeinschaft Kist, Landkreis Würzburg, Bayern, 97270, Deutschland"
Universidade Federal do Rio Grande do Sul,Universidade Federal do Rio Grande do Sul,-30.033315,-51.219944,1,"UFRGS Campus Centro, 110, Avenida Paulo Gama, Farroupilha, Porto Alegre, Região Geográfica Imediata de Porto Alegre, Região Metropolitana de Porto Alegre, Região Geográfica Intermediária de Porto Alegre, Rio Grande do Sul, Região Sul, 90040-060, Brasil"
Alterra,Alterra,20.573732,-101.2167056,1,"Alterra, Salamanca, Guanajuato, 36764, México"
