mapped,count,label,latitude,longitude,top_authors
massachusetts institute of technology,267,massachusetts institute of technology,,,Richard Braatz; Guiyan Zang; Allan Myerson; Michael Strano; Haoxiang Lai
georgia institute of technology,222,Georgia Institute of Technology,33.7663996,-84.3986866,Ryan Lively; Matthew Realff; Carsten Sievers; Pankaj Rohilla; Akriti Sarswat
texas aandm university,190,Texas A&M University,30.6108618,-96.3520606,Efstratios Pistikopoulos; Joseph Kwon; Shayan Niknezhad; Jeetain Mittal; Faisal Khan
stanford university,171,Stanford University,37.41550242,-122.09825894,Thomas Jaramillo; Jonathan Fan; Zhennan Ru; Chenghao Wan; Calvin Lin
university of michigan,170,University of Michigan,42.2942142,-83.7100389,Omolola Eniola-Adefeso; Rebecca Lindsey; Sharon C. Glotzer; Albert Liu; Nicholas A. Kotov
purdue university,167,Purdue University,40.430028,-86.9264211,David E. Bernal Neira; Rakesh Agrawal; Zoltan Nagy; Zoltan K. Nagy; Doraiswami Ramkrishna
northwestern university,158,Northwestern University,42.02743245,-87.66633245,Linda Broadbelt; John Torkelson; Randall Snurr; Rong Xia; Filip Formalik
north carolina state university,142,North Carolina State University,35.763836575,-78.674785875,Lilian Hsiao; Fanxing Li; Qingshan Wei; Sunkyu Park; Milad Abolhasani
the ohio state university,138,The Ohio State University,40.0056802,-83.0286612,Liang-Shih Fan; Joel Paulson; Sonu Kumar; Sudeshna Gun; Tanay Jawdekar
harvard university,135,Harvard University,42.364657,-71.11147818571428,Vinny Chandran Suja; Samir Mitragotri; Joanna Aizenberg; Kimberly Bowal; Friedrich Stricker
university of delaware,131,University of Delaware,39.6803338,-75.7530749,Dionisios Vlachos; LaShanda Korley; Marianthi Ierapetritou; Arthi Jayaraman; Norman J. Wagner
princeton university,127,Princeton University,40.34418525,-74.65905155,Michele Sarazen; Michael Webb; Shengli Jiang; Alejandro Martinez-Calvo; Christos Maravelias
university of colorado boulder,120,University of Colorado Boulder,40.00720174,-105.26747228,Alan Weimer; Kristi Anseth; Kent J. Warren; Anni Shi; Kayla G. Sprenger
university of california los angeles,119,University of California Los Angeles,34.05998905,-118.4310129,Carlos Morales-Guio; Panagiotis Christofides; Ah-Hyung Alissa Park; Philippe Sautet; Anastassia Alexandrova
pacific northwest national laboratory,114,Pacific Northwest National Laboratory,46.34770818,-119.27561190000002,Simone Raugei; Yuan Jiang; Suman Samantray; Bojana Ginovska-Pangovska; David Heldebrant
university of texas at austin,114,University of Texas at Austin,30.2851494,-97.7339352,Benny Freeman; Joan Brennecke; Delia Milliron; Jay Bender; Joaquin Resasco
imperial college london,108,Imperial College London,51.51618432222222,-0.1354536555555555,Antonio del Rio Chanona; Maria Papathanasiou; Cleo Kontoravdi; Nilay Shah; Jerry Heng
"university of wisconsin-madison, madison",100,"University of Wisconsin-Madison, Madison",43.07970709,-89.43061513,Reid Van Lehn; Victor M. Zavala; George W Huber; Marcel Schreier; Unni Kurumbail
iowa state university,99,Iowa State University,42.033054325,-93.62842245,Mark Mba Wright; Luke T. Roling; Deep M. Patel; Zengyi Shao; Xianglan Bai
university of florida,99,University of Florida,29.6411884,-82.3562296,Janani Sampath; David Hibbitts; Henry Chu; Whitney Stoppel; Sergey Vasenkov
cornell university,98,Cornell University,42.4529076,-76.4800842,Shaoyi Jiang; Qiuming Yu; Wenchao Gu; Sijin Luozhong; Fengqi You
university of kansas,93,University of Kansas,38.9535052,-95.2630922,Mark B. Shiflett; Aaron M. Scurto; Ranil Wickramasinghe; Keisha Walters; David R. Corbin
"merck and co., inc.",93,"Merck & Co., Inc.",40.21103505,-75.3003919,Jonathan McMullen; Dan Lehnherr; Kevin Stone; Luke Schenck; Erin Kotzbauer
johns hopkins university,93,Johns Hopkins University,39.2890348,-76.6431253111111,Jamie Spangler; Ioannis Kevrekidis; Anastasia Georgiou; Brandon C. Bukowski; Michael Tsapatsis
university of alabama,92,University of Alabama,33.2136006,-87.54399920000002,Milad Esfahani; Jason Bara; James D. Sheehan; Tibor Szilvasi; Medha Kasula
oak ridge national laboratory,92,Oak Ridge National Laboratory,35.9301332,-84.3119307,David Sholl; Blake Billings; Ramesh Bhave; Syed Islam; Costas Tsouris
university of houston,91,University of Houston,29.715084,-95.38222913333334,Jeffrey Rimer; Praveen Bollini; Zhiyin Niu; Kumari Shilpa; Mehmet Orman
university of minnesota twin cities,90,University of Minnesota Twin Cities,44.98228161428572,-93.1951990857143,Qi Zhang; Prodromos Daoutidis; Shri Ramaswamy; Hua-jiang Huang; Christopher Ellison
carnegie mellon university,89,carnegie mellon university,,,Ignacio Grossmann; John Kitchin; Grigorios Panagakos; Lorenz Biegler; Janghoon Ock
auburn university,86,Auburn University,32.5919528,-85.4959775,Christopher Kieslich; Q. Peter He; Jin Wang; Atefe Alimirzaei; Hyeju Song
university of notre dame,86,University of Notre dame,41.701515725,-86.23799269999999,Alexander Dowling; Hsueh-Chia Chang; Edward Maginn; William Phillip; Yichun Wang
pennsylvania state university,85,Pennsylvania State University,40.8025835,-77.8559383,Michael Janik; Amir Sheikhi; Costas D. Maranas; Robert Rioux; Konstantinos Alexopoulos
university of california san diego,82,University of California San Diego,32.87783769999999,-117.22710246666666,Benjamin Lam; Shakti Gupta; Mano Maurya; Shankar Subramaniam; Yanran Li
university of california berkeley,80,University of California Berkeley,37.8671453125,-122.243397875,Alexis T. Bell; Shoichi Nishitani; Markita Landry; Ali Mesbah; Yifeng Shi
columbia university in the city of new york,78,Columbia University in the City of New York,40.77400249166666,-73.95921585,Venkat Venkatasubramanian; Arijit Chakraborty; Maninderjeet Singh; Soyoung Choi; Christopher Boyce
west virginia university,77,West Virginia University,39.6348397,-79.9542095,Debangsu Bhattacharyya; Jianli Hu; Yuhe Tian; Fernando Lima; Beatriz Dantas
texas tech university,75,Texas Tech University,33.5937526,-101.8995955,Mahdi Malmali; Jenifer Gomez Pastora; Chau-Chyun Chen; Joshua Howe; Fouzia Nowrin
university of virginia,75,University of Virginia,38.0410576,-78.5055084,Christopher Paolucci; Sugandha Verma; Gaurav Giri; Asanka Wijerathne; Geoffrey Geise
university of connecticut,75,University of Connecticut,41.8111114,-72.2483889,Burcu Beykal; George Bollas; Jeffrey McCutcheon; Zahir Aghayev; Bodhisattwa Chaudhuri
argonne national laboratory,75,Argonne National Laboratory,41.712022100000006,-87.97847346666667,Amgad Elgowainy; Pingping Sun; Meltem Urgun-Demirtas; Kwang Hoon Baek; Michael Servis
tsinghua university,73,Tsinghua university,40.0022905,116.320963,Zhiqiang Niu; Zhihong Yuan; Yi Cheng; Congqin Ge; Jinsong Zhao
national renewable energy laboratory,72,National Renewable Energy Laboratory,39.740915175,-105.183859375,Chae Jeong-Potter; Daniel Ruddy; Hari Sitaraman; Jeiwan Tan; Anh To
florida institute of technology,71,Florida Institute of Technology,28.064271,-80.623004,Toufiq Reza; Zhen-Gang Wang; Pierre Walker; Karthish Manthiram; Tridip Das
the dow chemical company,68,The Dow Chemical Company,40.1633941,-75.4651946,Kathryn Grzesiak; Nathan Wilmot; Daniel Miller; Steven G. Arturo; Jonathan Moore
university of washington,66,University of Washington,47.6554303,-122.3001692,Elizabeth Nance; Brendan Butler; Nicholas Kaplan; Jorge A. Marchand; Nuo Xu
"university of pittsburgh, johnstown",65,"University of Pittsburgh, Johnstown",40.2667709,-78.8278635,Karl Johnson; Priyanka Bholanath Shukla; Siddarth Achar; Yihan Song; Aaditya Hari Bharanidharan
arizona state university,64,Arizona State University,33.422653833333335,-111.96481396666668,Matthew D. Green; Klaus S. Lackner; Dharneedar Ravichandran; Lindsey Hamblin; Kaushal Rege
university of oklahoma,63,University of Oklahoma,35.1959878,-97.4457083,Steven Crossley; Laura Alejandra Gomez Gomez; Reza Foudazi; Bin Wang; Alberto Striolo
national energy technology laboratory,62,national energy technology laboratory,,,Benjamin P. Omell; Lingxiang Zhu; Congjun Wang; Victor A. Kusuma; Deepak Tapriyal
university of massachusetts amherst,61,University of Massachusetts Amherst,42.3875741,-72.5299209,Dimitrios Maroudas; Isaac Ramírez Marrero; Sarah Perry; Scott M. Auerbach; Wei Fan
university of kentucky,60,University of Kentucky,38.0266291,-84.5047222,J. Zach Hilt; Pranto Paul; Stephen Rankin; Jamie Ahmed; Maria Victoria Ximenes Klaus
national university of singapore,59,National University of Singapore,1.2966282999999998,103.77749186,Jianwen Jiang; Zhe Wu; Lei Wang; Chi-Hwa Wang; Yuming Wen
university of utah,59,University of Utah,40.7628137,-111.8368719,Huanan Zhang; Kevin Whitty; Luis Caballero; Michael Nigra; Seoyeon Won
lawrence berkeley national laboratory,58,lawrence berkeley national laboratory,,,Adam Z. Weber; Alex J. King; Brett A. Helms; Supriya Gupta; Xiong Peng
"university of california, riverside",58,"University of California, Riverside",33.9642576,-117.3398097,Jianzhong Wu; Monica Iepure; Younjin Min; Juchen Guo; Kathryn Uhrich
indian institute of technology ropar,57,Indian Institute of Technology Ropar,30.9659501,76.4729772,Rajagopalan Srinivasan; Rohit Choudhury; Vinod Janardhanan; Rajnish Kumar; Subramaniam Pushpavanam
"university of california, irvine",57,"University of California, Irvine",33.653261171428575,-117.83812945714286,Han Wang; Ben Ko; Erdem Sasmaz; Elizabeth Lee; Han Li
washington university in st louis,56,Washington University in St Louis,38.640798588888885,-90.28978154444444,Joshua Yuan; Marcus Foston; Tae Seok Moon; Jinghao Li; Fuzhong Zhang
trine university,55,Trine University,41.6311141,-85.0105982,Haotian Wang; Rafael Verduzco; Sarah Adaryan; Walter Chapman; Thiago Jose Pinheiro Dos Santos
university of california santa barbara,55,University of California Santa Barbara,34.41480948,-119.84491292,Bradley F. Chmelka; Michelle O'Malley; Rahul Sujanani; Mengyang Gu; Hugh Purdy
university of south carolina,55,University of South Carolina,33.9928841,-81.0268676,Jochen Lauterbach; Andreas Heyden; Monirosadat Sadati; Mubarak Bello; Olajide Bamidele
university of pennsylvania,54,University of Pennsylvania,39.951032575,-75.1815277,Daeyeon Lee; Kathleen J. Stebe; Warren Seider; Owen Land; Jason Marmorstein
university of illinois at urbana-champaign,54,university of illinois at urbana-champaign,,,Baron Peters; Tianhao Yu; Somesh Mishra; Jiankai Ge; Huimin Zhao
colorado school of mines,53,colorado school of mines,,,J. Douglas Way; Colin Wolden; Tsung Wei Liu; Nolan Kelley; Joseph Samaniuk
new jersey institute of technology,51,New Jersey Institute of Technology,40.75033943333333,-74.18431020000001,Samaneh Farokhirad; Fatemeh Ahmadpoor; Ecevit Bilgili; Siddharth Tripathi; Rajesh Dave
lehigh university,51,Lehigh University,40.6068028,-75.3782488,Elsa Reichmanis; James Gilchrist; Jiajie Li; Myeongyeon Lee; Mengting Sun
sandia national laboratories,51,Sandia National Laboratories,37.688589533333335,-121.7401623,Carl Laird; Rekha Rao; Matthew S. Johnson; Christine Cardinal Roberts; Helen Cleaves
indian institute of technology bombay,51,Indian Institute of Technology Bombay,19.1326186,72.9149702,Jyoti Seth; Hrishi Singh; Rajdip Bandyopadhyaya; Vinay Juvekar; Jhumpa Adhikari
eth zürich,50,ETH Zürich,47.413218,8.5374914,Marco Mazzotti; Gonzalo Guillen-Gosalbez; Dimitrios Tsalikis; Oscar Cipolato; Daniel Biri
university of chicago,50,university of chicago,,,Andrew Ferguson; Juan J. de Pablo; Chibueze Amanchukwu; Ritesh Kumar; Christopher Arges
oregon state university,48,Oregon State University,44.5630559,-123.2839234,Cory Simon; Konstantinos Goulas; Kyriakos Stylianou; Qiu Jin; Truc Phung
dalian university of technology,48,Dalian University of Technology,38.8812564,121.52016,Jian Du; Shrinjay Sharma; Thijs J.H. Vlugt; Ana Somoza-Tornos; Thijs J. H. Vlugt
university of illinois urbana-champaign,47,university of illinois urbana-champaign,,,Huimin Zhao; Jonathan Turnley; Xiao Su; Brendan Harley; Alexander Mironenko
united states military academy,45,United States Military Academy,41.3926455,-73.9599242,Enoch Nagelli; Simuck Yuk; Corey James; F. John Burpo; Victor A. Jaffett
university of illinois chicago,45,University of Illinois Chicago,41.83216106666666,-87.62530033333333,Meenesh Singh; Meenesh R Singh; Rohan Sartape; Rajan Bhawnani; Vamsi Vikram Gande
university of alberta,44,University of Alberta,53.52682000000001,-113.5244937,Arvind Rajendran; Zhehui Jin; Zukui Li; Stevan Dubljevic; Sunny Pawar
university college london,44,university college london,,,Marc-Olivier Coppens; Vassilis Charitopoulos; Massimiliano Materazzi; Lucy Todd; Federico Galvanin
vanderbilt university,43,Vanderbilt University,36.1438011,-86.8028189,G. Kane Jennings; Zane Parkerson; Clare McCabe; Matthew Vasuta; Tyler Oddo
rowan university,43,Rowan University,39.7103526,-75.1193267,Kirti Yenkie; Barnabas Gao; Mitchell Paolello; Gerard Capellades; Robert Hesketh
university of tennessee,42,University of Tennessee,35.9515982,-83.93088095,Arthur Ragauskas; Bamin Khomami; Mahshid Mokhtarnejad; Rahul Bhosale; Elyar Tourani
idaho national laboratory,42,Idaho National Laboratory,43.5208319,-112.0490689,Yidong Xia; Jordan Klinger; Tiasha Bhattacharjee; Nepu Saha; Vicki Thompson
university of south florida,42,University of South Florida,28.06203355,-82.41778115,Pierre Kawak; Ramesh S. Ayyala; Ran Liu; Yali Yao; Xinying Liu
university of rochester,41,University of Rochester,43.11182133333333,-77.64236646666667,Allison Lopatkin; Astrid Müller; Zachary Oliver; Yasemin Basdogan; Marc Porosoff
korea advanced institute of science and technology,41,Korea Advanced Institute of Science and Technology,36.36678495,127.35252315,Seongmin Heo; Jae Lee; Dong Ki Yoon; Wonhyeong Lee; Jeongwoo Lee
university at buffalo,41,University at Buffalo,43.0019863,-78.7859649,Erda Deng; Miao Yu; Sagnik Das; Rumwald Leo Lecaros; Kaihang Shi
university of massachusetts lowell,41,University of Massachusetts Lowell,42.6519097,-71.3173628,Daniel Lachos Perez; Fanglin Che; Nese Orbey; Jay Park; Yuting Xu
oklahoma state university,41,Oklahoma State University,36.1313112,-97.0890259,Jindal Shah; Zheyu Jiang; Marimuthu Andiappan; Mohd Tauhid Khan; Ashutosh Kumar Verma
korea institute of energy research,40,korea institute of energy research,,,Sunghoon Lee; Jihong Moon; Sang Jun Yoon; Dongho Lee; Gwanhong Min
case western reserve university,40,Case Western Reserve University,41.50198515,-81.63789464999999,Abhinendra Singh; Geeta Verma; Nicholas Sinclair; Christopher L. Wirth; Svetlana Morozova
stony brook university,40,Stony Brook University,40.9090809,-73.1205518,Tae Jin Kim; Amol Pophali; Simon Vornholt; Karena Chapman; Luke Tufaro
virginia tech,40,virginia tech,,,Stephen Martin; Rui Qiao; Thomas Kinard; Steven P. Wrenn; Xin Wang
lawrence livermore national laboratory,39,lawrence livermore national laboratory,,,Shyam Deo; Nathan C. Ellebracht; Simon H. Pang; Wenqin Li; Sneha Akhade
yale university,38,yale university,,,Amir Haji-Akbari; Heather LeClerc; Hanno C. Erythropel; Julie B. Zimmerman; Paul T. Anastas
zhejiang university,38,Zhejiang university,30.521595,120.7195312,Shuyi Shen; Bin Yang; Yao Tong; Qinyu Bao; Zhijiang Shao
tulane university,38,Tulane University,29.9412195,-90.1201009,Matthew Montemore; Avery Hill; Daniel P. Howsmon; Nicholas Sandoval; Gbolade Kayode
national institute of standards and technology,38,National Institute of Standards and Technology,39.13327588333333,-77.2234751,Daniel Siderius; Jacob Majikes; Julie Rieland; Debra J. Audus; Harold Hatch
los alamos national laboratory,37,Los Alamos National Laboratory,35.8190003,-106.2656274,Manjeet Chhetri; Saif R. Kazi; Nilusha Sudasinghe; Jingyao Li; Sandra Oloketuyi
indian institute of technology jammu,37,Indian Institute of Technology Jammu,32.8022368,74.8913825,Bhaskar Bhaduri; Gargi Das; Chirodeep Bakli; Sourav Halder; Amar Nath Samanta
michigan state university,37,Michigan State University,42.7023794,-84.4803869,Christina Chan; S. Patrick Walton; Ryan Splichal; Robert Ferrier; Daipayan Sarkar
eli lilly and company,37,Eli Lilly & Company,39.7576131,-86.1521511,Jingyao Wang; Maitraye Sen; Joshua Hanson; Kanishka Ghosh; Tibo Duran
bristol myers squibb,36,Bristol Myers Squibb,48.1292363,11.5812022,Benjamin M. Cohen; Greg Beutner; Antonio Ferretti; Melda Sezen-Edmonds; Nicolas Cuniere
brown university,36,Brown University,41.82287165,-71.4075955,C Franklin Goldsmith; Caroline Rocchio; Kurt Pennell; Bjarne Kreitz; Nicolas L. Fawzi
university of california davis,36,University of California Davis,38.5337904,-121.7907544,Matthew Ellis; Nael El-Farra; Surl-Hee Ahn; Ahmet Palazoglu; Harishankar Manikantan
worcester polytechnic institute,36,Worcester Polytechnic Institute,42.2893383,-71.805867725,Michael Timko; Andrew R Teixeira; David Kenney; Esai Lopez; Madison R. Reed
university at buffalo  the state university of new york,35,university at buffalo  the state university of new york,,,Haiqing Lin; Leiqing Hu; Narjes Esmaeili; Ashlee N. Ford Versypt; Vinh Bui
khalifa university,34,Khalifa University,24.4479513,54.3955267,Solomon Kahsay Gebremariam; Muhammad Usman; Khalid Al-Ali; Fawzi Banat; Hassan Arafat
louisiana state university,34,Louisiana State University,30.4062005,-91.1854129,Bhuvnesh Bharti; Nduka Ogbonna; Jimmy Lawrence; Titilayo Oluwole; Teslim Olayiwola
brigham young university,33,Brigham Young University,40.2554083,-111.6496832,Thomas Knotts; Roger G. Harrison; William Pitt; David Lignell; Neil Giles
ghent university,33,Ghent University,51.0078484,3.7108831,Kevin Van Geem; Joris Thybaut; Kensaku Matsunami; Viktor Bultereys; Laure Descamps
university of nebraska-lincoln,33,university of nebraska-lincoln,,,Rajib Saha; Mona Bavarian; Niaz Chowdhury; Siamak Nejati; Sahand Serajian
university of missouri,33,University of Missouri,38.9364147,-92.329703,Susie Dai; Jialun (Galen) Wang; Tahmid Hasan Rupam; Jaewon Lee; Roseanna Zia
virginia commonwealth university,33,Virginia Commonwealth University,37.5461246,-77.4540609,Frank Gupton; Charles McGill; Daniel Gregory; Kimberly Penzer; Justin Turnage
qatar university,32,Qatar University,25.3719714,51.4879579,Mohammed Jaber Almarri; Anand Kumar; Seckin Karagoz; Ibnelwaleed Hussein; Mustafa Nasser
the university of sheffield,32,The University of Sheffield,53.37781046,-1.49144162,Siddharth Patwardhan; Solomon Brown; Jenny Hancock; Carlos Brambila; Robert Milton
university of maryland-college park,31,University of Maryland-College Park,38.9904124,-76.9438586,Srinivasa R. Raghavan; Faraz Burni; Eric D. Wachsman; Zheng Li; Joshua Little
lafayette college,30,Lafayette College,40.6986835,-75.209246,Melissa B. Gordon; Ryan Van Horn; Georgia C. Delaney; Finlay J. M. Smith; Michael Senra
gsk,29,GSK,46.2857292,-114.1470748,Parind Desai; Benjamin Hawkins; Mark Palmer; Meghan McDermott; Warren Eagles
tufts university,29,tufts university,,,David L. Kaplan; Ho Yi Lam; Logan Morton; Sanjana Gopalakrishnan; Emmanuel Tzanakakis
king fahd university of petroleum and minerals,29,King Fahd University of Petroleum and Minerals,26.30948538,50.14682478,Muhammad Shahzad Kamal; Fatimah Alhassan; Umer Zahid; Shaikh Abdur Razzak; Sagheer Onaizi
abbvie inc,29,abbvie inc,,,Shailendra Bordawekar; Akshay Korde; Kaid Harper; Kartik Kamat; Manish Kelkar
university of tulsa,28,University of Tulsa,36.1523306,-95.9459602,Hyeon Uk Kim; Jae Hyeon Park; Chan Hyun Lee; Nagu Daraboina; Hema Ramsurn
clemson university,28,Clemson University,34.6686915,-82.8374348,Ming Yang; Ewa Chukwu; Braulio Ortega Quesada; Zehua Jin; Adam Melvin
university of toronto,28,University of Toronto,43.663462,-79.3977597,William Broomhead; Goutham Rangarajan; Abdelaziz Gouda; Ramin Farnood; Rohit Pal
university of illinois at urbana champaign,28,university of illinois at urbana champaign,,,Kai-Yu Huang; Hyunjoon Kong; Hee Jung Chung; Nayeong Kim; Rajarshi Samajdar
michigan technological university,28,Michigan Technological University,47.1099114,-88.5511513,David Shonnard; Yixin Liu; Daniel Kulas; Sarvada Chipkar; Grace Dykstra
brookhaven national laboratory,28,Brookhaven National Laboratory,40.87930865,-72.85765635,Xiao Tong; Yong Yuan; Gihan Kwon; Andrew M. Kiss; Juergen Thieme
university of southern california,27,University of Southern California,34.0218689,-118.2858579,Kandis Leslie Gilliard-Abdulaziz; Jay Hyung Lee; Theodore Tsotsis; Seongbin Jo; Wade Zeno
washington state university,27,Washington State University,46.730447,-117.106682,Bin Yang; Yong Wang; Adarsh Kumar; Rongchun Shan; Jana Doppa
rutgers  the state university of new jersey,27,rutgers  the state university of new jersey,,,Jakub Konkol; Benjamin Glasser; Alberto Cuitino; Ravendra Singh; George Tsilomelekis
rutgers university,26,rutgers university,,,Gregory Dignon; Arjun Singh; Benjamin S. Schuster; Carlin Leung; Marcella Raymundo Alves
king abdullah university of science and technology,25,king abdullah university of science and technology,,,Lakshmeesha Upadhyaya; Ricardo Pinto de Lima; Omar Knio; Gyorgy Szekely; Ingo Pinnau
penn state college of medicine,25,Penn State College of Medicine,40.2639023,-76.67560449999999,Rui Shi; Zaman Ataie; Sina Kheirabadi; Arian Jaberi; Alexander Kedzierski
university of mississippi,25,University of Mississippi,34.3646125,-89.5396349,Ahmed Al-Ostaz; Sasan Nouranian; Masoud Salavati; Mohammad Hosein Moghadasin; Mohammed Majdoub
new york university,25,new york university,,,Ryan Hartman; Jonathan Salmeron-Hernandez; Erica Burnham; Kelechi Ndukwe-Ajala; Bruce A. Garetz
drexel university,25,drexel university,,,Maureen Tang; Moses Abraham Bokinala; Megan A. Creighton; Christopher B. Rodell; Rayan Alaufey
university of maryland  baltimore county,25,university of maryland  baltimore county,,,Tyler R. Josephson; Samiha Sharlin; Colin Jones; Charishma Puli; Fariha Agbere
the university of tokyo,25,The University of Tokyo,35.9019845,139.9362283,Hirokazu Sugiyama; Yusuke Hayashi; Masahiro Kino-oka; Rei Tamaki; Yuki Uno
saudi aramco,24,Saudi Aramco,23.9494015,38.2920459,Mohammad Alotaibi; Mohanad Fahmi; Alaa Albasry; Mohamed Draze; Abdulbari Alqarni
slac national accelerator laboratory,24,slac national accelerator laboratory,,,Michal Bajdich; Dr. Michaela Burke Stevens; Adam Nielander; Simon Bare; Adam Hoffman
university of rhode island,24,University of Rhode Island,41.4875094,-71.5343138,Ryan Poling-Skutvik; Animesh Pan; Geoffrey Bothun; Michael Fedorenko; Lauren Lamothe
university of new mexico,24,University of New Mexico,35.07115085,-106.6113392,Raju Vadthya; Shuya Wei; Olumide Oladoyin; John Fawcett; Abhaya K. Datye
dow,24,Dow,35.504124,-119.1726056,David Parrillo; Laura Mosley; Sushma Sanketh; Jennifer McGregor; David Camp
nanyang technological university,24,Nanyang Technological University,1.3484104,103.6829332,Xunyuan Yin; Chuhong Lin; Dat-Nguyen Vo; Wen Liu; Tej Choksi
glaxosmithkline,24,glaxosmithkline,,,Lotfi Derdour; Helen Yao; Pavlos Kotidis; Don Clancy; Gulenay Guner
rensselaer polytechnic institute,23,Rensselaer Polytechnic Institute,42.7298969,-73.6796678,Georges Belfort; Joel Plawsky; Sangwoo Lee; Jonathan Dordick; Ji-Young Kim
university of iowa,22,University of Iowa,41.649707500000005,-91.56013935,Chanjot Kaur .; Abdelhamid Sayari; Joseph S. Gomes; Jun Wang; Suboohi Shervani
abbvie,22,AbbVie,42.33708,-87.8344244,Nandkishor (Nandu) Nere; Moiz Diwan; Pelin Su Bulutoglu; William Ketterhagen; Eric Sacia
the university of kansas,22,The University of Kansas,39.0565182,-94.6092885,Ana Colaco Morais; Kyle Camarda; Lakshmiprasad Gurrala; Charles Ponge; Bala Subramaniam
mississippi state university,22,Mississippi State University,33.4386876,-88.7943232,Mohammad Moinul Hossain; Santanu Kundu; Oluwabori Adekanye; Rooban V.K.G. Thirumalai; Humayun Ahmad
pfizer,22,Pfizer,51.0669817,4.3097669,Sze Wing Wong; Kameel Antami; Boris Shekunov; Virginia Brooke Gill; Aaron Whittaker
korean institute science and technology,21,Korean Institute Science and Technology,49.2587784,7.0492746,Yong Chae Jung; Chun-Jae Yoo; Ung Lee; Kyeongsu Kim; Hyerim Kim
university of waterloo,21,University of Waterloo,43.4701994,-80.5452429,Luis Ricardez-Sandoval; David Simakov; Simone Reynoso-Donzelli; Aiping Yu; Joshua Pulsipher
sungkyunkwan university,21,Sungkyunkwan University,37.29748823333333,126.9434087,Janggeun Lee; Woochang Jeong; Jonghwan Oh; Heehyun Choi; Yong Sang Lee
university of cincinnati,20,University of Cincinnati,39.1318991,-84.5157575,Aashish Priye; Joo-Youp Lee; James Akinjide; Anil Reddy Soreddy; Dinabandhu Patra
miami university,20,Miami University,39.5094198,-84.7311546,J. Andrew Jones; William Gibbons; Andrew Jones; Brooklyn Lengyel; Philip Glawe
harvard medical school,20,harvard medical school,,,Anush Chiappino-Pepe; Jonathan Soucy; Sun Jin Moon; Neil Dalvie; Jan-Tobias Boehnke
mcmaster university,20,McMaster University,43.2639397,-79.9178252,Prashant Mhaskar; Vladimir Mahalec; Amir Hossein Hamedi; Hesam Hassanpour; Aswin Chandrasekar
university of birmingham,20,University of Birmingham,52.4522956,-1.9312857,Daniele Baiocco; Zhibing Zhang; Kit Windows-Yule; Andy Ingram; Mark J. H. Simmons
university of louisiana at lafayette,20,University of Louisiana at Lafayette,30.2117256,-92.0195772,William Holmes; Rafael Hernandez; Mark Zappi; Xing Li; Zhi Liu
kent state university,20,Kent State University,41.1442325,-81.3398321,Masoud Ghasemi; Mica Pitcher; Artem Rumyantsev; Randall Vander Wal; Song Wang
école polytechnique fédérale de lausanne,20,École Polytechnique Fédérale de Lausanne,46.5186594,6.5665615,Francesca Lorenzutti; Kumar Varoon Agrawal; Daniel Florez Orrego; Meire Ellen Gorete Ribeiro Domingos; François Maréchal
bucknell university,20,Bucknell University,40.9515356,-76.8879603,Kenneth Mineart; Katsuyuki Wakabayashi; Ryan Snyder; Tyler Will; Sheriff Anofi
kongju national university,19,Kongju National University,36.8517528,127.1510574,Jeong Woo Han; Tae Hyun Kim; Hayoung Jeong; Seokhyun Choung; Wonbo Lee
wayne state university,19,Wayne State University,42.3571895,-83.0709436,Helen Durand; Yinlun Huang; Alexander Hoffmann; Wissam Fawaz; Simon Ng
korea university,19,Korea University,36.6108894,127.2934174,Jungkyu Choi; Ki Bong Lee; Sanha Park; Jun Hyuk Moon; Sejin Kim
"university of puerto rico, mayaguez",19,"University of Puerto Rico, Mayaguez",18.2137084,-67.14489083333332,Yomaira Pagan Torres; Angela Montaño Herazo; David Suleiman; Cristian Aristizabal-Gonzalez; Juan Munoz Senmache
lamar university,19,Lamar University,30.0388946,-94.0758929,Qiang Xu; Helen Lou; Ying Liu; S M Farhad; Tianxing Cai
university of maine,19,University of Maine,44.9015188,-68.6617222,Sampath Gunukula; Clayton Wheeler; Douglas Bousfield; Glenn Matamoros; Sampath Karunarathne
the university of akron,19,The University of Akron,41.07669885,-81.51450285,Weinan Xu; Amir Nourhani; Libo Yao; Steven S.C. Chaung; James M. Eagan
"amgen, inc.",19,"Amgen, Inc.",34.1905959,-118.91985619999998,Miguel Angel Valderrama-Gomez; Elcin Icten Gencer; Taehun Kim; Matthew Demers; Sidra Xu
netl support contractor,19,netl support contractor,,,Viet Hung Pham; Ki-Joong Kim; Sittichai Natesakhawat; Sarah Leptinsky; Hari Mantripragada
karlsruhe institute of technology,18,Karlsruhe Institute of Technology,49.1018534,8.4331202,Olaf Deutschmann; Patrick Lott; Akash Bhimrao Shirsath; Matthias Hettel; Benjamin Flavel
university of bologna,18,University of Bologna,44.4982886,11.354457,Cristiana Boi; Giacomo Foli; Omar Atiq; Lorenzo Merlonghi; Francesco Maluta
university of new hampshire,18,University of New Hampshire,43.1350987,-70.9462079,Jeffrey Halpern; Lev Levintov; Nan Yi; Linqing Li; Seth Drahusz
kansas state university,18,Kansas State University,39.20883,-96.5884512,Davood Pourkargar; Amirsalar Bagheri; Morgen Smith; Thiago Oliveira Cabral; Joshua Ighalo
hamburg university of technology,18,Hamburg University of Technology,53.4610001,9.9692264,Bogdan Dorneanu; Harvey Arellano-Garcia; Vasileios Mappas; Simon Müller; Anders Lyngfelt
university of north dakota,18,University of North Dakota,47.9265412,-97.0721209,Ali Alshami; Glavic Tikeri; Arash Tayyebi; Nadhem Ismail; Musabbir Jahan Talukder
the hong kong university of science and technology,18,The Hong Kong University of Science and Technology,22.32999,114.22884208,Yue Fang; Richard Lakerveld; Hanyu Gao; Baggie W. Nyande; Dishika Gupta
university of gothenburg,18,University of Gothenburg,57.69796686666666,11.944211333333334,Stefano Brandani; Enzo Mangano; Riccardo Rea; Eleonora Ricci; Dimitrios Gerogiorgis
hanyang university,17,hanyang university,,,Seung Hyun Park; Byeongyong MIN; Tae Yeon KIM; Kwangsuk Yoon; Hocheol Song
rwth aachen university,17,RWTH Aachen University,50.783707975,6.104963125,Alexander Mitsos; Eike Cramer; Thomas Nevolianis; J. Raphael Seidenberg; Katharina Maria Ebeling
universidad nacional de colombia,17,Universidad Nacional de Colombia,4.62007255,-74.07507125000001,Alvaro Orjuela; Mario Andrés Noriega; Natalia Godoy Silva; Oscar Monrroy; Juan Carlos Serrato
tokyo institute of technology,16,Tokyo institute of technology,35.58797123333333,139.6689706,Takeo Yamaguchi; Hidenori Kuroki; Aparna Chitra Sudheer; Yuna Tatsumi; Yasuhiko Orita
politecnico di torino,16,Politecnico di Torino,45.0636974,7.6575263,Daniele Marchisio; Gianluca Boccardo; Antonio Buffo; Nunzia Lauriello; Samir Bensaid
university of cambridge,16,University of Cambridge,52.20118383333334,0.1216035999999999,Alexander Routh; Mohammed Al-Sharabi; Collin Smith; Laura Torrente Murciano; Kobi Felton
max planck institute for dynamics of complex technical systems,16,max planck institute for dynamics of complex technical systems,,,Tibor Svitnic; Caroline Ganzer; Christoph Griehl; Alexander Geschke; Peter Schulze
indian institute of technology delhi,16,Indian Institute of Technology Delhi,28.526577,77.2008821,Damaraju Phaneswararao; Divesh Bhatia; Raghavan Ranganathan; Kamal Kishore Pant; Isha Atrey
south dakota school of mines and technology,16,south dakota school of mines and technology,,,Kazi Khoda; Travis W. Walker; Khang Huynh; Bharathkiran Maddipudi; Anuradha Shende
montana state university,16,Montana State University,45.6638859,-111.079287,Jacob Molinaro; Stephanie Wettstein; Matthew R. Carroll; Annabelle S. Young; Nicholas P. Stadie
pfizer inc,16,pfizer inc,,,Cameron Armstrong; Shubham Sharma; Kevin P. Girard; Geoff Mckee; Sweta Manthena
korea research institute of chemical technology,16,korea research institute of chemical technology,,,Yong-Ki Park; Ajaysing Nimbalkar; Dae Sung Park; Hawon Park; Do-Young Hong
cleveland state university,15,cleveland state university,,,Lisa Chambers; Obaid Khan; Shaowei Yang; Victoria Stege; Madison Luthy
kth royal institute of technology,15,KTH Royal Institute of Technology,59.2016758,17.6203201,Shareq Mohd Nazir; Devesh Sathya Sri Sairam Sirigina; Efthymios Kantarelis; Klas Engvall; Frederico M. Penha
university of calgary,15,University of Calgary,51.0766289,-114.1285493,Kotaybah Hashlamoun; Saleh Baakeem; Nashaat Nassar; Hua Song; Jose Angel Beleno Alcazar
clarkson university,15,Clarkson University,44.6595887,-75.0062397,Simona Liguori; Omid Jazani; Ian McCrum; Temitope Orimolade; Sitaraman Krishnan
phosphorus wastewater treatment project,15,phosphorus wastewater treatment project,,,Ria Patel; Morwan Osman; Arturo Coronel; Milena Zeru; Sebastian Oakes
universidad san francisco de quito,15,Universidad San Francisco de Quito,-0.1968612,-78.4359156,Lourdes Orejuela-Escobar; Inés Hernández; María Fernanda Lecaro; Yuliana Pullas Gallardo; Luis M. Prócel
virginia polytechnic institute and state university,15,Virginia Polytechnic Institute and State University,37.2219268,-80.4272818,Ayman M. Karim; Liping Liu; Hongliang Xin; Christopher B. Williams; Jackson Bryant
the university of toledo,15,The University of Toledo,41.6582432,-83.6147873,Hossein Abedsoltan; Glenn Lipscomb; Joseph G. Lawrence; Saketh Merugu; Maria Coleman
vellore institute of technology,15,Vellore Institute of Technology,12.9697279,79.1606943,Hamid Arastoopour; Javad Abbasian; Satish Parulekar; SeyedSepehr Mostafayi; Ahmad Ijaz
dow chemical company,15,Dow Chemical Company,54.5856558,-1.23670675,Saket Sanjay Bhargava; Paulami Majumdar; Colin Li Pi Shan; Dinesh Kumar; Svetlana Zak
technical university of denmark,15,Technical University of Denmark,55.7854145,12.5202151,Krist V. Gernaey; Carina L. Gargalo; Celina K. Yamakawa; Alina Anamaria Malanca; Mads Stevnsborg
famu-fsu college of engineering,14,FAMU-FSU College of Engineering,30.428374766666664,-84.3011659,Justice Ene; Hoyong Chung; Laurie Muok; Natalie Arnett; Omar Taleb
north carolina aandt state university,14,North Carolina A&T State University,36.2116175,-81.6760234,Debasish Kuila; Debarati Mukherjee; Sujoy Bepari; Yusuf Adewuyi; Sumit Gupta
university of arizona,14,University of Arizona,32.23664585,-110.95234075,David Mier Salazar; Roberto Guzman; Suchol Savagatrup; Jeffrey Pyun; Angel Martin
university of wyoming,14,University of Wyoming,41.314986,-105.5643222,Utkarsh Kapoor; Vithurshan Varenthirarajah; Balantrapu Harshit; Haibo Zhai; Zitao Wu
uc irvine,14,UC Irvine,-29.7451544,147.7685722,Herdeline Ardoña; Sujeung Lim; Lexi Crowell; Tayloria N.G. Adams; Kiara Lacy
koc university,14,Koc University,41.203159,29.0728654,Shuhei Takamura; Naruki Kurokawa; Atsushi Hotta; Shota Kato; Manabu Kano
the city college of new york,14,the city college of new york,,,Robert Messinger; Luis Ortuno Macias; Elizabeth Biddinger; Janhvi Trivedi; Surabh KT
tohoku university,13,Tohoku University,38.2581115,140.8360434,Anqing Wang; Ruixuan Ying; Hajime Ohno; Yasuhiro Fukushima; Keishi Suga
university of liege,13,University of Liege,50.6368602,5.5624252,Geoffroy Lumay; Gresse Eva; Lechanteur Anna; Evrard Brigitte; Nicolas Regibeau
colorado state university,13,Colorado State University,40.5706567,-105.0853995,Colin Esmonde; Eugene Y.-X Chen; Cody Hawthorne; Juntong He; Qiang Wang
savannah river national laboratory,13,Savannah River National Laboratory,33.3447893,-81.73874705,Stephen Vicchio; Dan Lambert; Dylan D. Rodene; John M. Pareizs; Jarrod Gogolski
university of georgia,13,University of Georgia,33.9404278,-83.373049,Kenan Song; Varunkumar Thippanna; Yajun Yan; Qi Gan; Xinyu Gong
inha university,13,Inha University,37.449443,126.6534446,Byeongseok Kim; Sang-eun Shim; Sangeun Shim; Yongjin Lee; Jinsung SEO
mainstream engineering corporation,13,mainstream engineering corporation,,,Andrew Wagner; Aristidis Mihalos; Philip Cox; Daniel San Roman; Philip Luther
universidad de los andes,13,universidad de los andes,,,David E. Herrick; Johan Leon; Camilo Ayala; Alejandro Marañon; Oscar Alvarez
prairie view aandm university,13,Prairie View A&M University,30.0960954,-95.9870007,Emmanuel Dada; Temitope Esan; Carol Akpan; Mackenzie Stephney; Kazeem B. Olanrewaju
ku leuven,13,KU Leuven,50.8057128,3.2915374,Dominik Bongartz; Jonas Loncke; Leen Braeken; Simon Kuhn; Leen C.J. Thomassen
new mexico state university,13,New Mexico State University,32.2729032,-106.7434927,Eric Palmer; Hongmei Luo; Meng Zhou; Sergio Martinez-Monteagudo; Isaiah Morones
korea institute of industrial technology,13,Korea Institute of Industrial Technology,35.20173355,126.87721165,Uen-Do Lee; Hyun Sic Park; Jo Hong Kang; Hojun Song; Sungwoong Choi
national taiwan university,12,National Taiwan University,25.05578835,121.54194385,Jeffrey Ward; Chih-Kuan Chien; Li-Chiang Lin; Hao-Jen Pan; Wei-Ting Chien
stellenbosch university,12,Stellenbosch University,-33.9326212,18.8650551,Yumna Parker; Viola Hofmann; Johann Gorgens; Neill Goosen; Cara Schwarz
east china university of science and technology,12,East China University of Science and Technology,31.145271500000003,121.42105243333332,Haifeng Liu; Mengxiang Lu; Yao Miao; Li Ping; Xiaolei Guo
"university of nevada, reno",12,"University of Nevada, Reno",39.5442688,-119.8163105,Maryam Raeeszadeh Sarmazdeh; Sanele Maziya; Jesus Diaz Sanchez; Thomas Summers; David Cantu
university of british columbia,12,University of British Columbia,49.2578915,-123.2429755,Rama El-khawaldeh; Jason Hein; Kwang Ho Kim; Genpei Cai; Kevin J. Smith
aristotle university of thessaloniki,12,Aristotle University of Thessaloniki,40.6296704,22.9591611,Spyros Karakitsios; Dimosthenis Sarigiannis; Dayna Schultz; Ilias Frydas; Fotini Nikiforou
friedrich-alexander-universität erlangen-nürnberg,12,Friedrich-Alexander-Universität Erlangen-Nürnberg,49.4583219,11.08546,Bastian Etzold; Janne Reisch; Wolfgang Peukert; Michael Engel; Leon Kick
pusan national university,12,Pusan National University,35.2343498,129.0784068,Doyeon Lee; Yongchul Chung; Kyoungyoun Kim; Juwon Kang; Min Seo Park
university of louisville,12,University of Louisville,38.19373075,-85.75322835,John White; Mahbuba Khanom; Vance Jaeger; Zhenzhen Xie; Xiao-An Fu
aspen technology inc.,12,Aspen Technology Inc.,39.067515,-108.560123,Dimitrios K. Varvarezos; Pratyush Agarwal; Zhen Hou; Lili Yu; Lingxiang Li
apc ltd,11,APC Ltd,16.8497417,96.0796153,Melba Simon; Anita Umerska; Brian Glennon; Eóin Bourke; Dawn Kelly
australian national university,11,Australian National University,-35.2812742,149.1172023,Alireza Rahbari; Mahdiar Taheri; Roelof Pottas; Morteza Hangi; Lindsey Yue
the ohio state university wexner medical center,11,the ohio state university wexner medical center,,,Xilal Rima; Yong Gyu Lee; Jung Lye Kim; Syvester Black; Bryan Whitson
stevens institute of technology,11,stevens institute of technology,,,Ayodeji Omoniyi; Shuqiao Wang; Alyssa Hensley; Seyed Mohajerani; Isabella Furrick
hebei university of science and technology,11,Hebei University of Science and Technology,37.9774255,114.5156097,Fatang Li; Suleiman Musa; Bilal Masood Pirzada; Shamraiz Hussain Talibb; Dalaver H. Anjumb
physical sciences inc.,11,Physical Sciences Inc.,42.695935,-71.2056261,Emily Gonzales; Dorin Preda; Caitlin Bien; David Gamliel; Michael Dworzak
federal university of campina grande,11,federal university of campina grande,,,Heleno Bispo; Hiuquem Lopes; Waleska Nascimento; Gabriela Monteiro; Fernando Schramm
university of missouri-columbia,11,university of missouri-columbia,,,Bret D. Ulery; Reginald Rogers; Matthias Young; Farnoushsadat Rezaei; Samantha Huddleston
missouri university of science and technology,11,Missouri University of Science and Technology,37.9532435,-91.7742667,Monday Okoronkwo; Kasim Adewuyi; Al-Dahhan Muthanna; Haidar Taofeeq; Godwin Ogbuehi
suny college of environmental science and forestry,11,suny college of environmental science and forestry,,,Chang Geun Yoo; Deepak Kumar; Obste Therasme; Bandaru V. Ramarao; Dwyer Stuart
vrije universiteit brussel,11,vrije universiteit brussel,,,Joeri Denayer; Ravi Sharma; Matthias Schoukens; Tom Van Assche; Zhouheng Zhou
university of tennessee  knoxville,11,university of tennessee  knoxville,,,Brian D. Wirth; Erick L. Ribeiro; Sophie Blondel; Mi Li; Abigail Linhart
forschungszentrum jülich gmbh,10,forschungszentrum jülich gmbh,,,Peter Wasserscheid; Michael Geisselbrecht; Stefan Pappler; Timo Schaerfe; Manuel Dahmen
snapdragon chemistry inc,10,snapdragon chemistry inc,,,Yuan-Qing Fang; Ali Hasan; M. Grace Russell; Sean F. Breen; Purnima Barua
baylor university,10,Baylor University,31.550434,-97.1102906,Huy Tran; Min Pack; Pooria Pirdavari; Harrison Hall; Aaron Wright
takeda pharmaceuticals,10,takeda pharmaceuticals,,,Braden Chiulli; Chris Lowe; Gioia Tuozzolo; Benjamin Bayer; Leo Karmiy
ohio university,10,Ohio University,39.3241782,-82.1015648,Sumit Sharma; Quinn Bennett; Thanh Minh Giang Do; Yalda Ramezani; Hemant Nagar
corteva agriscience,10,Corteva Agriscience,41.6704889,-93.715464,Venkat Bhamidi; Navraj Hanspal; Paul A. Larsen; Wei-Lee Wu; Rachel Rhodes
shenzhen university,10,Shenzhen University,22.5359022,113.9314749,Wenjin Li; Lei Yao; Guangliang Liu; Kaiyuan Deng; Cheng Liu
dr  vishwanath karad mit world peace university,10,dr  vishwanath karad mit world peace university,,,Sagar Kanekar; Anand Kulkarni; Shravani Gajendragad; Shruti Dhawade; Suraj Mali
nagoya university,10,Nagoya University,35.1533086,136.9677806,Tomoyuki Yajima; Yoshiaki Kawajiri; Mostafa Elshafie; Katsutoshi Sato; Katsutoshi Nagaoka
university of naples federico ii,10,university of naples federico ii,,,Almerinda Di Benedetto; Maria Portarapillo; Augusto Bellucci Sessa; Nicola Antonio Di Spirito; Nino Grizzuti
iff,10,IFF,-29.6934704,-53.7929766,Jin Zhao; Becca Putans; Ian Gillespie; Michael Evangelista; Thomas Watson
srm institute of science and technology,10,SRM Institute of Science and Technology,12.8234361,80.0450412,Sam David Swaminathan; Youngjune Park; Jiwoo Lee; Dongju Seo; Shik Rou Kong
instituto politécnico nacional,10,instituto politécnico nacional,,,Alfredo Pimentel Rodas; Angel M. Notario-López; Luis A. Galicia-Luna; Diana L. Salas-Gallegos; Rubén P. Mendo-Sánchez
dow inc.,9,Dow Inc.,14.4495397,120.9957662,Adam Kelloway; Kyle Harshbarger; Hulusi Turgut; Kelly Krzysik; Bryan Kenyon
polish academy of sciences,9,polish academy of sciences,,,Karol Makuch; Robert Hołyst; Anna Maciołek; Paweł Żuk; Konrad Giżyński
the university of manchester,9,The University of Manchester,51.5723682,-1.3114537,Ashwin Kumar Rajagopalan; Dongda Zhang; Mohammed Alsubeihi; Claudio Fonte; Oleksandr Prykhodko
nyu tandon school of engineering,9,nyu tandon school of engineering,,,Rachel Pollard; Ashley Han; Nouha El Amri; Parker Lewis; Nathalie Pinkerton
takeda,9,takeda,,,Thomas Toupy; Laura Pereira Diaz; Adrian Ramirez Galilea; Edward Raymond; Mohammed Janoudi
"california state polytechnic university, pomona",9,"California State Polytechnic University, Pomona",34.0556686,-117.8239282,Mingheng Li; Zachary Shin; Eric Dudley; Amir-Hadi Boroumand; Adrian Rubio
the university of texas at tyler,9,The University of Texas at Tyler,32.3163078,-95.2536994,Fernando Resende; Shuhao Liu; Gideon Nyarko; Oluwanisola Makinde; Kristinoba Olotu
university of salamanca,9,University of Salamanca,45.9455202,-66.6401861,Mariano Martin; Alberto Ruiz; Jose Enrique Roldán; Carlos Prieto; Antonio Sánchez
university of strathclyde,9,University of Strathclyde,55.8618812,-4.2419566,Javier Cardona; David McKechnie; Leo Lue; Irene Moreno Flores; Parandeep Sandhu
national technical university of athens,9,National Technical University of Athens,37.977380100000005,23.7590529,Antonios Kokosis; Nikos Trokanas; Stefanos Xenios; Konstantinos Mexis; Michaela Vasilaki
kaust,9,KAUST,22.3223754,39.1173835,Chiara Canciani; Elia Colleoni; Paolo Guida; William Roberts; Aiping Chen
graz university of technology,9,Graz University of Technology,47.0494299,15.441566266666667,Johannes Khinast; Susanne Lux; Martin Horn; Max Vogi; Maximilian Neubauer
university of mississippi medical center,9,University of Mississippi Medical Center,32.3309299,-90.1723002,Chipo Chapusha; Sheetal Chowdhury; Amol Janorkar; Nicholas McGowan; Jamari Osborne
us environmental protection agency,9,us environmental protection agency,,,William Barrett; Nathan Weber; Jonathan D. Krug; William R. Roberson; William P. Linak
indian institute of technology roorkee,9,Indian Institute of Technology Roorkee,29.8661656,77.8957348,Anshu Anand; Sunil Kumar; Prakash Biswas; Arvind Kumar; Arisha Sharma
louisiana tech university,9,Louisiana Tech University,32.526106,-92.6481217,Teresa Murray; Yang Xiao; Tobias Misicko; Xiaoyang Gao; Christobel Asiedu
renewable resources and enabling sciences center  national renewable energy laboratory,9,renewable resources and enabling sciences center  national renewable energy laboratory,,,Hyunjin Moon; Davinia Salvachua; Joel Miscall; Hannah Alt; Clarissa L. Lincoln
korea institute of science and technology  korea university,9,korea institute of science and technology  korea university,,,Sang Soo Han; Hyuk Jun Yoo; Nayeon Kim; Heeseung Lee; Leslie C. O. Tiong
applied circular engineering and simulation group   universidad san francisco de quito usfq,9,applied circular engineering and simulation group   universidad san francisco de quito usfq,,,Lourdes Orejuela Escobar; Arleth Gualle Brito; Andrea Landazuri; Brigitte León; Ana Andrade
kist,9,KIST,49.7444194,9.8413018,Byoungyoun Lee; Tae-Hyun Bae; Doh C. Lee; Jinwoo Lee; Jihan Kim
technion israel institute of technology,9,Technion Israel Institute of Technology,32.7768128,35.0225446,Brian Welch; Razi Epsztein; Zhaofeng Li; Michael Patrascu; Ruoke Cai
indiana university,8,Indiana University,39.1802358,-86.5093526,Wenhui Li; Yaxu Zhong; Alex Butrum-Griffith; Jun Chen; Yi Wang
university of hawaii,8,University of Hawaii,21.3320662,-157.9218882,Garrett Roell; Zhenlin Han; Jessica Maruwan; Yu Wang; Zhi-Yan Du
takeda pharmaceutical company limited,8,takeda pharmaceutical company limited,,,Zoe Horton; Michael Skoumal; Elena Shcherbakova; Kyle McHugh; Yang Yang
shell global solutions international b v,8,shell global solutions international b v,,,Stefaan Raaijman; Piet Huizenga; Alexander P. van Bavel; Rene Bos; Marcello S. Rigutto
university of dayton,8,University of Dayton,39.7384599,-84.1791948,Ching-An Peng; Matthew Bernards; Kevin Myers; Sharjeel Jokhio; Adrienne Shea
ewha womans university,8,ewha womans university,,,Jonggeol Na; Sanghun Lee; Pouya Ifaei; Yubin Ryu; Chaeeun Lee
lsre-lcm - faculty of engineering of university of porto,8,lsre-lcm - faculty of engineering of university of porto,,,Alírio E. Rodrigues; Ana M. Ribeiro; Ana Pereira; Rafael Dias; Maria João Regufe
research center pharmaceutical engineering gmbh,8,research center pharmaceutical engineering gmbh,,,Andreas Kottlan; Nick Morse; Stephan Sacher; Lisa Kuchler; Atabak Azimi
continuus pharmaceuticals,8,continuus pharmaceuticals,,,Chuntian Hu; Keith Barbato; Rajshree Chakrabarti; Youhua Li; Anjana Ramnath
hope college,8,hope college,,,Jeffrey Christians; Elizabeth Cuneaz; Michael Misovich; Joseph Kuklewski; Laurel Wasiniak
tecnológico de monterrey,8,Tecnológico de Monterrey,20.67737852,-105.22261644,Ilse María Hernández-Romero; Lucy T. González; Antonio Flores-Tlacuahuac; Pabel Cervantes-Avilés; Camila Velandia
air products and chemicals  inc,8,air products and chemicals  inc,,,Saurabh Shenvi Usgaonkar; Pratik Misra; Qi Zhang; Heather Binagia; Wayne Rowe
duke university,8,Duke University,36.0001557,-78.9442297,Dongheon Lee; Ashutosh Chilkoti; Lingchong You; Hye-In Son; Kyeri Kim
sanofi,8,Sanofi,47.4296449,0.6951806,Indu Muthancheri; Mario Rousselin; Lauren Rockwell; Lingyun Liu; Shrirang Karve
3m company,8,3M Company,41.3079575,-96.3382383,Hyunki Kim; Neeraj Borker; Ilyess Hadj Romdhane; Cory Sauer; Thomas Herdtle
city college of new york,8,city college of new york,,,Xi Chen; Marco J. Castaldi; Lane Gilchrist; Maty Gueye; Michel Orsi
universidad nacional autónoma de méxico,8,universidad nacional autónoma de méxico,,,Mauricio A. Trujillo-Roldán; Norma A. Valdez-Cruz; XImena Gomez-Gil; Sara Restrepo-Pineda; Rafael Vazquez-Duhalt
procter and gamble,8,Procter and Gamble,53.5273241,-2.7604531,Rakesh Gummalla; Ashlesha Tiple; Kara Johnson; Xueying Ko; Prakash Madhav
canmetenergy,8,canmetenergy,,,Rafal Gieleciak; Tingyong Xing; Mohamed Ali; Jinwen Chen; Najmeh Ahledel
gti energy,8,gti energy,,,Weiwei Xu; Shiguang Li; Qiaobei Dong; Megan Herrera; Sarath Kannan
forge nano,8,forge nano,,,Andrew Broerman; Theodore Champ; Christopher Gump; Arrelaine A. Dameron; Madison Martinez
singapore-mit alliance for research and technology,8,singapore-mit alliance for research and technology,,,Song Wang; Yangyang Han; Mervin Ang; Duc-Thinh Khong; Praveen Kumar Jayapal
university of new haven,8,University of New Haven,41.27402215,-72.9761542,Dequan Xiao; Sarah Kispert; Madison Liguori; Cody Velikaneye; Chong Qiu
u s  environmental protection agency,8,u s  environmental protection agency,,,John D. Chea; Gerardo Ruiz-Mercado; Raymond Smith; Michael Gonzalez; David Perez
u.s. food and drug administration,8,U.S. Food and Drug Administration,47.7969561,-122.2009767,Thomas O'Connor; Stelios C. Tsinontides; Nobel Sierra Vega; Muhammad Ashraf; Ahmed Zidan
posco holdings,8,posco holdings,,,Younghun Kim; Chang Houn Rhee; Hai Woong Park; Gihun Kwon; Chi Kyu Ahn
university of vermont,8,University of vermont,44.4737365,-73.1941468,Appala Raju Badireddy; Omid Sedighi; Eshita Jhahan; Eli Borrin; Amber Doiron
hiroshima university,8,hiroshima university,,,Ryouhei Izumi; Norihiro Moriyama; Hiroki Nagasawa; Toshinori Tsuru; Masakoto Kanezashi
texas aandm university at qatar,8,texas aandm university at qatar,,,Ahmed Abbas; Patrick Linke; Dhabia Al-Mohannadi; Midhat Zaidi; Ahmed Abdala
nasa glenn research center,8,NASA Glenn Research Center,41.4110836,-81.8692711,Norm Tubman; Abid Khan; J. Wayne Mullinax; Hessam Malmir; Jason Hartwig
boehringer ingelheim pharmaceuticals inc,8,boehringer ingelheim pharmaceuticals inc,,,Brian Linehan; Frederic Buono; Tao Zhang; Vidhyadhar Manee; Thomas Tampone
university of alabama in huntsville,8,University of Alabama in Huntsville,34.70024513333333,-86.65110853333334,Arne Croell; Emmanuel Ezeobidi; Agnieszka Truszkowska; Adekunle Akinmola; Robert Mills
strategic analysis  inc,8,strategic analysis  inc,,,Yaset Acevedo; Mark Jensen; Max Graham; Zachary Watts; Jacob Prosser
national cheng kung university,8,National Cheng Kung University,22.999099,120.2162295,Wei Wu; Bing-Hung Chen; Yu-Hsun Tsai; Wei-Hong Hong; Yu-Hsuan Cheng
brimstone energy,8,brimstone energy,,,Joshua W. Allen; James Bresson; Jason L. Bronkema; Janny Cai; Eric Liu
the university of southern mississippi,8,The University of Southern Mississippi,30.3528503,-89.1377831,Anthony Griffin; Kaleb Jones; Gbadeoluwa Adedigba; Zhe Qiang; Paul Smith
syracuse university,7,syracuse university,,,Nora Prosak; David Ojo; Jordan Avinoam; Theodore Walker; Jesse Bond
iit kharagpur,7,IIT Kharagpur,22.3144275,87.310392,Koustuv Ray; Narayan Pradhan; Rahul Kumar; Parna Pramanik; Narendra Singh Choudhary
technical university of munich,7,Technical University of Munich,48.2654976,11.6692249,Harald Klein; Sebastian Rehfeldt; Michael Stadler; Valentin Krespach; Nicolas Blum
takeda pharmaceuticals international co,7,takeda pharmaceuticals international co,,,C. Benjamin Renner; Ben Renner; Matthew Campbell; Wenlong Tang; Darren Whitaker
nyu college of dentistry,7,nyu college of dentistry,,,Nigel Bunnett; Tu Nguyen; Shavonne Teng; Varun Chokshi; Donna Albertson
indian institute of science,7,Indian Institute of Science,13.0222347,77.5671832,K Ganapathy Ayappa; Anshaj Ronghe; Thulasi Chandrasekaran; Sanjeev Kumar; Sudeep Punnathanam
tianjin university,7,Tianjin University,39.1072533,117.1778919,Zhongyi Jiang; Tinghao Jia; Yao Nian; Xiaohua Ma; Michael Guiver
eindhoven university of technology,7,Eindhoven University of Technology,51.4486602,5.4903996,Simanta Lakhar; Miao Zhang; Maxime Van der Heijden; Gabor Szendrei; Victor de Haas
guangdong technion israel institute of technology,7,Guangdong Technion Israel Institute of Technology,23.4125696,116.636155,Peng Xu; Hanqing Zhang; Dewei Lin; Dian Li; Yiting Xiao
milliporesigma,7,milliporesigma,,,Jacob McCoskey; Aparajita Chatterjee; Christina Carbrello; Jonathan Steen; Joe Almasian
totalenergies,7,TotalEnergies,0.3854609,9.4447602,Sohaib Mohammed; Phuc-Tien Thierry; Samuel Lethier; Frederick de Meyer; Veronique Pugnet
slb,7,slb,,,Ruhi Sultana; Daniel Miller; Kurt Schmidt; Shu Pan; Joe Costandy
kumamoto university,7,Kumamoto University,32.8164178,130.7270397,Armando Quitain; Sumire Ichimaru; Taisei Nagamine; Kota Nishimure; Jonas Karl N. Agutaya
university of miami,7,University of Miami,25.7172724,-80.2787069,Fateme Rezaei; Ruthradharshini Murugavel; Ali Rownaghi; Jimmy Moreno; Kyle Newport
korea institute of energy technology,7,Korea Institute of Energy Technology,35.0099961,126.8039044,Hyo Won Kim; Nam Gyu Lim; Hyeok Jin Kwon; Hoang Thai Bao Ngo; Yu Jin Jo
uc davis,7,uc davis,,,Alejandro Gallegos Tovar; Jennifer Curtis; Yi Wang; Saswati Panda; Zack Xu
ulsan national institute of science and technology,7,ulsan national institute of science and technology,,,Dongrak Oh; Jinyoung Lee; Ji-Wook Jang; Changgwon Choe; Hankwon Lim
exxonmobil technology and engineering company,7,exxonmobil technology and engineering company,,,Lisa S. Baugh; David C. Calabro; Simon C. Weston; Mohammed Abutaqiya; Yu Wang
universidad de guanajuato,7,Universidad de Guanajuato,28.6984944,-106.1339119,Juan Gabriel Segovia; Jesus Manuel Nuñez Lopez; Eduardo Sánchez-Ramírez; Maricruz Juárez-García; Carlos Rodrigo Caceres Barrera
queensland university of technology,7,queensland university of technology,,,Andreia Abadia Borges Carneiro; Morteza Hassanpour; Soumitra Patekar; Mansi Goyal; Julia Bally
university of oxford,7,University of Oxford,51.752,-1.2577,James Kwan; Andrey Poletayev; Laura K. Martin; Michail Stamatakis; Cherie Wong
utah state university,7,Utah State University,41.7526959,-111.808733,Foster Agblevor; Hamza Abdellaoui; Mohamed Sayed Ahmed; Youping Sun; Eisa Valiasil
heriot-watt university,7,Heriot-Watt University,55.93115233333333,-3.2497418,Peter Cummings; Arun Srikanth; Clare McCabe; Ahmed Salem; Ellie Bales
university of wisconsin   madison,7,university of wisconsin   madison,,,Wenjia Wang; Owen J Dziedzic; Claire Lesnjak; Xiaolei Shi; Jarryd Featherman
university of cantabria,7,University of Cantabria,43.4714973,-3.8018803,Eugenio Bringas; Inmaculada Ortiz; Marcos Fallanza; Raquel Ibañez; Gerardo Coppola
the university of melbourne,7,The University of Melbourne,-37.7991808,144.9800356,Eirini Goudeli; Lequan Zeng; George Franks; Raymond Dagastine; Quang Huy Pham
politecnico di milano,7,Politecnico di Milano,45.0468832,9.7030881,Gabriele Spanò; Luca Nardi; Raffaele Cheula; Riccardo Colombo; Chiara Negri
hankyong national university,7,Hankyong National University,37.0117775,127.2634692,Young-Il Lim; Son Ich Ngo; Semie Kim; Bang Le; Huong Mai Thi Kieu
hovione farmaciência sa,7,hovione farmaciência sa,,,Saúl Silva; Rudi Oliveira; Claudia Moura; Maria Catarina Luz; Rodrigo Neto
new mexico institute of mining and technology,7,new mexico institute of mining and technology,,,Sanchari Chowdhury; Youngmin Lee; Naomi Helsel; Hirithya Sharad Jeyashangararaj; Pabitra Choudhury
new mexico tech,7,New Mexico Tech,34.0662339,-106.9110595,Xuan Pham; Janet Baffoe; Corey Leclerc; Julio Cubillas; Jonathan Logan
vertex pharmaceuticals,7,vertex pharmaceuticals,,,Qinglin Su; Carla Luciani; Yaser Bozorgi; Subhash Thakur; Jeffrey Wang
svante inc,7,svante inc,,,Ping Song; Racheal Huynh; Omid Taheri Qazvini; Nima Masoumifard; Omid Ghaffari Nik
northumbria university,7,Northumbria University,54.979120575,-1.610900125,Ben Xu; Zhuofan Qin; Xue Chen; Ding Wang; Qiumei Jing
swedish environmental research institute,7,swedish environmental research institute,,,Tomas Rydberg; Maja Halling; Milena Brouwer-Milovanovic; Therese Kärnman; Jenny Lindén
oakland university,7,Oakland University,42.67665135,-83.15880505,Erin Witherspoon; Natsuumi Ito; Nozomi M. Watanabe; Hiroshi Umakoshi; Nobuyuki Matubayasi
xian jiaotong university,7,Xi'an Jiaotong University,34.249322799999995,108.98010896666666,Yuhao Wang; Fei Chen; Zibi Wang; Menglin Liu; Zhikai Lang
takeda development center americas  inc,6,takeda development center americas  inc,,,Neda Nazemifard; Charles Papageorgiou; Yihui Yang; Guanghui Zhu; Raymond Turro
imperial college london  south kensington,6,imperial college london  south kensington,,,Daryl R. Williams; Eleni Chatzilakou; Yubing Hu; Othman Al Musaimi; Lucia Lombardi
yonsei university,6,yonsei university,,,Jongin Choi; Youn-Sang Bae; Chang-Ha Lee; Hyunji Lim; Yongmin Lee
aalborg university,6,Aalborg University,57.0159071,9.9753082,Tanmay Chaturvedi; Maciej Zychowski; Mohammad Ostadi; Dennis S. Hansen; Mads V. Bram
university of chemistry and technology in prague,6,University of Chemistry and Technology in Prague,50.102222,14.39063,Viola Tokarova; Lucie Maskova; Ondrej Kaspar; Pavel Krýsa; Miroslav Soos
university of colorado school of medicine,6,university of colorado school of medicine,,,Monika Dzieciatkowska; Angelo D’Alessandro; Sara Stoner; Sam Fulte; Ana Fairbanks-Mahnke
kyungpook national university,6,Kyungpook National University,35.8905697,128.6108553,Hyungseok Nam; Jin Hyeok Woo; Jae Chang Kim; Soo Chool Lee; Young Min Yoon
"university of california, merced",6,"University of California, Merced",37.365182,-120.4225275,Samuel Chiovoloni; Jennifer Q. Lu; Jeremias Gonzalez; Ajay Gopinathan; Bin Liu
eaton corporation,6,Eaton Corporation,42.83977,-93.6037789,Monoj Ghosh; Heng Dai; James Strohm; Rob Nunley; Mike Burgess
samsung electronics,6,samsung electronics,,,Dong-Wook Kim; Jinwoo Kim; Jaehee Chang; Jun Kyu Kim; Jong-Min Lee
university college dublin,6,University College Dublin,53.32253315,-6.237669275,Sergio Carrillo De Hert; Rafael Lopez-Rodriguez; Steven Ferguson; Philip Donnellan; Entvin Mamo
liberty university,6,Liberty University,37.3539466,-79.1531533,Wayne Strasser; Elijah Yoder; Nate Breed; Ryan Learn; Robert Kacinski
eastern regional research center  usda-ars,6,eastern regional research center  usda-ars,,,Helen Ngo; Karen Wagner; Xuetong Fan; Majher Sarker; Victor Ryu
university of ar,6,University of AR,36.0970389,-94.1703322,Robert Beitle; Mohammad Mahmoudi; Lei Guo; Kamel Halouani; Ezzeldin Aly
rochester institute of technology,6,rochester institute of technology,,,Obioma Uche; Ke Xu; Poornima Padmanabhan; Moumita Das; Laura Y. Galeano Tirado
sapienza university of rome,6,sapienza university of rome,,,Valentina Biagioni; Antonio Brasiello; Maria Anna Murmura; Stefano Cerbelli; Giuseppe Procopio
chung-ang university,6,chung-ang university,,,Haoxiang Zhang; Ha-Jun Yoon; Dong-Kyoung Shin; Jihong An; Mohammadamin Zarei
queens university,6,Queen's University,54.5847533,-5.936566,Kimberley B. McAuley; Greg van Anders; Houda Haidar; Iman Moshiritabrizi; Lauren Gibson
famu-fsu college of engineering  florida state university,6,famu-fsu college of engineering  florida state university,,,Yan Li; Tristan Driscoll; Xingchi Chen; Sailesti Joshi; Yuan Liu
u.s. department of energy,6,U.S. Department of Energy,38.887938875,-77.0324304125,Bhima Sastri; Nicholas Means; Maressa Brennan; Darin Damiani; Dawn Deel
florida atlantic university,6,Florida Atlantic University,26.1194037,-80.1416919,Amirjavad Ahmadian Hosseini; Laura Rojas; Masoud Jahandar Lashaki; Brandyn Nutter; Steven Soini
fei,6,FEI,45.7647019,8.2499183,Gustavo Vieira Olivieri; Ricardo Torres; Daniel P. P. Rodrigues; Sílvio S. Sumioshi; Lucas E. S. Estevan
university of nebraska - lincoln,6,university of nebraska - lincoln,,,Adil Alsiyabi; Mark Kathol; Joydip Dey; Bhavana Sunil; Thomas Hope
mathworks,6,Mathworks,42.3000136,-71.350891,Aycan Hacioglu; Hossein Jooya; Ramnarayan Krishnamurthy; Kathi Kugler; Sudeep Ghosh
universidad de las americas puebla,6,Universidad de las Americas Puebla,19.0544632,-98.284968,Rosa Henandez-Lopez; Aurelio López-Malo; Nelly Ramírez-Corona; Ricardo Navarro-Amador; Regina Navarrete-González
energy and environmental research center university of north dakota,6,energy and environmental research center university of north dakota,,,Trevor Richards; John Hunt; Cesar Barajas-Olalde; Justin Kovacevich; Kyle McBride
u s  army engineer research and development center,6,u s  army engineer research and development center,,,Mine G. Ucak-Astarlioglu; Chris Griggs; Audie Thompson; Sarah Grace Zetterholm; Summer Nash
universidad michoacana de san nicolás de hidalgo,6,Universidad Michoacana de San Nicolás de Hidalgo,19.6892955,-101.2066338,Luis Fernando Lira-Barragán; Javier Tovar-Facio; Tania Itzel Serrano Arévalo; Jose Ponce-Ortega; César Ramírez-Márquez
university of são paulo,6,University of São Paulo,-23.550206033333332,-46.70192036666666,Celma O. Ribeiro; Juarez Da Silva; Martin Schmal; Brenner Santana; Patience Bello Shamaki
state university of new york at buffalo,6,state university of new york at buffalo,,,Justin Bassett; Manmeet Bhalla; Miles Stefko; Elena Lopez; Elsa Bou Ghanem
gilead sciences,6,Gilead Sciences,48.85183275,2.2433118,Elizabeth Horstman; Chiajen Lai; Darren Bykowski; Vijay Dhand; Apoorva Nisal
southern illinois university edwardsville,6,Southern Illinois University Edwardsville,38.7941616,-90.0002789,Mohamadali Fakhari; Jie Dong; Seyi Akoko; Nevannah Harlan; Abdullahi Adeto Inaolaji
university of san diego,6,university of san diego,,,Rae Robertson-Anderson; Juexin Marfai; Mehdi Aporvari; Philip Neill; Katarina Matic
university of science and technology of china,6,University of Science and Technology of China,31.8234166,117.2758194,Ke Ye; Jun Jiang; Fenghui Lin; Jiaxing Song; Nansheng Liu
the university of maine,6,The University of Maine,43.6854339,-70.2988834,Arya Ajeev; Evan Wujcik; Behrokh Shams; Worood Majali; Zayed Al-Hamamre
boise state university,6,Boise State University,43.6032821,-116.19941,Eric Jankowski; Chris Jones; Marjan Albooyeh; Rainier Barrett; Leah Coffey
boehringer ingelheim,6,Boehringer Ingelheim,19.3038519,-99.13449406666666,Fredrik Nordstrom; Corinne Jankovsky; Xiao Cong; Shubhajit Paul; Leon Schulz
south china university of technology,6,South China University of Technology,23.160342,113.3372426,Ruiqi Fang; Xin Zhao; Jufang Wang; Yang Li; Xiaolong Guo
soka university of america,6,Soka University of America,33.5546752,-117.7347405,Robert Levenson; Junichi Ida; Kiriko Aramoto; Kento Nishi; Shinichi Akizuki
genentech,6,Genentech,38.3901767,-121.9482113,Lin Deng; Lucilla Coelho de Almeida; Ariel Muliadi; Tim Hoogenraad; Edward Yost
central michigan university,6,Central Michigan University,43.58355,-84.7746308,Koblar Jackson; Emad Sanei; Itzel Marquez; Yasna Mortezaei; Goksel N. Demirer
university of queensland,6,University of Queensland,-27.5087934,153.02560985,Byron Villacorta; Julie Wixey; Kirat Chand; Carolyn Curley; Eleenah Sanders
university of patras,6,University of Patras,38.2869279,21.7851062,Vlasios Mavrantzas; Georgios N. Karanikolos; Harry Papargyriou; Sophia Minadaki; Antonios Armaou
memorial university,6,Memorial University,47.5732831,-52.7351911,John Bacsa; Bahram Ghorbani; Sohrab Zendehboudi; Sophia Sakers; Elisa Schrader Echeverri
university of nottingham,6,University of Nottingham,52.9366805,-1.1851735666666667,Chloe Peach; Agnes Anuka; Mohamed Adam; David Large; Sean P. Rigby
sintef industry,6,sintef industry,,,Luca Ansaloni; Thijs Peters; Ben Alcock; Shreenath Krishnamurthy; Schalk Cloete
the lubrizol corporation,6,the lubrizol corporation,,,Glenn Cormack; Nicolas Proust; Frank van Lier; Michael DeLetter; Dixit Parmar
stockholm university,6,Stockholm University,59.3398917,18.03275263333333,Taimin Yang; Xiaodong Zou; Maja-Stina Svanberg Frisinger; Muhammad Naeem Iqbal; Latif Ullah
battelle memorial institute,6,battelle memorial institute,,,Neeraj Gupta; Mark Kelley; Joel Sminchak; Jared Hawkins; Joy Frank-Collins
texas aandm university-kingsville,6,Texas A&M University-Kingsville,27.5279817,-97.8836721,Matthew Alexander; Matthew Kolade Ajakaiye; M. R. Riazi; Francisco Haces Fernandez; Patrick Mills
hong kong university of science and technology,6,Hong Kong University of Science and Technology,22.8916128,113.4790189,Hanyu Gao; Fei Sun; Min HU; Haifan Zhou; Ching Ting Leung
université de lyon,6,université de lyon,,,Abdulrahman Isah; Yahaya Nasiru; Kai Szeto; Pierre-Yves Dugas; Aimery De Mallmann
basf se,6,BASF SE,49.5004949,8.4989269,Lars Matthes; Nadine Kaiser; Rupert Konradi; Bernhard von Vacano; Matthias Schmalzbauer
the cooper union for the advancement of science and art,6,the cooper union for the advancement of science and art,,,Radmila Janjusevic; Tausif Tamim; Abhishek Sharma; Nada Shetewi; Amanda Simson
sutro biopharma,6,sutro biopharma,,,Vikas Patil; Robert Hoffman; Christian Cisneros; Qing Wong; Ee-Been Goh
ansys inc,6,ansys inc,,,Marc Horner; Sravan Nallamothu; Prashanth Ethirajulu; Lucas B. Baggio; Joao A. Aguirre Oliveira
worldwide research and development  pfizer inc,6,worldwide research and development  pfizer inc,,,Marta Moreno Benito; Peiyuan Liu; Mark Pinto; Jenna Pasko; Kai Lee
widener university,6,Widener University,39.8606395,-75.3565932,Gerassimos Orkoulas; Dipendu Saha; Savannah Steger; Christina Mccullough; Annie Miloser
nihon university,6,Nihon University,35.7031676,139.74115154999998,Katsumi Tochigi; Hiroyuki Matsuda; Kiyofumi Kurihara; Soma Hirai; Kazuma Nozaki
university of surrey,6,University of Surrey,51.2430782,-0.5900545,Charley Wu; Madeleine Bussemaker; Jin Xuan; Yucheng Zhu; Auwal Yunusa
uppsala university,6,Uppsala University,59.8576363,17.6294616,Alexandra Teleki; Shno Asad; David Ahl; Mia Phillipson; Shaquib Rahman Ansari
hovione farmaciência,6,hovione farmaciência,,,Pedro Valente; Pedro Monteiro; Ana Martins; Artur Saramago; Ricardo Sousa
ventus therapeutics,6,ventus therapeutics,,,Prerna Gera; Nate Abraham; Vibhas Aravamuthan; Sarah Williams; Jason Burch
paul scherrer institute,5,Paul Scherrer Institute,47.5358954,8.222218,Nina Genz; Maarten Nachtegaal; Man Guo; Jeroen A. van Bokhoven; Luca Artiglia
netl,5,NETL,52.6830181,5.8732297,David Hopkinson; Isaac Gamwo; Guoxiang Liu; Vyacheslav Romanov; Chris Atallah
waseda university,5,waseda university,,,Masahiko Matsukata; Motomu Sakai; Mahiro Matsushita; Tohru Kamo; Kyoka Tanaka
amgen,5,Amgen,23.0726689,72.5941167,Seb Caille; Tessa Myren; Kyle Quasdorf; William Johnson; Margaret Faul
barpimo s.a.,5,Barpimo S.A.,42.9108971,-8.5254274,Helen Zha; Surya Karla; Susanna Alonso; Estefanía Cámara; Saulo Franco
canakkale onsekiz mart univ,5,Canakkale Onsekiz Mart Univ,40.1120066,26.4214648,Nurettin Sahiner; Mehtap Sahiner; Selin S. Sagbas; Sahin Demirci; Selin Sagbas
institute of hydrodynamics of the cas,5,institute of hydrodynamics of the cas,,,Jan Haidl; Ondrej Gebousky; Martin Pivokonsky; Kristyna Idzakovicova; Michaela Prokopova
the university of oklahoma,5,The University of Oklahoma,35.47989685,-97.49737655,Sepideh Razavi; Gabriel Barbosa; Ngoc Hong Pham; Eduarda Barros de Oliveira; Ngoc Bui
polytechnic university of puerto rico,5,polytechnic university of puerto rico,,,Harry Carrion; Dorielis Rodriguez-Suarez; Yariana N. Bengochea Bonilla; Jeziel Rodriguez Vega; Elba Herrera
pohang university of science and technology,5,Pohang University of Science and Technology,36.0180795,129.3208556,Youn-Bae Kang; Sujin Kim; ByeongJo Shim; ChangWon Yoon; Rong An
plug power inc,5,plug power inc,,,Fan Yang; Qiang Sun; Connor Buek; Irene Mahoney; Cortney Mittelsteadt
brewer science  inc,5,brewer science  inc,,,Walter Barnes; Zhiqiang Fan; Qing Pu; Baxton Owen; Neal LaBanca
boston university,5,boston university,,,Robert A. Brown; Han Zang; Ahmad S. Khalil; Christopher S. Chen; Erica Pratt
pfizer global supply,5,pfizer global supply,,,Amarnath Reddy Ganji; Swarali Sandeep Kadam; V Selvakumari; Srichakravarthy Narasimharaghavan; Atul Awasthi
braskem s.a.,5,Braskem S.A.,-9.6819321,-35.7646171,Rodrigo Almeida Luciano; Débora M. Vaz de Miranda; Andressa Improta Cruz; Ana Paula Azeredo; Regina Nonemacher
exhalix  llc,5,exhalix  llc,,,Bill J. Brooks; Debra M. Friedrichsen; Rob Beckius; Grayson Silaski; Reza Shekarriz
exxonmobil,5,ExxonMobil,51.2480381,4.3478222,Prasanna V. Joshi; Bennett Marshall; Hector Ayala; Kirti Richa; Jennifer Port
ucb pharma s.a.,5,UCB Pharma S.A.,50.6918016,4.3405796,Efty Hadjittofis; Jerome Mantanus; Sélim Douieb; Ugo Cocchini; Oleksii Shemchuk
clariant,5,clariant,,,Renqin Zhang; Teerawit Prasomsri; Junchen Liu; Ashten Molley; Brooke Ames
chulalongkorn university,5,chulalongkorn university,13.7431114,100.5328752,Anuchit Wuttitrairat; Paisan Kittisupakorn; Nuttha Thongchul; Jirabhorn Piluk; Panwana Khunnonkwao
trinity college dublin,5,trinity college dublin,,,Rebekah Wells; Tian Carey; Jonathan Coleman; Yurii K. Gun'ko; Shixin Liu
mayo clinic,5,Mayo Clinic,-26.1505617,27.9197318,Takahisa Kanekiyo; Jamie Ganem; Maeve Kennedy; David Lott; Kianoush Kashani
university of copenhagen,5,University of Copenhagen,55.6801502,12.572327,Tamlyn Naidu; Peter Engelund Holm; Satyasaran Changdar; Frans W.J. van den Berg; Serafim Bakalis
university of limerick,5,University of Limerick,52.67356865,-8.56909645,Harry Van den Akker; Negin Ammari; Roya Jamshidian; Orest Shardt; Vivek V. Ranade
university of maribor,5,University of Maribor,46.5592325,15.6432937,Annamaria Vujanović; Jan Puhar; Matija Zaloznik; Blaz Kamenik; Matjaz Hribersek
und,5,UND,47.488157,16.6940316,Jenna Sjoerdsma; Emily Bromley; Jaeho Shin; Caitlin Horgan; Gyoyeon Hwang
university of missouri - columbia,5,university of missouri - columbia,,,Emma McDougal; Agustin Barcellona; Megan Schulte; Bret Ulery; August Hemmerla
dastur energy  inc,5,dastur energy  inc,,,Soukarsa Das; Arunava Maity; Pratyush Kumar; Abhijit Sarkar; Atanu Mukherjee
saudi aramco oil company,5,saudi aramco oil company,,,Mohammed Alkhunaizi; Qi Xu; Mohammad Alabdullah; Robert Hodgkins; Taib Abang
sartorius,5,sartorius,,,Behnam Partopour; Abhinav Hazarika; Taehong Kwon; Ann-Cathrin Leroux; Christoph Zehe
rti international,5,rti international,,,Paul Mobley; Vijay Gupta; Katy Jessop; Jak Tanthana; Marty Lail
sabic,5,Sabic,37.9068688,-87.9283382,Maria Soliman; Nicolas Goyheneix; Sreekanth Pannala; Tingwen Li; Lei Chen
university of central florida,5,University of Central Florida,28.599591,-81.1971284,Shaohua Xie; Like Li; Yifan Wang; James Fenton; Kailong Ye
university of illinois,5,University of Illinois,40.094607692857146,-88.21349916428572,Bahadir Rusen Argun; Roland Okwen; Yuanchao Qian; Yongping Xin; Christopher Korose
university of illinois urbana champaign,5,university of illinois urbana champaign,,,Anaira Roman Santiago; Antonia Statt; Ravi Kumar Reddy Addula; Kristen Eilts; Nurzhan Kuanyshev
washington river protection solutions,5,washington river protection solutions,,,Matt Landon; Kevin D. Miller; Chandra Lindberg; Margarat Bowman; Kenneth J Way
oli systems inc,5,oli systems inc,,,Andrzej Anderko; Yifan Hao; Ronald Springer; Jiangping Liu; Mohiedin Bagheri Hariri
lawrence berkeley national lab,5,lawrence berkeley national lab,,,Amro Dodin; Jaeyong Lee; Ahmet Kusoglu; Alondra Perez; Sumanjeet Kaur
donald danforth plant science center,5,donald danforth plant science center,,,Kong Wong; Keith E. Duncan; Kenan Oestreich; Clara Lebow; Christopher N. Topp
oldendorff carriers,5,oldendorff carriers,,,Ievgenii Petrunia; Torsten Barenthin; Paul Jeffrey; Christopher Fee; Scott Bergeron
northern arizona university,5,northern arizona university,,,Jennifer Wade; Adam Sjolund; Thomas Sasser; Olivia Andrea Wrenn; Stephano Sinyangwe
university of canterbury,5,University of Canterbury,-43.5240894,172.5803004,Matthew Watson; Cassidy van Vuuren; Kathryn Ford; Rebecca Newport; Aaron Marshall
kwangwoon university,5,kwangwoon university,,,Hiesang Song; Yeonsoo Kim; Hyungjun KIM; Changbeom Hong; Gyeonggwan Jeon
universidad nacional de ingeniería,5,universidad nacional de ingeniería,,,Gustavo Perez; Josue Loro; Max Dueñas; Odell Liñan; Osvaldo Carrion
universidad nacional de colombia   sede medellín  facultad de minas,5,universidad nacional de colombia   sede medellín  facultad de minas,,,Luis F. Vallejo-Molina; Sebastian López; David Soto; Jorge Martin Molina; Alejandro Molina
dow chemical,5,Dow Chemical,43.3183808,-2.9796248,Kaoru Aou; Danny Shade; Xiaoyun Chen; Rainer Freudenberger; Kalyn Froeschle
university at buffalo  state university of new york,5,university at buffalo  state university of new york,,,Sriram Neelamegham; Ryoma Hombu; Lauren Beatty; Sheldon Park; Qi Yang
washington and jefferson college,5,Washington & Jefferson College,40.1719209,-80.2413496,Adam Holewinski; Joseph Cramer; Huiyuan Zhu; Gia Monte; Ravneet Kahlon
université de sherbrooke,5,Université de Sherbrooke,45.374731,-71.9303566,Federico Galli; Esma Ines Achouri; Muhammad Irfan Malik; Nicolas Abatzoglou; Juan Pablo Diaz Ramirez
vaccine production program  nih niaid,5,vaccine production program  nih niaid,,,Sean Mack; Atul Agrawal; Rojin Najmabadi; Peifeng Chen; Daniel Gowetski
basf,5,BASF,51.3623782,4.2771851,Christian Holtze; Lukas Metzger; Carlos L. Pueyo; Jianping Chen; Roel Sanchez-Carrera
beijing university of chemical technology,5,Beijing University of Chemical Technology,40.2525863,116.1437701,Wei Sun; Cheng Ji; Fangyuan Ma; Jingzhi Rao; Jingde Wang
air force research laboratory,5,air force research laboratory,,,Arthur Sloan; Benji Maruyama; Anesia Auguste; Rhett L. Martineau; Maneesh K. Gupta
technical university of darmstadt,5,technical university of darmstadt,,,Alfons Drochner; Danny Stark; Timothy Nowak; Stefanie Frick; Andreas Klein
new york university tandon school of engineering,5,new york university tandon school of engineering,,,Nathalie Pinkerton; Parker Lewis; Kiana Bahrami; Gülse Kayra Oğuz; Deven Paul
texas aandm international university,5,Texas A&M International University,27.5722485,-99.4325843,Heriberto Garcia; Mohammad Davachi; Carlo Alberto Velazquez; Linh Doan; Khoa Tran
innovation center - orlando  siemens energy inc,5,innovation center - orlando  siemens energy inc,,,Susanne Jamison; Dominick Calabria; David Meek; Jan Marsh; Clifford Hatcher
bascat - unicat basf jointlab - tu berlin,5,bascat - unicat basf jointlab - tu berlin,,,Emre Turan; Robert Dieckmann; Michael Geske; Raoul Naumann D'Alnoncourt; Frank Rosowski
university of the witwatersrand,5,University of the Witwatersrand,-26.1888766,28.0247912,Neil Stacey; Peter Stacey; Mulenga Bwalya; Andrew Thatcher; Tracy-Lynn Field
national institute of advanced industrial science and technology,5,national institute of advanced industrial science and technology,,,Thuy Nguyen; Satoshi Taniguchi; Takehiro Yamaki; Nobuo Hara; Sho Kataoka
hampton university,5,Hampton University,37.0210096,-76.3386255,Juan Sebastian Yakisich; Brian Aufderheide; Katie Chong; Röder Mirjam; Thornley Patricia
university of new mexico school of medicine,5,university of new mexico school of medicine,,,Deepali Kulkarni; Carolyn Pace; Ross M. Clark; Nancy L. Kanagy; Jessica C. Neff
tsinghua university  p r china,5,tsinghua university  p r china,,,Yi Cheng; Shuairen Qian; Ruiqi Du; Rui Jia; Kaizheng Zhang
carbon america,5,carbon america,,,Jonathan Stickel; Jeffrey Young; Widad Yossri; Michael McNelis; Miles Abarr
siemens,5,Siemens,45.7918775,24.0933759,Ravindra Aglave; Arman Raoufi; Christoph Kiener; Justin Hodges; Xin Li
university of texas at san antonio,5,university of texas at san antonio,,,Gongchen Sun; Shrihari Sankarasubramanian; Gabriel Garibaldi; Miguel Garibaldi; Erin McNeill
university of pretoria,5,University of Pretoria,-25.73856225,28.1983628,John Unuofin; Luke Invernizzi; Michael Daramola; Samuel Iwarere; Kylah Dalgleish
institute of zhejiang university-quzhou,5,institute of zhejiang university-quzhou,,,Zheng Yang; Jintang Duan; Cai-Liang Zhang; Xue-Ping Gu; Lian-Fang Feng
soongsil university,5,soongsil university,,,Yun-Ho Ahn; Jun Hyoung Lee; Geumbi Han; Lee Jae-Cheol; Min-Kyung Kim
california state university-bakersfield,5,California State University-Bakersfield,35.3493892,-119.1033969,Liaosha Song; Zhongzhe Liu; Chengwei Lei; Huaiyu Zhang; Calvin Uclaray
porton usa,5,porton usa,,,Jian Wang; Abhinav Karwani; Chien Yu Lu; James O'Connor; Yuriy Abramov
university of pavia,5,University of Pavia,45.1869265,9.1568768,Elena Barbera; Andrea Guarise; Christian Di Buduo; Alessandra Balduini; Elisa Cimetta
chang gung university,5,Chang Gung University,25.03767115,121.40532285,Tesfalem Atsbha; Taeksang Yoon; Si-Han Peng; Hsin-Chun Lu; Shingjiang Jessie Lue
center for interdisciplinary research and innovation of aristotle university of thessaloniki,5,center for interdisciplinary research and innovation of aristotle university of thessaloniki,,,Nafsika Papaioannou; Catherine Gabriel; Achilleas Karakoltzidis; Thanasis Papageorgiou; Elisavet Renieri
university of north carolina at chapel hill,5,University of North Carolina at Chapel Hill,35.9050353,-79.0477533,Erina Baynojir Joyee; Anasheh Khecho; Jillian Perry; Shaomin M Tian; Matthew Ryen Lockett
robinson research institute,4,robinson research institute,,,Bavinesh Maisuria; Sigit Prabowo; James T. Hinkley; Chris Bumby
manchester metropolitan university,4,Manchester Metropolitan University,53.43878743333334,-2.2311935,Dong Xia; Yagya Regmi; Laurie A King; Marianna Cavada
clariant corporation,4,clariant corporation,,,Vladimir Fridman; Matthew Greaney; Rong Xing; Morgan Engelmeyer
engineering and process science  core randd  the dow chemical company,4,engineering and process science  core randd  the dow chemical company,,,Jorg Theuerkauf; Yuan Yao; Pedram Pakseresht; Yi Fan
university of connecticut health center,4,University of Connecticut Health Center,41.7334454,-72.7923453,Pejman Ghelich; Mohamadmahdi Samandari; Alireza Hassani Najafabadi; Ali Tamayol
univ of alabama birmingham,4,UNIV OF ALABAMA BIRMINGHAM,33.5016153,-86.8060476,Robert Peters; Sandra Cutts; Lalita A. Shevde
universidad de los andes  carrera,4,universidad de los andes  carrera,,,Juan F. Saldarriaga; Alejandra Vargas-Beltrán; Adriana Jaimes; Maria P. Reyes
university of fribourg,4,University of Fribourg,46.793058,7.157106,Kirill Klimenko; Alexander Varnek; Jansie Smart; Marco Lattuada
dlr,4,DLR,33.80123545,-117.88532445,Hasan Mashni; Benedict T. Enderle; Uwe Bauder; Georg Eckel
yokohama national university,4,Yokohama National University,35.4737978,139.5900454,Ryuta Misumi; Mehak Jain; Takemi Shinkai; Fumiya Hirowatari
universite de pau et des pays de l adour  e2s uppa  latep,4,universite de pau et des pays de l adour  e2s uppa  latep,,,Alix Untrau; Frédéric Marias; Sylvain Serra; Sabine Sochard
durban university of technology south africa,4,Durban University of Technology South Africa,-29.6458441,30.3501321,Riona Indhur; Faizal Bux; Sheena Kumari; Stephen Akpasi
easyxafs,4,easyxafs,,,Paul Aronstein; William Holden; Zachary Lebens-Higgins; Devon Mortensen
universiti teknologi malaysia utm,4,Universiti Teknologi Malaysia (UTM),1.5585223,103.6399138,Vasantha Nayagam; Daniel Joe Dailin; Solleh Ramli; Hesham El Enshasy
department of chemical engineering  college of engineering  king khalid university  abha 61411  saudi arabia,4,department of chemical engineering  college of engineering  king khalid university  abha 61411  saudi arabia,,,Basem Al Alwan; Khursheed B. Ansari; Atef El Jery; Rahaf Alharbi
university of chile,4,university of chile,,,Irene Martinez; Martin Cespedes; Carolina Gonzalez; Franck Quero
lbnl,4,lbnl,,,Donald DePaolo; Bhavna Arora; Pramod Bhuvankar; John Christensen
ruhr-university bochum,4,Ruhr-University Bochum,51.4441576,7.2609654,Justus Metternich; Philip Biessey; Meike Holtkamp; Darius Steegborn
kyushu university,4,Kyushu University,33.6707768,130.4444986,Masahiro Goto; Yuma Morimitsu; MD Amirul Islam; Bidyut Baran Saha
sartorius stedim north america inc,4,sartorius stedim north america inc,,,Samin Akbari; Yuji Takeda; Fujun Wang; Xin Gu
north carolina agricultural and technical state university,4,North Carolina Agricultural & Technical State University,36.071873825,-79.773697625,Aleksandrs Prokofjevs; Yeoheung Yun; Shashwata Chakraborty; Jonathan Appiah
washington university school of medicine,4,Washington University School of Medicine,47.6614466,-117.397547,Brenda J. Smith; Yameng Xu; Chet W. Hammill; Ryan Relich
department of chemical and biomolecular engineering  lehigh university,4,department of chemical and biomolecular engineering  lehigh university,,,Zeyuan Sun; Haoze Ren; Han Li; Meng Wang
schepens eye research institute of mass  eye and ear,4,schepens eye research institute of mass  eye and ear,,,Volha Malechka; John Dayron Rivera; Emil Kriukov; Julia Oswald
koch institute for integrative cancer research,4,koch institute for integrative cancer research,,,Namita Nabar; Gil Covarrubias; Denisse Romero-Cruz; Deeksha Kumaresh
uniformed services university of the health sciences,4,uniformed services university of the health sciences,,,Robert Volpe; Andres Londono-Barbaran; Michael Daly; John Dumler
university of leeds,4,University of Leeds,53.8057925,-1.555111,Benjamin Lobel; Olivier J. Cayre; Andrew Bayly; Tushae Srivastava
university of innsbruck,4,University of Innsbruck,47.2633159,11.3844733,Kai Langenbach; Christian Wachsmann; Julia Amplatz; Joshua Marx
corporate research and development  sabic,4,corporate research and development  sabic,,,Abdulrahman Alzailaie; Ibraheam Al-Shankiti; Mohammed Babkoor; Robert Schucker
rcpe gmbh,4,rcpe gmbh,,,Johan Remmelgas; Peter Dsouza; Johannes Khinast; Matej Zadravec
recibiopharm,4,recibiopharm,,,Busuyi Adebayo; Marianna Sofman; Kaschif Ahmed; Edita Botonjic-Sehic
reaction engineering international,4,reaction engineering international,,,Zhonghua Zhan; Xiaolong Li; Marc Cremer; Andrew Chiodo
maastricht university,4,Maastricht University,50.8472117,5.6859518,Martijn Ruijzendaal; Maria Moreira de Azevedo; Tom Butterworth; Gerard van Rooij
university of michigan ann arbor,4,university of michigan ann arbor,,,Megan L. Killian; Anjali Mittal; Andrew Scott; Daniel Wahl
cnrs,4,cnrs,,,Teseer Bahry; Francois Jerome; Sabine Valange; Prince N. Amaniampong
university of maryland baltimore county,4,university of maryland baltimore county,,,Luis Carlos Pinzon-Herrera; Luis C. Pinzon-Herrera; Jorge Almodovar; Pavankumar Umashankar
fuzhou university,4,Fuzhou University,26.0614068,119.1933416,Qiang Guo; Li-Hai Fan; Ling-Jie Zheng; Chen-Yang Liu
shell international exploration and production,4,shell international exploration and production,,,Elizabeth Endler; Monica Heredia; Vesna Bojovic; Pejman Pajand
qatar environment and energy research institute  hamad bin khalifa university  qatar foundation  p o  box 34110,4,qatar environment and energy research institute  hamad bin khalifa university  qatar foundation  p o  box 34110,,,Ahmed Abotaleb; Nada Abounahia; Mabkhout Al Yarabah; Alessandro Sinopoli
chemical engineering department  universidad michoacana de san nicolás de hidalgo,4,chemical engineering department  universidad michoacana de san nicolás de hidalgo,,,Cesar Ramírez-Márquez; Francisco Javier López Flores; José María Ponce-Ortega; Cesar Ramírez
chemical engineering department  faculty of engineering  cairo university,4,chemical engineering department  faculty of engineering  cairo university,,,Amr Abdelghany; Omar Elbarody; Mai M. Kamal Fouad; Tamer S. Ahmed
jsol corporation,4,jsol corporation,,,Teppei Fukuya; Takayuki Nishio; Hiroya Nitta; Taku Ozawa
prony resources new caledonia  usine du grand sud route de kwa neie  prony bp 218,4,prony resources new caledonia  usine du grand sud route de kwa neie  prony bp 218,,,Okechukwu Dickson; Julien Lombart; Antoine Tardy; Fatima Lachaize
university of nebraska,4,University of Nebraska,40.83132621428571,-96.68771961428573,Rebecca Cahoon; Edgar Cahoon; Ravi Saraf; Hunter Flodman
johns hopkins university school of medicine,4,johns hopkins university school of medicine,,,Honggang Cui; Kathleen Gabrielson; Jeremy Walston; Rangaramanujam Kannan
city college of new york  cuny,4,city college of new york  cuny,,,Raymond Tu; Darjan Podbevšek; Honghui Yu; Maheen Khan
serán bioscience,4,serán bioscience,,,Mark Kastantin; Ryan Mowry; Tanner Corrado; Gabriella Dube
key laboratory of coal gasification and energy chemical engineering of ministry of education  shanghai engineering research center of coal gasification  east china university of science and technology,4,key laboratory of coal gasification and energy chemical engineering of ministry of education  shanghai engineering research center of coal gasification  east china university of science and technology,,,Haifeng Lu; Shicheng Wang; Xiaolei Guo; Liang Zhang
maynooth university,4,Maynooth University,53.3846374,-6.6030523,Rupa Kasturi Palanisamy; Yiran Luo; Carmel Breslin; Eithne Dempsey
kfupm,4,kfupm,,,Syed Muhammad Shakil Hussain; Safwat Abdel-Azeim; Monther Alkoshab1; Kashif Rehan
polymat institute - university of the basque country upv ehu,4,polymat institute - university of the basque country upv ehu,,,Matias Picchio; Elena Romero-Ben; Ana Beloqui; Marcelo Calderón
pnnl,4,pnnl,,,Peng Zuo; Busra Dereli; Andrew Carney; Sandra Fiskum
merck,4,Merck,36.935832,140.8428371,Hong Wei; Sanjaykumar Patel; Jasmine Rowe; Jacky Chen
centro de investigação de montanha   instituto politécnico de bragança  campus de santa apolónia  5300-253,4,centro de investigação de montanha   instituto politécnico de bragança  campus de santa apolónia  5300-253,,,José A. C. Silva; Lucas Zafanelli; Ezzeldin Aly; Adriano Henrique
shell international exploration and production  inc,4,shell international exploration and production  inc,,,Ram Ratnakar; Oyinkansola Romiluyi; Reza Mirshekari; Yoon Jun Son
international flavors and fragrances,4,International Flavors & Fragrances,40.4630253,-88.3841974,Keisha Wilson McDowell; Christian Lenges; Jure Zlopasa; Natnael Behabtu
tu graz,4,tu graz,,,Lukas Maier; Michael Mitterlindner; Gregor Fasching; Stefan Radl
borsodchem ltd,4,borsodchem ltd,,,Benjámin Csorba; László Farkas; Andrea Mihalkó; Renáta Zsanett Boros
pontifical catholic university of rio grande do sul,4,pontifical catholic university of rio grande do sul,,,Leonardo Barbosa Martins; Gerti Weber Brun; Allan Morcelli; Laura Rocca Ribeiro
the university of texas aandm,4,the university of texas aandm,,,Jordan Morrow; Crysthal Alvarez; Carla Berrospe-Rodriguez; Guillermo Aguilar
granutools,4,granutools,,,Aurelien Neveu; Filip Francqui; Marco Lupo; Salvatore Pillitteri
the university of utah,4,The University of Utah,41.0956278,-111.9941083,Kody Powell; Matthew Williams; Ethan Gallup; Srabani Karmakar
south dakota state university,4,South Dakota State University,44.344449,-96.7982371,Zhengrong Gu; Fuzhou Chen; Jiahui Yuan; Linjuan Wang
cardiff university,4,Cardiff University,51.4887426,-3.1795999,Isaac Daniel; Mark Douthwaite; Samuel Pattisson; Graham J. Hutchings
institution,4,Institution,0.3120733,32.58589165,Kangseop Kim; Hyeone Lee; Yeongwoo Kim; Junwoo Park
mork family department of chemical engineering and materials science  university of southern california,4,mork family department of chemical engineering and materials science  university of southern california,,,Mohammad Bazmi; Farnaz Tabarkhoon; Nicholas Welchert; Hamid Bakhshizarinabadi
mitsubishi electric research laboratories,4,mitsubishi electric research laboratories,,,Ye Wang; Rien Quirynen; Christopher Laughman; Ankush Chakrabarty
mohammed vi polytechnic university,4,mohammed vi polytechnic university,,,Youssef Belmabkhout; Ayalew Assen; Achraf Delhali; Ali Yimer
university of tennessee knoxville,4,university of tennessee knoxville,,,Brian Mendoza; Xianliang Zheng; Jared Clements; Christopher Cotter
spx flow,4,SPX FLOW,-23.6716178,-46.5565992,Kevin Logsdon; Sarah Lanzafame; Casandra Stein; Jason Giacomelli
the university of texas at el paso,4,The University of Texas at El Paso,31.7757047,-106.5062875,Zachary Chanoi; Laura A. Martinez Espinoza; Evgeny Shafirovich; Leonidas Bleris
hongik university,4,Hongik University,37.56100883333333,126.98620790666668,Dongil Shin; Seungwon Shin; Gebremedhn Gebremichael; Donghyeon Lee
national research council cnr,4,National Research Council (CNR),43.7185349,10.4220511,James Butler; Samira Lotfi; Refat Ghunem; Vincenzo Palermo
telescope innovations corp,4,telescope innovations corp,,,Junliang Liu; Lars Yunker; Shad Grunert; Paloma Prieto
tennessee tech university,4,Tennessee Tech University,36.1748736,-85.5089051,Mohammad J Seyed Sabour; Sahera Abumariam; Phuong Tran; Andrea Arce-Trigatti
temasek life sciences laboratory,4,temasek life sciences laboratory,,,Vaishnavi Reddy; Jolly Saju; Daisuke Urano; Rajani Sarojam
institut cochin  inserm,4,institut cochin  inserm,,,Lene Vimeux; Thomas Guilbert; Imane Benhammou; Emmanuel Donnadieu
national energy technology lab,4,national energy technology lab,,,Paul Holcomb; Alex Sun; Chung Shih; Hema Siriwardane
harbin institute of technology,4,Harbin Institute of Technology,45.741589,126.6255626,Lifeng Li; Bo Wang; Yi Yang; Chong Yan
boehringer ingelheim pharmaceuticals  inc,4,boehringer ingelheim pharmaceuticals  inc,,,Huayu Li; Na Yao; Abdul Khan; Joe Gao
tennessee technological university,4,tennessee technological university,,,Shafieh Karami; Pedro Arce; Laura H. Arias Chavez; Bahman Ghorashi
the cooper union,4,the cooper union,,,Jennifer Weiser; Jared Sealy; Isha Dave; Emma Cohen
università degli studi di padova,4,Università degli Studi di Padova,45.4066496,11.8774407,Silvia Pelucchi; Paolo Mocellin; Filippo Carretta; Chiara Vianello
université claude bernard lyon i,4,université claude bernard lyon i,,,Melaz Tayakout-Fayolle; Rita Fayad; Francoise Couenne; Christian Jallut
hovione,4,hovione,,,Ines Rocha; Anthony Tantuccio; Sarang Oka; Jose Luis Santos
alma mater studiorum - university of bologna,4,alma mater studiorum - university of bologna,,,Matteo Minelli; Marco Giacinti Baschetti; Virginia Signorini; Roberta Di Carlo
utrecht university,4,utrecht university,,,Martin F. Haase; Marta Perxés Perich; Jessi E.S. van der Hoeven; Florian Meirer
netherlands organisation for applied scientific research  tno,4,netherlands organisation for applied scientific research  tno,,,Shahriar Mirpour; Yves Creyghton; Hans Linden; Dirk van den Bekerom
usda,4,usda,,,Prakash Nepal; Richard Bergman; Naveenkumar Rajendiran; Todd Naumann
usda forest products laboratory,4,usda forest products laboratory,,,Peter Kitin; Craig Clemons; Biljana Bujanovic; Prajakta Dongre
uw-madison,4,uw-madison,,,Abdullah Al-Abdulghani; Natalie Altvater; Son Dong; Mary Schilling
hovione farmaciência s a,4,hovione farmaciência s a,,,Ines Rocha; Catarina Chendo; Maria Paisana; Pedro Jorge
surface measurement systems,4,surface measurement systems,,,Paul Iacomi; Lisa Mingzhe Sun; Sean McIntyre; Connor Hewson
oregon health and science university,4,oregon health and science university,,,Alexander Melrose; Helena Ventosa-Capell; Jiaqing Pang; Joseph E. Aslan
amirkabir university of technology,4,Amirkabir University of Technology,35.7263664,51.3955131,Javad Dastjerdi; Mohsen Khorsand; Cavus Falamaki; Leila Zargarzadeh
american university of the middle east,4,American University of the Middle East,29.1640713,48.099383,Suad Alzanki; Hatem Alsyouri; Eldhose Iype; Ozgen Yalcin
aiche,4,AIChE,47.6756422,8.2617198,Joseph Cramer; Jeffrey Horowitz; Heather Yuengling; Fadhil Al-Aboosi
air liquide,4,Air Liquide,33.7784088,-118.2827261,Zachary Wilson; Ayman Mhamdi; Jeffrey E. Arbogast; Federico Brandani
ocean college zhejiang university,4,ocean college zhejiang university,,,Jiwei Chen; Weiqi Fu; Mengsheng Xia; Yixi Su
yeungnam university,4,Yeungnam University,35.828022,128.7572223,Sang W. Joo; Nallapureddy Jyothi; Mohan Reddy Pallavolu; B. Venkateswarlu
instituto tecnológico de aguascalientes,3,instituto tecnológico de aguascalientes,,,Adrián Bonilla-Petriciolet; Rosa María Fonseca-Pérez; Octavio Del-Mazo-Alvarado
sintef energy research,3,sintef energy research,,,Sai Gokul Subraveti; Simon Roussanaly; Rahul Anantharaman
meltprep,3,meltprep,,,Daniel Treffer; Andreas Bramböck; Martin Genshofer
sinopec research institute of petroleum processing,3,sinopec research institute of petroleum processing,,,Wenming Liu; Jianhong Gong; Jinquan Zhu
bernard and irene schwartz center for biomedical imaging  department of radiology  new york university grossman school of medicine  new york  new york  10016  usa,3,bernard and irene schwartz center for biomedical imaging  department of radiology  new york university grossman school of medicine  new york  new york  10016  usa,,,Orlando Aristizabal; Orin Mishkit; Neelam Pandya
samsung advanced institute of technology,3,samsung advanced institute of technology,,,Su Keun Kuk; Jun Kyu Kim; Jong-Min Lee
laboratory for laser energetics,3,laboratory for laser energetics,,,Kenneth L. Marshall; Abigail Bonino; Prathiksha Mangalasubaskaran
doe great lakes bioenergy research center,3,doe great lakes bioenergy research center,,,Samuel Scholz; Bumkyu Kim; Canan Sener
procter and gamble co.,3,Procter and Gamble Co.,41.5966797,-76.0207527,Marco Caggioni; Victor Wu; Miao Na
md anderson cancer center,3,md anderson cancer center,,,Xiuning Le; John Heymach; Sangheon Han
national institute for public health and the environment,3,National Institute for Public Health and the Environment,52.1009638,5.1684496,Vrishali Subramanian; Martijn van Bodegraven; Jaco Westra
jfe steel corporation,3,jfe steel corporation,,,Yuta Nishikawa; Kohei Yoshikawa; Nobuyuki Shigaki
dsm-firmenich,3,DSM-Firmenich,46.1772613,6.0064557,Taliehsadat Alebrahim; Novin Mehrabi; Mark Nejako
dupont,3,DuPont,47.0990689,-122.637546,Scott Collick; Senyo Opong; Steven F. Krakowski
charles university,3,charles university,,,Sima Sarcevic; Jachym Rosendorf; Vaclav Liska
university of tennessee-knoxville,3,university of tennessee-knoxville,,,Xianzhi Meng; Yunxuan Wang; Shuai Li
biopharm services,3,biopharm services,,,Aditi Holey; Yuki Abe; Andrew Sinclair
siemens industry software inc,3,siemens industry software inc,,,Alejandro Cano; Shashank Maindarkar; In-Seon Kim
basf se  group research,3,basf se  group research,,,Michael Bender; Benjamin Frank; Johannes Bode
battelle,3,battelle,,,Jonathan Picking; Brad Heater; Kate Kucharzyk
université de lorraine  cnrs,3,université de lorraine  cnrs,,,Graciela Cares; Philippe Marchal; Veronique Falk
institute of separation science and technology  friedrich-alexander-university erlangen-nürnberg,3,institute of separation science and technology  friedrich-alexander-university erlangen-nürnberg,,,Matthias Thommes; Carola Schlumberger; Carlos Cuadrado Collados
south asian university,3,south asian university,,,Akanksha Jain; Eshaan Agarwal; Gobinath Rajagopalan
soochow university,3,soochow university,,,Boya Lv; Xiao Dong Chen; Jie Xiao
unam,3,unam,,,Oscar Gonzalez; Alan Jimenez; Marco A. Ramírez Argáez
particulate solid research  inc,3,particulate solid research  inc,,,Allan Issangya; Surya Karri; Francisco Sanchez Careaga
university of twente,3,university of twente,,,Natalia Cano; Laura Franco-García; Rebecca Saive
georgia southern university,3,Georgia Southern University,32.4214381,-81.7845053,Sidong Lei; Md. Nizam Uddin; L. Stetson Rowles
georgetown university,3,georgetown university,,,Gavin Donley; Emanuela Del Gado; Lucas Hildebrand Pires da Cunha
university of california san francisco,3,University of California San Francisco,37.74342515,-122.4675367,Maude Liegeois; John Fahy; Robert Castro
general motors corporation,3,general motors corporation,,,Jingxin Zhang; Nagappan Ramaswamy; Swami Kumaraguru
national institutes of health,3,National Institutes of Health,39.0000142,-77.1040039,Zack Jarin; Chiara Laura Battistelli; Cecilia Bossa
national tsing hua university,3,national tsing hua university,,,Yu-Chen Hu; Nam Pham; Yi-Hsiu Wu
national center for agricultural utilization research,3,National Center for Agricultural Utilization Research,40.7092208,-89.6148159,Siqing Liu; Steve Cermak; Bruce S. Dien
linde plc,3,linde plc,,,Yajun Wang; Jesus Flores-Cerrillo; Yanan Cao
german aerospace center,3,German Aerospace Center,50.8532848,7.124659,Martin Roeb; Patrick C. Le Clercq; Holger Huck
university of tartu,3,University of Tartu,58.381014,26.7195598,Ivari Kaljurand; Sofja Tshepelevitsh; Ivo Leito
university of science and technology,3,University of Science and Technology,15.3705392,44.1750664,Yong Tae Kim; Kang-Seok Go; Chuanling Si
tuskegee university,3,Tuskegee University,32.4301095,-85.7067335,Nyla Metcalf; Kyra Anderson; Shahryar Jafarinejad
dr vishwanath karad mit world peace university,3,dr vishwanath karad mit world peace university,,,Ruchi Mathad; Vivek Chakraborty; Mehwish Ali
microsoft research,3,microsoft research,,,Siddhartha Sen; Bichlien Nguyen; Jake Smith
shell global solutions,3,shell global solutions,,,Benjamin M. Comer; Shibin Thundiyil; Ganesh Iyer
polymat and department of applied chemistry  university of the basque country upv ehu,3,polymat and department of applied chemistry  university of the basque country upv ehu,,,Elena Romero-Ben; Ana Beloqui; Marcelo Calderón
kuwait university,3,Kuwait University,29.344252,48.0833926,Osamah Alomair; Nyeso Azubuike; Fahad Al-Fadhli
tu delft,3,TU Delft,52.016043475,4.358393925,Tom Burdyny; Michiel Wapperom; Gabriel Meesters
universidad autónoma de san luis potosí,3,Universidad Autónoma de San Luis Potosí,22.1443382,-101.0155732,Yazael R. Morales-Flores; Otilio E. Rodriguez-Lopez; Jose A. Martinez-Gonzalez
uconn health,3,uconn health,,,Juliet González; Patricia Hare; Wendy W.K. Mok
cape breton university,3,Cape Breton University,46.1679892,-60.0905367,Muhammad Jujuly; Cynthia A. Cruickshank; Alexandra Mallett
ucl,3,ucl,,,Richard Porter; Lazaros G. Papageorgiou; Peyman Z. Moghadam
uc riverside,3,uc riverside,,,Chase Lenert-Mondou; Stephanie Carrera; Yuna Aguilar
carleton college,3,carleton college,,,Daniela Kohen; Nathan Wang; Henry Wolters
center for biofilm engineering,3,center for biofilm engineering,,,Campbell Putnam; Ross Carlson; Elif Ugur
school of chemistry  chemical engineering and biotechnology  nanyang technological university,3,school of chemistry  chemical engineering and biotechnology  nanyang technological university,,,Ari Fischer; Sainan Zhao; Ming-Hsu Chen
fda,3,FDA,6.0819016,-8.1441751,Kanny Wan; Huiquan Wu; Daniel Obrzut
tu darmstadt,3,tu darmstadt,,,Tim Kircher; Maximilian Hungsberg; Martin Votsmeier
massachusetts general hospital,3,massachusetts general hospital,,,Jin-Ho Park; Young Kwan Cho; Hakho Lee
fundamental ai research   meta,3,fundamental ai research   meta,,,Muhammed Shuaibi; Zachary Ulissi; C. Lawrence Zitnick
fractionation research inc,3,fractionation research inc,,,"Izak Nieuwoudt, PhD.Eng, D.Eng; Tony Cai; Sayeed Mohammad"
university of toulouse  imt mines albi  umr cnrs 5302  rapsodee centre  campus jarlard  albi cedex 09 f-81013,3,university of toulouse  imt mines albi  umr cnrs 5302  rapsodee centre  campus jarlard  albi cedex 09 f-81013,,,Fabienne Espitalier; Christophe Coquelet; Thomas Deleau
pittsburg state university,3,Pittsburg State University,37.3904299,-94.6953939,Pranabesh Sahu; Tim Dawsey; Ram Gupta
planta piloto de ingenieria quimica,3,planta piloto de ingenieria quimica,,,Erica Patricia Schulz; Guillermo Durand; Maria Soledad Diaz
universidade federal de minas gerais,3,universidade federal de minas gerais,,,Cássia R. Souza; Carolina N. da Silva; Sônia D. F. Rocha
university of sydney,3,University of Sydney,-33.8889073,151.1894111,Debora Monego; Asaph Widmer-Cooper; David F. Fletcher
nanjing normal university,3,Nanjing Normal University,32.0550562,118.7621005,Zijia Li; He Huang; Fei Du
joint bioenergy institute,3,joint bioenergy institute,,,Trent Northen; Jay Keasling; Tyler Backman
national academy of sciences of ukraine,3,National Academy of Sciences of Ukraine,50.4505671,30.5289007,Oleksiy V. Shvets; Mykhailo M. Kurmach; Nataliya Shcherban
ming chi university of technology,3,ming chi university of technology,,,Thanh LONG Nguyen; Huy HOA Dang; Chao-Lin Liu
johnson matthey,3,Johnson Matthey,53.0436493,-2.1973036,Jack I'Anson; E. Hugh Stitt; Robert Gallen
king khalid university,3,king khalid university,,,Mohammed Almesfer; Mohd Danish; Mumtaj Shah
electric power research institute,3,electric power research institute,,,Joseph A. Swisher; Phillip de Mello; Abhoyjit Bhown
university of southern mississippi,3,University of Southern Mississippi,31.3286452,-89.3367312,Zhiyuan Qian; Paul Smith; Olivia McNair
kangwon national university,3,Kangwon National University,37.8672582,127.7447487,Seung-Soo Kim; Sanjit Gaikwad; Sangil Han
institute for basic science,3,institute for basic science,,,Hongjun Park; Ryong Ryoo; Raj Kumar Bera
lund university,3,Lund University,55.7126504,13.2107587,Frederik Ossler; Mariona Battestini Vives; Christian P. Hulteberg
széchenyi istván university,3,Széchenyi István University,47.6941936,17.6273964,Jean Pimentel; Heriberto Cabezas; Ferenc Friedler
texas aandm university - corpus christi,3,Texas A&M University - Corpus Christi,27.7127513,-97.3233877,Richard Coffin; Maria Vasilyeva; Hussain Abdulla
hiden isochema,3,hiden isochema,,,Darren Broom; Mark Roper; Mike Benham
aramco americas,3,aramco americas,,,Liz Haddad; John Yang; Patrick Wright
aveva,3,Aveva,51.1031262,16.9450607,Bruna Giron; Jesse Williamson; Mike Donahue
nl chemical technology  inc,3,nl chemical technology  inc,,,Norman Li; Richard Q. Song; Jane Li
hovione farmaciencia s a,3,hovione farmaciencia s a,,,Patricia Cruz; Inês Ramos; Clara Sá Couto
hyundai motor company,3,Hyundai Motor Company,36.8452544,126.858137,Se-Kyu Oh; Daeki Hong; Jaewoong Kim
indian institute of technology bhu varanasi,3,Indian Institute of Technology (BHU) Varanasi,25.2621544,82.9925896,Madhumita Priyadarsini; Abhishek S. Dhoble; Sumit Kumar Singh
curtin university,3,curtin university,,,Paria Sadeghi; Matthew Myers; Arash Arami-Niya
njit,3,njit,,,Nicole Szponar; Mason Brown; Alexander Brogan
industrial technology research institute,3,industrial technology research institute,,,Chaohuang Chen; Hsi-Yen Hsu; Yen-Chih Chen
agilent technologies,3,agilent technologies,,,Dustin Chang; Yama Abassi; Aida Fuseini
infineum uk ltd,3,infineum uk ltd,,,Beatrice Cattoz; Colin Willis; Peter J. Dowding
western university,3,Western University,32.7139413,-117.0372503,Dongmin Yun; Wei Tian; Jose Herrera
suny esf,3,suny esf,,,Shijie Liu; Timothy Morin; Antonio Franco Aguado
zaiput flow technologies,3,zaiput flow technologies,,,Andrea Adamo; Lorenzo Milani; Robert Viano
alice - associate laboratory in chemical engineering  faculty of engineering  university of porto,3,alice - associate laboratory in chemical engineering  faculty of engineering  university of porto,,,Alexandre Ferreira; Vítor J.P. Vilar; Paulo Carmo
university of liverpool,3,University of Liverpool,53.4072429,-2.9658337,Isaiah Borne; Libbie Hardy; Andy Cooper
ansys,3,ansys,,,Hossam Metwally; Luke Munholand; Rahul Bharadwaj
department of chemical and biomolecular engineering  new york university tandon school of engineering  brooklyn  new york  11201  usa,3,department of chemical and biomolecular engineering  new york university tandon school of engineering  brooklyn  new york  11201  usa,,,Dustin Britton; Jakub Legocki; Yingxin Xiao
technische universiteit delft,3,technische universiteit delft,,,Gabriel Vogel; Jana Weber; Matthijs van Wijngaarden
valgotech llc,3,valgotech llc,,,MSA Bhuyan; Omena Okpowe; David Olawale
illinois state geological survey,3,illinois state geological survey,,,Carl Carman; Kendall Taft; Sherilyn Williams-Stroud
ima life north america,3,ima life north america,,,Petr Kazarin; Frank Paolini; Francis DeMarco
corning gmbh,3,corning gmbh,,,Florian Kunath; Roberto Mennitto; Thorsten Boger
dell medical school  the university of texas at austin,3,dell medical school  the university of texas at austin,,,Matthew F. Mikulski; Daniel Stromberg; Richard P. Lion
anton paar gmbh,3,anton paar gmbh,,,Denis Schütz; Helena Weingrill; Natali Unterberger
lelantos inc,3,lelantos inc,,,Jose Bahamonde; Stylianos Siontas; Sean McSherry
parthian battery solutions,3,parthian battery solutions,,,Auggie Chico; Greg Lusk; John Kolar
hacettepe university,3,Hacettepe University,39.8714778,32.7604575,Alper Toprak; Deniz Altun; Okay Altun
the university of chicago,3,the university of chicago,,,Benjamin Ketter; Tamara C. Bidone; Sriramvignesh Mani
university of nebraska lincoln,3,university of nebraska lincoln,,,Edward Stone; Elle Knobbe; Simon Johnson
yamaguchi university,3,yamaguchi university,,,Yoshinobu Yokogawa; Hajime Kida; Kenichiro Tanoue
institute of chemical research of catalonia,3,institute of chemical research of catalonia,,,Ranga Rohit Seemakurthi; Pavle Nikačević; Núria López
chiba institute of technology,3,Chiba Institute of Technology,35.6888667,140.0211756,Kazuhiko Nishi; Takuma Kato; Yoshimitsu Uemura
ardent process technologies,3,ardent process technologies,,,Robert DeJaco; Brandon Burghardt; Christine Parrish
manchester university,3,Manchester University,41.0117756,-85.7600095,Diana Talia Alvarez Ruiz; Abdulfatai Faro; David Cheneler
cu boulder,3,cu boulder,,,Hailey Loehde-Woolard; Mathew Jaeschke; Nicole E. Friend
air products and chemicals,3,air products and chemicals,,,William Casteel; Timothy C. Golden; Garret Lau
qatar environment and energy research institute,3,qatar environment and energy research institute,,,Mosab Subeh; Jaber Al-Marri; Huda Al-Sulaiti
veranova,3,veranova,,,Ankur Kapil; Subhodh Karkala; Michael Hamlin
villanova university,3,Villanova University,40.0367774,-75.3420233,Christopher Kitchens; Robert Hanes; Zuyi Huang
university of massachusetts medical school,3,university of massachusetts medical school,,,Shun Liang; Guangping Gao; Wen Xue
artie mcferrin department of chemical engineering  texas aandm university,3,artie mcferrin department of chemical engineering  texas aandm university,,,Ifeoluwa Babalola; Swaminathan Sundar; Ty Leonard
university of chemical technology and metallurgy,3,university of chemical technology and metallurgy,,,Dimitar Peshev; Yoana Stoyanova; Nevena Lazarova-Zdravkova
obafemi awolowo university,3,Obafemi Awolowo University,7.5204371,4.5233004,Oludare J. Odejobi; Kayode O Ajala; Ogechukwu J. Igboke
air products,3,Air Products,51.1543176,3.7897645,Roger D. Whitley; VIshrut Garg; Gaurab Samanta
harvard college,3,harvard college,,,Naphtal O. Haya; John P. Deneen; Cliffton Wang
the hong kong polytechnic university,3,the hong kong polytechnic university,,,JIanyu Guan; Shao-Yuan Leu; Rabia Khan
mario negri institute for pharmacological research,2,mario negri institute for pharmacological research,,,Emilio Benfenati; Gianluca Selvestrel
university of oregon,2,University of Oregon,44.0444197,-123.0717603,Danielle Benoit; Paul Kempler
university of pau,2,University of Pau,43.3146145,-0.3653306,Dan Vladimir Nichita; Juan Heringer
precision combustion  inc,2,precision combustion  inc,,,Hani Hawa; Subir Roychoudhury
millipore sigma,2,millipore sigma,,,Agnieszka Lass-Napiorkowska; Henry George
process systems engineering   rwth aachen university,2,process systems engineering   rwth aachen university,,,Simone Mucci; Jan Pyschik
poznań university of medical sciences,2,poznań university of medical sciences,,,Emilia Jakubowska; Tomasz Koczorowski
redoxblox inc,2,redoxblox inc,,,Joerg Petrasch; Kelvin Randhir
ppg industries,2,PPG Industries,51.6755488,17.7940944,Steven V. Barancyk; Reza Rock
mezzo technologies,2,mezzo technologies,,,Paul Rodriguez; Kevin Kelly
preferred computational chemistry,2,preferred computational chemistry,,,Taku Watanabe; Akihiro Nagoya
m-star simulations,2,m-star simulations,,,John Thomas; Brian DeVincentis
procegence,2,procegence,,,Nima Yazdanpanah; Amy Wagner
mexican institute of petroleum,2,mexican institute of petroleum,,,Elias Martinez-Hernandez; Jorge Aburto
merlyn emergence,2,merlyn emergence,,,Shom Ponoth; Satya Nitta
merck sharp and dohme,2,Merck Sharp & Dohme,44.8116348,20.3982426,Yingzhen Ma; Pavithra Sundararajan
university of naples federico i,2,university of naples federico i,,,Ivo Iavicoli; Veruscka Leso
chemical and biological engineering  iowa state university,2,chemical and biological engineering  iowa state university,,,Onyeka Onyenemezu; Jetendra Roy
chevron energy technology company,2,chevron energy technology company,,,Stacey Zones; Christopher Lew
chevron research,2,Chevron Research,30.4619848,-97.7934639,Elizabeth Jensen; Michael Girgis
psri,2,psri,,,Lauren Endress; S. B. Reddy Karri
pukyong national university,2,Pukyong National University,35.1342725,129.1052466,Hye Joo Lee; Dae Seok Kim
merck and co   inc   rahway  nj  usa,2,merck and co   inc   rahway  nj  usa,,,Kyle Devenney; Venkata S. Tayi
purdue university institute of cancer research,2,purdue university institute of cancer research,,,Sung-Ho Shin; You-Yeon Won
memorial sloan-kettering cancer center,2,memorial sloan-kettering cancer center,,,Yangjingyi Ruan; Yueming Li
matrix sensors  inc,2,matrix sensors  inc,,,Jessica Moreton; Thomas Carr
mars  inc,2,mars  inc,,,Allison Lin; Harold Schmitz
memorial sloan kettering cancer center,2,memorial sloan kettering cancer center,,,Michael R. McDevitt; Ekaterina Revskaya
city of santa monica,2,city of santa monica,,,Alex Waite; Sunny Wang
media and process technology inc,2,media and process technology inc,,,Doug Parsley; Richard J. Ciora
climeworks,2,climeworks,,,Aaron Moran; Olivier Dubé
chapman university,2,chapman university,,,E. Daniel Cárdenas-Vásquez; L. Andrew Lyon
center for structural molecular biology  oak ridge national laboratory,2,center for structural molecular biology  oak ridge national laboratory,,,Sai Venkatesh Pingali; Hugh O'Neill
commonwealth scientific and industrial research organization,2,commonwealth scientific and industrial research organization,,,Cara M. Doherty; Anita J. Hill
center for plastics innovation  university of delaware,2,center for plastics innovation  university of delaware,,,Pavel Kots; Zachary Hinton
university of maryland baltimore,2,university of maryland baltimore,,,Yiling Nan; Alexander D. MacKerell
university of maryland school of medicine,2,university of maryland school of medicine,,,Derek Lamb; Paul Beuhler
university of iowa aiche student chapter,2,university of iowa aiche student chapter,,,Riley Coulter; Anna Blobaum
consolidated nuclear security  llc,2,consolidated nuclear security  llc,,,Joseph F. Birdwell; Matthew Francis
corning incorporated,2,corning incorporated,,,Sandeep Viswanathan; Seth Nickerson
max-planck institute of colloids and interfaces,2,max-planck institute of colloids and interfaces,,,Peter H. Seeberger; José Danglad-Flores
advanced science research center at the cuny graduate center,2,advanced science research center at the cuny graduate center,,,Yeojin Jung; Maheen Khan
valent biosciences llc,2,valent biosciences llc,,,Dierdra Daniels; Daniela S. Floss
astrazeneca,2,AstraZeneca,13.1243025,77.6145998,Michael Mollet; Ujwal Patil
astrazeneca uk,2,AstraZeneca UK,51.8652311,-0.4067176,William Hicks; Giulio Perini
natural resources canada,2,Natural Resources Canada,45.4247194,-75.6372981,Anh-Duong Vo; Peter Gogolek
natural resources canada  canmetenergy,2,natural resources canada  canmetenergy,,,Hamid Radfarnia; Kourosh Zanganeh
naval research laboratory,2,naval research laboratory,,,Young C. Kim; Youngchan Kim
naval research labratory,2,naval research labratory,,,Steve Policastro; Rachel Anderson
boehringer ingelheim pharma gmbh and co  kg,2,boehringer ingelheim pharma gmbh and co  kg,,,Simone Blattner; Michael Braun
ncsu,2,ncsu,,,Alexis Voulgaropoulos; Negin Orouji
nestlé research,2,nestlé research,,,Michael K. Hausmann; Gerhard Niederreiter
pacific northwest national laboratory  richland  wa,2,pacific northwest national laboratory  richland  wa,,,Gregg Lumetta; Gabriel Hall
padova university,2,padova university,,,Valentina Prigiobbe; Abdullah Abdulghany
pakistan institute of engineering and applied sciences,2,Pakistan Institute of Engineering and Applied Sciences,33.6531627,73.2669373,Syed Asad Raza Kazmi; Abdul Rehman Khan
pakistan institute of nuclear science and technology,2,pakistan institute of nuclear science and technology,,,Syed Muhammad Husnain; Tariq Mehmood
university of zurich,2,university of zurich,,,Nanchen Dongfang; Marcella Iannuzzi
university rennes  inserm  ehesp  irset    umr_s1085  f-35000,2,university rennes  inserm  ehesp  irset    umr_s1085  f-35000,,,Charbel Touma; Sophie Langouet
nc state,2,nc state,,,Riley Basinger; Luke Abbott
wake health,2,wake health,,,Emmanuel C. Opara; Sivanandane Sittadjody
3p instruments,2,3P Instruments,32.9301854,-96.7519165,Sebastian Ehrling; Joe Domingue
old dominion university,2,Old Dominion University,36.8862699,-76.3097248,Sandeep Kumar; Isamu Umeda
norwegian institute for air research,2,norwegian institute for air research,,,Evert Bouman; Émilien Bourgé
norwegian university of science and technology,2,Norwegian University of Science and Technology,63.4283173,10.46118035,Saira Kanwal; Thomas Adams
western michigan university,2,Western Michigan University,42.2832928,-85.6102611,Noor Alomari; Mert Atilhan
allegrow biotech,2,allegrow biotech,,,Fariza Zhorabek; Chi Ming Laurence Lau
american university of beirut,2,American University of Beirut,33.9000264,35.4823838,Karen Hannouche; Walid Saad
arkema,2,Arkema,45.8436061,5.0970802,Clément Paul; Lauréline Marchal
vtt technical research centre of finland,2,VTT Technical Research Centre of Finland,61.446334,23.8612472,Arpa Ghosh; Anna Kalliola
iit hyderabad,2,IIT Hyderabad,17.589982833333334,78.1218824,Pallavi Dandekar; Sunil Kumar Maity
andrews university,2,Andrews University,41.9696627,-86.3633155,Hyun Kwon; Elmer Ccopa Rivera
orion engineered carbons,2,orion engineered carbons,,,Andreas Widjaja; Guido Waidmann
ornl,2,ORNL,36.0151754,-84.2484495,Meijun Li; Alexis Williams
new york university  tandon school of engineering,2,new york university  tandon school of engineering,,,Jin Kim Montclare; Dharik Mallapragada
newcastle university,2,newcastle university,,,Leonidas Bekris; Evangelos I. Papaioannou
nexceris,2,nexceris,,,Cody Lockhart; Matthew Seabaugh
national yang ming chiao tung university,2,National Yang Ming Chiao Tung University,24.7842182,121.01173493333332,Hao-Chun Chang; Chia-Chih Chang
visvesvaraya national institute of technology nagpur,2,Visvesvaraya National Institute of Technology Nagpur,21.1260842,79.0497523,Diwakar Shende; Kailas L. Wasewar
naias labs,2,naias labs,,,George Gotsis; Marios Tsezos
braskem america,2,Braskem America,29.7077186,-95.0784345,Rajarshi Bandyopadhyay; Akash Patil
brigham and women s hospital,2,brigham and women s hospital,,,Daniel A. Wollin; Mark Preston
university of rochester medical center,2,university of rochester medical center,,,Jason Mandell; Heather Curtsinger
university of sharjah,2,University of Sharjah,25.2878292,55.478969,Hayssam Dahrouj; Muataz Ateih
borsodchem ltd   bolyai tér 1   h-3700 kazincbarcika  hungary,2,borsodchem ltd   bolyai tér 1   h-3700 kazincbarcika  hungary,,,Péter Bazsányi; Zsolt Martin Martinkó
moffitt cancer center,2,moffitt cancer center,,,Joel S. Brown; Robert A. Gatenby
montana state university-northern,2,Montana State University-Northern,48.5412308,-109.6853331,Emmanuel U. Osuagwu; Randy Maglinao
universität leipzig,2,universität leipzig,,,Joerg Kaerger; Dieter Freude
power environmental energy research institute,2,power environmental energy research institute,,,Fei Meng; Yongchun Tang
university of puerto rico medical science campus,2,university of puerto rico medical science campus,,,Torsten Stelzer; Cornelis Vlaar
california state university long beach,2,California State University Long Beach,33.795004199999994,-118.12481125,Yu Yang; Chengyan Ye
cameron  a schlumberger company,2,cameron  a schlumberger company,,,Atsushi Morisato; Ed Mahley
university of ribeirão preto,2,university of ribeirão preto,,,Gianpaolo Barci; Murilo Innocentini
carnegie institution for science,2,carnegie institution for science,,,Neda Fakhimi; Arthur Grossman
casale sa,2,CASALE SA,40.6854091,14.8295531,Cristina Pizzolitto; Pierdomenico Biasi
ccdc army research laboratory,2,ccdc army research laboratory,,,Alexander Winton; Matthew Coppock
center for environmentally beneficial catalysis,2,center for environmentally beneficial catalysis,,,Bala Subramaniam; Nigel Twi-Yeboah
postech,2,postech,,,Youngbi Kim; Yongju Yun
avnos,2,Avnos,26.1124263,50.4820025,Yanhui Yuan; Ben McCool
basf corporation,2,BASF Corporation,42.1310835,-80.0482529,Marcella Lusardi; Subramanian Prasad
penn state health milton s  hershey medical center,2,penn state health milton s  hershey medical center,,,Dino Ravnic; Summer Horchler
national institute of technology  numazu college,2,national institute of technology  numazu college,,,Shoichi Tsuda; Koji Inazu
national science foundation,2,National Science Foundation,6.9049547,79.8701128,Steven Peretti; Jeanne VanBriesen
national chemical laboratory,2,National Chemical Laboratory,18.5414362,73.8107557,Muzammilanwar Khan; Amol Kulkarni
ben gurion university,2,ben gurion university,,,Gabriel Yazbek Grobman; Netta Vidavsky
bernal institute  university of limerick,2,bernal institute  university of limerick,,,Gavin Walker; Parimaladevi Palanisamy
university of texas rio grande valley,2,University of Texas Rio Grande Valley,26.3071534,-98.1728187,Jikai Zhao; Juhee Lee
university of wollongong,2,University of Wollongong,-34.4050554,150.8783465,Raymond Longbottom; Brian Monaghan
national energy technology laboratory  u s  department of energy,2,national energy technology laboratory  u s  department of energy,,,Stephen Zitney; Ranjani V. Siriwardane
national energy technology laboratory lrst,2,national energy technology laboratory lrst,,,Jeffrey Culp; Nathan Diemler
national energy technology laboratory netl support contractor,2,national energy technology laboratory netl support contractor,,,Daejin Kim; Alexander J. Shumski
pfizer canada,2,Pfizer Canada,45.4487982,-73.8646156,Jean-Sebastian Simard; Jean-Sebastien Simard
pfizer healthcare india pvt ltd,2,pfizer healthcare india pvt ltd,,,Santhosh Seshadhri; Nallasivam Angannan
pfizer worldwide research and development  445 eastern point road  groton  connecticut 06340  usa,2,pfizer worldwide research and development  445 eastern point road  groton  connecticut 06340  usa,,,Kakasaheb Nandiwale; Eric Hansen
biostealth  inc,2,biostealth  inc,,,Stella Marinakos; Angus Hucknall
bits pilani k k birla goa campus,2,bits pilani k k birla goa campus,,,Shubham Lanjewar; Sundari Ramji
bielefeld university,2,bielefeld university,,,Niklas Biere; Dario Anselmetti
tokyo university of agriculture and technology,2,Tokyo University of Agriculture and Technology,35.699409,139.5184397,Sanghong Kim; Tetsuya Wada
tonkomo llc,2,tonkomo llc,,,Anna Lee Tonkovich; Eric Daymo
totalenergies cstjf,2,totalenergies cstjf,,,Lingfei Xu; Arthur Moncorgé
genscript usa inc,2,genscript usa inc,,,Qinmei Zheng; Weicheng Fan
george w  woodruff school of mechanical engineering  georgia institute of technology,2,george w  woodruff school of mechanical engineering  georgia institute of technology,,,Madeline Morrell; Erik Barbosa
forge nano inc,2,forge nano inc,,,Matthew Weimer; Sara Harris
foth infrastructure and environment,2,foth infrastructure and environment,,,Travis C. McGrath; Mark C. Ciardelli
institute of separation science and technology  university erlangen-nürnberg  de,2,institute of separation science and technology  university erlangen-nürnberg  de,,,Lukas Sandner; Jincheng Xu
instituto de investigaciones biomédicas  universidad nacional autónoma de méxico,2,instituto de investigaciones biomédicas  universidad nacional autónoma de méxico,,,Jessica Sánchez-Vargas; Mauricio A. Trujillo-Roldán
yantai university,2,Yantai University,37.4335887,121.5165087,Yupeng Du; Yuchao Zhao
southern university of science and technology,2,Southern University of Science and Technology,22.603603,113.9968497,Guangfu Luo; Yang-Gang Wang
the university of texas at san antonio,2,the university of texas at san antonio,,,Pearl Martisek; Gabriela Romero Uribe
giv group,2,giv group,,,Chris Parker; Amanda Dillon
tiny bright things,2,tiny bright things,,,Christopher Bolton; Tanweepriya Das
guanajuato university,2,Guanajuato University,21.060753,-101.5711841,Beatriz Durán; Germán C. Rodríguez
guangzhou institute of energy conversion  chinese academy of sciences,2,guangzhou institute of energy conversion  chinese academy of sciences,,,Xinshu Zhuang; Xuesong Tan
spx flow mixing solutions,2,spx flow mixing solutions,,,Richard Cope; Cormac Ryan
stanford synchrotron radiation lightsource  slac national accelerator laboratory,2,stanford synchrotron radiation lightsource  slac national accelerator laboratory,,,Kevin Stone; Jorge Perez-Aguilar
institute for sustainability and circular economy  texas tech university,2,institute for sustainability and circular economy  texas tech university,,,Alamgir M Haque; Christian E Alvarez-Pugliese
institute of biotechnology and genetic engineering  chulalongkorn university,2,institute of biotechnology and genetic engineering  chulalongkorn university,,,Sitanan Thitiprasert; Jirabhorn Piluk
instituto polite cnico nacional,2,instituto polite cnico nacional,,,Cristofher A. Arroyo-Hernández; Luis Galicia-Luna
fraunhofer imte,2,fraunhofer imte,,,Georg Männel; Dennis Kundrat
gea,2,GEA,41.4768249,-81.1850459,Ivan Bogaerts; James Holman
toyota research institute,2,toyota research institute,,,Weike Ye; Santosh Suram
tu delft  the netherlands,2,tu delft  the netherlands,,,Aleksander van Zanten; Jan de Jonge
shell international exploration and production inc,2,shell international exploration and production inc,,,C. Doga Demirhan; Mete Mutlu
shell technical center bangalore,2,shell technical center bangalore,,,Sajanikumari Sadasivan; Kuldeep B. Mamtani
shiv nadar university,2,Shiv Nadar University,28.5257123,77.574455,Dhiraj Garg; Pedamalli Reddy
siddaganga institute of technology,2,Siddaganga Institute of Technology,13.3285139,77.1265772,Kang Zhou; Sudhir Ranganath
jacobs technology inc,2,jacobs technology inc,,,R. Preston Burnette; Matthew R. Allen
isgs,2,isgs,,,Mansour Khosravi; Zohreh Askari
johns hopkins bloomberg school of public health,2,johns hopkins bloomberg school of public health,,,Meihan Wei; Vito Rebecca
johns hopkins school of medicine,2,johns hopkins school of medicine,,,Sarah R. Amend; Kenneth J. Pienta
siemens process systems engineering,2,siemens process systems engineering,,,Filipe Calado; Niall Mitchell
siemens pse,2,siemens pse,,,Stefan Bellinghausen; Lok Hang Wong
signature science,2,Signature Science,3.1494724,101.568823,Krista Ternus; Vernon Mclntosh
singapore-mit alliance for research and technology  centre,2,singapore-mit alliance for research and technology  centre,,,George Barbastathis; Sandip Mondal
sinopec shanghai research institute of petrochemical technology,2,sinopec shanghai research institute of petrochemical technology,,,Bozhao Chu; Siqing Zhong
instituto superior técnico  universidade de lisboa,2,instituto superior técnico  universidade de lisboa,,,Pedro Castro; Artur Jesus
ionomr innovations inc,2,ionomr innovations inc,,,Marta Moreno-González; Benjamin Britton
iran university of medical sciences,2,iran university of medical sciences,,,Zohreh Bagher; Ronak Shabani
johannes gutenberg university mainz,2,Johannes Gutenberg University Mainz,49.9920396,8.2371107,Verena Muller; Holger Frey
ibm research uk,2,IBM Research UK,53.3446566,-2.6380317,Clyde Fare; Edward Pyzer-Knapp
icahn school of medicine at mount sinai,2,icahn school of medicine at mount sinai,,,Deborah Marshall; Woojin Han
ifp energies nouvelles,2,ifp energies nouvelles,,,Loïc Sorbier; Elsa Jolimaitre
oak ridge national lab - oak ridge  tn,2,oak ridge national lab - oak ridge  tn,,,Aye Meyer; Jiho Seo
iit mumbai,2,iit mumbai,,,Venkata Subrahmanyam Nistala; Sharad Bhartiya
swiss federal laboratories for materials science and technology,2,swiss federal laboratories for materials science and technology,,,Bernd Nowack; Joanke Van Dijk
imec,2,imec,50.8651015,4.6776509,Ali M. Ali; Jean-François de Marneffe
indian   institute of science education and research  bhopal,2,indian   institute of science education and research  bhopal,,,Mahesh Manikantan Sandhya; Animesh Jana
swisstopo,2,swisstopo,,,Christophe Nussbaum; Senecio Schefer
institute of chemical technology mumbai,2,Institute of Chemical Technology Mumbai,19.0239129,72.8587665,Aniruddha Kulkarni; Aniruddha Pandit
abu dhabi university,2,Abu Dhabi University,24.3665244,54.5647253,Ioannis Zuburtikudis; Hadil Abu Khalifeh
école normale superieure de lyon,2,École Normale Superieure de Lyon,45.7297811,4.8265819,Sarit Dutta; Benjamin Abécassis
123zero d o o,2,123zero d o o,,,Martin Leban; Anja Pajntar
wageningen university and research,2,wageningen university and research,,,Ahmed Jarray; Elke Scholten
agency for science  technology and research,2,agency for science  technology and research,,,Iskandar Halim; Jie Chang
worldwide research and development  pfizer healthcare india pvt ltd,2,worldwide research and development  pfizer healthcare india pvt ltd,,,Mandakini Padhi; Senthil Kumarasamy
wrps,2,WRPS,42.1287118,-70.9164328,Michael Zabel; Eugene Morrey
wyss institute for biologically inspired engineering at harvard university,2,wyss institute for biologically inspired engineering at harvard university,,,Bogdan Budnik; George M Church
2  isis neutron and muon source,2,2  isis neutron and muon source,,,Alexander Armstrong; Rebecca Welbourn
nrel,2,nrel,,,John Mangum; Kae Fink
aarhus university,2,Aarhus University,56.1670905,10.2026177,Raffaele Cheula; Mie Andersen
institute of particle technology,2,institute of particle technology,,,Nabi Traore; Lukas Hartmann
institute of science tokyo,2,Institute of Science Tokyo,35.514711,139.4840416,Peipei Xiao; Kengo Nakamura
state university of new york college of environmental science and forestry,2,state university of new york college of environmental science and forestry,,,Anqi Ji; Ruoqian Li
state university of new york environmental science,2,State University of New York Environmental Science,43.03120034,-76.1321552,Jiae Ryu; Endong Wang
the scripps research institute,2,the scripps research institute,,,Yu Kawamata; Phil Baran
harvey mudd college,2,harvey mudd college,,,Ananya Venkatachalam; Bilin Zhuang
stf technologies llc,2,stf technologies llc,,,Alicia Platchek; Richard Dombrowski
sub-zero group  inc,2,sub-zero group  inc,,,Anderson Bortoletto; Terry Hardesty
suncat center for interface science and catalysis  slac national accelerator laboratory,2,suncat center for interface science and catalysis  slac national accelerator laboratory,,,Frank Abild-Pedersen; Michael Tang
innovation center - abu dhabi  siemens energy llc,2,innovation center - abu dhabi  siemens energy llc,,,Ali A. Alnajjar; Thomas Soulas
technical university berlin,2,technical university berlin,,,Nico Jurtz; Matthias Kraume
institut charles gerhardt montpellier  université de montpellier  cnrs  enscm 34293,2,institut charles gerhardt montpellier  université de montpellier  cnrs  enscm 34293,,,Guillaume Maurin; Pedro F. Brântuas
institute for biomedical engineering and institute of pharmacology and toxicology,2,institute for biomedical engineering and institute of pharmacology and toxicology,,,Daniel Razansky; Xosé Luís Deán-Ben
texas aandm energy institute  texas aandm university,2,texas aandm energy institute  texas aandm university,,,Funda Iseri; Betsie Sara Monserrat Montaño Flores
"the chinese university of hong kong, shenzhen",2,"The Chinese University of Hong Kong, Shenzhen",22.6910685,114.207366,Qi Zhang; Jingjing Chen
tecmasters  inc,2,tecmasters  inc,,,Scott Gilley; Jim McClellan
tecnologico nacional de mexico campus aguascalientes,2,tecnologico nacional de mexico campus aguascalientes,,,Sinue Arnulfo Tovar-Ortiz; Rigoberto Tovar-Gomez
houston methodist,2,houston methodist,,,Mailin Li; Jenny Chang
indian institute of technology guwahati,2,Indian Institute of Technology Guwahati,26.1924787,91.6946357,Janaki Komandur; Kaustubha Mohanty
sunthetics,2,sunthetics,,,Daniela Blanco; Ethan Tenison
sustainable bio-based materials lab,2,sustainable bio-based materials lab,,,Yufei Nan; Maria Soledad Peresin
institución universitaria colegio mayor de antioquia,2,Institución Universitaria Colegio Mayor de Antioquia,6.2732225,-75.5912113,Julián López; Julián E. López
department of chemical engineering  university of michigan,2,department of chemical engineering  university of michigan,,,Eranda Nikolla; Onyema Obi
roosense llc,2,roosense llc,,,Michael Fulmer; Shelby Daniels
rose-hulman institute of technology,2,rose-hulman institute of technology,,,Andrew Sander; Gregory Neumann
rowland institute at harvard  harvard university,2,rowland institute at harvard  harvard university,,,Christopher O'Connor; Christian Reece
rutgers,2,Rutgers,40.5204169,-74.4645303,Ali Ukperaj; Maria Tomassone
rutgers  the state university of new jersey- new brunswick,2,rutgers  the state university of new jersey- new brunswick,,,Ali Ahmad; Yalin Li
lehman college  the city university of new york,2,lehman college  the city university of new york,,,Mossa Ghattas; Tom Kurtzman
licensing and professional development,2,licensing and professional development,,,William Parrish; Linda Bergeron
linde gmbh  linde engineering,2,linde gmbh  linde engineering,,,Felix Flegiel; Martin Pottmann
shell international eandp,2,shell international eandp,,,Ligang Lu; Kuochen Tsai
department of microbiology  faculty of medicine  university of chile,2,department of microbiology  faculty of medicine  university of chile,,,Alhejandra Alvarez; Roberto Vidal
department of surgery  faculty of medicine in pilsen  charles university  prague  czech republic,2,department of surgery  faculty of medicine in pilsen  charles university  prague  czech republic,,,Jachym Rosendorf; Vaclav Liska
university of california santa cruz,2,University of California Santa Cruz,36.9550719,-122.050364,Qiu Ren; Yat Li
sabic specialties,2,sabic specialties,,,Jan Henk Kamps; Ramakrishnan Vaidyanathan
saint louis university main campus - parks college of engineering  aviation and technology,2,saint louis university main campus - parks college of engineering  aviation and technology,,,Kevin Noonan; Danahe Marmolejo
university of blumenau - furb,2,university of blumenau - furb,,,Caroline Meinert; André Freitas
university of bremen,2,University of Bremen,53.1079646,8.8556646,Carolina Krebs de Souza; Fei Du
earth university,2,EARTH University,10.2104447,-83.5914035,Bernardo Castro Dominguez; Dative Niyonizeye
university college cork,2,University College Cork,51.8947384,-8.4903073,Daniel Casaban Padrino; Elena Tsalaporta
university college dublin  ireland,2,university college dublin  ireland,,,Mriganka Mondal; Tony Keene
department of forest biomaterials  college of natural resources  north carolina state university,2,department of forest biomaterials  college of natural resources  north carolina state university,,,Richard Venditti; Marcel Kropat
renewable and sustainable energy institute  university of colorado,2,renewable and sustainable energy institute  university of colorado,,,Wilson A. Smith; Allison Crow
university of guelph,2,University of Guelph,43.5327864,-80.2249974,Manjusri Misra; Amar K. Mohanty
csir - indian institute of chemical technology,2,csir - indian institute of chemical technology,,,Venugopal Akula; Kalpana Manda
dalhousie university,2,Dalhousie University,44.636201,-63.5919961,Sarah Martell; Mita Dasog
university of erlangen-nuremberg,2,university of erlangen-nuremberg,,,Wolfgang Peukert; Peter Wasserscheid
dartmouth college,2,Dartmouth College,43.69147315,-72.2763655,Wenlin Zhang; Yunjia Zhang
department of biology,2,department of biology,,,Jing-Ke Weng; Ankur Jain
department of biology and entomology  pennsylvania state university,2,department of biology and entomology  pennsylvania state university,,,Landon vom Steeg; Andrew Read
reservoir engineering research institute,2,reservoir engineering research institute,,,Tomás Chávez-Miyauchi; Abbas Firoozabadi
department of chemical engineering  technion,2,department of chemical engineering  technion,,,Alon Grinberg Dana*; Kfir Kaplan
rite,2,rite,,,Ziqiu Xue; Saeko Mito
lisn cnrs,2,lisn cnrs,,,Jalel Chergui; Damir Juric
loughborough university,2,Loughborough university,52.763845,-1.2372582,Xuming Yuan; Brahim Benyahia
lubrizol advanced materials,2,Lubrizol Advanced Materials,41.2911811,-81.6241902,Daylan Sheppard; Joeri Plusnin
m-star cfd,2,m-star cfd,,,Johannes Wutz; Eric E. Janz
robert bosch gmbh,2,robert bosch gmbh,,,Antje Seitz; Stefanie Wahl
department of chemical and biomolecular engineering  university of delaware  newark,2,department of chemical and biomolecular engineering  university of delaware  newark,,,Tristan Myers; Sojung Park
department of chemical and petroleum engineering  university of kansas,2,department of chemical and petroleum engineering  university of kansas,,,Leila Fereidooni; Aaron M. Scurto
department of chemical engineering  biotechnology and materials  centre for biotechnology and bioengineering  cebib  university of chile,2,department of chemical engineering  biotechnology and materials  centre for biotechnology and bioengineering  cebib  university of chile,,,Francisca Mery; Priscilla Astorga
department of chemical engineering  massachusetts institute of technology,2,department of chemical engineering  massachusetts institute of technology,,,Chuangchuang Cao; William H. Green*
rice,2,rice,,,Sam Nance; Omran Taqi
faculty of new sciences and technologies  university of tehran,2,faculty of new sciences and technologies  university of tehran,,,Leila Fereidooni; Alibakhsh Kasaeian
fau,2,FAU,26.3743445,-80.1027236,Alexander Ditter; Oliver Friedrich
uin sunan kalijaga yogyakarta,2,UIN sunan kalijaga yogyakarta,-7.7857048,110.3942909,Dewi Rahmawati; Didik Krisdiyanto
schrödinger,2,Schrödinger,1.35336195,103.9273249,Alex Chew; Anand Chandrasekaran
schrödinger  inc,2,schrödinger  inc,,,Andrea Browning; Mohammad Atif Faiz Afzal
shell,2,Shell,-25.28323465,-57.6027746,Harsh Agarwal; Ryan Stephens
kansas university medical center,2,kansas university medical center,,,Yan Hong; Fariba Behbod
kbc advanced technologies inc,2,kbc advanced technologies inc,,,Wajid Shaik; Ghoncheh Rasouli
u  s  steel,2,u  s  steel,,,Neil Pergar; Brenda Petrilena
universidade de são paulo,2,universidade de são paulo,,,Claudio Augusto Oller do Nascimento; Rita M. B. Alves
u s  dept  of energy,2,u s  dept  of energy,,,Steven Rowan; Jared Ciferno
u s  doe national energy technology laboratory,2,u s  doe national energy technology laboratory,,,Sally Homsy; Timothy Fout
finnish institute of occupational health,2,Finnish Institute of Occupational Health,60.1894793,24.9120143,Tomi Kanerva; Kirsi Siivola
forest products laboratory,2,forest products laboratory,,,Qiangu Yan; Zhiyong Cai
johnson matthey technology centre,2,johnson matthey technology centre,,,Canan Gücüyener; Ian Harkness
johnson screens  inc,2,johnson screens  inc,,,Kevin Chase; Gene Eberhardt
kaneka corporation,2,kaneka corporation,,,Yasuhiro Sumi; Kunihiko Matsumura
kangwon national university  samcheok campus,2,kangwon national university  samcheok campus,,,Jae-Rak Jeon; Syarif Hidayat
shell global solutions international bv,2,shell global solutions international bv,,,Iosif Pappas; Xiao Fu
shell india market private limited,2,shell india market private limited,,,Nishant Sinha; Amar Deep Pathak
u s  army devcom chemical biological center,2,u s  army devcom chemical biological center,,,David Garcia; Ivan Iordanov
universidade federal de são carlos,2,Universidade Federal de São Carlos,-21.9834422,-47.8806644,Francisco Murilo Tavares de Luna; Antonio J G Cruz
eli lilly,2,Eli Lilly,39.7735152,-85.7971257,Michael Frederick; Ankur Jalan
kuwait oil company,2,Kuwait Oil Company,29.3166361,47.944563,Fatemah Al-Shareedah; Abdulaziz Al-Dhwaihi
kyoto institute of technology,2,Kyoto Institute of Technology,35.00920706666667,135.77106473333333,Yoichi Kumada; Jun Ichi Horiuchi
sarepta therapeutics,2,sarepta therapeutics,,,Willow DiLuzio; Arani Chanda
sartorius stedim fmt s a s,2,sartorius stedim fmt s a s,,,Nina Perier; Lucie Delaunay
univ of ar,2,univ of ar,,,Jackson Black; Jason Thornhill
univeristy of texas at san antonio,2,univeristy of texas at san antonio,,,Guillermo Ramirez; Gabriel Garibaldi
universidad de carabobo,2,Universidad de Carabobo,10.2743683,-67.999855,Edwars Naranjo; Inés Hernández-Guerra
espe,2,espe,,,Karla Vizuete; Alexis Debut
f. hoffmann-la roche,2,F. Hoffmann-La Roche,47.536045,7.7399516,Christian Schmid; Stephanie Knüppel
schlumberger  genvia,2,schlumberger  genvia,,,Nurlan Azizli; Romuald Coupan
eth zurich and university of zurich,2,eth zurich and university of zurich,,,Christian Guenthner; Klaas P. Pruessmann
evonik,2,Evonik,51.4477493,7.0143636,Lucianna Moos; Eugenia Ndieze
experic,2,experic,,,Daniel Kestyus; Justin Lacombe
united cleanup oak ridge llc,2,united cleanup oak ridge llc,,,Brad Russell; Ethan Garland
univ  of patras and abu dhabi university,2,univ  of patras and abu dhabi university,,,Fotios Panagiotou; Valadoula Deimede
univ fed ceara,2,univ fed ceara,,,Marliete Melo Neta; Igor Figueredo
univ lille  centrale lille  enscl  univ artois  umr 8181 - uccs- unité de catalyse et chimie du solide,2,univ lille  centrale lille  enscl  univ artois  umr 8181 - uccs- unité de catalyse et chimie du solide,,,Benjamin Katryniok; Marcia Araque Marin
ucl school of pharmacy,2,ucl school of pharmacy,,,Zoe Whiteley; Duncan Craig
exxonmobil technology and engineering,2,exxonmobil technology and engineering,,,Peter Ravikovitch; Harry W. Deckman
universidad del atlántico,2,Universidad del Atlántico,25.9764525,-98.0792578,Nestor Cubillan; Martin Guerrero
xprize,1,xprize,,,Lauren F. Greenlee
2  spx flow mixing solutions,1,2  spx flow mixing solutions,,,Jason J. Giacomelli
4  clayton high school  1 mark twain cir,1,4  clayton high school  1 mark twain cir,,,Hannah Moon
6786963773,1,6786963773,,,Dina Gadalla
a star,1,a star,,,Boon Siong Neo
aaas nsf,1,aaas nsf,,,Andrew W. Tricker
abb,1,ABB,22.5478712,88.1995212,Mehmet Mercangöz
abu dhabi ports,1,abu dhabi ports,,,Yasser Fowad AlWahedi
accenture,1,accenture,,,Aonullahi Adebayo
young professionals committee,1,young professionals committee,,,Carmen Daoud
ypf,1,YPF,-33.2634577,-66.2293384,Carlos Rosell
altair engineering,1,Altair Engineering,42.562319,-83.1116915,Stefan Pantaleev
alphane labs  inc,1,alphane labs  inc,,,Steve Yamamoto
alkermes  inc,1,alkermes  inc,,,Eric Hukkanen
alkermes,1,alkermes,,,Renato Chiarella
alexandria university and egyptian russian university,1,alexandria university and egyptian russian university,,,E. Khamis
alexandria university,1,alexandria university,,,Mayar Tarek
aix marseille university,1,aix marseille university,,,Isabelle Beurroies
aix marseille univ,1,aix marseille univ,,,Benjamin Claessens
air products and chemicals inc,1,air products and chemicals inc,,,Libardo Estupinan
wichita state university,1,Wichita State University,37.7193429,-97.2898878,Shuang Gu
whitehead institute for biomedical research,1,whitehead institute for biomedical research,,,Pulin Li
whitehead institute,1,whitehead institute,,,Nicholas Hutchins
western kentucky university,1,Western Kentucky University,36.984529,-86.457647,Asa Ashley
weldon school of biomedical engineering  purdue university,1,weldon school of biomedical engineering  purdue university,,,Mazin Hakim
weill cornell medical college,1,weill cornell medical college,,,Shuibing Chen
anton paar,1,Anton Paar,48.7144847,9.2415921,Abhishek Shetty
nexight group,1,nexight group,,,Jack Tinsley
new york university langone health,1,new york university langone health,,,Michael Cammer
oxy low carbon ventures,1,oxy low carbon ventures,,,Robert Zeller
ourobio,1,ourobio,,,Kobe Rogers
otto von guericke university magdeburg,1,otto von guericke university magdeburg,,,Achim Kienle
otto von guericke university,1,Otto von Guericke University,52.1405894,11.6455823,Kai Sundmacher
osaka gas chemicals  co   ltd,1,osaka gas chemicals  co   ltd,,,Yasuyuki Yamane
orlando utilities commission,1,Orlando Utilities Commission,28.53629,-81.3796475,Paul Brooker
origin materials,1,origin materials,,,Ben Freireich
ore catapult,1,ore catapult,,,Chunjiang Jia
orbillion bio  inc,1,orbillion bio  inc,,,Patricia Bubner
oli systems  inc,1,oli systems  inc,,,David Miller
novelis,1,Novelis,44.2504745,-76.5089101,Reginald Germanier
nov chemineer,1,nov chemineer,,,Panagiotis Athanasiou
nottingham trent university,1,nottingham trent university,,,Maria Chiara Roffin
not found,1,not found,,,Not found
national lab,1,National Lab,11.6647793,75.5606026,Wyatt Casey LaMarche
national institute of standards and technology center for neutron research,1,national institute of standards and technology center for neutron research,,,Kelsi M. Rehmann
national institute of standards and technology  brookhaven national laboratory,1,national institute of standards and technology  brookhaven national laboratory,,,Eliot H. Gann
pd2m,1,pd2m,,,Dana Alhasson
pct ebeam and integration  llc,1,pct ebeam and integration  llc,,,Dr. Sage M. Schissel
particles in motion,1,particles in motion,,,Ray Cocco
paris-lodron university salzburg,1,Paris-Lodron University Salzburg,47.7984448,13.0503867,Christian Prehal
pando bioscience,1,pando bioscience,,,Will Cao
pacific biolab,1,pacific biolab,,,Yicheng Zhou
new jersey center for microchemical systems  stevens institute of technology,1,new jersey center for microchemical systems  stevens institute of technology,,,Adeniyi Lawal
nestlé product technology centre,1,nestlé product technology centre,,,Annabel Bozon
nemours alfred i  dupont hospital for children,1,nemours alfred i  dupont hospital for children,,,Jenna W. Briddell
ndiana university bloomington,1,ndiana university bloomington,,,Xingchen Ye
njit dept of chemical and materials engineering,1,njit dept of chemical and materials engineering,,,Lisa Axe
nist center for neutron research  national institute of standards and technology,1,nist center for neutron research  national institute of standards and technology,,,Taner Yildirim
ningbo tech university,1,ningbo tech university,,,Congjing Ren
mstar cfd,1,mstar cfd,,,Eric E. Janz
msd czech republic,1,msd czech republic,,,Zbynek Kalal
plug power,1,plug power,,,Qingying Jia
planta piloto de ingeniería química  plapiqui   universidad nacional del sur,1,planta piloto de ingeniería química  plapiqui   universidad nacional del sur,,,Amira Siniscalchi
pjp tech,1,pjp tech,,,Bum-Ho Choi
phytochem product inc,1,phytochem product inc,,,Makiko Kato
pfizer  inc,1,pfizer  inc,,,Sheetal Pai-Wechsung
national institute of safety and health at work,1,national institute of safety and health at work,,,Araceli Sánchez Jiménez
national institute of chemistry,1,national institute of chemistry,,,Blaž Likozar
national institute for communicable diseases,1,national institute for communicable diseases,,,Sandrama Nadan
national fuel cell research center,1,national fuel cell research center,,,Iryna Zenyuk
national energy technology laboratory support contractor,1,national energy technology laboratory support contractor,,,Andrew Lee
national university of technology,1,National University of Technology,33.6632271,73.0065016,Lei Wang
national university of science and technology politehnica,1,national university of science and technology politehnica,,,Catinca Secuianu
national university of colombia or purdue university,1,national university of colombia or purdue university,,,Maria Camila Castro
national laboratory astana  nazarbayev university,1,national laboratory astana  nazarbayev university,,,Munziya Abutalip
mit department of mechanical engineering,1,mit department of mechanical engineering,,,Santosh Shanbhogue
mission possible partnership,1,mission possible partnership,,,Gayle Gibson
minnesota state university at mankato,1,minnesota state university at mankato,,,Russell Fricano
port sunlight laboratory,1,port sunlight laboratory,,,Waldo Rosales Trujillo
pontificia universidad catolica de chile,1,Pontificia Universidad Catolica de Chile,-33.4517715,-70.6185639,Enrique Munoz
polytechnic institute of bragança,1,polytechnic institute of bragança,,,Lucas Zafanelli
polykala technologies llc,1,polykala technologies llc,,,Maoqi Feng
pluspetrol,1,pluspetrol,,,Ramiro Canchucaja
national academies,1,national academies,,,John Bulmer
nasa marshall space flight center,1,nasa marshall space flight center,,,Jhonathan Rosales
nasa ames research center - kbr  inc,1,nasa ames research center - kbr  inc,,,Ashwin Ravichandran
naresuan university,1,Naresuan University,16.746551,100.195528,Weerawun Weerachaipichasgul
nanoparticle systems engineering laboratory  institute of energy and process engineering  department of mechanical and process engineering  eth zurich,1,nanoparticle systems engineering laboratory  institute of energy and process engineering  department of mechanical and process engineering  eth zurich,,,Alexander Gogos
nanoparticle systems engineering laboratory,1,nanoparticle systems engineering laboratory,,,Robert Nißler
naieel technology,1,naieel technology,,,Jaewoo Kim
msu,1,msu,,,Philipp Schimmels
military university nueva granada,1,military university nueva granada,,,William Aperador
middle east technical university,1,middle east technical university,,,Isik Onal
mid-atlantic technology  research and innovation center,1,mid-atlantic technology  research and innovation center,,,John Dever
micromeritics instrument corp,1,micromeritics instrument corp,,,Julian Hungerford
microinnova engineering gmbh,1,microinnova engineering gmbh,,,Dirk Kirschneck
mic monitor  llc,1,mic monitor  llc,,,Chelsea Monty-Bromer
process consultant,1,Process Consultant,-6.7749378,39.2403722,Subhabrata Ray
probiomed s a  de c v,1,probiomed s a  de c v,,,Nestor Perez
poznan university of technology,1,Poznan University of Technology,52.3942702,16.9181304,Oliwia Degorska
powercell,1,powercell,,,Zhao Wang
posgrado en ciencias bioquímicas  unam,1,posgrado en ciencias bioquímicas  unam,,,Fernando Montalvo-Sandoval
mork family department of chemical engineering and materials science  university of southern california  los angeles  ca,1,mork family department of chemical engineering and materials science  university of southern california  los angeles  ca,,,Jingwen Gong
mondelez international,1,mondelez international,,,Michael Boehm
monash university,1,monash university,,,Hamidreza Mahdavi
mit energy initiative  massachusetts institute of technology,1,mit energy initiative  massachusetts institute of technology,,,Jun Wen Law
mit energy initiative,1,mit energy initiative,,,Christopher Douglas
max planck institute for dynamics of complex technical systems  process systems engineering,1,max planck institute for dynamics of complex technical systems  process systems engineering,,,Danial Hamedi Jamali
max planck institute for dynamics of complex technical system,1,max planck institute for dynamics of complex technical system,,,Serena Guzzo
matmerize,1,matmerize,,,Rampi Ramprasad
materials science and engineering  georgia institute of technology,1,materials science and engineering  georgia institute of technology,,,Yong Ding
material flow solutions  inc,1,material flow solutions  inc,,,Kerry Johanson
massachusetts institute of thechnology,1,massachusetts institute of thechnology,,,Zhengpeng Wan
pvamu,1,pvamu,,,Jorge Gabitto
psu,1,psu,,,Aylin Mohammadzadehmarandi
pse for speed company ltd,1,pse for speed company ltd,,,Rafiqul Gani
"procter and gamble, mason, oh",1,"Procter & Gamble, Mason, OH",39.3145401,-84.3085419,Peter Koenig
procter and gamble technical centre,1,procter and gamble technical centre,,,Carlos Amador
merck kgaa,1,Merck KGaA,49.91527725,8.6637737,Oliver Rammo
medical college of wisconsin,1,Medical College of Wisconsin,43.0438671,-88.0224532,Michael B. Dwinell
mdn,1,mdn,,,Youcef Serhane
ministry of development,1,Ministry of Development,4.925359,114.9265106,Antonis Gypakis
mines paristech,1,Mines ParisTech,48.6117414,2.4390437,Celine Houriez
malaysia-japan international institute of technology  universiti teknologi malaysia,1,malaysia-japan international institute of technology  universiti teknologi malaysia,,,Tomoya Tsuji
macdiarmid institute for advanced materials and nanotechnology,1,macdiarmid institute for advanced materials and nanotechnology,,,Catherine Bishop
refinity,1,Refinity,14.5734072,121.0591387,Ignasi Palou Rivera
reelement technologies llc,1,reelement technologies llc,,,Yi Ding
redoxblox,1,redoxblox,,,James F. Klausner
rapid manufacturing institute,1,rapid manufacturing institute,,,Patricia Gillenwater
rapid city christian school,1,rapid city christian school,,,Isabel Grinager
randic netl,1,randic netl,,,Ronald Breault
rajiv gandhi institute of petroleum technology,1,rajiv gandhi institute of petroleum technology,,,Aditya Kashyap
r e  mason,1,r e  mason,,,Richard Kehn
queenmary university of london,1,queenmary university of london,,,Andrew Livingston
qingyuan innovation laboratory,1,qingyuan innovation laboratory,,,Li-Hai Fan
mcketta department of chemical engineering  the university of texas at austin,1,mcketta department of chemical engineering  the university of texas at austin,,,Mostafa Nassr
mcgill university,1,McGill University,45.506875,-73.5790704,Christopher Moraes
max-planck-institute for dynamics of complex technical systems,1,max-planck-institute for dynamics of complex technical systems,,,Ju Weon Lee
max-planck-institut fur dynamik komplexer technischer systeme,1,max-planck-institut fur dynamik komplexer technischer systeme,,,Somayeh Zarei
long beach city college,1,long beach city college,,,Uduak-Joe Ntuk
liquid sunlight alliance,1,liquid sunlight alliance,,,Adam Z. Weber
riken,1,Riken,47.2760208,7.8491956,Itsushi Sakata
rhode island school of design,1,rhode island school of design,,,Natalie Paik
retired,1,retired,,,David Judbarovski
research center for gas innovation,1,research center for gas innovation,,,Pedro Gerber Machado
research and innovation center on co2 and hydrogen   chemical and petroleum engineering department  khalifa university  abu dhabi  united arab emirates,1,research and innovation center on co2 and hydrogen   chemical and petroleum engineering department  khalifa university  abu dhabi  united arab emirates,,,Maryam Khaleel
rescale,1,rescale,,,Tara Madhyastha
reri,1,RERI,31.8721724,77.148006,Taniya Kar
repsol polímeros s.a.,1,Repsol Polímeros S.A.,37.9835629,-8.8285023,André Vilelas
remora carbon,1,remora carbon,,,Kasturi Nagesh Pai
massachusetts institute of technology and arizona,1,massachusetts institute of technology and arizona,,,George Stephanopoulos
massachusetts institue of technology,1,massachusetts institue of technology,,,Sarah Av-Ron
massachusets institute of technology,1,massachusets institute of technology,,,Shashank Venkat Muddu
masaryk university,1,Masaryk University,49.2109986,16.5894777,Anezka Sharma
mantisonix ltd,1,mantisonix ltd,,,Mehrdad Zare
liangzhu laboratory  zhejiang university,1,liangzhu laboratory  zhejiang university,,,Jin Zhang
lewis-sigler institute for integrative genomics,1,lewis-sigler institute for integrative genomics,,,Carolina Trenado-Yuste
levich institute  city college of new york,1,levich institute  city college of new york,,,Charles Maldarelli
leidos research support team - us doe netl,1,leidos research support team - us doe netl,,,Robert Thompson
leidos research support team,1,leidos research support team,,,Foad Haeri
leidos inc,1,leidos inc,,,Melissa Olert
leibniz institute of polymer research and tu dresden,1,leibniz institute of polymer research and tu dresden,,,Arash Nikoubashman
rowan-virtua school of translational biomedical engineering and sciences,1,rowan-virtua school of translational biomedical engineering and sciences,,,Camila Vardar
rollins college,1,rollins college,,,Michael Webb
rkgmixes llc,1,rkgmixes llc,,,Richard Grenville
river otter,1,River Otter,50.791191,-3.2268388,Amelia Thomas
lyten,1,Lyten,47.7747446,8.5758347,Kumar Bugga
lysis consulting p c,1,lysis consulting p c,,,Panagiotis Manoudis
lubrizol advanced materials europe bvba,1,lubrizol advanced materials europe bvba,,,Marie-Anne Persoons
lparadis lbl gov,1,lparadis lbl gov,,,Laura Paradis-Fortin
loyola university chicago,1,loyola university chicago,,,Mausumi Mahapatra
lamar university university of louisville,1,lamar university university of louisville,,,Waliul Islam Khan
lam research corporation,1,lam research corporation,,,Anh Tran
lakril technologies corporation,1,lakril technologies corporation,,,Christopher Nicholas
lakehead university,1,Lakehead University,48.4203116,-89.2623395,Pedram Fatehi
laboratório associado para a sustentabilidade e tecnologia em regiões de montanha   instituto politécnico de bragança  campus de santa apolónia  5300-253,1,laboratório associado para a sustentabilidade e tecnologia em regiões de montanha   instituto politécnico de bragança  campus de santa apolónia  5300-253,,,Adriano Henrique
laboratory for chemical technology  ghent university,1,laboratory for chemical technology  ghent university,,,Siyuan Chen
laboratory for chemical technology,1,laboratory for chemical technology,,,Yi Ouyang
laboratoire réactions et génie des procédés  université de lorraine  cnrs,1,laboratoire réactions et génie des procédés  université de lorraine  cnrs,,,Alex Lemarinel
sandp global,1,sandp global,,,Tianyu Chen
sandia national labs,1,sandia national labs,,,R Eric Sikma
salvador garcia munoz eli lilly and company,1,salvador garcia munoz eli lilly and company,,,Salvador García-Muñoz
saint louis university,1,saint louis university,,,Clayton Stout
sachem inc,1,sachem inc,,,Roger Moulton
s p college,1,s p college,,,Siddhi Manjarekar
rutgers  the state university of nj,1,rutgers  the state university of nj,,,Diane Hildebrandt
linde,1,Linde,50.7127198,2.4195699,Ankur Kumar
king saud bin abdulaziz university for health sciences  and king abdullah international medical research center  ministry of national guard health affairs,1,king saud bin abdulaziz university for health sciences  and king abdullah international medical research center  ministry of national guard health affairs,,,Rabih Al-Kaysi
king s college london,1,king s college london,,,Miao Guo
king mongkuts institute of technology ladkrabang,1,King Mongkut's Institute of Technology Ladkrabang,13.7299068,100.7829827,Bunyarit Meksiriporn
school for engineering of matter  transport  and energy  arizona state university,1,school for engineering of matter  transport  and energy  arizona state university,,,Jordan Monroe
schlumberger-doll research,1,schlumberger-doll research,,,Richa Sharma
savannah river nuclear solutions,1,savannah river nuclear solutions,,,Jacob Mellon
sartorius stedim north america,1,sartorius stedim north america,,,David Pollard
sao paulo state university,1,sao paulo state university,,,Samilla de Almeida
sanofi us services inc,1,sanofi us services inc,,,Abhishek Paul
laboratoire de génie chimique,1,Laboratoire de Génie Chimique,43.5745403,1.47556405,Joelle Aubin
kyung hee university,1,kyung hee university,,,Jinsoo Kim
krict,1,krict,,,Jinju Lee
kpv lab edinburgh ltd,1,kpv lab edinburgh ltd,,,Callum Bruce
koreatech,1,KOREATECH,36.7635507,127.281751,Taeyong Kim
lawrence livermore national lab,1,lawrence livermore national lab,,,Jeremy Scher
lanl,1,LANL,35.6577468,-105.9583865,Mingfei Zhao
kenexis,1,kenexis,,,Edward Marszal
kbr inc,1,kbr inc,,,Joakim Halldin Stenlid
karolinska institutet,1,karolinska institutet,,,Georgios A. Sotiriou
sheffield university,1,sheffield university,,,Karl P. Travis
shaoguan university,1,shaoguan university,,,Weidong Lu
shanghaitech university,1,shanghaitech university,,,Bo Yang
seven lakes high school,1,seven lakes high school,,,Arushi Thatola
semmelweis university,1,Semmelweis University,47.4810691,19.06978395,Kristof Molnar
science history institute,1,science history institute,,,Roger Turner
school of engineering  university of edinburgh,1,school of engineering  university of edinburgh,,,Anton Tavitian
school of chemical engineering  dalian university of technology,1,school of chemical engineering  dalian university of technology,,,Shiya Gu
school of chemical and biomolecular engineering  georgia institute of technology,1,school of chemical and biomolecular engineering  georgia institute of technology,,,Jacob Sweet
school of chemical and biomolecular engineering,1,school of chemical and biomolecular engineering,,,Javaz Rolle
kookmin university,1,kookmin university,,,Chan Woo Lee
kitech,1,kitech,,,Duyoung Choi
kinga abdullah university of science and technology,1,kinga abdullah university of science and technology,,,Johannes Vrouwenvelder
izmir institute of technology,1,Izmir Institute of Technology,38.3226588,26.6377295,Abhishek Dutta
itq,1,itq,,,Manuel Moliner
it power australia,1,it power australia,,,José Zapata
israel institute of technology technion,1,israel institute of technology technion,,,Friederike Jentoft
iso iec joint technical committee - quantum technologies,1,iso iec joint technical committee - quantum technologies,,,Austin Lin
siemens digital industries software,1,siemens digital industries software,,,Thomas Eppinger
shell technology center,1,Shell Technology Center,29.7236777,-95.6397497,Rahul Gandhi
shell internatinal eandp,1,shell internatinal eandp,,,Guoqiang Yang
shell india markets private limited,1,shell india markets private limited,,,Shauvik De
kanazawa university,1,Kanazawa University,36.6575095,136.6473669,Kenji Yoshimoto
kanagawa academy of science and technology,1,kanagawa academy of science and technology,,,Hidenori Kuroki
joint school of nanoscience and nanoengineering  nc aandt state university,1,joint school of nanoscience and nanoengineering  nc aandt state university,,,Nafeezuddin Mohammad
joint center for energy storage research,1,joint center for energy storage research,,,Christopher Takacs
joint bioenergy institute  emeryville  ca 94608 and sandia national laboratories  livermore  ca,1,joint bioenergy institute  emeryville  ca 94608 and sandia national laboratories  livermore  ca,,,Kenneth Sale
johns hopkins university applied physics laboratory,1,johns hopkins university applied physics laboratory,,,Hunter B. Vibbert
key laboratory of functional inorganic materials chemistry   ministry of education  school of chemistry and materials science  international joint research center and lab for catalytic technology  harbin 150080  pr china,1,key laboratory of functional inorganic materials chemistry   ministry of education  school of chemistry and materials science  international joint research center and lab for catalytic technology  harbin 150080  pr china,,,Salman Khan
international institute for nanotechnology,1,international institute for nanotechnology,,,Jin Huang
interdisciplinary research center for membranes and water security  king fahd university of petroleum and minerals,1,interdisciplinary research center for membranes and water security  king fahd university of petroleum and minerals,,,Umer Zahid
intec,1,intec,,,Diego Cafaro
instm,1,INSTM,35.7446193,10.8243491,Maria Grazia De Angelis
sintef,1,sintef,,,Luca Riboldi
sinopec,1,SINOPEC,-0.3476216,-77.0107652,Xiaoqiao Zhang
singapore university of technology and design,1,singapore university of technology and design,,,Mei Chee Tan
simons foundation,1,simons foundation,,,Ella King
siemens process systems enterprise ltd,1,siemens process systems enterprise ltd,,,Thomas Lafitte
siemens industry software limited,1,siemens industry software limited,,,Pedro De Azevedo Delou
johns hopkins applied physics laboratory,1,johns hopkins applied physics laboratory,,,Eddie Gienger
john house consulting services,1,john house consulting services,,,John House
jiangnan university,1,Jiangnan University,31.4851218,120.2673352,Qiang Wang
jhu,1,jhu,,,Sangmoo Jeong
jara-energy,1,JARA-ENERGY,39.6821529,45.4864777,Alexander Mitsos
janssen pharmaceuticals,1,Janssen pharmaceuticals,40.5771027,-74.6501363,Bruna Minatovicz
instituto de desarrollo tecnológico para la industria química  intec,1,instituto de desarrollo tecnológico para la industria química  intec,,,Diana Estenoz
instituto de ciencias aplicadas y tecnología,1,instituto de ciencias aplicadas y tecnología,,,Gabriel Ascanio
institution los alamos national laboratory,1,institution los alamos national laboratory,,,Agnese Marcato
institute of technical and macromolecular chemistry   rwth aachen university,1,institute of technical and macromolecular chemistry   rwth aachen university,,,Sonja Mürtz
institute of sustainability for chemicals  energy and environment,1,institute of sustainability for chemicals  energy and environment,,,Lili Zhang
south dakota school of mines andtechnology,1,south dakota school of mines andtechnology,,,Rajesh Shende
south dakota mines,1,South Dakota Mines,44.0739534,-103.2056622,Zoe Fickbohm
soluciones energéticas y de automatización s a s,1,soluciones energéticas y de automatización s a s,,,Luis H. Copete
software for chemistry and materials,1,software for chemistry and materials,,,Nestor Aguirre
snapdragon chemistry-cambrex,1,snapdragon chemistry-cambrex,,,Jillian Sheeran
sivananthan laboratories inc,1,sivananthan laboratories inc,,,Jamie Howell
sivananthan laboratories  inc,1,sivananthan laboratories  inc,,,Rich Pimpinella
isis neutron and muon source,1,isis neutron and muon source,,,James Le Houx
iran university of medical science,1,iran university of medical science,,,Alaa Moeinzadeh
international maritime college oman  curtin uni,1,international maritime college oman  curtin uni,,,Anteneh Yeneneh
international maritime college oman,1,international maritime college oman,,,Jimoh Adewole
institute for sustainable materials and manufacturing,1,institute for sustainable materials and manufacturing,,,Gyu Leem
institute for regenerative medicine  wake forest school of medicine,1,institute for regenerative medicine  wake forest school of medicine,,,Nicholas Edenhoffer
institute for protein design,1,institute for protein design,,,Linna An
state univ of new york-buffalo,1,state univ of new york-buffalo,,,Paschalis Alexandridis
st josephs college of engineering,1,st josephs college of engineering,,,Swetha .
ssl,1,SSL,38.95224,-7.67603,Howard Stamato
srnl,1,srnl,,,Wiersma Bruce
spartan controls ltd,1,spartan controls ltd,,,Abhinav Garg
southwest university,1,Southwest University,29.8232371,106.4195884,Xiang Zou
southern arkansas university,1,Southern Arkansas University,33.2898495,-93.2360008,Abbas Azarpour
south ural state university,1,South Ural State University,55.1609128,61.3701652,Sergey Morozov
instituto politecnico nacional-esiqie,1,instituto politecnico nacional-esiqie,,,Octavio Elizalde-Solis
instituto politecnico nacional,1,instituto politecnico nacional,,,Edgar Ramirez-Jimenez
instituto de tecnología química  universitat politècnica de valència-consejo superior de investigaciones científicas,1,instituto de tecnología química  universitat politècnica de valència-consejo superior de investigaciones científicas,,,Cecilia Paris
instituto de química de são carlos universidade de são paulo,1,instituto de química de são carlos universidade de são paulo,,,Elisabete Assaf
instituto de investigaciones biomédicas  unam,1,instituto de investigaciones biomédicas  unam,,,Norma A. Valdez Cruz
institute for chemical technology and polymer chemistry  karlsruhe institute of technology,1,institute for chemical technology and polymer chemistry  karlsruhe institute of technology,,,Daniel Hodonj
institute for carbon management,1,institute for carbon management,,,Gaurav Sant
institute for a sustainable hydrogen economy   forschungszentrum jülich,1,institute for a sustainable hydrogen economy   forschungszentrum jülich,,,Regina Palkovits
institut des matériaux poreux de paris  espci paris  ecole normale supérieure  cnrs  psl university  75005,1,institut des matériaux poreux de paris  espci paris  ecole normale supérieure  cnrs  psl university  75005,,,Christian Serre
institut des matériaux poreux de paris  ecole normale supérieure de paris  espci paris  cnrs  psl university,1,institut des matériaux poreux de paris  ecole normale supérieure de paris  espci paris  cnrs  psl university,,,Georges Mouchaham
institut charles sadron,1,Institut Charles Sadron,48.58642735,7.7464308,Albert Johner
suncat center for interface science and catalysis  department of chemical engineering  stanford university,1,suncat center for interface science and catalysis  department of chemical engineering  stanford university,,,Pooja Basera
sulzer pump solutions ireland ltd,1,sulzer pump solutions ireland ltd,,,Sudarshan Srinivasan
strategic energy analysis center  national renewable energy laboratory,1,strategic energy analysis center  national renewable energy laboratory,,,Jason DesVeaux
stealth mode startup,1,stealth mode startup,,,Qianhong Zhu
institute of macromolecular compounds of the russian academy of sciences,1,institute of macromolecular compounds of the russian academy of sciences,,,Ekaterina B. Zhulina
institute of chemical process systems engineering  school of chemical engineering,1,institute of chemical process systems engineering  school of chemical engineering,,,Yachao Dong
institute of automation and control  tu graz,1,institute of automation and control  tu graz,,,Hazem Damiri
institute of automation and control  graz university of technology,1,institute of automation and control  graz university of technology,,,Martin Steinberger
institute of applied biosciences  centre for research and technology hellas  thessaloniki  greece,1,institute of applied biosciences  centre for research and technology hellas  thessaloniki  greece,,,Kostas Stamatopoulos
institute for the development of energy for african sustainability,1,institute for the development of energy for african sustainability,,,Joshua Gorimbo
iit-jammu,1,iit-jammu,,,Monika Kumari
swiss federal institute of materials and technology  empa,1,swiss federal institute of materials and technology  empa,,,Pavan Kumar Vudisi
swinburne univ of technology,1,swinburne univ of technology,,,Richard Sadus
susteon inc,1,susteon inc,,,Vasudev Haribal
surface measurement system,1,surface measurement system,,,Dan Burnett
suny-buffalo,1,SUNY-Buffalo,42.9336675,-78.8839422,Wanyi Nie
suny brockport,1,SUNY Brockport,43.209853,-77.9513391,Mark P. Heitz
suny   buffalo,1,suny   buffalo,,,Amit Goyal
ingredion incorporated,1,ingredion incorporated,,,Karsten Keller
inga group,1,Inga Group,-4.3516961,15.2829802,Juan Inga
indian oil corporation ltd  randd centre,1,indian oil corporation ltd  randd centre,,,Samik Hait
indian institute of technology roorkee  uttarakhand  india,1,indian institute of technology roorkee  uttarakhand  india,,,Salma Khatoon
indian institute of technology kharagpur kharagpur,1,indian institute of technology kharagpur kharagpur,,,Puspendu Sardar
indian institute of science education and research  bhopal,1,indian institute of science education and research  bhopal,,,Akshay Modi
institute for lasers  photonics and biophotonics  university at buffalo,1,institute for lasers  photonics and biophotonics  university at buffalo,,,Avisek Dutta
institute for energy and materials  universidad san francisco de quito usfq,1,institute for energy and materials  universidad san francisco de quito usfq,,,Alfredo Valarezo
ials consulting,1,ials consulting,,,Irene Legiec
tcs research  trddc  tata consultancy services,1,tcs research  trddc  tata consultancy services,,,Raviraju Vysyaraju
tata institute of fundamental research,1,Tata Institute of Fundamental Research,18.9071237,72.8049637,Tapomoy Bhattacharjee
tamuq,1,tamuq,,,Suhde Makki
taiyo nippon sanso corporation,1,taiyo nippon sanso corporation,,,Kazutoshi Ishizaki
syntegon technology gmbh,1,Syntegon Technology GmbH,48.823336,9.2939815,Thomas Brinz
synt solutions,1,Synt Solutions,59.9379332,30.3202084,Neha Tiwari
syensqo,1,syensqo,,,Claudio Oldani
independent researcher,1,independent researcher,,,Eitaro Yamatsuta
independent consultant,1,Independent Consultant,-34.4437431,147.5365095,Xiangwei Liu
imed ulisboa  faculty of pharmacy  university of lisbon,1,imed ulisboa  faculty of pharmacy  university of lisbon,,,João F. Pinto
illinois tech,1,illinois tech,,,Mohammad Asadi
illinois state university,1,Illinois State University,40.5179938,-89.0084607,Nesrin Ozalp
iitm,1,iitm,,,Anubhab Roy
iith,1,iith,,,Akshay Tikoo
iitb,1,iitb,,,Madhulika Narayan
hovione farmaciencia sa,1,hovione farmaciencia sa,,,Paulo Francisco
hovione farmaciencia  s a,1,hovione farmaciencia  s a,,,Nuno Lousa
hoseo university,1,Hoseo University,36.7352819,127.0757053,InSoung Chang
honeywell uop,1,honeywell uop,,,Rajasi Shukre
tellus,1,tellus,,,Nathan Page
teich process development llc,1,teich process development llc,,,Cheryl Teich
tecnologico na campus aguascalientescional de mexico,1,tecnologico na campus aguascalientescional de mexico,,,Pablo Tenoch Rodriguez-Gonzalez
technology innovation institute,1,technology innovation institute,,,Suresh Kumar Reddy Kuppireddy
technische universitat dresden,1,technische universitat dresden,,,Stefan Kaskel
iit roorkee,1,iit roorkee,,,Rajeev Ranjan
iit ism dhanbad,1,IIT (ISM) Dhanbad,23.8148779,86.4425786,Ashok Das
iit guwahati,1,iit guwahati,,,Dr. Partho S.G. Pattader
ifpen,1,ifpen,,,Charles-Philippe Lienemann
ifce,1,ifce,,,Marcilio Maximo
ibm almaden research center,1,IBM Almaden Research Center,37.2113478,-121.8083246,Jed W. Pitera
ibb university,1,Ibb University,13.9607115,44.1724817,Waheeba Al-Amrani
hiroshima university at japan,1,hiroshima university at japan,,,Yukihiko Matsumura
higher collages of technology,1,higher collages of technology,,,Abdelsalam Efhaima
high performance materials institute  florida state university,1,high performance materials institute  florida state university,,,Changchun Zeng
henkel,1,Henkel,31.1851856,121.59436205,Bevan Harbinson
hemocleanse technologies  llc,1,hemocleanse technologies  llc,,,Stephen Ash
helical energy,1,helical energy,,,James Fox
the chemours company,1,the chemours company,,,Christian Jungong
the better meat co,1,the better meat co,,,Paul Shapiro
texas transportation institute,1,texas transportation institute,,,Fujie Zhou
texas tech university health sciences center,1,texas tech university health sciences center,,,Sharilyn Almodovar
texas aandm energy institute,1,texas aandm energy institute,,,Dimitrios Voulanas
texas a and m,1,texas a and m,,,Hesan Elfaki
terra teaching and research centre  biosystems dynamics and exchanges  gembloux agro-bio tech- université de liège  gembloux  belgium,1,terra teaching and research centre  biosystems dynamics and exchanges  gembloux agro-bio tech- université de liège  gembloux  belgium,,,Andrea Di Maria
terasaki institute,1,terasaki institute,,,Alireza Hassani Najafabadi
human-centered sensing laboratory  eth zurich,1,human-centered sensing laboratory  eth zurich,,,Andreas Güntner
howard hughes medical institute,1,howard hughes medical institute,,,Yukiko Yamashita
hax,1,HAX,35.7461408,-95.4110305,Susan Schofer
harvard medical school brigham and women s hospital,1,harvard medical school brigham and women s hospital,,,Sohyung Lee
harvard medical school - massachusetts general hospital,1,harvard medical school - massachusetts general hospital,,,Aron Gyorgypal
harro höfliger,1,Harro Höfliger,48.9730439,9.3866196,Daniel Jakub Wilhelm
harris lab at purdue university,1,harris lab at purdue university,,,Jad Khansa
the joint bioenergy institute,1,the joint bioenergy institute,,,Blake Simmons
the cyprus institute,1,The Cyprus Institute,35.1409611,33.3811819,Wojciech Lipinski
the college of wooster,1,the college of wooster,,,Paul Edmiston
the city college of new york cuny,1,the city college of new york cuny,,,George John
honeywell fmandt,1,honeywell fmandt,,,Dakota Even
honeywell connected enterprise,1,honeywell connected enterprise,,,Bhargav Sharma
honeywell,1,honeywell,,,Shubhra J Bhadra
hochschule rosenheim,1,Hochschule Rosenheim,48.2436043,12.5272539,Patrick Preuster
ho chi minh city university of industry and trade,1,ho chi minh city university of industry and trade,,,Thanh Hoai Trinh
hkust,1,hkust,,,Yoonseob Kim
hitachi energy germany ag,1,hitachi energy germany ag,,,Iiro Harjunkoski
global manufacturing engineer iff,1,global manufacturing engineer iff,,,Erik Gommeren
the university of tennessee knoxville,1,the university of tennessee knoxville,,,Arthur Ragauskas
the university of queensland  australia,1,the university of queensland  australia,,,Deepti Mishra
the university of north carolina at charlotte,1,the university of north carolina at charlotte,,,Jeanette Jarvis
hamad bin khalifa university  qatar foundation,1,hamad bin khalifa university  qatar foundation,,,Yehia Manawi
hamad bin khalifa university,1,hamad bin khalifa university,,,Mamoun Al-Rawashdeh
haleon plc,1,haleon plc,,,Daniel Castro-Rodriguez
h quest vanguard  inc,1,h quest vanguard  inc,,,George Skoptsov
gyeongsang national university,1,gyeongsang national university,,,Hiluf Tekle Fissaha
gurobi optimization,1,gurobi optimization,,,Hassan L. Hijazi
guild associates,1,guild associates,,,Joe Rossin
guangzhou institute of energy conversion,1,guangzhou institute of energy conversion,,,Yuhe Liao
gsk randd,1,gsk randd,,,Aarti Gidh
gsk medicines research centre,1,gsk medicines research centre,,,Chris Davey
health research institute,1,health research institute,,,Taravat Sarvari
hbku core labs  hamad bin khalifa university,1,hbku core labs  hamad bin khalifa university,,,Janarthanan Ponraj
geocircular consulting group,1,geocircular consulting group,,,Javier Guerrón-Orejuela
genetic engineering and biotechnology research division  national research centre,1,genetic engineering and biotechnology research division  national research centre,,,Shimaa R. Hamed
toyo koatsu co  ltd,1,toyo koatsu co  ltd,,,Takashi Noguchi
towson university,1,towson university,,,Brian D. Fath
total s e,1,total s e,,,Eric Cloarec
tip,1,tip,,,Javier Oswaldo Lizcano Prada
the webb schools,1,the webb schools,,,Ruotong Gao
the university of trinidad and tobago o meara camp,1,the university of trinidad and tobago o meara camp,,,Festus Addo-Yobo
gsk glaxo wellcome manufacturing pte ltd  1 pioneer  sector 1  singapore,1,gsk glaxo wellcome manufacturing pte ltd  1 pioneer  sector 1  singapore,,,Krishna Gudena
gs engineering and construction corp,1,gs engineering and construction corp,,,Nohjin Park
groningen university,1,Groningen University,53.2194415,6.5629863,Taha Mana
greenpack technologies,1,greenpack technologies,,,Jeff Shook
government of the united kingdom,1,Government of the United Kingdom,55.9588465,-2.9577684,Annabel Hill
google,1,google,,,Utkarsh Shah
goeppert llc,1,goeppert llc,,,Zehui Xia
glycosyn llc,1,glycosyn llc,,,Shelby Mills
tunghai university,1,Tunghai University,24.1788982,120.6045034,Jo-Shu Chang
tu dortmund university,1,TU Dortmund University,51.4914844,7.4122739,Gabriele Sadowski
tu berlin,1,TU Berlin,52.5110159,13.3269541,Mona al-Mqbas
toyota motor europe,1,toyota motor europe,,,Hannah Johnson
ge aerospace,1,GE Aerospace,42.9035512,-85.5459779,Seung-Hyuck (John) Hong
fuels  engines and emissions research center  oak ridge national laboratory,1,fuels  engines and emissions research center  oak ridge national laboratory,,,James E. Parks
friedrich schiller university,1,friedrich schiller university,,,Dimitri Nowack
freeman technology,1,Freeman Technology,40.5206252,-111.9448791,Amalia Thomas
fracture systems ltd,1,fracture systems ltd,,,G W Lanyon
fortum waste solutions oy,1,fortum waste solutions oy,,,Olesya Fearon
gharda institute of technology lavel,1,gharda institute of technology lavel,,,Shyam P. Tekade
georgia tech university,1,georgia tech university,,,Xiaoxuan Yang
georgia tech and emory university,1,georgia tech and emory university,,,Alyssa Panitch
georgia institute of technology college of engineering,1,georgia institute of technology college of engineering,,,Emad Renfroe
georgia institute of technology and emory university,1,georgia institute of technology and emory university,,,Jennifer H. Deng
georg-august universitat,1,Georg-August Universitat,51.5592251,9.9524442,Marcus Mueller
florida aandm university-florida state university,1,florida aandm university-florida state university,,,Tarek Abichou
figure 8 environmental,1,figure 8 environmental,,,Ken Tasaki
feed energy,1,Feed Energy,42.4831747,-96.3847667,Alex Paulsen
federal university of santa catarina,1,Federal University of Santa Catarina,-27.6034134,-48.5224425,Emilio E. Paladino
federal university of bahia,1,federal university of bahia,,,Márcio Martins
federal university of agriculture,1,federal university of agriculture,,,Enock Dare
u.s. army,1,U.S. Army,40.6009249,-74.0599166,Alexa Lynch
u s dept  of energy,1,u s dept  of energy,,,William Aljoe
u s  doe ames laboratory,1,u s  doe ames laboratory,,,Aaron Sadow
u s  doe agile biofoundry,1,u s  doe agile biofoundry,,,Bruno Klein
u s  army research laboratory,1,u s  army research laboratory,,,Eric D. Wetzel
u s  army devcom soldier center,1,u s  army devcom soldier center,,,Joseph M. Palomba
u s  army combat capabilities development command,1,u s  army combat capabilities development command,,,Pamela L. Sheehan
u s  army,1,u s  army,,,Trenton Tovar
u  chicago,1,u  chicago,,,Hongbo Feng
twelve,1,Twelve,-33.9808333,18.3852778,Kendra Kuhl
facultad de ingeniería química  universidad nacional del litoral,1,facultad de ingeniería química  universidad nacional del litoral,,,Demian Presser
"faculdade de engenharia, universidade do porto",1,"Faculdade de Engenharia, Universidade do Porto",41.1784933,-8.5961974,Diogo Rodrigues
facilis ai,1,facilis ai,,,Yousef Mohassab
exxonmobil research qatar,1,exxonmobil research qatar,,,Suhur Saeed
exxonmobil research and engineering company,1,exxonmobil research and engineering company,,,Pavel Kortunov
ufc - universidade federal do ceara,1,ufc - universidade federal do ceara,,,Celio Cavalcante
ues  inc,1,ues  inc,,,Robert Waelder
uctm,1,UCTM,42.6587444,23.3571228,Chavdar Chilev
ucsd  nanoengineering department,1,ucsd  nanoengineering department,,,Kaibiao Wang
ucr,1,ucr,,,Xiaoyang Zhao
uconn,1,uconn,,,Venkatraman Nagarajan
ucla henry samueli school of engineering and applied science,1,ucla henry samueli school of engineering and applied science,,,Aaron Moment
forest concepts,1,forest concepts,,,Jim Dooley
fondazione istituto di ricerca città della speranza,1,fondazione istituto di ricerca città della speranza,,,Caterina Piunti
florida agricultural and mechanical university,1,florida agricultural and mechanical university,,,Simeon Newman
florida aandm university-florida state university college of engineering,1,florida aandm university-florida state university college of engineering,,,Daniel Hallinan
evon gmbh,1,evon GmbH,47.1396314,15.679928,Martin Kureck
european environmental agency,1,european environmental agency,,,Magnus Lofstedt
unilever randd,1,Unilever R&D,18.7248972,-69.7652092,Waldo Rosales
unal-med student chapter in colombia,1,unal-med student chapter in colombia,,,Aura Ramirez
umbc,1,umbc,,,Jorge Almodovar
umass lowell,1,umass lowell,,,Jayant Kumar
umass amherst  department of chemical engineering,1,umass amherst  department of chemical engineering,,,Song Luo
umass amherst,1,umass amherst,,,Henning Winter
umass,1,umass,,,Auden Balouch
ulca,1,ULCA,45.7017972,13.7333143,Ping He
ukurhuleni water care company,1,ukurhuleni water care company,,,James Topkin
uiuc,1,uiuc,,,Chandan Mahata
uga,1,uga,,,Arunachalam Ramanathan
fau erlangen-nürnberg,1,FAU Erlangen-Nürnberg,49.6015012,11.0176956,Pierre Cautaerts
faculty of pharmacy of the university of lisbon,1,faculty of pharmacy of the university of lisbon,,,João Lopes
facultad de química,1,facultad de química,,,David Posadas Navarro
engineers india limited,1,engineers india limited,,,Sirshendu Guha
engineering science,1,engineering science,,,Yihao Huang
energy and environmental research center,1,energy and environmental research center,,,Zahra Finnigan
universidad autónoma metropolitana unidad iztapalapa,1,universidad autónoma metropolitana unidad iztapalapa,,,Gabriel Contreras-Zarazúa
universidad autónoma metropolitana -iztapalapa,1,universidad autónoma metropolitana -iztapalapa,,,Francisco J. Valdés-Parada
universidad autónoma de sinaloa,1,Universidad Autónoma de Sinaloa,25.8140349,-108.9817245,Eusiel Rubio-Castro
universidad autonoma de mexico,1,universidad autonoma de mexico,,,Gabriel Contreras-Zarazúa
univeristy of cape town,1,univeristy of cape town,,,Klaus Moller
unist,1,UNIST,35.5737484,129.1897266,Hyun-Wook Lee
exxonmobil chemical company,1,exxonmobil chemical company,,,Andrea Wight
exxon mobil research and engineering,1,exxon mobil research and engineering,,,Jason McMullan
exponent,1,Exponent,33.6996887,-112.0914977,Charles Lhermitte
exactmer limited,1,exactmer limited,,,Zhiwei Jiang
ewha womens university,1,ewha womens university,,,Yewon Kim
evonik nutrition and care gmbh,1,evonik nutrition and care gmbh,,,Owen P. Jappen
evonik corporation,1,Evonik Corporation,39.5447547,-76.0986196,Ryan Morrison
universidad nacional mayor de san marcos,1,universidad nacional mayor de san marcos,,,Claudia N. Sierra Huallpayunca
universidad nacional de ingenieria,1,universidad nacional de ingenieria,,,Denis Cristian Alfonte Lupaca
universidad mariana de pasto,1,Universidad Mariana de Pasto,1.2236979,-77.2831891,Paola Andrea Ortega Guerrero
universidad industrial de santander,1,Universidad Industrial de Santander,7.1409311,-73.1198652,Giovanni Morales Medina
universidad de ingeniería y tecnología,1,universidad de ingeniería y tecnología,,,Piero Enrique Varela García
universidad de chile,1,universidad de chile,,,Felipe Díaz-Alvarado
eth,1,ETH,50.3260433,3.6671281,Inge Herrmann
etech ethanol engineering and technology,1,etech ethanol engineering and technology,,,Paulo S. Barci
espci paris  cnrs  psl university,1,espci paris  cnrs  psl university,,,Michel Cloitre
eskisehir osmangazi university,1,eskisehir osmangazi university,,,Aysegül Askin
escuela colombiana de ingeniería julio garavito,1,escuela colombiana de ingeniería julio garavito,,,Camilo Hernandez
escola politécnica da universidade de são paulo,1,escola politécnica da universidade de são paulo,,,Heloisa Bortolini
epsrc future manufacturing research hub for continuous manufacturing and advanced crystallization,1,epsrc future manufacturing research hub for continuous manufacturing and advanced crystallization,,,Irene Moreno Flores
epixc,1,epixc,,,Michael Baldea
environmental division,1,environmental division,,,David Russell
ensic - école nationale supérieure des industries chimiques,1,ensic - école nationale supérieure des industries chimiques,,,Daniel Lourenço
eli lilly services india pvt  ltd,1,eli lilly services india pvt  ltd,,,Bhoja Kandela
ege university,1,Ege University,38.4556928,27.2281857,Meltem Turan
edf randd,1,EDF R&D,18.5015934,-69.9266509,Sibo Cheng
ecodynamics group  department of physical sciences  earth and environment  university of siena  italy,1,ecodynamics group  department of physical sciences  earth and environment  university of siena  italy,,,Federico Pulselli
eco carbon,1,eco carbon,,,Hippolyte Grappe
eastman chemical co,1,eastman chemical co,,,Gary Hawkins
universite de toulouse,1,universite de toulouse,,,Micheline Abbas
universite de pau et des pays de l adour  latep,1,universite de pau et des pays de l adour  latep,,,Jean-Michel Reneaume
universite catholique de louvain,1,Universite Catholique de Louvain,50.84135353333334,4.3945249,Geoffroy Hautier
universitat rovira i virgili,1,Universitat Rovira i Virgili,41.1226832,1.2501587,Santiago Morandi
universitat pompeu fabra,1,Universitat Pompeu Fabra,41.3892781,2.1911055,Raul P. Pelaez
universiry college london,1,universiry college london,,,Aurora Cavaliere
universidade federal do rio grande do sul,1,Universidade Federal do Rio Grande do Sul,-30.033315,-51.219944,Raquel S. Mauler
universidade estadual do maranhao,1,universidade estadual do maranhao,,,Paulo Roberto C. F. Ribeiro Filho
universidade estadual de campinas,1,Universidade Estadual de Campinas,-22.822656,-47.0627959,Aline Veronese da Silva
universidade de lisboa,1,Universidade De Lisboa,38.7672092,-9.16304826,Pedro Castro
university of aberdeen,1,University of Aberdeen,57.1645247,-2.1018364,Aniruddha Majumder
university hospital cologne,1,university hospital cologne,,,Sebastian Walter
university college of london,1,university college of london,,,Luiza C Campos
university college london - torrington place,1,university college london - torrington place,,,Paola Lettieri
university college hospital,1,university college hospital,,,Shanom Ali
universiti teknologi petronas,1,universiti teknologi petronas,,,Fon Yee Han
east carolina university,1,east carolina university,,,Johanna Hannan
e2h2nano  llc,1,e2h2nano  llc,,,Shoujie Ren
duquesne university,1,Duquesne University,40.44162456666667,-79.96522063333333,Devicka Manickam
dtu,1,dtu,,,Eleonora Passuto
dsm-firmenich science and research,1,dsm-firmenich science and research,,,Ben Johnson
drury university,1,drury university,,,Briella Riley
en-ramps llc,1,en-ramps llc,,,Priyanka G Singh
emmanuel college  university of cambridge,1,emmanuel college  university of cambridge,,,Isabelle C. Thomas
embry-riddle aeronautical university,1,embry-riddle aeronautical university,,,Marwa El-Sayed
em ai technology,1,EM AI Technology,14.4760697,75.8849723,Oscar Martinez
department of environment  alborz campus  university of tehran,1,department of environment  alborz campus  university of tehran,,,Sadaf Kahedi
department of energy netl,1,department of energy netl,,,Yee Soong
department of civil and environmental engineering  university of wisconsin-madison,1,department of civil and environmental engineering  university of wisconsin-madison,,,Anna Qualls
university of california  riverside and center for environmental research and technology,1,university of california  riverside and center for environmental research and technology,,,Charles M. Cai
university of bayreuth,1,University of Bayreuth,49.9270796,11.5872266,Dennis Schroeder
university of amsterdam,1,University of Amsterdam,52.3681334,4.8898042,David Dubbeldam
university of alberta  edmonton  canada,1,university of alberta  edmonton  canada,,,Karthik Srinivasan
dps group global,1,dps group global,,,Jeffrey Heil
dokuz eylul university,1,Dokuz Eylul University,38.3943741,27.0303419,Evrim Umut
doe netl,1,doe netl,,,Ping Wang
doe ne,1,doe ne,,,James L. Willit
doe joint genome institute,1,doe joint genome institute,,,Jan-Fang Cheng
doe great lakes bioenergy research center  university of wisconsin-madison,1,doe great lakes bioenergy research center  university of wisconsin-madison,,,Christos Maravelias
doe center for advanced bioenergy and bioproducts innovation  university of illinois urbana-champaign,1,doe center for advanced bioenergy and bioproducts innovation  university of illinois urbana-champaign,,,Jeremy Guest
doe center for advanced bioenergy and bioproducts innovation  university of illinois at urbana-champaign,1,doe center for advanced bioenergy and bioproducts innovation  university of illinois at urbana-champaign,,,Christopher V. Rao
doe center for advanced bioenergy and bioproducts innovation,1,doe center for advanced bioenergy and bioproducts innovation,,,Yuyao Jia
department of chemical engineering  texas aandm university at qatar p  o  box 23874,1,department of chemical engineering  texas aandm university at qatar p  o  box 23874,,,Konstantinos E. Kakosimos
department of chemical engineering  ku leuven  celestijnenlaan 200f  leuven  belgium,1,department of chemical engineering  ku leuven  celestijnenlaan 200f  leuven  belgium,,,Giuseppe Granata
department of chemical and environmental process engineering  faculty of chemical technology and biotechnology  budapest university of technology and economics,1,department of chemical and environmental process engineering  faculty of chemical technology and biotechnology  budapest university of technology and economics,,,Iván László Gresits
department of chemical and biomolecular engineering  university of california  irvine,1,department of chemical and biomolecular engineering  university of california  irvine,,,Tharini Siddappa
university of capet town,1,university of capet town,,,David Ikumi
university of california technical institute,1,university of california technical institute,,,Melanie Rodriguez
division of pediatric infectious diseases  ucsf,1,division of pediatric infectious diseases  ucsf,,,Devan Jaganath
division of energy and environment technology  kist school  university of science and technology,1,division of energy and environment technology  kist school  university of science and technology,,,Nurul Fuadi Pratiwi Sulaiman
digital medicines manufacturing  loughborough university,1,digital medicines manufacturing  loughborough university,,,Jiaxu Liu
department of science  technology and society  university school for advanced studies iuss pavia  pavia  italy,1,department of science  technology and society  university school for advanced studies iuss pavia  pavia  italy,,,Fabio Sporchia
department of radiation oncology  new york university grossman school of medicine  new york  new york  10016  usa,1,department of radiation oncology  new york university grossman school of medicine  new york  new york  10016  usa,,,Robert Schneider
department of microbiology  new york university grossman school of medicine  new york  new york  10016  usa,1,department of microbiology  new york university grossman school of medicine  new york  new york  10016  usa,,,Olga Katsara
department of mechanical engineering  university of michigan,1,department of mechanical engineering  university of michigan,,,Jesse Capecelatro
department of internal medicine  university of michigan,1,department of internal medicine  university of michigan,,,Robert Woods
department of industrial and computer engineering and economics  university of l aquila,1,department of industrial and computer engineering and economics  university of l aquila,,,Francesco Ferella
department of gastroenterology and hepatology  mayo clinic  scottsdale,1,department of gastroenterology and hepatology  mayo clinic  scottsdale,,,Rahul Pannala
department of art  faculty of science and new technologies  islamic azad university e-campus,1,department of art  faculty of science and new technologies  islamic azad university e-campus,,,Sahar Fereidoni
defense center for public health - dayton,1,defense center for public health - dayton,,,Adam Boey
deep origin,1,deep origin,,,Akash Guru
david a  rockstraw  ph  d   p  e   inc,1,david a  rockstraw  ph  d   p  e   inc,,,David Rockstraw
dave c  swalm school of chemical engineering  mississippi state university,1,dave c  swalm school of chemical engineering  mississippi state university,,,Jiachun Wu
university of engineering and technology lahore,1,University of Engineering and Technology Lahore,31.4631818,73.2543186,Sadiya Mushtaq
university of east london,1,university of east london,,,Richard P. Matthews
university of colorado denver anschutz medical campus,1,university of colorado denver anschutz medical campus,,,Daewon Park
university of colorado denver - anschutz medical campus,1,university of colorado denver - anschutz medical campus,,,Keith B. Neeves
university of colorado denver,1,University of Colorado Denver,39.7460707,-105.001771,Farhad Pourkamali-Anaraki
university of colorado anschutz medical campus,1,university of colorado anschutz medical campus,,,Peter Dempsey
department of chemistry and earth sciences  college of arts and sciences  qatar university,1,department of chemistry and earth sciences  college of arts and sciences  qatar university,,,Sjood Makeen
department of chemistry  north carolina state university  raleigh  nc 27695  usa,1,department of chemistry  north carolina state university  raleigh  nc 27695  usa,,,Evgeny Danilov
department of chemistry  abdul wali khan university  mardan  khyber pakhtunkhwa  23200  pakistan,1,department of chemistry  abdul wali khan university  mardan  khyber pakhtunkhwa  23200  pakistan,,,Muhammad Shayan
department of chemical engineering tsinghua university,1,department of chemical engineering tsinghua university,,,Cui Shitong
department of chemical engineering  university of california-santa barbara,1,department of chemical engineering  university of california-santa barbara,,,Matthew Helgeson
css inc,1,CSS Inc,41.0487475,-76.2723621,William Preston
csiro,1,csiro,,,Alicia Bayon
csir-indian institute of petroleum,1,csir-indian institute of petroleum,,,Tuhin Suvra Khan
csir - central salt and marine chemicals research institute,1,csir - central salt and marine chemicals research institute,,,Parul Sahu
crystallization design institute  molecular sciences research center  university of puerto rico,1,crystallization design institute  molecular sciences research center  university of puerto rico,,,Torsten Stelzer
crystalgrower,1,crystalgrower,,,Nathan de Bruyn
university of illinois laboratory high school,1,university of illinois laboratory high school,,,Ankita Bhargava
university of illinois at urbana-champain,1,university of illinois at urbana-champain,,,Ziqiu Chen
university of illinois  urbana-champaign,1,university of illinois  urbana-champaign,,,Johannes Elbert
university of hohenheim,1,university of hohenheim,,,Moritz Kuehnel
university of hawaiʻi at mānoa,1,University of Hawaiʻi at Mānoa,21.2982795,-157.8186932,Chrisy Xiyu Du
university of florida student chapter,1,university of florida student chapter,,,Flynn Baliton
department of chemical and biomolecular engineering,1,department of chemical and biomolecular engineering,,,Auden Jones
department of biological engineering,1,department of biological engineering,,,Colin Y. Kim
department of bioengineering and san diego supercomputer center  university of california  san diego,1,department of bioengineering and san diego supercomputer center  university of california  san diego,,,Lina Aboulmouna
department of biochemistry  university of illinois at urbana-champaign,1,department of biochemistry  university of illinois at urbana-champaign,,,Yuwei Pan
corresponding authors,1,corresponding authors,,,Youssef Wadghiri
cornell,1,Cornell,40.9900326,-88.7292337,Shuwen Yue
cooper union for the advancement of science and art,1,cooper union for the advancement of science and art,,,Rachel Lee
coolbrook oy,1,coolbrook oy,,,Elina Nauha
consejo superior de investigaciones científicas,1,Consejo Superior de Investigaciones Científicas,40.4407145,-3.6874014,Alicia Bayon
complutense university of madrid,1,complutense university of madrid,,,Juan Carlos Dominguez
university of ljubljana,1,University of Ljubljana,46.05860735,14.503831,Nina Grilc
university of lisbon,1,university of lisbon,,,Wanting Zhang
university of kwazulu-natal,1,university of kwazulu-natal,,,Michael Kidd
university of kentucky accelerator laboratory,1,university of kentucky accelerator laboratory,,,Erin E Peters
university of isfahan,1,University of Isfahan,32.617484700000006,51.66130245,Miaad Dastjerdi
dana-farber cancer institute,1,dana-farber cancer institute,,,David Barbie
d  e  shaw research,1,d  e  shaw research,,,Daniel Kozuch
curtin university  malaysis,1,curtin university  malaysis,,,Kumar Perumal
cuny advanced science research center,1,cuny advanced science research center,,,Denize Favaro
csu- long beasch and fresno city college,1,csu- long beasch and fresno city college,,,Ashok Naimpally
cic nanogune,1,CIC nanoGUNE,43.3048187,-2.0073381,Pablo M. Piaggi
ciatec,1,ciatec,,,Juan José Quiroz-Ramírez
university of maryland-baltimore county,1,university of maryland-baltimore county,,,Govind Rao
university of luxembourg,1,University of Luxembourg,49.5036259,5.9487155,Eleni Koronaki
columbia univeresity,1,columbia univeresity,,,Farid Khoury
columbia,1,Columbia,4.099917,-72.9088133,Diana Chamaki
colorado school of mines - cbe,1,colorado school of mines - cbe,,,Kevin Cash
colombian petroleum institute   ecopetrol s a,1,colombian petroleum institute   ecopetrol s a,,,Ariel Uribe-Rodriguez
coanda research and development corporation,1,coanda research and development corporation,,,Clara Gomez
coanda,1,Coanda,47.5054136,8.7476545,Tanja Tomkovic
cnrs create,1,cnrs create,,,Roberto Batista Da Silva Junior
cnrs  université de pau et des pays de l adour umr 5254  institut des sciences analytiques et de physico-chimie pour l environnement et les matériaux,1,cnrs  université de pau et des pays de l adour umr 5254  institut des sciences analytiques et de physico-chimie pour l environnement et les matériaux,,,Oleg V. Borisov
clexbio,1,clexbio,,,Armend Håti
crysalis biosciences  inc,1,crysalis biosciences  inc,,,Andrew Borchert
covai corporation,1,covai corporation,,,Steven Schilling
cotierra ag,1,cotierra ag,,,Thomas Käslin
children s hospital of philadelphia,1,children s hospital of philadelphia,,,Misun Hwang
chevron technical center,1,chevron technical center,,,Hariprasad J. Subramani
chemistry and biochemistry,1,chemistry and biochemistry,,,Yu Chen
chemical sciences and engineering division  argonne national laboratory,1,chemical sciences and engineering division  argonne national laboratory,,,Keunsoo Kim
chemical and biomolecular engineering  university of delaware,1,chemical and biomolecular engineering  university of delaware,,,Charlotte Gottilla
chartered process engineer,1,chartered process engineer,,,Ahmed Hamed
university of natural resources and life sciences,1,university of natural resources and life sciences,,,Tobias Pröll
university of munster,1,University of Munster,51.9673422,7.5992433,Hubert Koller
university of missouri columbia,1,university of missouri columbia,,,Yizhi Xiang
university of minnesota - duluth,1,University of Minnesota - Duluth,46.8203898,-92.0852741,Richard Davis
clausthal university of technology,1,Clausthal University of Technology,51.8019554,10.3455053,Jens Bremer
clark atlanta university,1,clark atlanta university,,,Eric A. Mintz
clariant corp,1,clariant corp,,,Danielle Covelli
cj cheiljedang,1,cj cheiljedang,,,Jaehoon Cho
city university of hong kong,1,city university of hong kong,,,Duu-Jong Lee
citrine informatics,1,citrine informatics,,,Mark Sullivan
century therapeutics,1,century therapeutics,,,Gregory Rusotti
centro regional de estudios en alimentos saludables  creas,1,centro regional de estudios en alimentos saludables  creas,,,Araceli Olivares
central south university,1,central south university,,,Ge Li
center of excellence for aerospace particulate emissions reduction research missouri sandt  65409,1,center of excellence for aerospace particulate emissions reduction research missouri sandt  65409,,,Godwin Ogbuehi
center for tuberculosis  ucsf,1,center for tuberculosis  ucsf,,,Adithya Cattamanchi
center for synthetic biology,1,center for synthetic biology,,,Margaret Guilarte-Silva
university of north texas,1,University of North Texas,33.2098926,-97.1514762,Marco Buongiorno Nardelli
university of north carolina charlotte,1,university of north carolina charlotte,,,Gabriel Terejanu
university of north carolina at greensboro,1,university of north carolina at greensboro,,,Amitabha Dey
university of north carolina at chapel hill and north carolina state university,1,university of north carolina at chapel hill and north carolina state university,,,Frances Ligler
university of nebraska-lincoln  ne  usa,1,university of nebraska-lincoln  ne  usa,,,Vitaly Alexandrov
university of nebraska-lincoln  lincoln,1,university of nebraska-lincoln  lincoln,,,Anil Chandran
university of nebraska medical center,1,university of nebraska medical center,,,Vinai Chittezham Thomas
chool of materials science and engineering  henan university of technology  zhengzhou city  450001  pr china,1,chool of materials science and engineering  henan university of technology  zhengzhou city  450001  pr china,,,Imran Khan
chonnam national university,1,chonnam national university,,,Jinsu Kim
china university of petroleum,1,China University of Petroleum,35.9453575,120.1670032,Meng Qi
california inst of technology,1,california inst of technology,,,John Brady
university of pittsburgh school of medicine,1,university of pittsburgh school of medicine,,,Stephen C. Balmert
university of pannonia,1,University of Pannonia,47.0883929,17.9084885,Akos Orosz
university of omaha,1,University of Omaha,41.2577933,-96.0104971,Kyleigh Murray
university of oklahoma health sciences center,1,university of oklahoma health sciences center,,,Wajeeha Raqaq
university of notredame southbend,1,university of notredame southbend,,,Vivek Yadav
center for bioenergy innovation  oak ridge national laboratory,1,center for bioenergy innovation  oak ridge national laboratory,,,Brian H. Davison
center for bioenergy innovation,1,center for bioenergy innovation,,,Yining Zeng
celanese,1,Celanese,34.2834261,-85.1607836,Adam Gottlieb
cedars-sinai medical center,1,cedars-sinai medical center,,,Nunzio Bottini
ccny grove school of engineering,1,ccny grove school of engineering,,,Sistine Angela Padon
catholic university of louvain,1,catholic university of louvain,,,Sara Chergaoui
cascade designs inc,1,cascade designs inc,,,Paul Smith
carnegie mellon univeristy,1,carnegie mellon univeristy,,,Arsh Bhatia
chalmers university,1,chalmers university,,,Lars Öhrström
chair of applied mathematics,1,chair of applied mathematics,,,Lukas Pflug
butler university,1,butler university,,,Shea Bailey
burapha university,1,Burapha University,13.2765891,100.9256197,Wachira Daosud
budapest university of technology and economics,1,budapest university of technology and economics,,,Botond Szilagyi
bu-ali sina university,1,Bu-Ali Sina University,34.7965122,48.4847717,Pegah Mohammad-Ali Dastjerdi
brunel university london,1,Brunel University London,51.5326092,-0.4740499,Eleni Iacovidou
brookhaven laboratory,1,brookhaven laboratory,,,Fernando Camino
broad institute of mit and harvard,1,broad institute of mit and harvard,,,Allen Jiang
broad institute of harvard and massachusetts institute of technology,1,broad institute of harvard and massachusetts institute of technology,,,Li-Huei Tsai
university of sayyed jamaleddin asadabadi,1,university of sayyed jamaleddin asadabadi,,,Arman Mohammad-Ali Dastjerdi
university of puerto rico rio piedras campus,1,university of puerto rico rio piedras campus,,,José Hernández Espinell
carbotech ac gmbh,1,carbotech ac gmbh,,,Aleksandra Marcinek
cambridge simulation solutions ltd,1,cambridge simulation solutions ltd,,,Vassilios S. Vassiliadis
cambridge centre for advanced research and education in singapore,1,cambridge centre for advanced research and education in singapore,,,Alexei A. Lapkin
caltech institute of technology,1,Caltech Institute of Technology,34.1370138,-118.1252883,Haochen Zhang
callaghan innovation,1,Callaghan Innovation,-36.8504492,174.7832208,Diego Del Puerto
california institute of technology - pasadena  ca,1,california institute of technology - pasadena  ca,,,Paresh Samantaray
bionanonet,1,bionanonet,,,Susanne Resch
biomade,1,biomade,,,Penny Norquist
university of tennessee-oak ridge innovation institute,1,university of tennessee-oak ridge innovation institute,,,Dwaipayan Dasgupta
university of tennessee oak ridge national lab,1,university of tennessee oak ridge national lab,,,Thomas Zawodzinski
university of tennessee institute of agriculture,1,university of tennessee institute of agriculture,,,David Harper
university of southern maine,1,University of Southern Maine,43.6832708,-70.4496829,Scott Eaton
broad institute,1,broad institute,,,Li-Huei Tsai
bristol-myers squibb  inc,1,bristol-myers squibb  inc,,,Madhushree Gokhale
brigham and women s hospital  harvard medical school  harvard stem cell institute,1,brigham and women s hospital  harvard medical school  harvard stem cell institute,,,Jeffrey M. Karp
bogazici university,1,Bogazici University,41.0832733,29.0505009,Betul Uralcan
boeing,1,Boeing,30.2029768,-81.7451249,Sadra Hemmati
california energy commission,1,California Energy Commission,38.5747434,-121.4978954,Christopher D. McLean
california baptist university,1,california baptist university,,,Priscilla Lee
cal poly pomona,1,cal poly pomona,,,Chantal Stieber
cadfem india,1,cadfem india,,,Karthik Chittepu
c-sops  department of chemical and biochemical engineering  rutgers  the state university of new jersey,1,c-sops  department of chemical and biochemical engineering  rutgers  the state university of new jersey,,,James Scicolone
battelle netl,1,battelle netl,,,Surya Tiwari
university of utah  assistant professor,1,university of utah  assistant professor,,,Kerry Kelly
university of turku,1,University of Turku,60.4560732,22.2864097,Han Li
university of trinidad and tobago,1,University of Trinidad and Tobago,10.6083043,-61.2765359,Adrian Lutchman
university of the witwatersrand  johannesburg,1,university of the witwatersrand  johannesburg,,,Craig Sheridan
university of the western cape,1,university of the western cape,,,Leslie Petrik
"university of the peloponnese,",1,"University of the Peloponnese,",37.5271168,22.3716537,Theodoros Varzakas
university of texas medical branch,1,University of Texas Medical Branch,29.29696405,-94.82142955,Aaron Bailey
university of texas at san antonio  usa,1,university of texas at san antonio  usa,,,Mohamed Shahid
boehringer-ingelheim pharm  inc,1,boehringer-ingelheim pharm  inc,,,Francesco Ricci
boehringer ingelheim pharma gmbh and co kg,1,boehringer ingelheim pharma gmbh and co kg,,,Robert Moeckel
bms,1,BMS,42.7675202,12.7515343,Rachel Janes
bloomage biotechnology corporation limited,1,bloomage biotechnology corporation limited,,,Zhe Liu
"bit mesra, ranchi - 835215",1,"BIT Mesra, Ranchi - 835215",23.4175695,85.4394094,Dr. Aniruddha Deb
bipc,1,BIPC,30.435736,49.1063427,Michael Stephenson
biosystem and agricultural engineering  university of kentucky,1,biosystem and agricultural engineering  university of kentucky,,,Gary Lopez
babol noshirvani university of technology,1,babol noshirvani university of technology,,,Saeed Khoshhal Salestan
avnos  inc,1,avnos  inc,,,JR Johnson
avgi bv,1,avgi bv,,,David Brown
université catholique de louvain   place l  pasteur 1,1,université catholique de louvain   place l  pasteur 1,,,Richa Tomer
university of wisconsin-milwaukee,1,University of Wisconsin-Milwaukee,43.0742429,-87.8896416,Junjie Niu
university of wisconsin,1,University of Wisconsin,44.7987719,-91.5069963,Mai Ngo
university of western australia,1,University of Western Australia,-31.9504044,115.7979016,Behzad Shiroud Heidari
university of warwick,1,University of Warwick,52.3813073,-1.5639569,Samuel Wilson-Whitford
biological systems and engineering division  lawrence berkeley national laboratory,1,biological systems and engineering division  lawrence berkeley national laboratory,,,Hector Garcia Martin
biohaven pharmaceuticals,1,biohaven pharmaceuticals,,,David Leahy
biofine technology llc,1,biofine technology llc,,,Stephen Fitzpatrick
beth israel deaconess medical center  boston,1,beth israel deaconess medical center  boston,,,John Asara
bentley university,1,bentley university,,,Ryan Bouldin
ben-gurion university of the negev,1,Ben-Gurion University of the Negev,31.2631254,34.8022385,Osnat Gillor
bcsir-central scientific instruments organisation  sector 30-c  160030  india,1,bcsir-central scientific instruments organisation  sector 30-c  160030  india,,,Sudeshna Bagchi
bcsir-central scientific instruments organisation,1,bcsir-central scientific instruments organisation,,,Amol Bhondekar
us army engineer research and development center  environmental laboratory  vicksburg  ms 39180  united states,1,us army engineer research and development center  environmental laboratory  vicksburg  ms 39180  united states,,,Allan Kennedy
us army engineer research and development center,1,us army engineer research and development center,,,Jesse Roberts
us army devcom soldier center,1,us army devcom soldier center,,,Ravi Mosurkal
us army devcom chemical biological center,1,us army devcom chemical biological center,,,Gregory Peterson
us army combat capabilities development command chemical biological center,1,us army combat capabilities development command chemical biological center,,,Matthew A. Browe
upmc surgery department,1,upmc surgery department,,,Sang-Ho Ye
uofa,1,uofa,,,Shang Jiang
université grenoble alpes,1,Université Grenoble Alpes,45.1907263,5.7213189,Anass Benayad
université de lorraine,1,université de lorraine,,,Maria Cares
université côte d azur,1,université côte d azur,,,Frederic Cappa
université catholique de louvain  place l  pasteur 1,1,université catholique de louvain  place l  pasteur 1,,,Sophie Hermans
basque center for applied mathematics,1,basque center for applied mathematics,,,Hector Garcia Martin
basf environmental catalyst and metal solutions,1,basf environmental catalyst and metal solutions,,,Ahmad Moini
barrington community high school,1,barrington community high school,,,Anika Harishachandra Shinde
barnard college,1,barnard college,,,Megan Jen
badr university in cairo,1,badr university in cairo,,,Mohamed Mostafa
asu,1,asu,,,Jared Nettles
asr innovation center  tellus products,1,asr innovation center  tellus products,,,Hasan Sadeghifar
aspentech de mexico,1,aspentech de mexico,,,Cristopher Arvizu
asahi kasei biomedical,1,asahi kasei biomedical,,,Hironobu Shirataki
army research laboratory,1,army research laboratory,,,Robert Jensen
army research lab,1,Army Research Lab,35.90017975,-78.868206,Frederick Beyer
armi biofab usa,1,armi biofab usa,,,Jennifer Macdonald
arla foods,1,Arla Foods,58.4252024,15.5988321,Behnaz Razi Parjikolaei
vale,1,vale,,,Eduardo Francisco
va ann arbor health system,1,va ann arbor health system,,,Scott L. Hummel
uw madison,1,uw madison,,,Prajakta Dongre
utsunomiya university,1,Utsunomiya University,36.5487554,139.9130866,Xiaonan Xie
usra research institute for advanced computer science,1,usra research institute for advanced computer science,,,Erik J. Gustafson
usda-ars,1,usda-ars,,,Yaseen Elkasabi
us doe netl,1,us doe netl,,,Igor Haljasmaa
us doe national energy technology laboratory,1,us doe national energy technology laboratory,,,Ali Sekizkardes
vivodyne  inc,1,vivodyne  inc,,,Jonathan H. Galarraga
vito,1,vito,,,Anita Buekenhoudt
vishwamitra research institute,1,vishwamitra research institute,,,Urmila Diwekar
vertex pharmaceuticals inc,1,vertex pharmaceuticals inc,,,Tharanga Wijethunga
verdetek,1,verdetek,,,John Cirucci
varda space industries,1,varda space industries,,,Adrian Radocea
valladolid university,1,Valladolid University,41.6629651,-4.7050172,Maria Jose Cocero
arkansas state university,1,Arkansas State University,35.8447472,-90.6726256,Jianfeng Xu
arizona geological survey,1,arizona geological survey,,,Lisa A. Thompson
aristosys  llc  contractor to national energy technology laboratory,1,aristosys  llc  contractor to national energy technology laboratory,,,Michael S. Matuszewski
arish university and egyptian russian university,1,arish university and egyptian russian university,,,Ahmed Mahmoud
argonne national labs,1,argonne national labs,,,Feng Gao
arba minch university,1,Arba Minch University,6.0659447,37.5600365,Haftu Alemayehu
aqua cultured foods,1,aqua cultured foods,,,Stefan Baier
aopia biosciences  inc,1,aopia biosciences  inc,,,Ceming Wang
augsburg college,1,Augsburg College,48.3651329,10.9053352,Ben Stottrup
ansto,1,ANSTO,-34.0499891,150.9839291,Mark Reid
ankara university,1,ankara university,,,Ceren Atila Dincer
andlinger center for energy and the environment,1,andlinger center for energy and the environment,,,Julia Granacher
amyris,1,amyris,,,Stanley Herrmann
ampère sas,1,ampère sas,,,Thomas Philippe
amofor gmbh,1,amofor gmbh,,,Christian Lübbert
amgen research munich,1,amgen research munich,,,Juliane Diedrich
amgen research  gmbh,1,amgen research  gmbh,,,William Heymann
warsaw university of technology,1,Warsaw University of Technology,52.2297165,21.0127888,Sabina Wilkanowicz
wake forest school of medicine,1,Wake Forest School of Medicine,36.0905029,-80.2665306,Shay Soker
wadsworth center  new york state dept health,1,wadsworth center  new york state dept health,,,Nicholas Mantis
w l  gore and associates  inc,1,w l  gore and associates  inc,,,Vladimiros Nikolakis
w  l  gore and associates  inc,1,w  l  gore and associates  inc,,,John D. Holcombe
vub,1,VUB,49.971006,16.3904667,Ghadi Saab
volkswagen group of america,1,volkswagen group of america,,,Hendrik Mainka
vlp therapeutics,1,vlp therapeutics,,,Jonathan Smith
yuhan corp,1,yuhan corp,,,Hyeri Sim
xi an jiaotong uni,1,xi an jiaotong uni,,,Dong Liu
wvurc,1,wvurc,,,Yupeng Xu
wpi,1,wpi,,,Aidin Panahi
worley group,1,worley group,,,Avinashkumar Karre
worldwide research and development  pfizer products india pvt ltd,1,worldwide research and development  pfizer products india pvt ltd,,,Pankaj Doshi
worfolk consulting,1,worfolk consulting,,,Brian Worfolk
air gas,1,Air Gas,45.4448972,9.1432237,Mukesh Rungta
ahmedabad univeristy,1,ahmedabad univeristy,,,Ramya Srinivasan
agency for defence development,1,agency for defence development,,,Heesook Roh
afton chemical corporation,1,afton chemical corporation,,,Mark Devlin
aecom,1,aecom,,,Rosa Gwinn
advanced energy materials,1,advanced energy materials,,,Praveen Meduri
advanced cooling technologies  inc,1,advanced cooling technologies  inc,,,Robin Pham
adam mickiewicz university  poznan  poland,1,adam mickiewicz university  poznan  poland,,,Malgorzata Sliwinska-Bartkowiak
alterra,1,Alterra,20.573732,-101.2167056,Sheldon Cotts
north carolina state university  chemical and biomolecular engineering department,1,north carolina state university  chemical and biomolecular engineering department,,,Fazel Bateni
noritake co limited,1,noritake co limited,,,Gopinathan M. Anilkumar
noritake co  ltd,1,noritake co  ltd,,,Gopinathannair Madhavikutty Anilkumar
noaa pmel,1,noaa pmel,,,Cheryl Reuben
oak ridge institure of science and education,1,oak ridge institure of science and education,,,Lauren Burrows
oak ridge associated universities  us environmental protection agency,1,oak ridge associated universities  us environmental protection agency,,,Ashton Collins
ntnu,1,ntnu,,,Marta Zagorowska
nsf s chemmatcars  university of chicago,1,nsf s chemmatcars  university of chicago,,,Mrinal Bera
novo nordisk,1,novo nordisk,,,Ethan Eschbach
école polytechnique,1,École Polytechnique,48.7127874,2.2107453,Doron Grossman
zoetis,1,zoetis,,,Marko Ukrainczyk
zju-hangzhou global scientific and technological innovation center,1,zju-hangzhou global scientific and technological innovation center,,,Xiaodong Hong
zhengzhou university,1,Zhengzhou University,34.8214567,113.5297412,Nan Zhang
zhejiang huakang pharmaceutical co   ltd,1,zhejiang huakang pharmaceutical co   ltd,,,Mian LI
zhejiang gongshang university,1,Zhejiang Gongshang University,30.2874377,120.1319505,Xin Zhang
yusuf hamied department of chemistry  university of cambridge,1,yusuf hamied department of chemistry  university of cambridge,,,Jiyizhe Zhang
