mapped,count,label,latitude,longitude,top_authors
not found,838,not found,,,Not found
massachusetts institute of technology,580,massachusetts institute of technology,,,William Green; Jiale Shi; Jonathan Zheng; Chao-Lun Mai; Gregory Stephanopoulos
purdue university,358,Purdue University,40.430028,-86.9264211,Sana Khanum; David E. Bernal Neira; Shuaikang Du; Montgomery Laky; Yash Barhate
texas aandm university,356,Texas A&M University,30.6108618,-96.3520606,Shayan Niknezhad; Ahmed Badreldin; Chi-Ho Lee; Yashwanth Arcot; Dinesh Sundaravadivelu Devarajan
georgia institute of technology,346,Georgia Institute of Technology,33.7663996,-84.3986866,Pankaj Rohilla; Ravindra Kane; Akriti Sarswat; Julie Champion; Marta Hatzell
university of michigan,288,University of Michigan,42.2942142,-83.7100389,Omolola Eniola-Adefeso; Zhiqiang Shen; Nicholas Kotov; Vallabh Vasudevan; Rebecca Lindsey
stanford university,274,Stanford University,37.41550242,-122.09825894,Dorothy Mantle; Jonathan Fan; Ezgi Erdem; Michael Burroughs; Gang Wan
the ohio state university,272,The Ohio State University,40.0056802,-83.0286612,Tanay Jawdekar; Venkata Rohit Punyapu; Sudeshna Gun; Shekhar Shinde; Akshay Kudva
imperial college london,234,Imperial College London,51.51618432222222,-0.1354536555555555,Shakeel Ramjanee; Andrea Galeazzi; Deniz Etit; Haiting Wang; Paola Alejandra Saenz Cavazos
princeton university,224,Princeton University,40.34418525,-74.65905155,Shengli Jiang; Samuel C. Moore; Yiteng Zheng; Yaguang Zhu; Ka-Hei Siu
university of california los angeles,220,University of California Los Angeles,34.05998905,-118.4310129,Zisheng Zhang; Alaina Levine; Avishek Banerjee; Xintong Yuan; Ning Zhang
university of alabama,214,University of Alabama,33.2136006,-87.54399920000002,Atta Ur Razzaq; Feranmi Olowookere; Medha Kasula; Tristan Maxson; Ashish Srivastava
university of houston,212,University of Houston,29.715084,-95.38222913333334,Zhiyin Niu; Dipayan Chakraborty; Kumari Shilpa; Chenfeng Huang; Muhammad Fiji Firdaus
north carolina state university,206,North Carolina State University,35.763836575,-78.674785875,Sina Jamalzadegan; Kunran Yang; Abhirup Basu; Michael Bergman; Seyedamin Razavi
northwestern university,206,Northwestern University,42.02743245,-87.66633245,Rong Xia; Subhajyoti Chaudhuri; Filip Formalik; Milad Ahmadi Khoshooei; Geunho Han
carnegie mellon university,198,carnegie mellon university,,,Ignacio Grossmann; Janghoon Ock; Mehul Bapat; Seolhee Cho; Wui Yarn Daphne Chan
west virginia university,184,West Virginia University,39.6348397,-79.9542095,Stephen Summits; Poulomi Das; Nishant Vinayak Giridhar; Austin Braniff; Vivek Saini
pennsylvania state university,184,Pennsylvania State University,40.8025835,-77.8559383,"Roya Koshani; Joseph Cotruvo, Jr.; Adam Smerigan; Amir Sheikhi; Hee Jeung Oh"
university of delaware,172,University of Delaware,39.6803338,-75.7530749,LaShanda Korley; Alex Balzer; Ali Kamali; Aida López Ruiz; George Yan
university of colorado boulder,172,University of Colorado Boulder,40.00720174,-105.26747228,Anni Shi; Nathanael Schwindt; Hussain Almajed; Georgios Tseropoulos; Monica Ohnsorg
university of minnesota twin cities,158,University of Minnesota Twin Cities,44.98228161428572,-93.1951990857143,Koushik Sampath; Anubhav Sarmah; Jonathan Coote; Seongjoo Jung; Jnana Sai Jagana
university of notre dame,156,University of Notre dame,41.701515725,-86.23799269999999,Daniel Laky; Madelynn Watson; Barnabas Agbodekhe; Alexander Dowling; Tiger Shi
university of texas at austin,154,University of Texas at Austin,30.2851494,-97.7339352,Gabriel Sanoja; Rachel Huang; Mariam Balogun; Woo Je Chang; Ilias Mitrai
university of kansas,152,University of Kansas,38.9535052,-95.2630922,Abdulrhman Arishi; Kayla Foley; Andrew Yancey-Jardon; Estephanie Nottar Escobar; Chidambaram Thamaraiselvan
"university of pittsburgh, johnstown",150,"University of Pittsburgh, Johnstown",40.2667709,-78.8278635,Priyanka Bholanath Shukla; Yihan Song; Siddarth Achar; Aaditya Hari Bharanidharan; Remsha Rafiq
iowa state university,142,Iowa State University,42.033054325,-93.62842245,Deep M. Patel; Zahra Ebrahimpourboura; Manish Mosalpuri; Yue Wu; Vy T. Nguyen
auburn university,142,Auburn University,32.5919528,-85.4959775,Q. Peter He; Loyal Murphy; Atefe Alimirzaei; Hyeju Song; Adam Bachmann
university of illinois chicago,138,University of Illinois Chicago,41.83216106666666,-87.62530033333333,Rajan Bhawnani; Rohan Sartape; Ishita Goyal; Prem Podupu; Rohit Chauhan
university of florida,136,University of Florida,29.6411884,-82.3562296,Omar Boloki; Taofeek Tejuosho; Mohammed Al Otmi; Yinhao Jia; Shengji Zhang
"university of wisconsin-madison, madison",136,"University of Wisconsin-Madison, Madison",43.07970709,-89.43061513,Unni Kurumbail; Victor M. Zavala; Jiayang Wu; Marcel Schreier; Manish Kumar
university of connecticut,126,University of Connecticut,41.8111114,-72.2483889,Nicole Beauregard; Seulki Han; Amir Shahbazi; Niloofar Zolfigol; Leila Sharifi
trine university,126,Trine University,41.6311141,-85.0105982,Sarah Adaryan; Haotian Wang; Thiago Jose Pinheiro Dos Santos; Tae-Ung Wi; Yunke Liu
national university of singapore,122,National University of Singapore,1.2966282999999998,103.77749186,Chi-Hwa Wang; Wenlong Wang; Andrew Wong; Vikas Dhamu; Xiaoyu Wu
university of chicago,120,university of chicago,,,Andrew Ferguson; Ritesh Kumar; Christopher Arges; Joan Montes de Oca; Antonio Tavera-Vazquez
florida institute of technology,120,Florida Institute of Technology,28.064271,-80.623004,Tridip Das; Evan Miu; Yan Zhang; Swarna Saha; Laura Fronchetti Guidugli
university of oklahoma,120,University of Oklahoma,35.1959878,-97.4457083,Laura Alejandra Gomez Gomez; Jacob Crouch; Hesham Aboukeila; Sarah Onyembe; Mostafa Tabatabaei
university of california san diego,116,University of California San Diego,32.87783769999999,-117.22710246666666,Benjamin Lam; Jacob Schimelman; Tamoghna Saha; Granton Jindal; Adam Feist
pacific northwest national laboratory,116,Pacific Northwest National Laboratory,46.34770818,-119.27561190000002,Suman Samantray; Shuang Xu; Jian Liu; Satish Nune; Baraa Werghi
texas tech university,112,Texas Tech University,33.5937526,-101.8995955,Mahdi Malmali; Fouzia Nowrin; Moein Hajian Z.D.; Stefano Ciannella; Gift Modekwe
johns hopkins university,110,Johns Hopkins University,39.2890348,-76.6431253111111,Preetika Karnal; Thi Vo; Aira Sarkar; Anastasia Georgiou; Brandon C. Bukowski
mars  inc,110,mars  inc,,,Allison Lin; Harold Schmitz
indian institute of technology bombay,110,Indian Institute of Technology Bombay,19.1326186,72.9149702,Hrishi Singh; Lokesh Venkatesh Babu; Rahul Yadav; Vidhya Vijaykumar; Puneet Koli
arizona state university,108,Arizona State University,33.422653833333335,-111.96481396666668,Dharneedar Ravichandran; Lindsey Hamblin; Steven Wilson; Daniel Rivera; Jayni Hashimoto
tsinghua university,108,Tsinghua university,40.0022905,116.320963,Yuting Wu; Qikun Hu; Qilu Wu; Jingyi Li; Helai Huang
columbia university in the city of new york,104,Columbia University in the City of New York,40.77400249166666,-73.95921585,Maninderjeet Singh; Soyoung Choi; Zihang Su; Amanda Whai Shin Ooi; Naz Pinar Taskiran
rensselaer polytechnic institute,104,Rensselaer Polytechnic Institute,42.7298969,-73.6796678,Ji-Young Kim; B. Wayne Bequette; Georges Belfort; Steven Cramer; Jonathan Dordick
indian institute of technology ropar,98,Indian Institute of Technology Ropar,30.9659501,76.4729772,Rohit Choudhury; Omkar Kushwaha; Anurag Pathak; Rajagopalan Srinivasan; Jagadeesh Korukonda
tufts university,94,tufts university,,,David L. Kaplan; Sanjana Gopalakrishnan; Logan Morton; Ho Yi Lam; Emmanuel Tzanakakis
national renewable energy laboratory,94,National Renewable Energy Laboratory,39.740915175,-105.183859375,Chae Jeong-Potter; Jeiwan Tan; Debjit Ghoshal; Daniyal Kiani; Arpit Bhatt
harvard university,94,Harvard University,42.364657,-71.11147818571428,Kimberly Bowal; Friedrich Stricker; Junzhe Lou; Thomas Y. George; Vinny Chandran Suja
cornell university,94,Cornell University,42.4529076,-76.4800842,Ruoxin Li; Shaoyi Jiang; Erica Wagner; Manish Kumar Das; Xin Wang
university of utah,92,University of Utah,40.7628137,-111.8368719,Luis Caballero; Seoyeon Won; Qian Zhou; Jiwei Yao; Sayed Abu Sufyan
university of virginia,92,University of Virginia,38.0410576,-78.5055084,Sugandha Verma; Gary Koenig; Carolyn Shurer; Elliot Brna; Phillip Taylor
university of california berkeley,92,University of California Berkeley,37.8671453125,-122.243397875,Shoichi Nishitani; Yifeng Shi; Natsumi Komatsu; Hao Yu; Nathanael Gardner
university of pennsylvania,88,University of Pennsylvania,39.951032575,-75.1815277,Owen Land; Kathleen J. Stebe; Shravan Pradeep; Christopher Browne; Yiming Wang
university of alberta,86,University of Alberta,53.52682000000001,-113.5244937,Shu-Bo Yang; Lu Zhang; Gwyneth Liske; Minjunshi Xie; Lian Duan
university of massachusetts amherst,82,University of Massachusetts Amherst,42.3875741,-72.5299209,Hannah Hargrove; Isaac Ramírez Marrero; Sarthak Saha; Omeet Patel; Seungbo Hong
university at buffalo  the state university of new york,82,university at buffalo  the state university of new york,,,Vinh Bui; Narjes Esmaeili; Krutika Patidar; Paschalis Alexandridis; Leiqing Hu
argonne national laboratory,76,Argonne National Laboratory,41.712022100000006,-87.97847346666667,Xiaoyu Wang; Ikenna Nlebedim; Seth Darling; Kwang Hoon Baek; Doris Oke
eth zürich,76,ETH Zürich,47.413218,8.5374914,Daniel Biri; Adrien Baut; Dimitrios Tsalikis; Oscar Cipolato; Andreas Guentner
university of south carolina,74,University of South Carolina,33.9928841,-81.0268676,Mubarak Bello; Monirosadat Sadati; Zhenmeng Peng; Azadeh Mehrani; Kanan Shikhaliyev
university of kentucky,74,University of Kentucky,38.0266291,-84.5047222,Pranto Paul; Jamie Ahmed; Angela Gutierrez; Stephen Rankin; Maria Victoria Ximenes Klaus
washington university in st louis,74,Washington University in St Louis,38.640798588888885,-90.28978154444444,Kaiying Wang; Jinghao Li; LE Zhou; Manjula Senanayake; Joshua Yuan
university of illinois at urbana-champaign,74,university of illinois at urbana-champaign,,,Tianhao Yu; Somesh Mishra; Baron Peters; Zhiheng Lyu; Shraddha Maitra
university college london,70,university college london,,,Marc-Olivier Coppens; Lucy Todd; Nidhi Kapil; Vassilis Charitopoulos; Suneha Patil
worcester polytechnic institute,70,Worcester Polytechnic Institute,42.2893383,-71.805867725,David Kenney; Esai Lopez; Madison R. Reed; Fatou Baka Diop; Michael Timko
wayne state university,68,Wayne State University,42.3571895,-83.0709436,Keshav Kasturi Rangan; Abdurrafay Siddiqui; Shilpa Narasimhan; Alexander Hoffmann; Jihan Abou Halloun
the university of sheffield,68,The University of Sheffield,53.37781046,-1.49144162,Siddharth Patwardhan; Jenny Hancock; Rachael Rothman; Ioanna Kalospyrou; Mohamed Ashar Sultan Mohamed Yousuf
vanderbilt university,68,Vanderbilt University,36.1438011,-86.8028189,Matthew Vasuta; Andres Ordorica; Piran Kidambi; Juliana Yang; Zane Parkerson
new jersey institute of technology,68,New Jersey Institute of Technology,40.75033943333333,-74.18431020000001,Siddharth Tripathi; Anh Vo; Murat Guvendiren; Ecevit Bilgili; Piero Armenante
university of washington,66,University of Washington,47.6554303,-122.3001692,Nuo Xu; Shayna Hilburg; Shunzhi Wang; Gabrielle Balistreri; Cholpisit Kiattisewee
zhejiang university,66,Zhejiang university,30.521595,120.7195312,Shuyi Shen; Bin Yang; Yao Tong; Xing Gao; Xinpei Wang
lawrence berkeley national laboratory,66,lawrence berkeley national laboratory,,,Alex J. King; Supriya Gupta; Brett A. Helms; Andrew W. Tricker; Julian Vigil
virginia tech,66,virginia tech,,,Thomas Kinard; Xakin Ramirez Isunza; Adam McNeeley; Connor Farrell; Xin Wang
king fahd university of petroleum and minerals,64,King Fahd University of Petroleum and Minerals,26.30948538,50.14682478,Fatimah Alhassan; Muhammad Shahzad Kamal; Abdullah Alabbad; Usama Ahmed; Mohammad Siddiqui
university of missouri,64,University of Missouri,38.9364147,-92.329703,Jialun (Galen) Wang; Baolin Deng; Umesh Dhumal; Tahmid Hasan Rupam; Gesse Roure
university of california santa barbara,64,University of California Santa Barbara,34.41480948,-119.84491292,Rahul Sujanani; Hugh Purdy; Christopher Balzer; R Bharath Venkatesh; Guomin Zhu
khalifa university,64,Khalifa University,24.4479513,54.3955267,Solomon Kahsay Gebremariam; Muhammad Usman; Amanuel Gidey Gebretatios; Tarek Lemaoui; Ahmed AlHajaj
case western reserve university,62,Case Western Reserve University,41.50198515,-81.63789464999999,Nicholas Sinclair; Svetlana Morozova; Samuel Root; Lianna Johnson; Geeta Verma
louisiana state university,60,Louisiana State University,30.4062005,-91.1854129,Teslim Olayiwola; Nduka Ogbonna; Hashir Gauri; Chamberlain Amofa; Yaxin An
university of illinois urbana-champaign,60,university of illinois urbana-champaign,,,Chia-Wen Chang; Jonathan Turnley; Matthew Confer; Kyle Timmer; Alexa Kuenstler
yale university,60,yale university,,,Heather LeClerc; Amir Haji-Akbari; Jung-Shen Benny Tai; Amir Pahlavan; Yuan Yao
oak ridge national laboratory,60,Oak Ridge National Laboratory,35.9301332,-84.3119307,Arvind Ganesan; Nicholas Gregorich; Ikenna Okeke; Victor Sharma; Kristian Myhre
university of north dakota,60,University of North Dakota,47.9265412,-97.0721209,Glavic Tikeri; Arash Tayyebi; Nadhem Ismail; Musabbir Jahan Talukder; Ban Al-Tayyem
biomade,58,biomade,,,Penny Norquist
rowan university,58,Rowan University,39.7103526,-75.1193267,Barnabas Gao; Mitchell Paolello; Victoria Collinsworth; Swapana Jerpoth; Kirti Yenkie
"university of california, riverside",58,"University of California, Riverside",33.9642576,-117.3398097,Monica Iepure; Runtong Pan; Fudong Liu; Jianzhong Wu; Prince David Okoro
indian institute of technology jammu,58,Indian Institute of Technology Jammu,32.8022368,74.8913825,Gargi Das; Sourav Halder; Abdul Majid; Neeraj Singh; Snigdha Senapati
korea advanced institute of science and technology,58,Korea Advanced Institute of Science and Technology,36.36678495,127.35252315,Jeongwoo Lee; Hyunah Ahn; Hongju Lee; Huiseong Yun; Hyewon Park
colorado school of mines,56,colorado school of mines,,,Nolan Kelley; Jair Fajardo-Rojas; Tsung Wei Liu; Colin Wolden; Diego Gomez Gualdron
university of tennessee,56,University of Tennessee,35.9515982,-83.93088095,Mahshid Mokhtarnejad; Bamin Khomami; Rahul Bhosale; Elyar Tourani; Mark Dadmun
oregon state university,56,Oregon State University,44.5630559,-123.2839234,Qiu Jin; Truc Phung; Lucas Ellis; Zhenxing Feng; Qia Ke
orbillion bio  inc,56,orbillion bio  inc,,,Patricia Bubner
oklahoma state university,56,Oklahoma State University,36.1313112,-97.0890259,Marimuthu Andiappan; Ashutosh Kumar Verma; Berk Uysal; Omio Rani Das; Masrur Ahmed
hax,56,HAX,35.7461408,-95.4110305,Susan Schofer
university of rochester,56,University of Rochester,43.11182133333333,-77.64236646666667,Zachary Oliver; Yasemin Basdogan; Astrid Müller; Sai Varun Aduru; David G. Foster
the better meat co,56,the better meat co,,,Paul Shapiro
twelve,56,Twelve,-33.9808333,18.3852778,Kendra Kuhl
tulane university,56,Tulane University,29.9412195,-90.1201009,Avery Hill; Collette Riviere; Sarah Stratton; Mitchell Wheeler; Amanda Foote
qatar university,54,Qatar University,25.3719714,51.4879579,Anand Kumar; Seckin Karagoz; Abdelbaki Benamor; Methene Briones Cutad; Mostafa Sliem
dalian university of technology,54,Dalian University of Technology,38.8812564,121.52016,Shrinjay Sharma; Artur M. Schweidtmann; J Ruud Van Ommen; Yuchao Niu; Yachao Dong
the dow chemical company,54,The Dow Chemical Company,40.1633941,-75.4651946,Nathan Wilmot; Steven G. Arturo; Beata Kilos; Lizbeth Rostro; Daniel Miller
university of toronto,54,University of Toronto,43.663462,-79.3977597,William Broomhead; Abdelaziz Gouda; Goutham Rangarajan; Mehdi Salakhi; Rohit Pal
national energy technology laboratory,52,national energy technology laboratory,,,Chad Able; Colton Kohnke; Divakar Reddy Aireddy; Wei Shi; Maojian Wang
"merck and co., inc.",52,"Merck & Co., Inc.",40.21103505,-75.3003919,Matthew Flamm; Megan McCarthy; Erin Kotzbauer; Daniel Gendy; Ziwan Xu
drexel university,52,drexel university,,,Moses Abraham Bokinala; Rayan Alaufey; Jesse L. Starger; Biplab Sarkar; Niloofar Goodarzi
lehigh university,52,Lehigh University,40.6068028,-75.3782488,Oluwasanmi Adeodu; Jasreen Kaur; Myeongyeon Lee; James Gilchrist; Elsa Reichmanis
university at buffalo,52,University at Buffalo,43.0019863,-78.7859649,Sagnik Das; Jonathan Boualavong; Patatri Chakraborty; Oluwatoyin Campbell; Saman Emami Gerami
university of nebraska-lincoln,50,university of nebraska-lincoln,,,Sarang Ismail; Sahand Serajian; Payal Chaudhary; Niaz Chowdhury; Nabia Shahreen
clemson university,50,Clemson University,34.6686915,-82.8374348,Ewa Chukwu; Zehua Jin; Braulio Ortega Quesada; Jack Schmidt; Jessica Larsen
indian institute of technology delhi,48,Indian Institute of Technology Delhi,28.526577,77.2008821,Damaraju Phaneswararao; Divesh Bhatia; Raghavan Ranganathan; Isha Atrey; Dwijraj Mhatre
"university of california, irvine",48,"University of California, Irvine",33.653261171428575,-117.83812945714286,Elizabeth Lee; Ben Ko; Erdem Sasmaz; Ali Mohraz; Zoey Ferman
university of california davis,48,University of California Davis,38.5337904,-121.7907544,Siddharth Sonti; Aatam Gajjar; Parth Bandivadekar; Loren dela Rosa; Nael El-Farra
stevens institute of technology,46,stevens institute of technology,,,Ayodeji Omoniyi; Shuqiao Wang; Priscilla Manteaw; Alyssa Hensley; Jacob Gissinger
kansas state university,46,Kansas State University,39.20883,-96.5884512,Amirsalar Bagheri; Moises Gutierrez; Amirmohammad Ebrahimi; Thiago Oliveira Cabral; Joshua Ighalo
university of iowa,46,University of Iowa,41.649707500000005,-91.56013935,Chanjot Kaur .; Jun Wang; Rebecca Walters; Christopher Vidmar; Suboohi Shervani
lamar university,42,Lamar University,30.0388946,-94.0758929,Qiang Xu; Helen Lou; S M Farhad; Sk. Moumita Manjur; James Henry
stony brook university,42,Stony Brook University,40.9090809,-73.1205518,Shuting Xiang; Amol Pophali; Zhaoyi Xi; Surita Bhatia; Nav Nidhi Rajput
university of massachusetts lowell,42,University of Massachusetts Lowell,42.6519097,-71.3173628,Daniel Lachos Perez; Dugah Arslan; Gulden Camci-Unal; Mihriye Doga Tekbas; Yuting Xu
university of tulsa,42,University of Tulsa,36.1523306,-95.9459602,Abdulaziz Alhejaili; Chan Hyun Lee; Jae Hyeon Park; Hyeon Uk Kim; Donovan Daubert
rutgers  the state university of new jersey,42,rutgers  the state university of new jersey,,,Jakub Konkol; Mingzhi Zhao; Ravendra Singh; Alexander Neimark; George Tsilomelekis
korea university,42,Korea University,36.6108894,127.2934174,Sanha Park; Sejin Kim; Haeli Lee; DONG-Joon Lee; Seungwon Lee
nanyang technological university,40,Nanyang Technological University,1.3484104,103.6829332,Chuhong Lin; Dat-Nguyen Vo; Minghao Han; Jie Li; Qianhong She
michigan technological university,40,Michigan Technological University,47.1099114,-88.5511513,David Shonnard; Grace Dykstra; Seth Kriz; Molly A. Skinner; Robert Handler
bucknell university,40,Bucknell University,40.9515356,-76.8879603,Kenneth Mineart; Katsuyuki Wakabayashi; Sheriff Anofi; Sharareh Rezaei; Ryan Koes
eli lilly and company,40,Eli Lilly & Company,39.7576131,-86.1521511,Kanishka Ghosh; Sydney Butikofer; Jingyao Wang; Shekhar Viswanath; Saurin Hiren Rawal
los alamos national laboratory,38,Los Alamos National Laboratory,35.8190003,-106.2656274,Saif R. Kazi; Jingyao Li; Manjeet Chhetri; Xiaokun Yang; Yufei Wang
gsk,38,GSK,46.2857292,-114.1470748,Benjamin Hawkins; Daniel A. Green; Zahra Salahshoor; David Goundie; Brian Thatcher
university of south florida,38,University of South Florida,28.06203355,-82.41778115,Pierre Kawak; Ran Liu; Ramesh S. Ayyala; John Kuhn; Ryan Toomey
brown university,36,Brown University,41.82287165,-71.4075955,Caroline Rocchio; Bjarne Kreitz; Kirk Badger; Eduardo Guzman; Siddha Sharma
netl support contractor,36,netl support contractor,,,Sarah Leptinsky; Viet Hung Pham; Khaled Baamran; Muhammad Aamir Bashir; Yuan Gao
idaho national laboratory,36,Idaho National Laboratory,43.5208319,-112.0490689,Yidong Xia; Wenjuan Bian; Anne Gaffney; Nepu Saha; Maria Del Rocio Rodriguez Laguna
university of southern california,36,University of Southern California,34.0218689,-118.2858579,Seongbin Jo; Musa Najimu; Sairaj Patil; Kandis Leslie Gilliard-Abdulaziz; Brandon Pizarro Carbajal
dow,36,Dow,35.504124,-119.1726056,David Parrillo; David Camp; Zachary Kean; Daniel Hickman; Stacey Saba
abbvie inc,34,abbvie inc,,,Shailendra Bordawekar; Kartik Kamat; Akshay Korde; Sherwin Shang; Kyu Yoon
university of waterloo,34,University of Waterloo,43.4701994,-80.5452429,David Simakov; Luis Ricardez-Sandoval; Simone Reynoso-Donzelli; Joshua Pulsipher; Jinxuan Zhang
the university of kansas,34,The University of Kansas,39.0565182,-94.6092885,Charles Ponge; Diego Trevisan Melfi; Ana Colaco Morais; James Sturgill; Kaden Hubler
south dakota school of mines and technology,34,south dakota school of mines and technology,,,Kazi Khoda; Bharathkiran Maddipudi; Laura A.E. Brunmaier; Joseph Hilsendeger; Khang Huynh
michigan state university,34,Michigan State University,42.7023794,-84.4803869,Ryan Splichal; Robert Ferrier; Kevin Chen; Daipayan Sarkar; Ryan Stearns
king abdullah university of science and technology,34,king abdullah university of science and technology,,,Lakshmeesha Upadhyaya; Andres Felipe Cardenas; Mehzabeen Mannan; Ricardo Pinto de Lima; Minzhuo Huang
lawrence livermore national laboratory,32,lawrence livermore national laboratory,,,Shyam Deo; Alvina Aui; Hyuna Kwon; Nicholas Cross; Fei Zhou
university of new hampshire,32,University of New Hampshire,43.1350987,-70.9462079,Lev Levintov; Jeffrey Halpern; Seth Drahusz; Haley Royce; Linqing Li
virginia commonwealth university,32,Virginia Commonwealth University,37.5461246,-77.4540609,Mohammad Alam; Daniel Gregory; Mo Jiang; Kimberly Penzer; Charles McGill
korean institute science and technology,32,Korean Institute Science and Technology,49.2587784,7.0492746,Yong Chae Jung; Jong Hyeak Choe; Hwajun Lee; Dong Wook Kwon; Wonsuk Chung
universidad nacional de colombia,32,Universidad Nacional de Colombia,4.62007255,-74.07507125000001,Oscar Monrroy; Natalia Godoy Silva; Carlos A. Martinez Riascos; Mario Andrés Noriega; Sergio Rojas Prieto
inha university,30,Inha University,37.449443,126.6534446,Byeongseok Kim; Jinsung SEO; Eun Seong Yoo; Hyeonsuk Yoo; Kyung Hoon Min
university of illinois at urbana champaign,30,university of illinois at urbana champaign,,,Kai-Yu Huang; Nayeong Kim; Rajarshi Samajdar; Shengzhe Ding; Nicholas Jackson
friedrich-alexander-universität erlangen-nürnberg,30,Friedrich-Alexander-Universität Erlangen-Nürnberg,49.4583219,11.08546,Wolfgang Peukert; Michael Engel; Janne Reisch; Leon Kick; Marvin Wittek
lafayette college,30,Lafayette College,40.6986835,-75.209246,Michael Senra; Jodi Graf; Iain Colquhoun; Joanna Kuan; Maia Merriman
rwth aachen university,30,RWTH Aachen University,50.783707975,6.104963125,Eike Cramer; J. Raphael Seidenberg; Chrysanthi Papadimitriou; Jan G. Rittig; Katharina Maria Ebeling
rutgers university,30,rutgers university,,,Carlin Leung; Arjun Singh; Gregory Dignon; Vailankanni Rodrigues; Richard Remsing
university of maryland-college park,30,University of Maryland-College Park,38.9904124,-76.9438586,Faraz Burni; Eric D. Wachsman; Funke Okunrinboye; Sara Molinari; Haochen Yang
brigham young university,30,Brigham Young University,40.2554083,-111.6496832,Douglas Tree; Cassandra Guffey; Brayton Young; Jennifer Nielson; Tyler Green
mcmaster university,28,McMaster University,43.2639397,-79.9178252,Amir Hossein Hamedi; Hesam Hassanpour; Vladimir Mahalec; Enrique Luna; Christopher Swartz
university of new mexico,28,University of New Mexico,35.07115085,-106.6113392,Raju Vadthya; John Fawcett; Eva Chi; Donna Riley; Jianda Wang
penn state college of medicine,28,Penn State College of Medicine,40.2639023,-76.67560449999999,Arian Jaberi; Zaman Ataie; Angie Castro; Sina Kheirabadi; Majd Matalkeh
école polytechnique fédérale de lausanne,28,École Polytechnique Fédérale de Lausanne,46.5186594,6.5665615,Francesca Lorenzutti; Kumar Varoon Agrawal; Daniel Florez Orrego; Meire Ellen Gorete Ribeiro Domingos; Ardemis Boghossian
canakkale onsekiz mart univ,28,Canakkale Onsekiz Mart Univ,40.1120066,26.4214648,Nurettin Sahiner; Mehtap Sahiner; Selin S. Sagbas; Sahin Demirci; Selin Sagbas
kent state university,28,Kent State University,41.1442325,-81.3398321,Masoud Ghasemi; Song Wang; Artem Rumyantsev; Darrell Velegol; Moritz Woelk
the city college of new york,26,the city college of new york,,,Elizabeth Biddinger; Janhvi Trivedi; Surabh KT; Nicole Donovan; Brian Chen
ghent university,26,Ghent University,51.0078484,3.7108831,Kensaku Matsunami; Mike Bonheure; Kevin De Ras; Jeroen Aerssens; Simon De Langhe
koc university,26,Koc University,41.203159,29.0728654,Shuhei Takamura; Masanori Oshima; Ece Serenat Köksal; Shota Kato; Sakuya Kobayashi
national institute of standards and technology,26,National Institute of Standards and Technology,39.13327588333333,-77.2234751,Jacob Majikes; Julie Rieland; Daniel Siderius; Evan Jahrman; Harold Hatch
harvard medical school,26,harvard medical school,,,Sun Jin Moon; Jonathan Soucy; Anush Chiappino-Pepe; Neil Dalvie
korea institute of energy research,26,korea institute of energy research,,,Gwon Woo Park; Jihong Moon; Sang Jun Yoon; Gwanhong Min; Dongho Lee
slac national accelerator laboratory,26,slac national accelerator laboratory,,,Ara Cho; Shyama Charan Mandal; Hyeonjung Jung; Adam Hoffman; Adam Nielander
saudi aramco,24,Saudi Aramco,23.9494015,38.2920459,Alaa Albasry; Zainab Alaithan; Ragad Aldilaijan; Vishvedeep Bhat; Rasha Daadoush
ewha womans university,24,ewha womans university,,,Yubin Ryu; Pouya Ifaei; Chaeeun Lee; Youlim Chung; Soyoung Kang
university of arizona,24,University of Arizona,32.23664585,-110.95234075,David Mier Salazar; Jeffrey Pyun; Angel Martin; Ethan Howley; Suchol Savagatrup
missouri university of science and technology,24,Missouri University of Science and Technology,37.9532435,-91.7742667,Kasim Adewuyi; Al-Dahhan Muthanna; Godwin Ogbuehi; Christi Luks; Ugochukwu Ewuzie
kwangwoon university,24,kwangwoon university,,,Hiesang Song; Hyungjun KIM; Gyeonggwan Jeon
university of georgia,24,University of Georgia,33.9404278,-83.373049,Varunkumar Thippanna; Kenan Song; Xinyu Gong; Qi Gan; Yajun Yan
abbvie,24,AbbVie,42.33708,-87.8344244,Pelin Su Bulutoglu; Eric Sacia; William Ketterhagen; Catherine Barton; Jeffery Larson
new york university,24,new york university,,,Jonathan Salmeron-Hernandez; Kelechi Ndukwe-Ajala; Ella King; Ryan Hartman; Erica Burnham
university of rhode island,24,University of Rhode Island,41.4875094,-71.5343138,Michael Fedorenko; Animesh Pan; Ashutosh Giri; Geoffrey Bothun; Devleena Chowdhury
"amgen, inc.",24,"Amgen, Inc.",34.1905959,-118.91985619999998,Taehun Kim; Xuan Han; Hamza Youssef Ismail; Michaela Murr; Nandini Sarkar
sungkyunkwan university,24,Sungkyunkwan University,37.29748823333333,126.9434087,Janggeun Lee; Jonghwan Oh; Yong Sang Lee; Woochang Jeong; Hyeonseo IM
sandia national laboratories,24,Sandia National Laboratories,37.688589533333335,-121.7401623,Matthew S. Johnson; Rekha Rao; Scott Bobbitt; Carl Laird; Tuan Ho
university of louisiana at lafayette,22,University of Louisiana at Lafayette,30.2117256,-92.0195772,Elizabeth Boyd; Remil Aguda; Xing Li; Kristel Gatdula; Xiaobo Lei
yokohama national university,22,Yokohama National University,35.4737978,139.5900454,Mehak Jain; Takemi Shinkai
the university of tokyo,22,The University of Tokyo,35.9019845,139.9362283,Yusuke Hayashi; Hirokazu Sugiyama; Junu Kim; Tatsuya Okubo; Gianluca Lombardini
kongju national university,22,Kongju National University,36.8517528,127.1510574,Hayoung Jeong; Seokhyun Choung; Jong-Ki Jeon; Jeong Woo Han; Jong Hun Kang
prairie view aandm university,22,Prairie View A&M University,30.0960954,-95.9870007,Emmanuel Dada; Temitope Esan; Kazeem B. Olanrewaju; Aishorjo Bublee; Uche Chukwuemeka
siemens industry software inc,22,siemens industry software inc,,,Alejandro Cano
guangdong technion israel institute of technology,22,Guangdong Technion Israel Institute of Technology,23.4125696,116.636155,Peng Xu; Yiting Xiao
hanyang university,22,hanyang university,,,Seokwoo Choe; Yong Hyun Moon; Seung Hyun Park; Byeongyong MIN; Tae Yeon KIM
university of cincinnati,22,University of Cincinnati,39.1318991,-84.5157575,Joo-Youp Lee; Anil Reddy Soreddy; Yoonjee Park; Christopher Ticknor; Dimal Kissan Acahry
national technical university of athens,22,National Technical University of Athens,37.977380100000005,23.7590529,Stefanos Xenios; Michaela Vasilaki; Antonios Kokosis; Konstantinos Mexis; Nikos Trokanas
clarkson university,22,Clarkson University,44.6595887,-75.0062397,Omid Jazani; Ian McCrum; Mohammad Hasibul Hasan; Temitope Orimolade; Maira Amjad
tokyo institute of technology,22,Tokyo institute of technology,35.58797123333333,139.6689706,Aparna Chitra Sudheer; Qiancheng Liao; Yuna Tatsumi; Yin LIU; Toshiyuki Yokoi
the university of toledo,20,The University of Toledo,41.6582432,-83.6147873,Hossein Abedsoltan; Saketh Merugu; Maria Coleman; Yakov Lapitsky; Glenn Lipscomb
university of gothenburg,20,University of Gothenburg,57.69796686666666,11.944211333333334,Dimitrios Gerogiorgis; Stefano Brandani; Enzo Mangano; Claire Leishman; Benjamin Duheric
max planck institute for dynamics of complex technical systems,20,max planck institute for dynamics of complex technical systems,,,Tibor Svitnic; Christoph Griehl; Caroline Ganzer; Alexander Geschke; Luisa Peterson
liberty university,20,Liberty University,37.3539466,-79.1531533,Wayne Strasser; Elijah Yoder; Nate Breed; Ryan Learn; Robert Kacinski
hankyong national university,20,Hankyong National University,37.0117775,127.2634692,Semie Kim; Bang Le; Huong Mai Thi Kieu; Son Ich Ngo; Pyeong-Gon Jung
politecnico di torino,20,Politecnico di Torino,45.0636974,7.6575263,Nunzia Lauriello; Antonio Buffo; Sandro Malusà; Diego Fida; Francesco De Roma
korea research institute of chemical technology,20,korea research institute of chemical technology,,,Ajaysing Nimbalkar; Dae Sung Park; Do-Young Hong; Yang Sik Yun; Do Kyoung Kim
exxonmobil,20,ExxonMobil,51.2480381,4.3478222,Prasanna V. Joshi; Hector Ayala; Kirti Richa
dupont,20,DuPont,47.0990689,-122.637546,Scott Collick; Senyo Opong
pfizer,20,Pfizer,51.0669817,4.3097669,Kameel Antami; Virginia Brooke Gill; William Guy; Heather Boucher; Wenge Wang
srm institute of science and technology,20,SRM Institute of Science and Technology,12.8234361,80.0450412,Sam David Swaminathan; Jiwoo Lee
"university of puerto rico, mayaguez",20,"University of Puerto Rico, Mayaguez",18.2137084,-67.14489083333332,Angela Montaño Herazo; Yomaira Pagan Torres; Cristian Aristizabal-Gonzalez; Maria K. Oñate-Socarras; Lucas Lisondo
pusan national university,20,Pusan National University,35.2343498,129.0784068,Kyoungyoun Kim; Doyeon Lee; Sunghyun Yoon; Kyu Hyun; Jaegyun Im
north carolina aandt state university,20,North Carolina A&T State University,36.2116175,-81.6760234,Sujoy Bepari; Yusuf Adewuyi; Sumit Gupta; Tianjun Xie; Md Shakibur Rahaman Chowdhury
united states military academy,20,United States Military Academy,41.3926455,-73.9599242,Enoch Nagelli; Samuel Lowell; Charles M. Aronov; Katherine G. LaReau; Edward Chen
university of salamanca,20,University of Salamanca,45.9455202,-66.6401861,Mariano Martin; Alberto Ruiz; Carlos Prieto
mississippi state university,20,Mississippi State University,33.4386876,-88.7943232,Santanu Kundu; Priscilla Hill; Victoria Taylor; Neeraj Rai; Yunsang Kim
university of birmingham,20,University of Birmingham,52.4522956,-1.9312857,Daniele Baiocco; Cinzia Amieni; Darius Khoshdel; Georgina Wadsley; Kit Windows-Yule
nyu tandon school of engineering,20,nyu tandon school of engineering,,,Nouha El Amri; Rachel Pollard; Parker Lewis; Nathalie Pinkerton; Xiuxian Li
the hong kong university of science and technology,20,The Hong Kong University of Science and Technology,22.32999,114.22884208,Yue Fang; Danqing Zhu; Richard Lakerveld; Yuanyuan Zhou; Zhengtang Luo
the university of akron,20,The University of Akron,41.07669885,-81.51450285,Weinan Xu; Amir Nourhani; Linxiao Chen; Fardin Khabaz; Daniel Angel Bellido Aguilar
university of maryland  baltimore county,18,university of maryland  baltimore county,,,Samiha Sharlin; Tyler R. Josephson; Colin Jones; Meredith Morse Morse; Elias Gilotte
university of louisville,18,University of Louisville,38.19373075,-85.75322835,John White; Mahbuba Khanom; Xiao-An Fu; Jacob Miller
washington state university,18,Washington State University,46.730447,-117.106682,Bin Yang; Su Ha; Carrington Moore; Marcus Sharp; Steven Saunders
mainstream engineering corporation,18,mainstream engineering corporation,,,Andrew Wagner; Aristidis Mihalos; Philip Cox; Luke Walker; Benjamin Woods
new mexico state university,18,New Mexico State University,32.2729032,-106.7434927,Eric Palmer; Meng Zhou; Hongmei Luo; Raul Velazquez; Michael Fry
indiana university,18,Indiana University,39.1802358,-86.5093526,Wenhui Li
"university of nevada, reno",18,"University of Nevada, Reno",39.5442688,-119.8163105,Maryam Raeeszadeh Sarmazdeh; Sanele Maziya; Olumide Ige; Elham Taheri; Masoud Kalantar
totalenergies,18,TotalEnergies,0.3854609,9.4447602,Sohaib Mohammed; Frederick de Meyer; Daniel Curulla Ferre
barpimo s.a.,18,Barpimo S.A.,42.9108971,-8.5254274,Helen Zha; Surya Karla
university of naples federico ii,18,university of naples federico ii,,,Maria Portarapillo; Danilo Russo
ohio university,18,Ohio University,39.3241782,-82.1015648,Quinn Bennett; Sumit Sharma; Yalda Ramezani; Hemant Nagar; Richard Nana Arthur
the university of maine,18,The University of Maine,43.6854339,-70.2988834,Arya Ajeev; Behrokh Shams; Reyad Shawabkeh
east china university of science and technology,18,East China University of Science and Technology,31.145271500000003,121.42105243333332,Mengxiang Lu; Zhongjie Shen; Yao Miao; Yunfei Yang; Liang Zhang
famu-fsu college of engineering,18,FAMU-FSU College of Engineering,30.428374766666664,-84.3011659,Justice Ene; Hoyong Chung; Dylan Barton; Cecilia Hansen
kth royal institute of technology,18,KTH Royal Institute of Technology,59.2016758,17.6203201,Devesh Sathya Sri Sairam Sirigina; Nardana Bazybek; Andressa Mazur; Pedro Henrique Cabral De Souza
vellore institute of technology,18,Vellore Institute of Technology,12.9697279,79.1606943,Satish Parulekar; Ahmad Ijaz; Hamid Arastoopour; Nirmala Gnanasundaram; SeyedSepehr Mostafayi
alma mater studiorum - university of bologna,16,alma mater studiorum - university of bologna,,,Matteo Minelli; Virginia Signorini; Marco Giacinti Baschetti
virginia polytechnic institute and state university,16,Virginia Polytechnic Institute and State University,37.2219268,-80.4272818,Liping Liu; Rong Tong; Sanket Deshmukh; Md Raian Yousuf; Parisa Farzeen
queens university,16,Queen's University,54.5847533,-5.936566,Greg van Anders; Houda Haidar; Iman Moshiritabrizi; Lauren Gibson; Kimberley B. McAuley
federal university of campina grande,16,federal university of campina grande,,,Heleno Bispo; Waleska Nascimento; Gabriela Monteiro; Gustavo Silva; Fernanda Andrade
university of strathclyde,16,University of Strathclyde,55.8618812,-4.2419566,Irene Moreno Flores; Tom Stavert; Miguel Jorge; John Armstrong; Christopher Boyle
montana state university,16,Montana State University,45.6638859,-111.079287,Jacob Molinaro; Campbell Putnam; Esther Stopps; Martina Du; Sabine Olds
beijing university of chemical technology,16,Beijing University of Chemical Technology,40.2525863,116.1437701,Wei Sun; Jingzhi Rao; Fangyuan Ma
university of british columbia,16,University of British Columbia,49.2578915,-123.2429755,Rama El-khawaldeh; Genpei Cai; Jiayang Ren; Gwynn Elfring
miami university,16,Miami University,39.5094198,-84.7311546,J. Andrew Jones; Jonathan Ackley; Felicia Guagliardo; Nolan Brown; Grace E. Kemmerly
university of mississippi,16,University of Mississippi,34.3646125,-89.5396349,Masoud Salavati; Utsab Roy Ayan; Sadie Farmer; Sasan Nouranian
kist,16,KIST,49.7444194,9.8413018,Byoungyoun Lee; Doh C. Lee; Tae-Hyun Bae; Jinwoo Lee; Jihan Kim
u.s. department of energy,16,U.S. Department of Energy,38.887938875,-77.0324304125,Bhima Sastri; Maressa Brennan
national taiwan university,16,National Taiwan University,25.05578835,121.54194385,Jeffrey Ward; Jeffrey Wu; Yu-I Lin
apc ltd,16,APC Ltd,16.8497417,96.0796153,Melba Simon; Niall Brady; Anita Umerska
karlsruhe institute of technology,14,Karlsruhe Institute of Technology,49.1018534,8.4331202,Patrick Lott; Philipp Rentschler; Olaf Deutschmann; Moritz Herfet
oakland university,14,Oakland University,42.67665135,-83.15880505,Erin Witherspoon; Natsuumi Ito; Hiroshi Umakoshi; Nobuyuki Matubayasi; Kento Kasahara
suncat center for interface science and catalysis  department of chemical engineering  stanford university,14,suncat center for interface science and catalysis  department of chemical engineering  stanford university,,,Pooja Basera
the university of texas at tyler,14,The University of Texas at Tyler,32.3163078,-95.2536994,Gideon Nyarko; Oluwanisola Makinde; Kristinoba Olotu; Mayokun Oke; Micheal Asama
hamburg university of technology,14,Hamburg University of Technology,53.4610001,9.9692264,Bogdan Dorneanu; Louise Olsson; Parisa Shafiee; Vasileios Mappas
school of chemistry  chemical engineering and biotechnology  nanyang technological university,14,school of chemistry  chemical engineering and biotechnology  nanyang technological university,,,Ari Fischer; Sainan Zhao
savannah river national laboratory,14,Savannah River National Laboratory,33.3447893,-81.73874705,Stephen Vicchio; Dan Lambert; Dylan D. Rodene; Jarrod Gogolski
indian institute of technology roorkee,14,Indian Institute of Technology Roorkee,29.8661656,77.8957348,Arisha Sharma; Prakash Biswas; Diksha VATS; Praveen Dubey; Arvind Kumar
merlyn emergence,14,merlyn emergence,,,Shom Ponoth
national cheng kung university,14,National Cheng Kung University,22.999099,120.2162295,Wei Wu; Bing-Hung Chen; Sheng-Sheng Yu
university of oxford,14,University of Oxford,51.752,-1.2577,Andrey Poletayev; James Kwan; Michail Stamatakis
university of ribeirão preto,14,university of ribeirão preto,,,Gianpaolo Barci
bristol myers squibb,14,Bristol Myers Squibb,48.1292363,11.5812022,Shona Marie Becwar; Andrew Werneth; Mohammadreza Ebrahimi; Patrick Corona; Hochan Chang
netl,14,NETL,52.6830181,5.8732297,Isaac Gamwo; Vyacheslav Romanov
university of miami,14,University of Miami,25.7172724,-80.2787069,Ruthradharshini Murugavel; Jimmy Moreno; Abdullah Al Moinee
university of calgary,14,University of Calgary,51.0766289,-114.1285493,Kotaybah Hashlamoun; Hua Song; Jose Angel Beleno Alcazar; Camilo Andres Lopez Lago; Jinguang Hu
glaxosmithkline,14,glaxosmithkline,,,Christopher J. Morrison; Lotfi Derdour; Don Clancy; Thomas Haley
south china university of technology,14,South China University of Technology,23.160342,113.3372426,Ruiqi Fang; Xin Zhao; Hongxin Fu; Jufang Wang
mathworks,14,Mathworks,42.3000136,-71.350891,Aycan Hacioglu; Hossein Jooya
aristotle university of thessaloniki,14,Aristotle University of Thessaloniki,40.6296704,22.9591611,Fotini Nikiforou; Dayna Schultz; Thanasis Papageorgiou; Ilias Frydas
university of wyoming,14,University of Wyoming,41.314986,-105.5643222,Vithurshan Varenthirarajah; Balantrapu Harshit; Zitao Wu; Dengfeng Qin; Ying Yu
university of maine,14,University of Maine,44.9015188,-68.6617222,Sampath Gunukula; Sampath Karunarathne; Temidayo Ogunjinmi; Ehsan Sardar; Madison McCarthy
university of limerick,14,University of Limerick,52.67356865,-8.56909645,Harry Van den Akker; Negin Ammari; Vivek V. Ranade
lawrence berkeley national lab,14,lawrence berkeley national lab,,,Amro Dodin; Jaeyong Lee; Sumanjeet Kaur
us environmental protection agency,14,us environmental protection agency,,,William Barrett; Ashley Butzlaff; Nathan Weber
university of maryland baltimore,14,university of maryland baltimore,,,Yiling Nan
century therapeutics,14,century therapeutics,,,Gregory Rusotti
university of dayton,12,University of Dayton,39.7384599,-84.1791948,Sharjeel Jokhio; Adrienne Shea; Matthew Bernards; Ching-An Peng; Kevin Myers
aiche,12,AIChE,47.6756422,8.2617198,Joseph Cramer; Jeffrey Horowitz; Heather Yuengling
university of mississippi medical center,12,University of Mississippi Medical Center,32.3309299,-90.1723002,Chipo Chapusha; Sheetal Chowdhury
indian institute of technology roorkee  uttarakhand  india,12,indian institute of technology roorkee  uttarakhand  india,,,Salma Khatoon
indian institute of science,12,Indian Institute of Science,13.0222347,77.5671832,Sanjeev Kumar; Anshaj Ronghe; K Ganapathy Ayappa
"california state polytechnic university, pomona",12,"California State Polytechnic University, Pomona",34.0556686,-117.8239282,Mingheng Li; Zachary Shin
western michigan university,12,Western Michigan University,42.2832928,-85.6102611,Noor Alomari
u.s. food and drug administration,12,U.S. Food and Drug Administration,47.7969561,-122.2009767,Stelios C. Tsinontides; Thomas O'Connor; Nobel Sierra Vega; Katrina Avery; Aaron Rowane
univ of alabama birmingham,12,UNIV OF ALABAMA BIRMINGHAM,33.5016153,-86.8060476,Robert Peters
texas aandm university-kingsville,12,Texas A&M University-Kingsville,27.5279817,-97.8836721,Matthew Alexander; Matthew Kolade Ajakaiye; M. R. Riazi; Patrick Mills; Esther Olagunju
university of san diego,12,university of san diego,,,Rae Robertson-Anderson; Katarina Matic
universidad de guanajuato,12,Universidad de Guanajuato,28.6984944,-106.1339119,Juan Gabriel Segovia; Carlos Rodrigo Caceres Barrera; Eduardo Sánchez-Ramírez; Juan-Gabriel Segovia-Hernandez
polykala technologies llc,12,polykala technologies llc,,,Maoqi Feng
faculty of new sciences and technologies  university of tehran,12,faculty of new sciences and technologies  university of tehran,,,Leila Fereidooni
procegence,12,procegence,,,Nima Yazdanpanah
slb,12,slb,,,Ruhi Sultana; Daniel Miller; Kurt Schmidt
florida atlantic university,12,Florida Atlantic University,26.1194037,-80.1416919,Brandyn Nutter; Laura Rojas; Steven Soini; Masoud Jahandar Lashaki
the university of melbourne,12,The University of Melbourne,-37.7991808,144.9800356,Lequan Zeng; Raymond Dagastine; Eirini Goudeli
utah state university,12,Utah State University,41.7526959,-111.808733,Foster Agblevor; Hamza Abdellaoui
instituto superior técnico  universidade de lisboa,12,instituto superior técnico  universidade de lisboa,,,Pedro Castro
korea institute of industrial technology,12,Korea Institute of Industrial Technology,35.20173355,126.87721165,Heejun Kim; Jo Hong Kang; Hojun Song
csu- long beasch and fresno city college,12,csu- long beasch and fresno city college,,,Ashok Naimpally
uc irvine,12,UC Irvine,-29.7451544,147.7685722,Lexi Crowell; Herdeline Ardoña; Kiara Lacy; Sujeung Lim; Tayloria N.G. Adams
boise state university,12,Boise State University,43.6032821,-116.19941,Eric Jankowski; Chris Jones
boehringer ingelheim pharmaceuticals inc,12,boehringer ingelheim pharmaceuticals inc,,,Tao Zhang; Vidhyadhar Manee; Shuoxun Wang
genentech,10,Genentech,38.3901767,-121.9482113,Lucilla Coelho de Almeida; Edward Yost
pfizer inc,10,pfizer inc,,,Shubham Sharma; Joseph Imbrogno; Katharina Grohowalski; Kevin P. Girard
korea institute of energy technology,10,Korea Institute of Energy Technology,35.0099961,126.8039044,Nam Gyu Lim; Hyeok Jin Kwon; Hoang Thai Bao Ngo
soongsil university,10,soongsil university,,,Jun Hyoung Lee; Lee Jae-Cheol; Yun-Ho Ahn
research center pharmaceutical engineering gmbh,10,research center pharmaceutical engineering gmbh,,,Andreas Kottlan; Nick Morse
the ohio state university wexner medical center,10,the ohio state university wexner medical center,,,Xilal Rima
south dakota state university,10,South Dakota State University,44.344449,-96.7982371,Zhengrong Gu
duke university,10,Duke University,36.0001557,-78.9442297,Dongheon Lee; Emma Chory
texas aandm international university,10,Texas A&M International University,27.5722485,-99.4325843,Heriberto Garcia; Khoa Tran
tennessee tech university,10,Tennessee Tech University,36.1748736,-85.5089051,Mohammad J Seyed Sabour; Sahera Abumariam
technical university of denmark,10,Technical University of Denmark,55.7854145,12.5202151,Alina Anamaria Malanca; Johan Le Nepvou De Carfort; Fiammetta Caccavale; Samir Meramo
takeda,10,takeda,,,Edward Raymond; Thomas Toupy; Laura Pereira Diaz; Varun Sundarkumar
sunthetics,10,sunthetics,,,Daniela Blanco
forschungszentrum jülich gmbh,10,forschungszentrum jülich gmbh,,,Stefan Pappler; Michael Geisselbrecht; Tobias Mader; Moritz Wedemeyer
hong kong university of science and technology,10,Hong Kong University of Science and Technology,22.8916128,113.4790189,Min HU; Haifan Zhou; Ching Ting Leung
university of missouri-columbia,10,university of missouri-columbia,,,Reginald Rogers; Matthias Young; Farnoushsadat Rezaei; Marissa Moore
hovione farmaciência,10,hovione farmaciência,,,Pedro Monteiro; Ana Martins; Artur Saramago; Ricardo Sousa; Jose Granjo
dsm-firmenich,10,DSM-Firmenich,46.1772613,6.0064557,Taliehsadat Alebrahim; Novin Mehrabi
university of nebraska - lincoln,10,university of nebraska - lincoln,,,Mark Kathol; Joydip Dey; Abaigeal Aydt
the lubrizol corporation,10,the lubrizol corporation,,,Frank van Lier; Michael DeLetter; Nicolas Proust
tohoku university,10,Tohoku University,38.2581115,140.8360434,Anqing Wang; Keishi Suga; Hikaru Namigata; Naomi Shibasaki-Kitakawa
university of cambridge,10,University of Cambridge,52.20118383333334,0.1216035999999999,Collin Smith; Alexander Routh; Kara Fong; Laura Torrente Murciano
chulalongkorn university,10,chulalongkorn university,13.7431114,100.5328752,Anuchit Wuttitrairat; Paisan Kittisupakorn; Nuttha Thongchul
nanoparticle systems engineering laboratory,10,nanoparticle systems engineering laboratory,,,Robert Nißler
nagoya university,10,Nagoya University,35.1533086,136.9677806,Mostafa Elshafie; Akihide Wakita; Tao Zou
iit hyderabad,10,IIT Hyderabad,17.589982833333334,78.1218824,Pallavi Dandekar
trinity college dublin,10,trinity college dublin,,,Rebekah Wells
u s  environmental protection agency,10,u s  environmental protection agency,,,John D. Chea; Gerardo Ruiz-Mercado; Veera Boddu; Raymond Smith
mexican institute of petroleum,10,mexican institute of petroleum,,,Elias Martinez-Hernandez
universidad san francisco de quito,10,Universidad San Francisco de Quito,-0.1968612,-78.4359156,Lourdes Orejuela-Escobar; Emilia Moreno; Andrea C. Landázuri
colorado state university,10,Colorado State University,40.5706567,-105.0853995,Qiang Wang; Siu Hung Joshua Chan; Sebastian Castro; Anna Huszar; Allison Cornelius
mission possible partnership,10,mission possible partnership,,,Gayle Gibson
kfupm,10,kfupm,,,Syed Muhammad Shakil Hussain
university of liege,10,University of Liege,50.6368602,5.5624252,Geoffroy Lumay; Benoit Heinrichs
kaust,10,KAUST,22.3223754,39.1173835,Elia Colleoni; Daniel Fontecha; Wojciech Ogieglo
aspen technology inc.,10,Aspen Technology Inc.,39.067515,-108.560123,Pratyush Agarwal; Salvador Perez-Uresti; Andrea P. Ortiz-Espinoza
widener university,10,Widener University,39.8606395,-75.3565932,Dipendu Saha; Annie Miloser
worldwide research and development  pfizer healthcare india pvt ltd,8,worldwide research and development  pfizer healthcare india pvt ltd,,,Mandakini Padhi
3m company,8,3M Company,41.3079575,-96.3382383,Hyunki Kim; Neeraj Borker
vertex pharmaceuticals,8,vertex pharmaceuticals,,,Qinglin Su; Yaser Bozorgi
young professionals committee,8,young professionals committee,,,Carmen Daoud
yeungnam university,8,Yeungnam University,35.828022,128.7572223,Sang W. Joo
université catholique de louvain   place l  pasteur 1,8,université catholique de louvain   place l  pasteur 1,,,Richa Tomer
applied circular engineering and simulation group   universidad san francisco de quito usfq,8,applied circular engineering and simulation group   universidad san francisco de quito usfq,,,Andrea Landazuri; Camily Rivadeneira; Andrea C. Landázuri
university of the witwatersrand  johannesburg,8,university of the witwatersrand  johannesburg,,,Craig Sheridan
brookhaven national laboratory,8,Brookhaven National Laboratory,40.87930865,-72.85765635,Yong Yuan; Mueed Ahmad
boehringer ingelheim,8,Boehringer Ingelheim,19.3038519,-99.13449406666666,Fredrik Nordstrom
university of new haven,8,University of New Haven,41.27402215,-72.9761542,Dequan Xiao; Huan Gu
caltech institute of technology,8,Caltech Institute of Technology,34.1370138,-118.1252883,Haochen Zhang
university of maryland baltimore county,8,university of maryland baltimore county,,,Luis Carlos Pinzon-Herrera; Pavankumar Umashankar
central michigan university,8,Central Michigan University,43.58355,-84.7746308,Emad Sanei; Yasna Mortezaei
center for interdisciplinary research and innovation of aristotle university of thessaloniki,8,center for interdisciplinary research and innovation of aristotle university of thessaloniki,,,Nafsika Papaioannou; Achilleas Karakoltzidis
university of chile,8,university of chile,,,Irene Martinez
cleveland state university,8,cleveland state university,,,Victoria Stege; Bukola Adesanmi; Lisa Chambers; Obaid Khan
university of chemistry and technology in prague,8,University of Chemistry and Technology in Prague,50.102222,14.39063,Pavel Krýsa; Viola Tokarova; Ondrej Kaspar
university of chemical technology and metallurgy,8,university of chemical technology and metallurgy,,,Dimitar Peshev; Nevena Lazarova-Zdravkova
university of central florida,8,University of Central Florida,28.599591,-81.1971284,Shaohua Xie; Yifan Wang
corteva agriscience,8,Corteva Agriscience,41.6704889,-93.715464,Navraj Hanspal; Venkat Bhamidi
instituto politécnico nacional,8,instituto politécnico nacional,,,Diana L. Salas-Gallegos; Luis A. Galicia-Luna; Jeimy Judith Bautista Martinez
instituto de investigaciones biomédicas  universidad nacional autónoma de méxico,8,instituto de investigaciones biomédicas  universidad nacional autónoma de méxico,,,Jessica Sánchez-Vargas; Mauricio A. Trujillo-Roldán
kitech,8,kitech,,,Duyoung Choi
university of ar,8,University of AR,36.0970389,-94.1703322,Mohammad Mahmoudi; Kamel Halouani; Ezzeldin Aly
universiti teknologi malaysia utm,8,Universiti Teknologi Malaysia (UTM),1.5585223,103.6399138,Vasantha Nayagam; Hesham El Enshasy
universidad michoacana de san nicolás de hidalgo,8,Universidad Michoacana de San Nicolás de Hidalgo,19.6892955,-101.2066338,Luis Fernando Lira-Barragán
universidad de los andes  carrera,8,universidad de los andes  carrera,,,Alejandra Vargas-Beltrán; Juan F. Saldarriaga
department of chemical and petroleum engineering  university of kansas,8,department of chemical and petroleum engineering  university of kansas,,,Leila Fereidooni
universidad de las americas puebla,8,Universidad de las Americas Puebla,19.0544632,-98.284968,Rosa Henandez-Lopez
united cleanup oak ridge llc,8,united cleanup oak ridge llc,,,Brad Russell; Ethan Garland
uc davis,8,uc davis,,,Alejandro Gallegos Tovar; Jennifer Curtis
the university of utah,8,The University of Utah,41.0956278,-111.9941083,Matthew Williams; Srabani Karmakar
texas aandm university at qatar,8,texas aandm university at qatar,,,Ahmed Abbas; Aysha Melhim; Elizabeth Abraham
durban university of technology south africa,8,Durban University of Technology South Africa,-29.6458441,30.3501321,Riona Indhur; Stephen Akpasi
ku leuven,8,KU Leuven,50.8057128,3.2915374,Dominik Bongartz; Jonas Loncke; Nicolas Chanut
tecnológico de monterrey,8,Tecnológico de Monterrey,20.67737852,-105.22261644,Ilse María Hernández-Romero; Camila Velandia; Maijani Hall
takeda development center americas  inc,8,takeda development center americas  inc,,,Guanghui Zhu; Neda Nazemifard
epsrc future manufacturing research hub for continuous manufacturing and advanced crystallization,8,epsrc future manufacturing research hub for continuous manufacturing and advanced crystallization,,,Irene Moreno Flores
stellenbosch university,8,Stellenbosch University,-33.9326212,18.8650551,Cara Schwarz; Cara E. Schwarz; Jafaru Egieya
southern illinois university edwardsville,8,Southern Illinois University Edwardsville,38.7941616,-90.0002789,Seyi Akoko; Abdullahi Adeto Inaolaji
sartorius,8,sartorius,,,Behnam Partopour
fei,8,FEI,45.7647019,8.2499183,Ricardo Torres
famu-fsu college of engineering  florida state university,8,famu-fsu college of engineering  florida state university,,,Xingchi Chen; Sailesti Joshi
rochester institute of technology,8,rochester institute of technology,,,Obioma Uche; Poornima Padmanabhan
reservoir engineering research institute,8,reservoir engineering research institute,,,Tomás Chávez-Miyauchi
fuzhou university,8,Fuzhou University,26.0614068,119.1933416,Li-Hai Fan; Qiang Guo
polytechnic university of puerto rico,8,polytechnic university of puerto rico,,,Harry Carrion; Dorielis Rodriguez-Suarez; Yariana N. Bengochea Bonilla; Jeziel Rodriguez Vega
planta piloto de ingenieria quimica,8,planta piloto de ingenieria quimica,,,Maria Soledad Diaz
harvard medical school brigham and women s hospital,8,harvard medical school brigham and women s hospital,,,Sohyung Lee
gti energy,8,gti energy,,,Weiwei Xu; Megan Herrera; Sarath Kannan
lsre-lcm - faculty of engineering of university of porto,8,lsre-lcm - faculty of engineering of university of porto,,,Ana Pereira; Rafael Dias; Inês Rodrigues; Albertina Rios
lakehead university,8,Lakehead University,48.4203116,-89.2623395,Pedram Fatehi
granutools,8,granutools,,,Aurelien Neveu; Marco Lupo; Filip Francqui
hovione,8,hovione,,,Ines Rocha; Sarang Oka; Jose Luis Santos
hope college,8,hope college,,,Elizabeth Cuneaz; Joseph Kuklewski; Laurel Wasiniak; Brian Tran
nihon university,8,Nihon University,35.7031676,139.74115154999998,Katsumi Tochigi; Hiroyuki Matsuda
new mexico institute of mining and technology,8,new mexico institute of mining and technology,,,Youngmin Lee; Arnob Dipta Saha; Naomi Helsel; Hirithya Sharad Jeyashangararaj
illinois state geological survey,8,illinois state geological survey,,,Carl Carman; Kendall Taft
nanjing normal university,8,Nanjing Normal University,32.0550562,118.7621005,Zijia Li; He Huang; Fei Du
vrije universiteit brussel,8,vrije universiteit brussel,,,Ravi Sharma; Mahsa Najafi Lahiji; Joeri Denayer
amofor gmbh,8,amofor gmbh,,,Christian Lübbert
american university of the middle east,8,American University of the Middle East,29.1640713,48.099383,Eldhose Iype; Ozgen Yalcin
ahmedabad univeristy,6,ahmedabad univeristy,,,Ramya Srinivasan
technical university of munich,6,Technical University of Munich,48.2654976,11.6692249,Michael Stadler; Valentin Krespach; Marc Xia
technion israel institute of technology,6,Technion Israel Institute of Technology,32.7768128,35.0225446,Brian Welch
technische universiteit delft,6,technische universiteit delft,,,Jana Weber
texas aandm university - corpus christi,6,Texas A&M University - Corpus Christi,27.7127513,-97.3233877,Richard Coffin
isgs,6,isgs,,,Mansour Khosravi
kuwait university,6,Kuwait University,29.344252,48.0833926,Osamah Alomair
eastman chemical co,6,eastman chemical co,,,Gary Hawkins
massachusetts institute of thechnology,6,massachusetts institute of thechnology,,,Zhengpeng Wan
material flow solutions  inc,6,material flow solutions  inc,,,Kerry Johanson
industrial technology research institute,6,industrial technology research institute,,,Chaohuang Chen
institute of hydrodynamics of the cas,6,institute of hydrodynamics of the cas,,,Jan Haidl; Ondrej Gebousky
exhalix  llc,6,exhalix  llc,,,Bill J. Brooks; Debra M. Friedrichsen
exxonmobil technology and engineering company,6,exxonmobil technology and engineering company,,,Mohammed Abutaqiya; Yu Wang; Harnoor Kaur
suny college of environmental science and forestry,6,suny college of environmental science and forestry,,,Md Shahadat Hossain; Dwyer Stuart
surface measurement systems,6,surface measurement systems,,,Connor Hewson; Sean McIntyre; Lisa Mingzhe Sun
syracuse university,6,syracuse university,,,Nora Prosak; Jesse Bond
eaton corporation,6,Eaton Corporation,42.83977,-93.6037789,Monoj Ghosh; Rob Nunley
energy and environmental research center university of north dakota,6,energy and environmental research center university of north dakota,,,Trevor Richards
the cooper union for the advancement of science and art,6,the cooper union for the advancement of science and art,,,Tausif Tamim; Nada Shetewi; Julius Yoh
the cyprus institute,6,The Cyprus Institute,35.1409611,33.3811819,Wojciech Lipinski
the university of oklahoma,6,The University of Oklahoma,35.47989685,-97.49737655,Gabriel Barbosa; Eduarda Barros de Oliveira
the university of southern mississippi,6,The University of Southern Mississippi,30.3528503,-89.1377831,Anthony Griffin; Paul Smith
mork family department of chemical engineering and materials science  university of southern california,6,mork family department of chemical engineering and materials science  university of southern california,,,Mohammad Bazmi; Farnaz Tabarkhoon
artie mcferrin department of chemical engineering  texas aandm university,6,artie mcferrin department of chemical engineering  texas aandm university,,,Ifeoluwa Babalola; Swaminathan Sundar
università degli studi di padova,6,Università degli Studi di Padova,45.4066496,11.8774407,Silvia Pelucchi
dow chemical company,6,Dow Chemical Company,54.5856558,-1.23670675,Dinesh Kumar; Shashank Kamdar; Saket Sanjay Bhargava
dow inc.,6,Dow Inc.,14.4495397,120.9957662,Hulusi Turgut; David Steelman; Yujun Liu
simons foundation,6,simons foundation,,,Ella King
tonkomo llc,6,tonkomo llc,,,Anna Lee Tonkovich; Eric Daymo
u s  army,6,u s  army,,,Trenton Tovar
u s  army devcom chemical biological center,6,u s  army devcom chemical biological center,,,David Garcia
u s  dept  of energy,6,u s  dept  of energy,,,Steven Rowan; Jared Ciferno
sapienza university of rome,6,sapienza university of rome,,,Valentina Biagioni; Maria Anna Murmura
sartorius stedim north america inc,6,sartorius stedim north america inc,,,Yuji Takeda; Samin Akbari
school for engineering of matter  transport  and energy  arizona state university,6,school for engineering of matter  transport  and energy  arizona state university,,,Jordan Monroe
shell international exploration and production  inc,6,shell international exploration and production  inc,,,Ram Ratnakar
shenzhen university,6,Shenzhen University,22.5359022,113.9314749,Guangliang Liu
sabic,6,Sabic,37.9068688,-87.9283382,Maria Soliman; Nicolas Goyheneix; Sreekanth Pannala
iit kharagpur,6,IIT Kharagpur,22.3144275,87.310392,Rahul Kumar; Narendra Singh Choudhary
national energy technology lab,6,national energy technology lab,,,Chung Shih
university of tennessee  knoxville,6,university of tennessee  knoxville,,,Mi Li; S Michael Kilbey; Stina Daniel
university of texas at san antonio,6,university of texas at san antonio,,,Gabriel Garibaldi; Gongchen Sun; Erin McNeill
university of wisconsin   madison,6,university of wisconsin   madison,,,Wenjia Wang
sanofi,6,Sanofi,47.4296449,0.6951806,Lingyun Liu; Abhishek Paul; Indu Muthancheri
ucb pharma s.a.,6,UCB Pharma S.A.,50.6918016,4.3405796,Efty Hadjittofis
dartmouth college,6,Dartmouth College,43.69147315,-72.2763655,Yunjia Zhang; Wenlin Zhang
renewable resources and enabling sciences center  national renewable energy laboratory,6,renewable resources and enabling sciences center  national renewable energy laboratory,,,Hyunjin Moon
rkgmixes llc,6,rkgmixes llc,,,Richard Grenville
rutgers,6,Rutgers,40.5204169,-74.4645303,Ali Ukperaj; Maria Tomassone
department of chemical engineering  college of engineering  king khalid university  abha 61411  saudi arabia,6,department of chemical engineering  college of engineering  king khalid university  abha 61411  saudi arabia,,,Basem Al Alwan
universidad de los andes,6,universidad de los andes,,,Johan Leon; Nicolas Iglesias Giraldo
universidad nacional autónoma de méxico,6,universidad nacional autónoma de méxico,,,Norma A. Valdez-Cruz; Mauricio A. Trujillo-Roldán
netherlands organisation for applied scientific research  tno,6,netherlands organisation for applied scientific research  tno,,,Dirk van den Bekerom
new mexico tech,6,New Mexico Tech,34.0662339,-106.9110595,Xuan Pham; Jonathan Logan; Jiyue Wu
hebei university of science and technology,6,Hebei University of Science and Technology,37.9774255,114.5156097,Ahsan ul haq Qurashi; Abdallah S. Berrouk
bascat - unicat basf jointlab - tu berlin,6,bascat - unicat basf jointlab - tu berlin,,,Emre Turan
baylor university,6,Baylor University,31.550434,-97.1102906,Min Pack; Riley Choquette
bipc,6,BIPC,30.435736,49.1063427,Michael Stephenson
hovione farmaciência s a,6,hovione farmaciência s a,,,Ines Rocha; Maria Paisana
university college dublin,6,University College Dublin,53.32253315,-6.237669275,Sergio Carrillo De Hert; Entvin Mamo; Nethraa Kannan
university of alabama in huntsville,6,University of Alabama in Huntsville,34.70024513333333,-86.65110853333334,Agnieszka Truszkowska; David Harris
university of bologna,6,University of Bologna,44.4982886,11.354457,Carla Maggetti; Sara Giancaterino; Cristiana Boi
institution,6,Institution,0.3120733,32.58589165,Kangseop Kim; Hyeone Lee
porton usa,6,porton usa,,,Jian Wang; Yuriy Abramov
posco holdings,6,posco holdings,,,Younghun Kim; Gihun Kwon
postech,6,postech,,,Youngbi Kim
german aerospace center,6,German Aerospace Center,50.8532848,7.124659,Martin Roeb; Holger Huck
gilead sciences,6,Gilead Sciences,48.85183275,2.2433118,Elizabeth Horstman; Apoorva Nisal
"university of california, merced",6,"University of California, Merced",37.365182,-120.4225275,Bin Liu; Anand B. Subramaniam
university of canterbury,6,University of Canterbury,-43.5240894,172.5803004,Matthew Watson
chemical engineering department  faculty of engineering  cairo university,6,chemical engineering department  faculty of engineering  cairo university,,,Amr Abdelghany
chemical engineering department  universidad michoacana de san nicolás de hidalgo,6,chemical engineering department  universidad michoacana de san nicolás de hidalgo,,,Francisco Javier López Flores; Cesar Ramírez-Márquez
city college of new york,6,city college of new york,,,Lane Gilchrist; Blerina Sehitaj; Binh Nguyen
city college of new york  cuny,6,city college of new york  cuny,,,Darjan Podbevšek
pfizer healthcare india pvt ltd,6,pfizer healthcare india pvt ltd,,,Santhosh Seshadhri
hitachi energy germany ag,6,hitachi energy germany ag,,,Iiro Harjunkoski
hongik university,6,Hongik University,37.56100883333333,126.98620790666668,Gebremedhn Gebremichael; Donghyeon Lee
boston university,6,boston university,,,Robert A. Brown; Erica Pratt
university of pau,6,University of Pau,43.3146145,-0.3653306,Juan Heringer; Dan Vladimir Nichita
aveva,6,Aveva,51.1031262,16.9450607,Bruna Giron; Jesse Williamson; Mike Donahue
physical sciences inc.,6,Physical Sciences Inc.,42.695935,-71.2056261,Emily Gonzales
pohang university of science and technology,6,Pohang University of Science and Technology,36.0180795,129.3208556,Sujin Kim; ByeongJo Shim
university of illinois urbana champaign,6,university of illinois urbana champaign,,,Anaira Roman Santiago; Antonia Statt
university of innsbruck,6,University of Innsbruck,47.2633159,11.3844733,Christian Wachsmann; Julia Amplatz
chang gung university,6,Chang Gung University,25.03767115,121.40532285,Tesfalem Atsbha; Si-Han Peng
california state university long beach,6,California State University Long Beach,33.795004199999994,-118.12481125,Yu Yang; Chengyan Ye
california state university-bakersfield,6,California State University-Bakersfield,35.3493892,-119.1033969,Zhongzhe Liu; Liaosha Song
carbon america,6,carbon america,,,Jonathan Stickel
carbotech ac gmbh,6,carbotech ac gmbh,,,Aleksandra Marcinek
heriot-watt university,6,Heriot-Watt University,55.93115233333333,-3.2497418,Peter Cummings; Ahmed Salem
university of liverpool,6,University of Liverpool,53.4072429,-2.9658337,Isaiah Borne
university of maribor,6,University of Maribor,46.5592325,15.6432937,Jan Puhar; Annamaria Vujanović
northern arizona university,6,northern arizona university,,,Adam Sjolund; Stephano Sinyangwe
obafemi awolowo university,6,Obafemi Awolowo University,7.5204371,4.5233004,Oludare J. Odejobi
old dominion university,6,Old Dominion University,36.8862699,-76.3097248,Isamu Umeda; Sandeep Kumar
air products,6,Air Products,51.1543176,3.7897645,Roger D. Whitley; Gaurab Samanta
worley group,6,worley group,,,Avinashkumar Karre
villanova university,6,Villanova University,40.0367774,-75.3420233,Christopher Kitchens; Robert Hanes; Zuyi Huang
vishwamitra research institute,6,vishwamitra research institute,,,Urmila Diwekar
volkswagen group of america,6,volkswagen group of america,,,Hendrik Mainka
alexandria university,6,alexandria university,,,Mayar Tarek
waseda university,6,waseda university,,,Masahiko Matsukata; Motomu Sakai
takeda pharmaceuticals,6,takeda pharmaceuticals,,,Chris Lowe; Braden Chiulli; Jay Gandhi
kangwon national university,6,Kangwon National University,37.8672582,127.7447487,Seung-Soo Kim; Sanjit Gaikwad
abu dhabi university,6,Abu Dhabi University,24.3665244,54.5647253,Ioannis Zuburtikudis
3p instruments,6,3P Instruments,32.9301854,-96.7519165,Joe Domingue; Sebastian Ehrling
6786963773,4,6786963773,,,Dina Gadalla
a star,4,a star,,,Boon Siong Neo
aaas nsf,4,aaas nsf,,,Andrew W. Tricker
aalborg university,4,Aalborg University,57.0159071,9.9753082,Tanmay Chaturvedi
uw madison,4,uw madison,,,Prajakta Dongre
usda forest products laboratory,4,usda forest products laboratory,,,Prajakta Dongre
kaneka corporation,4,kaneka corporation,,,Yasuhiro Sumi
jsol corporation,4,jsol corporation,,,Hiroya Nitta
johnson screens  inc,4,johnson screens  inc,,,Gene Eberhardt; Kevin Chase
jiangnan university,4,Jiangnan University,31.4851218,120.2673352,Qiang Wang
zhejiang huakang pharmaceutical co   ltd,4,zhejiang huakang pharmaceutical co   ltd,,,Mian LI
zhejiang gongshang university,4,Zhejiang Gongshang University,30.2874377,120.1319505,Xin Zhang
yusuf hamied department of chemistry  university of cambridge,4,yusuf hamied department of chemistry  university of cambridge,,,Jiyizhe Zhang
technical university of darmstadt,4,technical university of darmstadt,,,Danny Stark
tamuq,4,tamuq,,,Suhde Makki
takeda pharmaceutical company limited,4,takeda pharmaceutical company limited,,,Michael Skoumal; Zoe Horton
veranova,4,veranova,,,Ankur Kapil
ventus therapeutics,4,ventus therapeutics,,,Nate Abraham
vaccine production program  nih niaid,4,vaccine production program  nih niaid,,,Sean Mack
air force research laboratory,4,air force research laboratory,,,Arthur Sloan; Anesia Auguste
2  spx flow mixing solutions,4,2  spx flow mixing solutions,,,Jason J. Giacomelli
osaka gas chemicals  co   ltd,4,osaka gas chemicals  co   ltd,,,Yasuyuki Yamane
origin materials,4,origin materials,,,Ben Freireich
ocean college zhejiang university,4,ocean college zhejiang university,,,Jiwei Chen
northumbria university,4,Northumbria University,54.979120575,-1.610900125,Ben Xu; Qiumei Jing
institute for protein design,4,institute for protein design,,,Linna An
institute for basic science,4,institute for basic science,,,Hongjun Park
institut charles gerhardt montpellier  université de montpellier  cnrs  enscm 34293,4,institut charles gerhardt montpellier  université de montpellier  cnrs  enscm 34293,,,Guillaume Maurin
innovation center - abu dhabi  siemens energy llc,4,innovation center - abu dhabi  siemens energy llc,,,Ali A. Alnajjar
lyten,4,Lyten,47.7747446,8.5758347,Kumar Bugga
louisiana tech university,4,Louisiana Tech University,32.526106,-92.6481217,Yang Xiao
chemical and biological engineering  iowa state university,4,chemical and biological engineering  iowa state university,,,Onyeka Onyenemezu
higher collages of technology,4,higher collages of technology,,,Abdelsalam Efhaima
hiden isochema,4,hiden isochema,,,Darren Broom
university of notredame southbend,4,university of notredame southbend,,,Vivek Yadav
university of north carolina at chapel hill,4,University of North Carolina at Chapel Hill,35.9050353,-79.0477533,Erina Baynojir Joyee; Matthew Ryen Lockett
university of nebraska lincoln,4,university of nebraska lincoln,,,Edward Stone; Simon Johnson
carnegie institution for science,4,carnegie institution for science,,,Neda Fakhimi
cape breton university,4,Cape Breton University,46.1679892,-60.0905367,Muhammad Jujuly
lakril technologies corporation,4,lakril technologies corporation,,,Christopher Nicholas
graz university of technology,4,Graz University of Technology,47.0494299,15.441566266666667,Max Vogi; Rafaela Greil
pando bioscience,4,pando bioscience,,,Will Cao
oxy low carbon ventures,4,oxy low carbon ventures,,,Robert Zeller
centro de investigação de montanha   instituto politécnico de bragança  campus de santa apolónia  5300-253,4,centro de investigação de montanha   instituto politécnico de bragança  campus de santa apolónia  5300-253,,,Adriano Henrique; Lucas Zafanelli
center of excellence for aerospace particulate emissions reduction research missouri sandt  65409,4,center of excellence for aerospace particulate emissions reduction research missouri sandt  65409,,,Godwin Ogbuehi
university of iowa aiche student chapter,4,university of iowa aiche student chapter,,,Riley Coulter; Anna Blobaum
university of illinois,4,University of Illinois,40.094607692857146,-88.21349916428572,Bahadir Rusen Argun
university of hawaiʻi at mānoa,4,University of Hawaiʻi at Mānoa,21.2982795,-157.8186932,Chrisy Xiyu Du
university of guelph,4,University of Guelph,43.5327864,-80.2249974,Manjusri Misra; Amar K. Mohanty
university of erlangen-nuremberg,4,university of erlangen-nuremberg,,,Wolfgang Peukert
university of engineering and technology lahore,4,University of Engineering and Technology Lahore,31.4631818,73.2543186,Sadiya Mushtaq
clariant corporation,4,clariant corporation,,,Vladimir Fridman; Morgan Engelmeyer
polish academy of sciences,4,polish academy of sciences,,,Karol Makuch
pnnl,4,pnnl,,,Busra Dereli
university of pretoria,4,University of Pretoria,-25.73856225,28.1983628,Michael Daramola
university of oregon,4,University of Oregon,44.0444197,-123.0717603,Danielle Benoit; Paul Kempler
university of nottingham,4,University of Nottingham,52.9366805,-1.1851735666666667,Agnes Anuka
broad institute of mit and harvard,4,broad institute of mit and harvard,,,Allen Jiang
brewer science  inc,4,brewer science  inc,,,Walter Barnes; Zhiqiang Fan
boehringer ingelheim pharmaceuticals  inc,4,boehringer ingelheim pharmaceuticals  inc,,,Na Yao
noritake co  ltd,4,noritake co  ltd,,,Gopinathannair Madhavikutty Anilkumar
njit,4,njit,,,Nicole Szponar; Mason Brown
hovione farmaciencia s a,4,hovione farmaciencia s a,,,Patricia Cruz
hoseo university,4,Hoseo University,36.7352819,127.0757053,InSoung Chang
hkust,4,hkust,,,Yoonseob Kim
chiba institute of technology,4,Chiba Institute of Technology,35.6888667,140.0211756,Kazuhiko Nishi; Yoshimitsu Uemura
crystallization design institute  molecular sciences research center  university of puerto rico,4,crystallization design institute  molecular sciences research center  university of puerto rico,,,Torsten Stelzer
precision combustion  inc,4,precision combustion  inc,,,Hani Hawa
politecnico di milano,4,Politecnico di Milano,45.0468832,9.7030881,Matteo Maestri; Enrico Tronconi
interdisciplinary research center for membranes and water security  king fahd university of petroleum and minerals,4,interdisciplinary research center for membranes and water security  king fahd university of petroleum and minerals,,,Umer Zahid
instituto de desarrollo tecnológico para la industria química  intec,4,instituto de desarrollo tecnológico para la industria química  intec,,,Diana Estenoz
institution los alamos national laboratory,4,institution los alamos national laboratory,,,Agnese Marcato
koch institute for integrative cancer research,4,koch institute for integrative cancer research,,,Namita Nabar
king khalid university,4,king khalid university,,,Mohammed Almesfer
key laboratory of coal gasification and energy chemical engineering of ministry of education  shanghai engineering research center of coal gasification  east china university of science and technology,4,key laboratory of coal gasification and energy chemical engineering of ministry of education  shanghai engineering research center of coal gasification  east china university of science and technology,,,Liang Zhang; Shicheng Wang
kbc advanced technologies inc,4,kbc advanced technologies inc,,,Wajid Shaik; Ghoncheh Rasouli
columbia univeresity,4,columbia univeresity,,,Farid Khoury
recibiopharm,4,recibiopharm,,,Busuyi Adebayo; Marianna Sofman
procter and gamble,4,Procter and Gamble,53.5273241,-2.7604531,Ashlesha Tiple
colombian petroleum institute   ecopetrol s a,4,colombian petroleum institute   ecopetrol s a,,,Ariel Uribe-Rodriguez
university college dublin  ireland,4,university college dublin  ireland,,,Mriganka Mondal
university of surrey,4,University of Surrey,51.2430782,-0.5900545,Madeleine Bussemaker
bms,4,BMS,42.7675202,12.7515343,Rachel Janes
biosystem and agricultural engineering  university of kentucky,4,biosystem and agricultural engineering  university of kentucky,,,Gary Lopez
avnos  inc,4,avnos  inc,,,JR Johnson
new york university tandon school of engineering,4,new york university tandon school of engineering,,,Kiana Bahrami
national science foundation,4,National Science Foundation,6.9049547,79.8701128,Steven Peretti; Jeanne VanBriesen
national laboratory astana  nazarbayev university,4,national laboratory astana  nazarbayev university,,,Munziya Abutalip
national institutes of health,4,National Institutes of Health,39.0000142,-77.1040039,Zack Jarin
national institute of standards and technology center for neutron research,4,national institute of standards and technology center for neutron research,,,Kelsi M. Rehmann
university college cork,4,University College Cork,51.8947384,-8.4903073,Daniel Casaban Padrino
university at buffalo  state university of new york,4,university at buffalo  state university of new york,,,Sriram Neelamegham
universite catholique de louvain,4,Universite Catholique de Louvain,50.84135353333334,4.3945249,Geoffroy Hautier
universiry college london,4,universiry college london,,,Aurora Cavaliere
universidade federal de são carlos,4,Universidade Federal de São Carlos,-21.9834422,-47.8806644,Francisco Murilo Tavares de Luna
universidad industrial de santander,4,Universidad Industrial de Santander,7.1409311,-73.1198652,Giovanni Morales Medina
universidad del atlántico,4,Universidad del Atlántico,25.9764525,-98.0792578,Martin Guerrero
department of chemical engineering  massachusetts institute of technology,4,department of chemical engineering  massachusetts institute of technology,,,Chuangchuang Cao
department of chemical and biomolecular engineering  university of california  irvine,4,department of chemical and biomolecular engineering  university of california  irvine,,,Tharini Siddappa
department of chemical and biomolecular engineering  lehigh university,4,department of chemical and biomolecular engineering  lehigh university,,,Zeyuan Sun; Haoze Ren
department of biochemistry  university of illinois at urbana-champaign,4,department of biochemistry  university of illinois at urbana-champaign,,,Yuwei Pan
rti international,4,rti international,,,Katy Jessop
retired,4,retired,,,David Judbarovski
refinity,4,Refinity,14.5734072,121.0591387,Ignasi Palou Rivera
dastur energy  inc,4,dastur energy  inc,,,Soukarsa Das
univ of ar,4,univ of ar,,,Jackson Black
ulsan national institute of science and technology,4,ulsan national institute of science and technology,,,Changgwon Choe
uin sunan kalijaga yogyakarta,4,UIN sunan kalijaga yogyakarta,-7.7857048,110.3942909,Didik Krisdiyanto
uctm,4,UCTM,42.6587444,23.3571228,Chavdar Chilev
ucsd  nanoengineering department,4,ucsd  nanoengineering department,,,Kaibiao Wang
uconn,4,uconn,,,Venkatraman Nagarajan
samsung electronics,4,samsung electronics,,,Dong-Wook Kim
forest products laboratory,4,forest products laboratory,,,Qiangu Yan
university of vermont,4,University of vermont,44.4737365,-73.1941468,Omid Sedighi; Monireh Dehabadi
university of the witwatersrand,4,University of the Witwatersrand,-26.1888766,28.0247912,Neil Stacey
university of texas rio grande valley,4,University of Texas Rio Grande Valley,26.3071534,-98.1728187,Jikai Zhao
university of tennessee-oak ridge innovation institute,4,university of tennessee-oak ridge innovation institute,,,Dwaipayan Dasgupta
university of tennessee-knoxville,4,university of tennessee-knoxville,,,Yunxuan Wang
iitb,4,iitb,,,Madhulika Narayan
iit-jammu,4,iit-jammu,,,Monika Kumari
iit roorkee,4,iit roorkee,,,Rajeev Ranjan
iit mumbai,4,iit mumbai,,,Venkata Subrahmanyam Nistala
iff,4,IFF,-29.6934704,-53.7929766,Jin Zhao
human-centered sensing laboratory  eth zurich,4,human-centered sensing laboratory  eth zurich,,,Andreas Güntner
florida agricultural and mechanical university,4,florida agricultural and mechanical university,,,Simeon Newman
figure 8 environmental,4,figure 8 environmental,,,Ken Tasaki
federal university of agriculture,4,federal university of agriculture,,,Enock Dare
fda,4,FDA,6.0819016,-8.1441751,Kanny Wan; Huiquan Wu
fau erlangen-nürnberg,4,FAU Erlangen-Nürnberg,49.6015012,11.0176956,Pierre Cautaerts
saint louis university main campus - parks college of engineering  aviation and technology,4,saint louis university main campus - parks college of engineering  aviation and technology,,,Kevin Noonan; Danahe Marmolejo
shaoguan university,4,shaoguan university,,,Weidong Lu
schrödinger  inc,4,schrödinger  inc,,,Andrea Browning
school of chemical and biomolecular engineering  georgia institute of technology,4,school of chemical and biomolecular engineering  georgia institute of technology,,,Jacob Sweet
schlumberger  genvia,4,schlumberger  genvia,,,Nurlan Azizli
tuskegee university,4,Tuskegee University,32.4301095,-85.7067335,Shahryar Jafarinejad
tu graz,4,tu graz,,,Lukas Maier; Michael Mitterlindner
tu dortmund university,4,TU Dortmund University,51.4914844,7.4122739,Gabriele Sadowski
tsinghua university  p r china,4,tsinghua university  p r china,,,Shuairen Qian; Ruiqi Du
tokyo university of agriculture and technology,4,Tokyo University of Agriculture and Technology,35.699409,139.5184397,Tetsuya Wada
tianjin university,4,Tianjin University,39.1072533,117.1778919,Xiaohua Ma; Michael Guiver
sintef industry,4,sintef industry,,,Shreenath Krishnamurthy
siemens,4,Siemens,45.7918775,24.0933759,Arman Raoufi
dr  vishwanath karad mit world peace university,4,dr  vishwanath karad mit world peace university,,,Shravani Gajendragad; Vivek Chakraborty
uppsala university,4,Uppsala University,59.8576363,17.6294616,Alexandra Teleki
uofa,4,uofa,,,Shang Jiang
université de sherbrooke,4,Université de Sherbrooke,45.374731,-71.9303566,Esma Ines Achouri; Nicolas Abatzoglou
asu,4,asu,,,Jared Nettles
arkansas state university,4,Arkansas State University,35.8447472,-90.6726256,Jianfeng Xu
mstar cfd,4,mstar cfd,,,Eric E. Janz
montana state university-northern,4,Montana State University-Northern,48.5412308,-109.6853331,Emmanuel U. Osuagwu
ming chi university of technology,4,ming chi university of technology,,,Chao-Lin Liu
mid-atlantic technology  research and innovation center,4,mid-atlantic technology  research and innovation center,,,John Dever
mic monitor  llc,4,mic monitor  llc,,,Chelsea Monty-Bromer
merck,4,Merck,36.935832,140.8428371,Hong Wei
arba minch university,4,Arba Minch University,6.0659447,37.5600365,Haftu Alemayehu
aramco americas,4,aramco americas,,,John Yang
donald danforth plant science center,4,donald danforth plant science center,,,Kong Wong
doe netl,4,doe netl,,,Ping Wang
division of energy and environment technology  kist school  university of science and technology,4,division of energy and environment technology  kist school  university of science and technology,,,Nurul Fuadi Pratiwi Sulaiman
the university of trinidad and tobago o meara camp,4,the university of trinidad and tobago o meara camp,,,Festus Addo-Yobo
the university of queensland  australia,4,the university of queensland  australia,,,Deepti Mishra
the university of manchester,4,The University of Manchester,51.5723682,-1.3114537,Mohammed Alsubeihi
the hong kong polytechnic university,4,the hong kong polytechnic university,,,JIanyu Guan; Shao-Yuan Leu
the cooper union,4,the cooper union,,,Jared Sealy; Isha Dave
"the chinese university of hong kong, shenzhen",4,"The Chinese University of Hong Kong, Shenzhen",22.6910685,114.207366,Qi Zhang
ege university,4,Ege University,38.4556928,27.2281857,Meltem Turan
ewha womens university,4,ewha womens university,,,Yewon Kim
evonik nutrition and care gmbh,4,evonik nutrition and care gmbh,,,Owen P. Jappen
epixc,4,epixc,,,Michael Baldea
engineers india limited,4,engineers india limited,,,Sirshendu Guha
sub-zero group  inc,4,sub-zero group  inc,,,Anderson Bortoletto
state university of new york at buffalo,4,state university of new york at buffalo,,,Justin Bassett
st josephs college of engineering,4,st josephs college of engineering,,,Swetha .
ssl,4,SSL,38.95224,-7.67603,Howard Stamato
suny esf,4,suny esf,,,Shijie Liu; Antonio Franco Aguado
suny   buffalo,4,suny   buffalo,,,Amit Goyal
exactmer limited,4,exactmer limited,,,Zhiwei Jiang
yonsei university,4,yonsei university,,,Yongmin Lee; Byungchan Han
m-star simulations,4,m-star simulations,,,John Thomas
institute of zhejiang university-quzhou,4,institute of zhejiang university-quzhou,,,Zheng Yang; Jintang Duan
institute of chemical technology mumbai,4,Institute of Chemical Technology Mumbai,19.0239129,72.8587665,Aniruddha Kulkarni
institute for the development of energy for african sustainability,4,institute for the development of energy for african sustainability,,,Joshua Gorimbo
warsaw university of technology,4,Warsaw University of Technology,52.2297165,21.0127888,Sabina Wilkanowicz
ansys,4,ansys,,,Hossam Metwally; Luke Munholand
andrews university,4,Andrews University,41.9696627,-86.3633155,Hyun Kwon
indian institute of technology bhu varanasi,4,Indian Institute of Technology (BHU) Varanasi,25.2621544,82.9925896,Madhumita Priyadarsini
indian   institute of science education and research  bhopal,4,indian   institute of science education and research  bhopal,,,Mahesh Manikantan Sandhya
imperial college london  south kensington,4,imperial college london  south kensington,,,Eleni Chatzilakou
us army engineer research and development center,4,us army engineer research and development center,,,Jesse Roberts
e2h2nano  llc,4,e2h2nano  llc,,,Shoujie Ren
laboratório associado para a sustentabilidade e tecnologia em regiões de montanha   instituto politécnico de bragança  campus de santa apolónia  5300-253,4,laboratório associado para a sustentabilidade e tecnologia em regiões de montanha   instituto politécnico de bragança  campus de santa apolónia  5300-253,,,Adriano Henrique
kyushu university,4,Kyushu University,33.6707768,130.4444986,Masahiro Goto
kyungpook national university,4,Kyungpook National University,35.8905697,128.6108553,Hyungseok Nam
krict,4,krict,,,Jinju Lee
iso iec joint technical committee - quantum technologies,4,iso iec joint technical committee - quantum technologies,,,Austin Lin
international institute for nanotechnology,4,international institute for nanotechnology,,,Jin Huang
terasaki institute,4,terasaki institute,,,Alireza Hassani Najafabadi
tecnologico nacional de mexico campus aguascalientes,4,tecnologico nacional de mexico campus aguascalientes,,,Sinue Arnulfo Tovar-Ortiz
aarhus university,2,Aarhus University,56.1670905,10.2026177,Raffaele Cheula
advanced cooling technologies  inc,2,advanced cooling technologies  inc,,,Robin Pham
worldwide research and development  pfizer inc,2,worldwide research and development  pfizer inc,,,Marta Moreno Benito
worldwide research and development  pfizer products india pvt ltd,2,worldwide research and development  pfizer products india pvt ltd,,,Pankaj Doshi
xian jiaotong university,2,Xi'an Jiaotong University,34.249322799999995,108.98010896666666,Menglin Liu
yamaguchi university,2,yamaguchi university,,,Kenichiro Tanoue
alexandria university and egyptian russian university,2,alexandria university and egyptian russian university,,,E. Khamis
alice - associate laboratory in chemical engineering  faculty of engineering  university of porto,2,alice - associate laboratory in chemical engineering  faculty of engineering  university of porto,,,Paulo Carmo
inga group,2,Inga Group,-4.3516961,15.2829802,Juan Inga
indian institute of technology kharagpur kharagpur,2,indian institute of technology kharagpur kharagpur,,,Puspendu Sardar
indian institute of technology guwahati,2,Indian Institute of Technology Guwahati,26.1924787,91.6946357,Janaki Komandur
independent consultant,2,Independent Consultant,-34.4437431,147.5365095,Xiangwei Liu
mcgill university,2,McGill University,45.506875,-73.5790704,Christopher Moraes
maynooth university,2,Maynooth University,53.3846374,-6.6030523,Rupa Kasturi Palanisamy
max-planck-institute for dynamics of complex technical systems,2,max-planck-institute for dynamics of complex technical systems,,,Ju Weon Lee
max planck institute for dynamics of complex technical system,2,max planck institute for dynamics of complex technical system,,,Serena Guzzo
matrix sensors  inc,2,matrix sensors  inc,,,Jessica Moreton
yantai university,2,Yantai University,37.4335887,121.5165087,Yupeng Du
us doe national energy technology laboratory,2,us doe national energy technology laboratory,,,Ali Sekizkardes
université de lorraine,2,université de lorraine,,,Maria Cares
université claude bernard lyon i,2,université claude bernard lyon i,,,Melaz Tayakout-Fayolle
university of wisconsin-milwaukee,2,University of Wisconsin-Milwaukee,43.0742429,-87.8896416,Junjie Niu
armi biofab usa,2,armi biofab usa,,,Jennifer Macdonald
arish university and egyptian russian university,2,arish university and egyptian russian university,,,Ahmed Mahmoud
taiyo nippon sanso corporation,2,taiyo nippon sanso corporation,,,Kazutoshi Ishizaki
syntegon technology gmbh,2,Syntegon Technology GmbH,48.823336,9.2939815,Thomas Brinz
swinburne univ of technology,2,swinburne univ of technology,,,Richard Sadus
sutro biopharma,2,sutro biopharma,,,Vikas Patil
suncat center for interface science and catalysis  slac national accelerator laboratory,2,suncat center for interface science and catalysis  slac national accelerator laboratory,,,Michael Tang
exxonmobil technology and engineering,2,exxonmobil technology and engineering,,,Peter Ravikovitch
exxonmobil chemical company,2,exxonmobil chemical company,,,Andrea Wight
exxon mobil research and engineering,2,exxon mobil research and engineering,,,Jason McMullan
easyxafs,2,easyxafs,,,Paul Aronstein
laboratoire réactions et génie des procédés  université de lorraine  cnrs,2,laboratoire réactions et génie des procédés  université de lorraine  cnrs,,,Alex Lemarinel
kyoto institute of technology,2,Kyoto Institute of Technology,35.00920706666667,135.77106473333333,Yoichi Kumada
kumamoto university,2,Kumamoto University,32.8164178,130.7270397,Armando Quitain
koreatech,2,KOREATECH,36.7635507,127.281751,Taeyong Kim
israel institute of technology technion,2,israel institute of technology technion,,,Friederike Jentoft
international maritime college oman,2,international maritime college oman,,,Jimoh Adewole
international flavors and fragrances,2,International Flavors & Fragrances,40.4630253,-88.3841974,Keisha Wilson McDowell
digital medicines manufacturing  loughborough university,2,digital medicines manufacturing  loughborough university,,,Jiaxu Liu
the university of texas at san antonio,2,the university of texas at san antonio,,,Pearl Martisek
the university of texas at el paso,2,The University of Texas at El Paso,31.7757047,-106.5062875,Zachary Chanoi
the chemours company,2,the chemours company,,,Christian Jungong
engineering science,2,engineering science,,,Yihao Huang
energy and environmental research center,2,energy and environmental research center,,,Zahra Finnigan
embry-riddle aeronautical university,2,embry-riddle aeronautical university,,,Marwa El-Sayed
eindhoven university of technology,2,Eindhoven University of Technology,51.4486602,5.4903996,Maxime Van der Heijden
evonik corporation,2,Evonik Corporation,39.5447547,-76.0986196,Ryan Morrison
escola politécnica da universidade de são paulo,2,escola politécnica da universidade de são paulo,,,Heloisa Bortolini
strategic analysis  inc,2,strategic analysis  inc,,,Yaset Acevedo
stockholm university,2,Stockholm University,59.3398917,18.03275263333333,Maja-Stina Svanberg Frisinger
state university of new york environmental science,2,State University of New York Environmental Science,43.03120034,-76.1321552,Jiae Ryu
state univ of new york-buffalo,2,state univ of new york-buffalo,,,Paschalis Alexandridis
spx flow mixing solutions,2,spx flow mixing solutions,,,Richard Cope
spx flow,2,SPX FLOW,-23.6716178,-46.5565992,Sarah Lanzafame
southern arkansas university,2,Southern Arkansas University,33.2898495,-93.2360008,Abbas Azarpour
south asian university,2,south asian university,,,Akanksha Jain
soochow university,2,soochow university,,,Jie Xiao
soka university of america,2,Soka University of America,33.5546752,-117.7347405,Junichi Ida
software for chemistry and materials,2,software for chemistry and materials,,,Nestor Aguirre
snapdragon chemistry-cambrex,2,snapdragon chemistry-cambrex,,,Jillian Sheeran
snapdragon chemistry inc,2,snapdragon chemistry inc,,,Ali Hasan
sinopec research institute of petroleum processing,2,sinopec research institute of petroleum processing,,,Wenming Liu
sinopec,2,SINOPEC,-0.3476216,-77.0107652,Xiaoqiao Zhang
singapore university of technology and design,2,singapore university of technology and design,,,Mei Chee Tan
siddaganga institute of technology,2,Siddaganga Institute of Technology,13.3285139,77.1265772,Kang Zhou
dr vishwanath karad mit world peace university,2,dr vishwanath karad mit world peace university,,,Ruchi Mathad
dps group global,2,dps group global,,,Jeffrey Heil
doe ne,2,doe ne,,,James L. Willit
doe great lakes bioenergy research center  university of wisconsin-madison,2,doe great lakes bioenergy research center  university of wisconsin-madison,,,Christos Maravelias
dlr,2,DLR,33.80123545,-117.88532445,Hasan Mashni
salvador garcia munoz eli lilly and company,2,salvador garcia munoz eli lilly and company,,,Salvador García-Muñoz
shell international eandp,2,shell international eandp,,,Kuochen Tsai
serán bioscience,2,serán bioscience,,,Ryan Mowry
science history institute,2,science history institute,,,Roger Turner
schrödinger,2,Schrödinger,1.35336195,103.9273249,Alex Chew
school of chemical engineering  dalian university of technology,2,school of chemical engineering  dalian university of technology,,,Shiya Gu
school of chemical and biomolecular engineering,2,school of chemical and biomolecular engineering,,,Javaz Rolle
saudi aramco oil company,2,saudi aramco oil company,,,Qi Xu
u s  army engineer research and development center,2,u s  army engineer research and development center,,,Audie Thompson
tunghai university,2,Tunghai University,24.1788982,120.6045034,Jo-Shu Chang
tu delft,2,TU Delft,52.016043475,4.358393925,Gabriel Meesters
totalenergies cstjf,2,totalenergies cstjf,,,Lingfei Xu
the webb schools,2,the webb schools,,,Ruotong Gao
drury university,2,drury university,,,Briella Riley
spartan controls ltd,2,spartan controls ltd,,,Abhinav Garg
southwest university,2,Southwest University,29.8232371,106.4195884,Xiang Zou
rollins college,2,rollins college,,,Michael Webb
rice,2,rice,,,Sam Nance
rescale,2,rescale,,,Tara Madhyastha
remora carbon,2,remora carbon,,,Kasturi Nagesh Pai
universidad autónoma metropolitana unidad iztapalapa,2,universidad autónoma metropolitana unidad iztapalapa,,,Gabriel Contreras-Zarazúa
unal-med student chapter in colombia,2,unal-med student chapter in colombia,,,Aura Ramirez
umass amherst,2,umass amherst,,,Henning Winter
ucr,2,ucr,,,Xiaoyang Zhao
ucl,2,ucl,,,Peyman Z. Moghadam
u.s. army,2,U.S. Army,40.6009249,-74.0599166,Alexa Lynch
u s dept  of energy,2,u s dept  of energy,,,William Aljoe
sandp global,2,sandp global,,,Tianyu Chen
fau,2,FAU,26.3743445,-80.1027236,Alexander Ditter
facultad de química,2,facultad de química,,,David Posadas Navarro
"faculdade de engenharia, universidade do porto",2,"Faculdade de Engenharia, Universidade do Porto",41.1784933,-8.5961974,Diogo Rodrigues
samsung advanced institute of technology,2,samsung advanced institute of technology,,,Su Keun Kuk
universidad nacional mayor de san marcos,2,universidad nacional mayor de san marcos,,,Claudia N. Sierra Huallpayunca
universidad nacional de ingeniería,2,universidad nacional de ingeniería,,,Gustavo Perez
universidad nacional de colombia   sede medellín  facultad de minas,2,universidad nacional de colombia   sede medellín  facultad de minas,,,Luis F. Vallejo-Molina
department of chemical engineering tsinghua university,2,department of chemical engineering tsinghua university,,,Cui Shitong
department of chemical engineering  university of michigan,2,department of chemical engineering  university of michigan,,,Eranda Nikolla
department of chemical engineering  university of california-santa barbara,2,department of chemical engineering  university of california-santa barbara,,,Matthew Helgeson
department of chemical engineering  texas aandm university at qatar p  o  box 23874,2,department of chemical engineering  texas aandm university at qatar p  o  box 23874,,,Konstantinos E. Kakosimos
department of chemical and biomolecular engineering  university of delaware  newark,2,department of chemical and biomolecular engineering  university of delaware  newark,,,Tristan Myers
department of chemical and biomolecular engineering  new york university tandon school of engineering  brooklyn  new york  11201  usa,2,department of chemical and biomolecular engineering  new york university tandon school of engineering  brooklyn  new york  11201  usa,,,Dustin Britton
david a  rockstraw  ph  d   p  e   inc,2,david a  rockstraw  ph  d   p  e   inc,,,David Rockstraw
s p college,2,s p college,,,Siddhi Manjarekar
rutgers  the state university of nj,2,rutgers  the state university of nj,,,Diane Hildebrandt
rutgers  the state university of new jersey- new brunswick,2,rutgers  the state university of new jersey- new brunswick,,,Ali Ahmad
ruhr-university bochum,2,Ruhr-University Bochum,51.4441576,7.2609654,Philip Biessey
rowan-virtua school of translational biomedical engineering and sciences,2,rowan-virtua school of translational biomedical engineering and sciences,,,Camila Vardar
rose-hulman institute of technology,2,rose-hulman institute of technology,,,Andrew Sander
rcpe gmbh,2,rcpe gmbh,,,Johan Remmelgas
rapid manufacturing institute,2,rapid manufacturing institute,,,Patricia Gillenwater
rajiv gandhi institute of petroleum technology,2,rajiv gandhi institute of petroleum technology,,,Aditya Kashyap
queensland university of technology,2,queensland university of technology,,,Andreia Abadia Borges Carneiro
qatar environment and energy research institute  hamad bin khalifa university  qatar foundation  p o  box 34110,2,qatar environment and energy research institute  hamad bin khalifa university  qatar foundation  p o  box 34110,,,Ahmed Abotaleb
qatar environment and energy research institute,2,qatar environment and energy research institute,,,Mosab Subeh
purdue university institute of cancer research,2,purdue university institute of cancer research,,,Sung-Ho Shin
psu,2,psu,,,Aylin Mohammadzadehmarandi
prony resources new caledonia  usine du grand sud route de kwa neie  prony bp 218,2,prony resources new caledonia  usine du grand sud route de kwa neie  prony bp 218,,,Okechukwu Dickson
procter and gamble co.,2,Procter and Gamble Co.,41.5966797,-76.0207527,Victor Wu
process systems engineering   rwth aachen university,2,process systems engineering   rwth aachen university,,,Jan Pyschik
google,2,google,,,Utkarsh Shah
global manufacturing engineer iff,2,global manufacturing engineer iff,,,Erik Gommeren
colorado school of mines - cbe,2,colorado school of mines - cbe,,,Kevin Cash
universite de toulouse,2,universite de toulouse,,,Micheline Abbas
universite de pau et des pays de l adour  e2s uppa  latep,2,universite de pau et des pays de l adour  e2s uppa  latep,,,Alix Untrau
georgetown university,2,georgetown university,,,Lucas Hildebrand Pires da Cunha
genetic engineering and biotechnology research division  national research centre,2,genetic engineering and biotechnology research division  national research centre,,,Shimaa R. Hamed
freeman technology,2,Freeman Technology,40.5206252,-111.9448791,Amalia Thomas
forge nano,2,forge nano,,,Brandon Castro
preferred computational chemistry,2,preferred computational chemistry,,,Taku Watanabe
posgrado en ciencias bioquímicas  unam,2,posgrado en ciencias bioquímicas  unam,,,Fernando Montalvo-Sandoval
pontificia universidad catolica de chile,2,Pontificia Universidad Catolica de Chile,-33.4517715,-70.6185639,Enrique Munoz
pontifical catholic university of rio grande do sul,2,pontifical catholic university of rio grande do sul,,,Leonardo Barbosa Martins
cooper union for the advancement of science and art,2,cooper union for the advancement of science and art,,,Rachel Lee
intec,2,intec,,,Diego Cafaro
instituto polite cnico nacional,2,instituto polite cnico nacional,,,Cristofher A. Arroyo-Hernández
korea institute of science and technology  korea university,2,korea institute of science and technology  korea university,,,Sang Soo Han
king mongkuts institute of technology ladkrabang,2,King Mongkut's Institute of Technology Ladkrabang,13.7299068,100.7829827,Bunyarit Meksiriporn
karolinska institutet,2,karolinska institutet,,,Georgios A. Sotiriou
continuus pharmaceuticals,2,continuus pharmaceuticals,,,Wei Wu
reaction engineering international,2,reaction engineering international,,,Zhonghua Zhan
pfizer  inc,2,pfizer  inc,,,Sheetal Pai-Wechsung
pd2m,2,pd2m,,,Dana Alhasson
paul scherrer institute,2,Paul Scherrer Institute,47.5358954,8.222218,Man Guo
particulate solid research  inc,2,particulate solid research  inc,,,Allan Issangya
particles in motion,2,particles in motion,,,Ray Cocco
harvey mudd college,2,harvey mudd college,,,Ananya Venkatachalam
harris lab at purdue university,2,harris lab at purdue university,,,Jad Khansa
citrine informatics,2,citrine informatics,,,Mark Sullivan
chevron technical center,2,chevron technical center,,,Hariprasad J. Subramani
chevron research,2,Chevron Research,30.4619848,-97.7934639,Elizabeth Jensen
university of cantabria,2,University of Cantabria,43.4714973,-3.8018803,Sudip Chakraborty
curtin university,2,curtin university,,,Arash Arami-Niya
csir - indian institute of chemical technology,2,csir - indian institute of chemical technology,,,Venugopal Akula
corporate research and development  sabic,2,corporate research and development  sabic,,,Abdulrahman Alzailaie
corning incorporated,2,corning incorporated,,,Sandeep Viswanathan
georgia southern university,2,Georgia Southern University,32.4214381,-81.7845053,Sidong Lei
center for structural molecular biology  oak ridge national laboratory,2,center for structural molecular biology  oak ridge national laboratory,,,Sai Venkatesh Pingali
center for environmentally beneficial catalysis,2,center for environmentally beneficial catalysis,,,Nigel Twi-Yeboah
celanese,2,Celanese,34.2834261,-85.1607836,Adam Gottlieb
ccny grove school of engineering,2,ccny grove school of engineering,,,Sistine Angela Padon
university of leeds,2,University of Leeds,53.8057925,-1.555111,Andrew Bayly
university of hawaii,2,University of Hawaii,21.3320662,-157.9218882,Garrett Roell
university of fribourg,2,University of Fribourg,46.793058,7.157106,Marco Lattuada
university of florida student chapter,2,university of florida student chapter,,,Flynn Baliton
university of copenhagen,2,University of Copenhagen,55.6801502,12.572327,Satyasaran Changdar
coanda research and development corporation,2,coanda research and development corporation,,,Clara Gomez
climeworks,2,climeworks,,,Aaron Moran
clariant,2,clariant,,,Teerawit Prasomsri
pluspetrol,2,pluspetrol,,,Ramiro Canchucaja
plug power inc,2,plug power inc,,,Fan Yang
phosphorus wastewater treatment project,2,phosphorus wastewater treatment project,,,Ria Patel
pfizer worldwide research and development  445 eastern point road  groton  connecticut 06340  usa,2,pfizer worldwide research and development  445 eastern point road  groton  connecticut 06340  usa,,,Kakasaheb Nandiwale
novo nordisk,2,novo nordisk,,,Ethan Eschbach
gyeongsang national university,2,gyeongsang national university,,,Hiluf Tekle Fissaha
guangzhou institute of energy conversion  chinese academy of sciences,2,guangzhou institute of energy conversion  chinese academy of sciences,,,Xinshu Zhuang
guangzhou institute of energy conversion,2,guangzhou institute of energy conversion,,,Yuhe Liao
institute for sustainability and circular economy  texas tech university,2,institute for sustainability and circular economy  texas tech university,,,Alamgir M Haque
institute for chemical technology and polymer chemistry  karlsruhe institute of technology,2,institute for chemical technology and polymer chemistry  karlsruhe institute of technology,,,Daniel Hodonj
institute for carbon management,2,institute for carbon management,,,Gaurav Sant
ingredion incorporated,2,ingredion incorporated,,,Karsten Keller
m-star cfd,2,m-star cfd,,,Eric E. Janz
lund university,2,Lund University,55.7126504,13.2107587,Frederik Ossler
lbnl,2,lbnl,,,Donald DePaolo
butler university,2,butler university,,,Shea Bailey
chemical and biomolecular engineering  university of delaware,2,chemical and biomolecular engineering  university of delaware,,,Charlotte Gottilla
chapman university,2,chapman university,,,E. Daniel Cárdenas-Vásquez
central south university,2,central south university,,,Ge Li
center for synthetic biology,2,center for synthetic biology,,,Margaret Guilarte-Silva
noaa pmel,2,noaa pmel,,,Cheryl Reuben
nl chemical technology  inc,2,nl chemical technology  inc,,,Norman Li
ningbo tech university,2,ningbo tech university,,,Congjing Ren
honeywell uop,2,honeywell uop,,,Rajasi Shukre
hiroshima university at japan,2,hiroshima university at japan,,,Yukihiko Matsumura
university of natural resources and life sciences,2,university of natural resources and life sciences,,,Tobias Pröll
university of missouri - columbia,2,university of missouri - columbia,,,Emma McDougal
carnegie mellon univeristy,2,carnegie mellon univeristy,,,Arsh Bhatia
canmetenergy,2,canmetenergy,,,Tingyong Xing
california inst of technology,2,california inst of technology,,,John Brady
california baptist university,2,california baptist university,,,Priscilla Lee
c-sops  department of chemical and biochemical engineering  rutgers  the state university of new jersey,2,c-sops  department of chemical and biochemical engineering  rutgers  the state university of new jersey,,,James Scicolone
pacific northwest national laboratory  richland  wa,2,pacific northwest national laboratory  richland  wa,,,Gregg Lumetta
ornl,2,ORNL,36.0151754,-84.2484495,Alexis Williams
oli systems inc,2,oli systems inc,,,Yifan Hao
oli systems  inc,2,oli systems  inc,,,David Miller
nexight group,2,nexight group,,,Jack Tinsley
new york university  tandon school of engineering,2,new york university  tandon school of engineering,,,Dharik Mallapragada
ncsu,2,ncsu,,,Negin Orouji
nc state,2,nc state,,,Riley Basinger
natural resources canada  canmetenergy,2,natural resources canada  canmetenergy,,,Hamid Radfarnia
national university of technology,2,National University of Technology,33.6632271,73.0065016,Lei Wang
national tsing hua university,2,national tsing hua university,,,Yu-Chen Hu
national institute of advanced industrial science and technology,2,national institute of advanced industrial science and technology,,,Thuy Nguyen
university of queensland,2,University of Queensland,-27.5087934,153.02560985,Byron Villacorta
university of puerto rico medical science campus,2,university of puerto rico medical science campus,,,Torsten Stelzer
university of patras,2,University of Patras,38.2869279,21.7851062,Sophia Minadaki
brimstone energy,2,brimstone energy,,,Joshua W. Allen
braskem america,2,Braskem America,29.7077186,-95.0784345,Rajarshi Bandyopadhyay
borsodchem ltd,2,borsodchem ltd,,,Benjámin Csorba
bogazici university,2,Bogazici University,41.0832733,29.0505009,Betul Uralcan
north carolina agricultural and technical state university,2,North Carolina Agricultural & Technical State University,36.071873825,-79.773697625,Jonathan Appiah
national fuel cell research center,2,national fuel cell research center,,,Iryna Zenyuk
national energy technology laboratory netl support contractor,2,national energy technology laboratory netl support contractor,,,Daejin Kim
iith,2,iith,,,Akshay Tikoo
iit ism dhanbad,2,IIT (ISM) Dhanbad,23.8148779,86.4425786,Ashok Das
ials consulting,2,ials consulting,,,Irene Legiec
hovione farmaciência sa,2,hovione farmaciência sa,,,Rodrigo Neto
national chemical laboratory,2,National Chemical Laboratory,18.5414362,73.8107557,Muzammilanwar Khan
university of southern maine,2,University of Southern Maine,43.6832708,-70.4496829,Scott Eaton
university of science and technology of china,2,University of Science and Technology of China,31.8234166,117.2758194,Wuhuan Li
university of science and technology,2,University of Science and Technology,15.3705392,44.1750664,Kang-Seok Go
bits pilani k k birla goa campus,2,bits pilani k k birla goa campus,,,Sundari Ramji
"bit mesra, ranchi - 835215",2,"BIT Mesra, Ranchi - 835215",23.4175695,85.4394094,Dr. Aniruddha Deb
biofine technology llc,2,biofine technology llc,,,Stephen Fitzpatrick
battelle memorial institute,2,battelle memorial institute,,,Jared Hawkins
barnard college,2,barnard college,,,Megan Jen
badr university in cairo,2,badr university in cairo,,,Mohamed Mostafa
ardent process technologies,2,ardent process technologies,,,Robert DeJaco
nasa glenn research center,2,NASA Glenn Research Center,41.4110836,-81.8692711,Jason Hartwig
nasa ames research center - kbr  inc,2,nasa ames research center - kbr  inc,,,Ashwin Ravichandran
mohammed vi polytechnic university,2,mohammed vi polytechnic university,,,Youssef Belmabkhout
mit energy initiative  massachusetts institute of technology,2,mit energy initiative  massachusetts institute of technology,,,Jun Wen Law
mit energy initiative,2,mit energy initiative,,,Christopher Douglas
milliporesigma,2,milliporesigma,,,Ettigounder Ponnusamy
micromeritics instrument corp,2,micromeritics instrument corp,,,Julian Hungerford
merck sharp and dohme,2,Merck Sharp & Dohme,44.8116348,20.3982426,Yingzhen Ma
meltprep,2,meltprep,,,Daniel Treffer
anton paar gmbh,2,anton paar gmbh,,,Denis Schütz
university of wisconsin,2,University of Wisconsin,44.7987719,-91.5069963,Mai Ngo
university of utah  assistant professor,2,university of utah  assistant professor,,,Kerry Kelly
university of twente,2,university of twente,,,Natalia Cano
university of tennessee oak ridge national lab,2,university of tennessee oak ridge national lab,,,Thomas Zawodzinski
university of são paulo,2,University of São Paulo,-23.550206033333332,-46.70192036666666,Patience Bello Shamaki
altair engineering,2,Altair Engineering,42.562319,-83.1116915,Stefan Pantaleev
accenture,2,accenture,,,Aonullahi Adebayo
usda-ars,2,usda-ars,,,Yaseen Elkasabi
johnson matthey,2,Johnson Matthey,53.0436493,-2.1973036,Jack I'Anson
johns hopkins university school of medicine,2,johns hopkins university school of medicine,,,Honggang Cui
jhu,2,jhu,,,Sangmoo Jeong
école normale superieure de lyon,2,École Normale Superieure de Lyon,45.7297811,4.8265819,Sarit Dutta
massachusets institute of technology,2,massachusets institute of technology,,,Shashank Venkat Muddu
manchester university,2,Manchester University,41.0117756,-85.7600095,Abdulfatai Faro
institute of sustainability for chemicals  energy and environment,2,institute of sustainability for chemicals  energy and environment,,,Lili Zhang
institute of separation science and technology  friedrich-alexander-university erlangen-nürnberg,2,institute of separation science and technology  friedrich-alexander-university erlangen-nürnberg,,,Carola Schlumberger
institute of biotechnology and genetic engineering  chulalongkorn university,2,institute of biotechnology and genetic engineering  chulalongkorn university,,,Sitanan Thitiprasert
wageningen university and research,2,wageningen university and research,,,Ahmed Jarray
vtt technical research centre of finland,2,VTT Technical Research Centre of Finland,61.446334,23.8612472,Arpa Ghosh
anton paar,2,Anton Paar,48.7144847,9.2415921,Abhishek Shetty
mdn,2,mdn,,,Youcef Serhane
duquesne university,2,Duquesne University,40.44162456666667,-79.96522063333333,Devicka Manickam
texas a and m,2,texas a and m,,,Hesan Elfaki
tennessee technological university,2,tennessee technological university,,,Shafieh Karami
telescope innovations corp,2,telescope innovations corp,,,Junliang Liu
whitehead institute,2,whitehead institute,,,Nicholas Hutchins
western kentucky university,2,Western Kentucky University,36.984529,-86.457647,Asa Ashley
washington and jefferson college,2,Washington & Jefferson College,40.1719209,-80.2413496,Ravneet Kahlon
aix marseille university,2,aix marseille university,,,Isabelle Beurroies
vivodyne  inc,2,vivodyne  inc,,,Jonathan H. Galarraga
visvesvaraya national institute of technology nagpur,2,Visvesvaraya National Institute of Technology Nagpur,21.1260842,79.0497523,Diwakar Shende
varda space industries,2,varda space industries,,,Adrian Radocea
uw-madison,2,uw-madison,,,Mary Schilling
amyris,2,amyris,,,Stanley Herrmann
amirkabir university of technology,2,Amirkabir University of Technology,35.7263664,51.3955131,Mohsen Khorsand
amgen,2,Amgen,23.0726689,72.5941167,Margaret Faul
alterra,2,Alterra,20.573732,-101.2167056,Sheldon Cotts
