mapped,count,label,latitude,longitude,top_authors
massachusetts institute of technology,118,massachusetts institute of technology,,,William Green; Jiale Shi; Jonathan Zheng; Chao-Lun Mai; Gregory Stephanopoulos
georgia institute of technology,99,Georgia Institute of Technology,33.7663996,-84.3986866,Pankaj Rohilla; Ravindra Kane; Akriti Sarswat; Julie Champion; Marta Hatzell
purdue university,85,Purdue University,40.430028,-86.9264211,Sana Khanum; David E. Bernal Neira; Shuaikang Du; Montgomery Laky; Yash Barhate
texas aandm university,85,Texas A&M University,30.6108618,-96.3520606,Shayan Niknezhad; Ahmed Badreldin; Chi-Ho Lee; Yashwanth Arcot; Dinesh Sundaravadivelu Devarajan
university of michigan,80,University of Michigan,42.2942142,-83.7100389,Omolola Eniola-Adefeso; Zhiqiang Shen; Nicholas Kotov; Vallabh Vasudevan; Rebecca Lindsey
university of california los angeles,62,University of California Los Angeles,34.05998905,-118.4310129,Zisheng Zhang; Alaina Levine; Avishek Banerjee; Xintong Yuan; Ning Zhang
north carolina state university,61,North Carolina State University,35.763836575,-78.674785875,Sina Jamalzadegan; Kunran Yang; Abhirup Basu; Michael Bergman; Seyedamin Razavi
northwestern university,61,Northwestern University,42.02743245,-87.66633245,Rong Xia; Subhajyoti Chaudhuri; Filip Formalik; Milad Ahmadi Khoshooei; Geunho Han
the ohio state university,60,The Ohio State University,40.0056802,-83.0286612,Tanay Jawdekar; Venkata Rohit Punyapu; Sudeshna Gun; Shekhar Shinde; Akshay Kudva
stanford university,60,Stanford University,37.41550242,-122.09825894,Dorothy Mantle; Jonathan Fan; Ezgi Erdem; Michael Burroughs; Gang Wan
university of delaware,56,University of Delaware,39.6803338,-75.7530749,LaShanda Korley; Alex Balzer; Ali Kamali; Aida López Ruiz; George Yan
princeton university,54,Princeton University,40.34418525,-74.65905155,Shengli Jiang; Samuel C. Moore; Yiteng Zheng; Yaguang Zhu; Ka-Hei Siu
imperial college london,53,Imperial College London,51.51618432222222,-0.1354536555555555,Shakeel Ramjanee; Andrea Galeazzi; Deniz Etit; Haiting Wang; Paola Alejandra Saenz Cavazos
university of alabama,49,University of Alabama,33.2136006,-87.54399920000002,Atta Ur Razzaq; Feranmi Olowookere; Medha Kasula; Tristan Maxson; Ashish Srivastava
west virginia university,48,West Virginia University,39.6348397,-79.9542095,Stephen Summits; Poulomi Das; Nishant Vinayak Giridhar; Austin Braniff; Vivek Saini
university of houston,46,University of Houston,29.715084,-95.38222913333334,Zhiyin Niu; Dipayan Chakraborty; Kumari Shilpa; Chenfeng Huang; Muhammad Fiji Firdaus
university of colorado boulder,46,University of Colorado Boulder,40.00720174,-105.26747228,Anni Shi; Nathanael Schwindt; Hussain Almajed; Georgios Tseropoulos; Monica Ohnsorg
university of kansas,45,University of Kansas,38.9535052,-95.2630922,Abdulrhman Arishi; Kayla Foley; Andrew Yancey-Jardon; Estephanie Nottar Escobar; Chidambaram Thamaraiselvan
university of texas at austin,43,University of Texas at Austin,30.2851494,-97.7339352,Gabriel Sanoja; Rachel Huang; Mariam Balogun; Woo Je Chang; Ilias Mitrai
carnegie mellon university,42,carnegie mellon university,,,Ignacio Grossmann; Janghoon Ock; Mehul Bapat; Seolhee Cho; Wui Yarn Daphne Chan
iowa state university,42,Iowa State University,42.033054325,-93.62842245,Deep M. Patel; Zahra Ebrahimpourboura; Manish Mosalpuri; Yue Wu; Vy T. Nguyen
auburn university,41,Auburn University,32.5919528,-85.4959775,Q. Peter He; Loyal Murphy; Atefe Alimirzaei; Hyeju Song; Adam Bachmann
university of florida,41,University of Florida,29.6411884,-82.3562296,Omar Boloki; Taofeek Tejuosho; Mohammed Al Otmi; Yinhao Jia; Shengji Zhang
pennsylvania state university,41,Pennsylvania State University,40.8025835,-77.8559383,"Roya Koshani; Joseph Cotruvo, Jr.; Adam Smerigan; Amir Sheikhi; Hee Jeung Oh"
university of minnesota twin cities,40,University of Minnesota Twin Cities,44.98228161428572,-93.1951990857143,Koushik Sampath; Anubhav Sarmah; Jonathan Coote; Seongjoo Jung; Jnana Sai Jagana
university of notre dame,39,University of Notre dame,41.701515725,-86.23799269999999,Daniel Laky; Madelynn Watson; Barnabas Agbodekhe; Alexander Dowling; Tiger Shi
johns hopkins university,38,Johns Hopkins University,39.2890348,-76.6431253111111,Preetika Karnal; Thi Vo; Aira Sarkar; Anastasia Georgiou; Brandon C. Bukowski
university of connecticut,38,University of Connecticut,41.8111114,-72.2483889,Nicole Beauregard; Seulki Han; Amir Shahbazi; Niloofar Zolfigol; Leila Sharifi
tsinghua university,37,Tsinghua university,40.0022905,116.320963,Yuting Wu; Qikun Hu; Qilu Wu; Jingyi Li; Helai Huang
"university of wisconsin-madison, madison",35,"University of Wisconsin-Madison, Madison",43.07970709,-89.43061513,Unni Kurumbail; Victor M. Zavala; Jiayang Wu; Marcel Schreier; Manish Kumar
texas tech university,34,Texas Tech University,33.5937526,-101.8995955,Mahdi Malmali; Fouzia Nowrin; Moein Hajian Z.D.; Stefano Ciannella; Gift Modekwe
university of virginia,33,University of Virginia,38.0410576,-78.5055084,Sugandha Verma; Gary Koenig; Carolyn Shurer; Elliot Brna; Phillip Taylor
university of oklahoma,33,University of Oklahoma,35.1959878,-97.4457083,Laura Alejandra Gomez Gomez; Jacob Crouch; Hesham Aboukeila; Sarah Onyembe; Mostafa Tabatabaei
columbia university in the city of new york,32,Columbia University in the City of New York,40.77400249166666,-73.95921585,Maninderjeet Singh; Soyoung Choi; Zihang Su; Amanda Whai Shin Ooi; Naz Pinar Taskiran
harvard university,31,Harvard University,42.364657,-71.11147818571428,Kimberly Bowal; Friedrich Stricker; Junzhe Lou; Thomas Y. George; Vinny Chandran Suja
university of california san diego,30,University of California San Diego,32.87783769999999,-117.22710246666666,Benjamin Lam; Jacob Schimelman; Tamoghna Saha; Granton Jindal; Adam Feist
trine university,29,Trine University,41.6311141,-85.0105982,Sarah Adaryan; Haotian Wang; Thiago Jose Pinheiro Dos Santos; Tae-Ung Wi; Yunke Liu
pacific northwest national laboratory,28,Pacific Northwest National Laboratory,46.34770818,-119.27561190000002,Suman Samantray; Shuang Xu; Jian Liu; Satish Nune; Baraa Werghi
national university of singapore,28,National University of Singapore,1.2966282999999998,103.77749186,Chi-Hwa Wang; Wenlong Wang; Andrew Wong; Vikas Dhamu; Xiaoyu Wu
cornell university,28,Cornell University,42.4529076,-76.4800842,Ruoxin Li; Shaoyi Jiang; Erica Wagner; Manish Kumar Das; Xin Wang
indian institute of technology bombay,28,Indian Institute of Technology Bombay,19.1326186,72.9149702,Hrishi Singh; Lokesh Venkatesh Babu; Rahul Yadav; Vidhya Vijaykumar; Puneet Koli
university of california berkeley,27,University of California Berkeley,37.8671453125,-122.243397875,Shoichi Nishitani; Yifeng Shi; Natsumi Komatsu; Hao Yu; Nathanael Gardner
"university of pittsburgh, johnstown",26,"University of Pittsburgh, Johnstown",40.2667709,-78.8278635,Priyanka Bholanath Shukla; Yihan Song; Siddarth Achar; Aaditya Hari Bharanidharan; Remsha Rafiq
university of kentucky,26,University of Kentucky,38.0266291,-84.5047222,Pranto Paul; Jamie Ahmed; Angela Gutierrez; Stephen Rankin; Maria Victoria Ximenes Klaus
university of alberta,26,University of Alberta,53.52682000000001,-113.5244937,Shu-Bo Yang; Lu Zhang; Gwyneth Liske; Minjunshi Xie; Lian Duan
arizona state university,26,Arizona State University,33.422653833333335,-111.96481396666668,Dharneedar Ravichandran; Lindsey Hamblin; Steven Wilson; Daniel Rivera; Jayni Hashimoto
florida institute of technology,25,Florida Institute of Technology,28.064271,-80.623004,Tridip Das; Evan Miu; Yan Zhang; Swarna Saha; Laura Fronchetti Guidugli
national renewable energy laboratory,25,National Renewable Energy Laboratory,39.740915175,-105.183859375,Chae Jeong-Potter; Jeiwan Tan; Debjit Ghoshal; Daniyal Kiani; Arpit Bhatt
university of chicago,25,university of chicago,,,Andrew Ferguson; Ritesh Kumar; Christopher Arges; Joan Montes de Oca; Antonio Tavera-Vazquez
university of massachusetts amherst,24,University of Massachusetts Amherst,42.3875741,-72.5299209,Hannah Hargrove; Isaac Ramírez Marrero; Sarthak Saha; Omeet Patel; Seungbo Hong
oak ridge national laboratory,24,Oak Ridge National Laboratory,35.9301332,-84.3119307,Arvind Ganesan; Nicholas Gregorich; Ikenna Okeke; Victor Sharma; Kristian Myhre
university of washington,23,University of Washington,47.6554303,-122.3001692,Nuo Xu; Shayna Hilburg; Shunzhi Wang; Gabrielle Balistreri; Cholpisit Kiattisewee
indian institute of technology ropar,23,Indian Institute of Technology Ropar,30.9659501,76.4729772,Rohit Choudhury; Omkar Kushwaha; Anurag Pathak; Rajagopalan Srinivasan; Jagadeesh Korukonda
new jersey institute of technology,23,New Jersey Institute of Technology,40.75033943333333,-74.18431020000001,Siddharth Tripathi; Anh Vo; Murat Guvendiren; Ecevit Bilgili; Piero Armenante
washington university in st louis,23,Washington University in St Louis,38.640798588888885,-90.28978154444444,Kaiying Wang; Jinghao Li; LE Zhou; Manjula Senanayake; Joshua Yuan
lehigh university,22,Lehigh University,40.6068028,-75.3782488,Oluwasanmi Adeodu; Jasreen Kaur; Myeongyeon Lee; James Gilchrist; Elsa Reichmanis
university of pennsylvania,22,University of Pennsylvania,39.951032575,-75.1815277,Owen Land; Kathleen J. Stebe; Shravan Pradeep; Christopher Browne; Yiming Wang
"university of california, riverside",21,"University of California, Riverside",33.9642576,-117.3398097,Monica Iepure; Runtong Pan; Fudong Liu; Jianzhong Wu; Prince David Okoro
university of utah,21,University of Utah,40.7628137,-111.8368719,Luis Caballero; Seoyeon Won; Qian Zhou; Jiwei Yao; Sayed Abu Sufyan
university of rochester,21,University of Rochester,43.11182133333333,-77.64236646666667,Zachary Oliver; Yasemin Basdogan; Astrid Müller; Sai Varun Aduru; David G. Foster
university of illinois chicago,21,University of Illinois Chicago,41.83216106666666,-87.62530033333333,Rajan Bhawnani; Rohan Sartape; Ishita Goyal; Prem Podupu; Rohit Chauhan
oregon state university,20,Oregon State University,44.5630559,-123.2839234,Qiu Jin; Truc Phung; Lucas Ellis; Zhenxing Feng; Qia Ke
tulane university,19,Tulane University,29.9412195,-90.1201009,Avery Hill; Collette Riviere; Sarah Stratton; Mitchell Wheeler; Amanda Foote
colorado school of mines,19,colorado school of mines,,,Nolan Kelley; Jair Fajardo-Rojas; Tsung Wei Liu; Colin Wolden; Diego Gomez Gualdron
argonne national laboratory,19,Argonne National Laboratory,41.712022100000006,-87.97847346666667,Xiaoyu Wang; Ikenna Nlebedim; Seth Darling; Kwang Hoon Baek; Doris Oke
indian institute of technology jammu,18,Indian Institute of Technology Jammu,32.8022368,74.8913825,Gargi Das; Sourav Halder; Abdul Majid; Neeraj Singh; Snigdha Senapati
"merck and co., inc.",18,"Merck & Co., Inc.",40.21103505,-75.3003919,Matthew Flamm; Megan McCarthy; Erin Kotzbauer; Daniel Gendy; Ziwan Xu
oklahoma state university,18,Oklahoma State University,36.1313112,-97.0890259,Marimuthu Andiappan; Ashutosh Kumar Verma; Berk Uysal; Omio Rani Das; Masrur Ahmed
university of california santa barbara,18,University of California Santa Barbara,34.41480948,-119.84491292,Rahul Sujanani; Hugh Purdy; Christopher Balzer; R Bharath Venkatesh; Guomin Zhu
vanderbilt university,17,Vanderbilt University,36.1438011,-86.8028189,Matthew Vasuta; Andres Ordorica; Piran Kidambi; Juliana Yang; Zane Parkerson
korea advanced institute of science and technology,17,Korea Advanced Institute of Science and Technology,36.36678495,127.35252315,Jeongwoo Lee; Hyunah Ahn; Hongju Lee; Huiseong Yun; Hyewon Park
university of south carolina,17,University of South Carolina,33.9928841,-81.0268676,Mubarak Bello; Monirosadat Sadati; Zhenmeng Peng; Azadeh Mehrani; Kanan Shikhaliyev
the dow chemical company,17,The Dow Chemical Company,40.1633941,-75.4651946,Nathan Wilmot; Steven G. Arturo; Beata Kilos; Lizbeth Rostro; Daniel Miller
dalian university of technology,17,Dalian University of Technology,38.8812564,121.52016,Shrinjay Sharma; Artur M. Schweidtmann; J Ruud Van Ommen; Yuchao Niu; Yachao Dong
university of illinois urbana-champaign,17,university of illinois urbana-champaign,,,Chia-Wen Chang; Jonathan Turnley; Matthew Confer; Kyle Timmer; Alexa Kuenstler
university of california davis,17,University of California Davis,38.5337904,-121.7907544,Siddharth Sonti; Aatam Gajjar; Parth Bandivadekar; Loren dela Rosa; Nael El-Farra
drexel university,16,drexel university,,,Moses Abraham Bokinala; Rayan Alaufey; Jesse L. Starger; Biplab Sarkar; Niloofar Goodarzi
louisiana state university,16,Louisiana State University,30.4062005,-91.1854129,Teslim Olayiwola; Nduka Ogbonna; Hashir Gauri; Chamberlain Amofa; Yaxin An
"university of california, irvine",16,"University of California, Irvine",33.653261171428575,-117.83812945714286,Elizabeth Lee; Ben Ko; Erdem Sasmaz; Ali Mohraz; Zoey Ferman
university of illinois at urbana-champaign,16,university of illinois at urbana-champaign,,,Tianhao Yu; Somesh Mishra; Baron Peters; Zhiheng Lyu; Shraddha Maitra
university at buffalo  the state university of new york,16,university at buffalo  the state university of new york,,,Vinh Bui; Narjes Esmaeili; Krutika Patidar; Paschalis Alexandridis; Leiqing Hu
university college london,16,university college london,,,Marc-Olivier Coppens; Lucy Todd; Nidhi Kapil; Vassilis Charitopoulos; Suneha Patil
bucknell university,16,Bucknell University,40.9515356,-76.8879603,Kenneth Mineart; Katsuyuki Wakabayashi; Sheriff Anofi; Sharareh Rezaei; Ryan Koes
university of tulsa,16,University of Tulsa,36.1523306,-95.9459602,Abdulaziz Alhejaili; Chan Hyun Lee; Jae Hyeon Park; Hyeon Uk Kim; Donovan Daubert
zhejiang university,16,Zhejiang university,30.521595,120.7195312,Shuyi Shen; Bin Yang; Yao Tong; Xing Gao; Xinpei Wang
national energy technology laboratory,15,national energy technology laboratory,,,Chad Able; Colton Kohnke; Divakar Reddy Aireddy; Wei Shi; Maojian Wang
stony brook university,15,Stony Brook University,40.9090809,-73.1205518,Shuting Xiang; Amol Pophali; Zhaoyi Xi; Surita Bhatia; Nav Nidhi Rajput
rowan university,15,Rowan University,39.7103526,-75.1193267,Barnabas Gao; Mitchell Paolello; Victoria Collinsworth; Swapana Jerpoth; Kirti Yenkie
lawrence berkeley national laboratory,15,lawrence berkeley national laboratory,,,Alex J. King; Supriya Gupta; Brett A. Helms; Andrew W. Tricker; Julian Vigil
eth zürich,15,ETH Zürich,47.413218,8.5374914,Daniel Biri; Adrien Baut; Dimitrios Tsalikis; Oscar Cipolato; Andreas Guentner
university of massachusetts lowell,15,University of Massachusetts Lowell,42.6519097,-71.3173628,Daniel Lachos Perez; Dugah Arslan; Gulden Camci-Unal; Mihriye Doga Tekbas; Yuting Xu
university of nebraska-lincoln,15,university of nebraska-lincoln,,,Sarang Ismail; Sahand Serajian; Payal Chaudhary; Niaz Chowdhury; Nabia Shahreen
case western reserve university,15,Case Western Reserve University,41.50198515,-81.63789464999999,Nicholas Sinclair; Svetlana Morozova; Samuel Root; Lianna Johnson; Geeta Verma
university at buffalo,15,University at Buffalo,43.0019863,-78.7859649,Sagnik Das; Jonathan Boualavong; Patatri Chakraborty; Oluwatoyin Campbell; Saman Emami Gerami
virginia tech,15,virginia tech,,,Thomas Kinard; Xakin Ramirez Isunza; Adam McNeeley; Connor Farrell; Xin Wang
rensselaer polytechnic institute,14,Rensselaer Polytechnic Institute,42.7298969,-73.6796678,Ji-Young Kim; B. Wayne Bequette; Georges Belfort; Steven Cramer; Jonathan Dordick
university of southern california,14,University of Southern California,34.0218689,-118.2858579,Seongbin Jo; Musa Najimu; Sairaj Patil; Kandis Leslie Gilliard-Abdulaziz; Brandon Pizarro Carbajal
qatar university,14,Qatar University,25.3719714,51.4879579,Anand Kumar; Seckin Karagoz; Abdelbaki Benamor; Methene Briones Cutad; Mostafa Sliem
eli lilly and company,14,Eli Lilly & Company,39.7576131,-86.1521511,Kanishka Ghosh; Sydney Butikofer; Jingyao Wang; Shekhar Viswanath; Saurin Hiren Rawal
lafayette college,14,Lafayette College,40.6986835,-75.209246,Michael Senra; Jodi Graf; Iain Colquhoun; Joanna Kuan; Maia Merriman
king fahd university of petroleum and minerals,14,King Fahd University of Petroleum and Minerals,26.30948538,50.14682478,Fatimah Alhassan; Muhammad Shahzad Kamal; Abdullah Alabbad; Usama Ahmed; Mohammad Siddiqui
brigham young university,14,Brigham Young University,40.2554083,-111.6496832,Douglas Tree; Cassandra Guffey; Brayton Young; Jennifer Nielson; Tyler Green
university of missouri,13,University of Missouri,38.9364147,-92.329703,Jialun (Galen) Wang; Baolin Deng; Umesh Dhumal; Tahmid Hasan Rupam; Gesse Roure
tufts university,13,tufts university,,,David L. Kaplan; Sanjana Gopalakrishnan; Logan Morton; Ho Yi Lam; Emmanuel Tzanakakis
worcester polytechnic institute,13,Worcester Polytechnic Institute,42.2893383,-71.805867725,David Kenney; Esai Lopez; Madison R. Reed; Fatou Baka Diop; Michael Timko
the university of sheffield,13,The University of Sheffield,53.37781046,-1.49144162,Siddharth Patwardhan; Jenny Hancock; Rachael Rothman; Ioanna Kalospyrou; Mohamed Ashar Sultan Mohamed Yousuf
yale university,13,yale university,,,Heather LeClerc; Amir Haji-Akbari; Jung-Shen Benny Tai; Amir Pahlavan; Yuan Yao
university of south florida,13,University of South Florida,28.06203355,-82.41778115,Pierre Kawak; Ran Liu; Ramesh S. Ayyala; John Kuhn; Ryan Toomey
idaho national laboratory,12,Idaho National Laboratory,43.5208319,-112.0490689,Yidong Xia; Wenjuan Bian; Anne Gaffney; Nepu Saha; Maria Del Rocio Rodriguez Laguna
michigan state university,12,Michigan State University,42.7023794,-84.4803869,Ryan Splichal; Robert Ferrier; Kevin Chen; Daipayan Sarkar; Ryan Stearns
wayne state university,12,Wayne State University,42.3571895,-83.0709436,Keshav Kasturi Rangan; Abdurrafay Siddiqui; Shilpa Narasimhan; Alexander Hoffmann; Jihan Abou Halloun
virginia commonwealth university,12,Virginia Commonwealth University,37.5461246,-77.4540609,Mohammad Alam; Daniel Gregory; Mo Jiang; Kimberly Penzer; Charles McGill
king abdullah university of science and technology,11,king abdullah university of science and technology,,,Lakshmeesha Upadhyaya; Andres Felipe Cardenas; Mehzabeen Mannan; Ricardo Pinto de Lima; Minzhuo Huang
korea university,11,Korea University,36.6108894,127.2934174,Sanha Park; Sejin Kim; Haeli Lee; DONG-Joon Lee; Seungwon Lee
university of new hampshire,11,University of New Hampshire,43.1350987,-70.9462079,Lev Levintov; Jeffrey Halpern; Seth Drahusz; Haley Royce; Linqing Li
university of north dakota,11,University of North Dakota,47.9265412,-97.0721209,Glavic Tikeri; Arash Tayyebi; Nadhem Ismail; Musabbir Jahan Talukder; Ban Al-Tayyem
clemson university,11,Clemson University,34.6686915,-82.8374348,Ewa Chukwu; Zehua Jin; Braulio Ortega Quesada; Jack Schmidt; Jessica Larsen
university of toronto,11,University of Toronto,43.663462,-79.3977597,William Broomhead; Abdelaziz Gouda; Goutham Rangarajan; Mehdi Salakhi; Rohit Pal
university of tennessee,11,University of Tennessee,35.9515982,-83.93088095,Mahshid Mokhtarnejad; Bamin Khomami; Rahul Bhosale; Elyar Tourani; Mark Dadmun
brown university,11,Brown University,41.82287165,-71.4075955,Caroline Rocchio; Bjarne Kreitz; Kirk Badger; Eduardo Guzman; Siddha Sharma
rutgers  the state university of new jersey,11,rutgers  the state university of new jersey,,,Jakub Konkol; Mingzhi Zhao; Ravendra Singh; Alexander Neimark; George Tsilomelekis
the university of kansas,10,The University of Kansas,39.0565182,-94.6092885,Charles Ponge; Diego Trevisan Melfi; Ana Colaco Morais; James Sturgill; Kaden Hubler
university of iowa,10,University of Iowa,41.649707500000005,-91.56013935,Chanjot Kaur .; Jun Wang; Rebecca Walters; Christopher Vidmar; Suboohi Shervani
kansas state university,10,Kansas State University,39.20883,-96.5884512,Amirsalar Bagheri; Moises Gutierrez; Amirmohammad Ebrahimi; Thiago Oliveira Cabral; Joshua Ighalo
national institute of standards and technology,10,National Institute of Standards and Technology,39.13327588333333,-77.2234751,Jacob Majikes; Julie Rieland; Daniel Siderius; Evan Jahrman; Harold Hatch
rutgers university,10,rutgers university,,,Carlin Leung; Arjun Singh; Gregory Dignon; Vailankanni Rodrigues; Richard Remsing
khalifa university,10,Khalifa University,24.4479513,54.3955267,Solomon Kahsay Gebremariam; Muhammad Usman; Amanuel Gidey Gebretatios; Tarek Lemaoui; Ahmed AlHajaj
korean institute science and technology,10,Korean Institute Science and Technology,49.2587784,7.0492746,Yong Chae Jung; Jong Hyeak Choe; Hwajun Lee; Dong Wook Kwon; Wonsuk Chung
universidad nacional de colombia,10,Universidad Nacional de Colombia,4.62007255,-74.07507125000001,Oscar Monrroy; Natalia Godoy Silva; Carlos A. Martinez Riascos; Mario Andrés Noriega; Sergio Rojas Prieto
university of rhode island,10,University of Rhode Island,41.4875094,-71.5343138,Michael Fedorenko; Animesh Pan; Ashutosh Giri; Geoffrey Bothun; Devleena Chowdhury
rwth aachen university,9,RWTH Aachen University,50.783707975,6.104963125,Eike Cramer; J. Raphael Seidenberg; Chrysanthi Papadimitriou; Jan G. Rittig; Katharina Maria Ebeling
gsk,9,GSK,46.2857292,-114.1470748,Benjamin Hawkins; Daniel A. Green; Zahra Salahshoor; David Goundie; Brian Thatcher
united states military academy,9,United States Military Academy,41.3926455,-73.9599242,Enoch Nagelli; Samuel Lowell; Charles M. Aronov; Katherine G. LaReau; Edward Chen
university of arizona,9,University of Arizona,32.23664585,-110.95234075,David Mier Salazar; Jeffrey Pyun; Angel Martin; Ethan Howley; Suchol Savagatrup
university of maryland-college park,9,University of Maryland-College Park,38.9904124,-76.9438586,Faraz Burni; Eric D. Wachsman; Funke Okunrinboye; Sara Molinari; Haochen Yang
clarkson university,9,Clarkson University,44.6595887,-75.0062397,Omid Jazani; Ian McCrum; Mohammad Hasibul Hasan; Temitope Orimolade; Maira Amjad
ghent university,9,Ghent University,51.0078484,3.7108831,Kensaku Matsunami; Mike Bonheure; Kevin De Ras; Jeroen Aerssens; Simon De Langhe
kent state university,9,Kent State University,41.1442325,-81.3398321,Masoud Ghasemi; Song Wang; Artem Rumyantsev; Darrell Velegol; Moritz Woelk
michigan technological university,9,Michigan Technological University,47.1099114,-88.5511513,David Shonnard; Grace Dykstra; Seth Kriz; Molly A. Skinner; Robert Handler
mcmaster university,9,McMaster University,43.2639397,-79.9178252,Amir Hossein Hamedi; Hesam Hassanpour; Vladimir Mahalec; Enrique Luna; Christopher Swartz
mississippi state university,8,Mississippi State University,33.4386876,-88.7943232,Santanu Kundu; Priscilla Hill; Victoria Taylor; Neeraj Rai; Yunsang Kim
indian institute of technology delhi,8,Indian Institute of Technology Delhi,28.526577,77.2008821,Damaraju Phaneswararao; Divesh Bhatia; Raghavan Ranganathan; Isha Atrey; Dwijraj Mhatre
miami university,8,Miami University,39.5094198,-84.7311546,J. Andrew Jones; Jonathan Ackley; Felicia Guagliardo; Nolan Brown; Grace E. Kemmerly
netl support contractor,8,netl support contractor,,,Sarah Leptinsky; Viet Hung Pham; Khaled Baamran; Muhammad Aamir Bashir; Yuan Gao
nanyang technological university,8,Nanyang Technological University,1.3484104,103.6829332,Chuhong Lin; Dat-Nguyen Vo; Minghao Han; Jie Li; Qianhong She
los alamos national laboratory,8,Los Alamos National Laboratory,35.8190003,-106.2656274,Saif R. Kazi; Jingyao Li; Manjeet Chhetri; Xiaokun Yang; Yufei Wang
new york university,8,new york university,,,Jonathan Salmeron-Hernandez; Kelechi Ndukwe-Ajala; Ella King; Ryan Hartman; Erica Burnham
penn state college of medicine,8,Penn State College of Medicine,40.2639023,-76.67560449999999,Arian Jaberi; Zaman Ataie; Angie Castro; Sina Kheirabadi; Majd Matalkeh
lamar university,8,Lamar University,30.0388946,-94.0758929,Qiang Xu; Helen Lou; S M Farhad; Sk. Moumita Manjur; James Henry
friedrich-alexander-universität erlangen-nürnberg,8,Friedrich-Alexander-Universität Erlangen-Nürnberg,49.4583219,11.08546,Wolfgang Peukert; Michael Engel; Janne Reisch; Leon Kick; Marvin Wittek
missouri university of science and technology,8,Missouri University of Science and Technology,37.9532435,-91.7742667,Kasim Adewuyi; Al-Dahhan Muthanna; Godwin Ogbuehi; Christi Luks; Ugochukwu Ewuzie
dow,8,Dow,35.504124,-119.1726056,David Parrillo; David Camp; Zachary Kean; Daniel Hickman; Stacey Saba
south dakota school of mines and technology,8,south dakota school of mines and technology,,,Kazi Khoda; Bharathkiran Maddipudi; Laura A.E. Brunmaier; Joseph Hilsendeger; Khang Huynh
stevens institute of technology,8,stevens institute of technology,,,Ayodeji Omoniyi; Shuqiao Wang; Priscilla Manteaw; Alyssa Hensley; Jacob Gissinger
washington state university,8,Washington State University,46.730447,-117.106682,Bin Yang; Su Ha; Carrington Moore; Marcus Sharp; Steven Saunders
university of waterloo,8,University of Waterloo,43.4701994,-80.5452429,David Simakov; Luis Ricardez-Sandoval; Simone Reynoso-Donzelli; Joshua Pulsipher; Jinxuan Zhang
sandia national laboratories,8,Sandia National Laboratories,37.688589533333335,-121.7401623,Matthew S. Johnson; Rekha Rao; Scott Bobbitt; Carl Laird; Tuan Ho
saudi aramco,8,Saudi Aramco,23.9494015,38.2920459,Alaa Albasry; Zainab Alaithan; Ragad Aldilaijan; Vishvedeep Bhat; Rasha Daadoush
new mexico state university,8,New Mexico State University,32.2729032,-106.7434927,Eric Palmer; Meng Zhou; Hongmei Luo; Raul Velazquez; Michael Fry
the university of tokyo,8,The University of Tokyo,35.9019845,139.9362283,Yusuke Hayashi; Hirokazu Sugiyama; Junu Kim; Tatsuya Okubo; Gianluca Lombardini
university of illinois at urbana champaign,8,university of illinois at urbana champaign,,,Kai-Yu Huang; Nayeong Kim; Rajarshi Samajdar; Shengzhe Ding; Nicholas Jackson
"amgen, inc.",7,"Amgen, Inc.",34.1905959,-118.91985619999998,Taehun Kim; Xuan Han; Hamza Youssef Ismail; Michaela Murr; Nandini Sarkar
"university of puerto rico, mayaguez",7,"University of Puerto Rico, Mayaguez",18.2137084,-67.14489083333332,Angela Montaño Herazo; Yomaira Pagan Torres; Cristian Aristizabal-Gonzalez; Maria K. Oñate-Socarras; Lucas Lisondo
"university of nevada, reno",7,"University of Nevada, Reno",39.5442688,-119.8163105,Maryam Raeeszadeh Sarmazdeh; Sanele Maziya; Olumide Ige; Elham Taheri; Masoud Kalantar
university of new mexico,7,University of New Mexico,35.07115085,-106.6113392,Raju Vadthya; John Fawcett; Eva Chi; Donna Riley; Jianda Wang
the hong kong university of science and technology,7,The Hong Kong University of Science and Technology,22.32999,114.22884208,Yue Fang; Danqing Zhu; Richard Lakerveld; Yuanyuan Zhou; Zhengtang Luo
university of georgia,7,University of Georgia,33.9404278,-83.373049,Varunkumar Thippanna; Kenan Song; Xinyu Gong; Qi Gan; Yajun Yan
kist,7,KIST,49.7444194,9.8413018,Byoungyoun Lee; Doh C. Lee; Tae-Hyun Bae; Jinwoo Lee; Jihan Kim
abbvie,7,AbbVie,42.33708,-87.8344244,Pelin Su Bulutoglu; Eric Sacia; William Ketterhagen; Catherine Barton; Jeffery Larson
inha university,7,Inha University,37.449443,126.6534446,Byeongseok Kim; Jinsung SEO; Eun Seong Yoo; Hyeonsuk Yoo; Kyung Hoon Min
korea institute of energy research,7,korea institute of energy research,,,Gwon Woo Park; Jihong Moon; Sang Jun Yoon; Gwanhong Min; Dongho Lee
koc university,7,Koc University,41.203159,29.0728654,Shuhei Takamura; Masanori Oshima; Ece Serenat Köksal; Shota Kato; Sakuya Kobayashi
lawrence livermore national laboratory,7,lawrence livermore national laboratory,,,Shyam Deo; Alvina Aui; Hyuna Kwon; Nicholas Cross; Fei Zhou
politecnico di torino,7,Politecnico di Torino,45.0636974,7.6575263,Nunzia Lauriello; Antonio Buffo; Sandro Malusà; Diego Fida; Francesco De Roma
prairie view aandm university,7,Prairie View A&M University,30.0960954,-95.9870007,Emmanuel Dada; Temitope Esan; Kazeem B. Olanrewaju; Aishorjo Bublee; Uche Chukwuemeka
sungkyunkwan university,7,Sungkyunkwan University,37.29748823333333,126.9434087,Janggeun Lee; Jonghwan Oh; Yong Sang Lee; Woochang Jeong; Hyeonseo IM
slac national accelerator laboratory,7,slac national accelerator laboratory,,,Ara Cho; Shyama Charan Mandal; Hyeonjung Jung; Adam Hoffman; Adam Nielander
university of cincinnati,7,University of Cincinnati,39.1318991,-84.5157575,Joo-Youp Lee; Anil Reddy Soreddy; Yoonjee Park; Christopher Ticknor; Dimal Kissan Acahry
university of calgary,6,University of Calgary,51.0766289,-114.1285493,Kotaybah Hashlamoun; Hua Song; Jose Angel Beleno Alcazar; Camilo Andres Lopez Lago; Jinguang Hu
university of birmingham,6,University of Birmingham,52.4522956,-1.9312857,Daniele Baiocco; Cinzia Amieni; Darius Khoshdel; Georgina Wadsley; Kit Windows-Yule
u.s. food and drug administration,6,U.S. Food and Drug Administration,47.7969561,-122.2009767,Stelios C. Tsinontides; Thomas O'Connor; Nobel Sierra Vega; Katrina Avery; Aaron Rowane
university of maine,6,University of Maine,44.9015188,-68.6617222,Sampath Gunukula; Sampath Karunarathne; Temidayo Ogunjinmi; Ehsan Sardar; Madison McCarthy
the university of toledo,6,The University of Toledo,41.6582432,-83.6147873,Hossein Abedsoltan; Saketh Merugu; Maria Coleman; Yakov Lapitsky; Glenn Lipscomb
tokyo institute of technology,6,Tokyo institute of technology,35.58797123333333,139.6689706,Aparna Chitra Sudheer; Qiancheng Liao; Yuna Tatsumi; Yin LIU; Toshiyuki Yokoi
the university of texas at tyler,6,The University of Texas at Tyler,32.3163078,-95.2536994,Gideon Nyarko; Oluwanisola Makinde; Kristinoba Olotu; Mayokun Oke; Micheal Asama
virginia polytechnic institute and state university,6,Virginia Polytechnic Institute and State University,37.2219268,-80.4272818,Liping Liu; Rong Tong; Sanket Deshmukh; Md Raian Yousuf; Parisa Farzeen
liberty university,6,Liberty University,37.3539466,-79.1531533,Wayne Strasser; Elijah Yoder; Nate Breed; Ryan Learn; Robert Kacinski
mainstream engineering corporation,6,mainstream engineering corporation,,,Andrew Wagner; Aristidis Mihalos; Philip Cox; Luke Walker; Benjamin Woods
hanyang university,6,hanyang university,,,Seokwoo Choe; Yong Hyun Moon; Seung Hyun Park; Byeongyong MIN; Tae Yeon KIM
max planck institute for dynamics of complex technical systems,6,max planck institute for dynamics of complex technical systems,,,Tibor Svitnic; Christoph Griehl; Caroline Ganzer; Alexander Geschke; Luisa Peterson
école polytechnique fédérale de lausanne,6,École Polytechnique Fédérale de Lausanne,46.5186594,6.5665615,Francesca Lorenzutti; Kumar Varoon Agrawal; Daniel Florez Orrego; Meire Ellen Gorete Ribeiro Domingos; Ardemis Boghossian
university of louisiana at lafayette,6,University of Louisiana at Lafayette,30.2117256,-92.0195772,Elizabeth Boyd; Remil Aguda; Xing Li; Kristel Gatdula; Xiaobo Lei
university of maryland  baltimore county,6,university of maryland  baltimore county,,,Samiha Sharlin; Tyler R. Josephson; Colin Jones; Meredith Morse Morse; Elias Gilotte
the city college of new york,6,the city college of new york,,,Elizabeth Biddinger; Janhvi Trivedi; Surabh KT; Nicole Donovan; Brian Chen
pusan national university,6,Pusan National University,35.2343498,129.0784068,Kyoungyoun Kim; Doyeon Lee; Sunghyun Yoon; Kyu Hyun; Jaegyun Im
pfizer,6,Pfizer,51.0669817,4.3097669,Kameel Antami; Virginia Brooke Gill; William Guy; Heather Boucher; Wenge Wang
east china university of science and technology,6,East China University of Science and Technology,31.145271500000003,121.42105243333332,Mengxiang Lu; Zhongjie Shen; Yao Miao; Yunfei Yang; Liang Zhang
nyu tandon school of engineering,6,nyu tandon school of engineering,,,Nouha El Amri; Rachel Pollard; Parker Lewis; Nathalie Pinkerton; Xiuxian Li
national technical university of athens,6,National Technical University of Athens,37.977380100000005,23.7590529,Stefanos Xenios; Michaela Vasilaki; Antonios Kokosis; Konstantinos Mexis; Nikos Trokanas
oakland university,6,Oakland University,42.67665135,-83.15880505,Erin Witherspoon; Natsuumi Ito; Hiroshi Umakoshi; Nobuyuki Matubayasi; Kento Kasahara
montana state university,6,Montana State University,45.6638859,-111.079287,Jacob Molinaro; Campbell Putnam; Esther Stopps; Martina Du; Sabine Olds
ewha womans university,6,ewha womans university,,,Yubin Ryu; Pouya Ifaei; Chaeeun Lee; Youlim Chung; Soyoung Kang
bristol myers squibb,5,Bristol Myers Squibb,48.1292363,11.5812022,Shona Marie Becwar; Andrew Werneth; Mohammadreza Ebrahimi; Patrick Corona; Hochan Chang
vellore institute of technology,5,Vellore Institute of Technology,12.9697279,79.1606943,Satish Parulekar; Ahmad Ijaz; Hamid Arastoopour; Nirmala Gnanasundaram; SeyedSepehr Mostafayi
university of wyoming,5,University of Wyoming,41.314986,-105.5643222,Vithurshan Varenthirarajah; Balantrapu Harshit; Zitao Wu; Dengfeng Qin; Ying Yu
university of strathclyde,5,University of Strathclyde,55.8618812,-4.2419566,Irene Moreno Flores; Tom Stavert; Miguel Jorge; John Armstrong; Christopher Boyle
indian institute of technology roorkee,5,Indian Institute of Technology Roorkee,29.8661656,77.8957348,Arisha Sharma; Prakash Biswas; Diksha VATS; Praveen Dubey; Arvind Kumar
hovione farmaciência,5,hovione farmaciência,,,Pedro Monteiro; Ana Martins; Artur Saramago; Ricardo Sousa; Jose Granjo
abbvie inc,5,abbvie inc,,,Shailendra Bordawekar; Kartik Kamat; Akshay Korde; Sherwin Shang; Kyu Yoon
north carolina aandt state university,5,North Carolina A&T State University,36.2116175,-81.6760234,Sujoy Bepari; Yusuf Adewuyi; Sumit Gupta; Tianjun Xie; Md Shakibur Rahaman Chowdhury
queens university,5,Queen's University,54.5847533,-5.936566,Greg van Anders; Houda Haidar; Iman Moshiritabrizi; Lauren Gibson; Kimberley B. McAuley
texas aandm university-kingsville,5,Texas A&M University-Kingsville,27.5279817,-97.8836721,Matthew Alexander; Matthew Kolade Ajakaiye; M. R. Riazi; Patrick Mills; Esther Olagunju
the university of akron,5,The University of Akron,41.07669885,-81.51450285,Weinan Xu; Amir Nourhani; Linxiao Chen; Fardin Khabaz; Daniel Angel Bellido Aguilar
canakkale onsekiz mart univ,5,Canakkale Onsekiz Mart Univ,40.1120066,26.4214648,Nurettin Sahiner; Mehtap Sahiner; Selin S. Sagbas; Sahin Demirci; Selin Sagbas
university of dayton,5,University of Dayton,39.7384599,-84.1791948,Sharjeel Jokhio; Adrienne Shea; Matthew Bernards; Ching-An Peng; Kevin Myers
university of gothenburg,5,University of Gothenburg,57.69796686666666,11.944211333333334,Dimitrios Gerogiorgis; Stefano Brandani; Enzo Mangano; Claire Leishman; Benjamin Duheric
uc irvine,5,UC Irvine,-29.7451544,147.7685722,Lexi Crowell; Herdeline Ardoña; Kiara Lacy; Sujeung Lim; Tayloria N.G. Adams
colorado state university,5,Colorado State University,40.5706567,-105.0853995,Qiang Wang; Siu Hung Joshua Chan; Sebastian Castro; Anna Huszar; Allison Cornelius
federal university of campina grande,5,federal university of campina grande,,,Heleno Bispo; Waleska Nascimento; Gabriela Monteiro; Gustavo Silva; Fernanda Andrade
kongju national university,5,Kongju National University,36.8517528,127.1510574,Hayoung Jeong; Seokhyun Choung; Jong-Ki Jeon; Jeong Woo Han; Jong Hun Kang
savannah river national laboratory,5,Savannah River National Laboratory,33.3447893,-81.73874705,Stephen Vicchio; Dan Lambert; Dylan D. Rodene; Jarrod Gogolski
hankyong national university,5,Hankyong National University,37.0117775,127.2634692,Semie Kim; Bang Le; Huong Mai Thi Kieu; Son Ich Ngo; Pyeong-Gon Jung
ohio university,5,Ohio University,39.3241782,-82.1015648,Quinn Bennett; Sumit Sharma; Yalda Ramezani; Hemant Nagar; Richard Nana Arthur
korea research institute of chemical technology,5,korea research institute of chemical technology,,,Ajaysing Nimbalkar; Dae Sung Park; Do-Young Hong; Yang Sik Yun; Do Kyoung Kim
tohoku university,4,Tohoku University,38.2581115,140.8360434,Anqing Wang; Keishi Suga; Hikaru Namigata; Naomi Shibasaki-Kitakawa
universidad de guanajuato,4,Universidad de Guanajuato,28.6984944,-106.1339119,Juan Gabriel Segovia; Carlos Rodrigo Caceres Barrera; Eduardo Sánchez-Ramírez; Juan-Gabriel Segovia-Hernandez
aristotle university of thessaloniki,4,Aristotle University of Thessaloniki,40.6296704,22.9591611,Fotini Nikiforou; Dayna Schultz; Thanasis Papageorgiou; Ilias Frydas
university of mississippi,4,University of Mississippi,34.3646125,-89.5396349,Masoud Salavati; Utsab Roy Ayan; Sadie Farmer; Sasan Nouranian
cleveland state university,4,cleveland state university,,,Victoria Stege; Bukola Adesanmi; Lisa Chambers; Obaid Khan
u s  environmental protection agency,4,u s  environmental protection agency,,,John D. Chea; Gerardo Ruiz-Mercado; Veera Boddu; Raymond Smith
university of cambridge,4,University of Cambridge,52.20118383333334,0.1216035999999999,Collin Smith; Alexander Routh; Kara Fong; Laura Torrente Murciano
university of british columbia,4,University of British Columbia,49.2578915,-123.2429755,Rama El-khawaldeh; Genpei Cai; Jiayang Ren; Gwynn Elfring
university of missouri-columbia,4,university of missouri-columbia,,,Reginald Rogers; Matthias Young; Farnoushsadat Rezaei; Marissa Moore
university of louisville,4,University of Louisville,38.19373075,-85.75322835,John White; Mahbuba Khanom; Xiao-An Fu; Jacob Miller
new mexico institute of mining and technology,4,new mexico institute of mining and technology,,,Youngmin Lee; Arnob Dipta Saha; Naomi Helsel; Hirithya Sharad Jeyashangararaj
pfizer inc,4,pfizer inc,,,Shubham Sharma; Joseph Imbrogno; Katharina Grohowalski; Kevin P. Girard
technical university of denmark,4,Technical University of Denmark,55.7854145,12.5202151,Alina Anamaria Malanca; Johan Le Nepvou De Carfort; Fiammetta Caccavale; Samir Meramo
polytechnic university of puerto rico,4,polytechnic university of puerto rico,,,Harry Carrion; Dorielis Rodriguez-Suarez; Yariana N. Bengochea Bonilla; Jeziel Rodriguez Vega
south china university of technology,4,South China University of Technology,23.160342,113.3372426,Ruiqi Fang; Xin Zhao; Hongxin Fu; Jufang Wang
takeda,4,takeda,,,Edward Raymond; Thomas Toupy; Laura Pereira Diaz; Varun Sundarkumar
lsre-lcm - faculty of engineering of university of porto,4,lsre-lcm - faculty of engineering of university of porto,,,Ana Pereira; Rafael Dias; Inês Rodrigues; Albertina Rios
florida atlantic university,4,Florida Atlantic University,26.1194037,-80.1416919,Brandyn Nutter; Laura Rojas; Steven Soini; Masoud Jahandar Lashaki
forschungszentrum jülich gmbh,4,forschungszentrum jülich gmbh,,,Stefan Pappler; Michael Geisselbrecht; Tobias Mader; Moritz Wedemeyer
glaxosmithkline,4,glaxosmithkline,,,Christopher J. Morrison; Lotfi Derdour; Don Clancy; Thomas Haley
kth royal institute of technology,4,KTH Royal Institute of Technology,59.2016758,17.6203201,Devesh Sathya Sri Sairam Sirigina; Nardana Bazybek; Andressa Mazur; Pedro Henrique Cabral De Souza
famu-fsu college of engineering,4,FAMU-FSU College of Engineering,30.428374766666664,-84.3011659,Justice Ene; Hoyong Chung; Dylan Barton; Cecilia Hansen
hamburg university of technology,4,Hamburg University of Technology,53.4610001,9.9692264,Bogdan Dorneanu; Louise Olsson; Parisa Shafiee; Vasileios Mappas
harvard medical school,4,harvard medical school,,,Sun Jin Moon; Jonathan Soucy; Anush Chiappino-Pepe; Neil Dalvie
karlsruhe institute of technology,4,Karlsruhe Institute of Technology,49.1018534,8.4331202,Patrick Lott; Philipp Rentschler; Olaf Deutschmann; Moritz Herfet
hope college,4,hope college,,,Elizabeth Cuneaz; Joseph Kuklewski; Laurel Wasiniak; Brian Tran
technical university of munich,3,Technical University of Munich,48.2654976,11.6692249,Michael Stadler; Valentin Krespach; Marc Xia
kwangwoon university,3,kwangwoon university,,,Hiesang Song; Hyungjun KIM; Gyeonggwan Jeon
new mexico tech,3,New Mexico Tech,34.0662339,-106.9110595,Xuan Pham; Jonathan Logan; Jiyue Wu
ku leuven,3,KU Leuven,50.8057128,3.2915374,Dominik Bongartz; Jonas Loncke; Nicolas Chanut
instituto politécnico nacional,3,instituto politécnico nacional,,,Diana L. Salas-Gallegos; Luis A. Galicia-Luna; Jeimy Judith Bautista Martinez
tecnológico de monterrey,3,Tecnológico de Monterrey,20.67737852,-105.22261644,Ilse María Hernández-Romero; Camila Velandia; Maijani Hall
the university of melbourne,3,The University of Melbourne,-37.7991808,144.9800356,Lequan Zeng; Raymond Dagastine; Eirini Goudeli
indian institute of science,3,Indian Institute of Science,13.0222347,77.5671832,Sanjeev Kumar; Anshaj Ronghe; K Ganapathy Ayappa
university college dublin,3,University College Dublin,53.32253315,-6.237669275,Sergio Carrillo De Hert; Entvin Mamo; Nethraa Kannan
hovione,3,hovione,,,Ines Rocha; Sarang Oka; Jose Luis Santos
aspen technology inc.,3,Aspen Technology Inc.,39.067515,-108.560123,Pratyush Agarwal; Salvador Perez-Uresti; Andrea P. Ortiz-Espinoza
soongsil university,3,soongsil university,,,Jun Hyoung Lee; Lee Jae-Cheol; Yun-Ho Ahn
texas aandm university at qatar,3,texas aandm university at qatar,,,Ahmed Abbas; Aysha Melhim; Elizabeth Abraham
the university of maine,3,The University of Maine,43.6854339,-70.2988834,Arya Ajeev; Behrokh Shams; Reyad Shawabkeh
university of nebraska - lincoln,3,university of nebraska - lincoln,,,Mark Kathol; Joydip Dey; Abaigeal Aydt
slb,3,slb,,,Ruhi Sultana; Daniel Miller; Kurt Schmidt
us environmental protection agency,3,us environmental protection agency,,,William Barrett; Ashley Butzlaff; Nathan Weber
universidad san francisco de quito,3,Universidad San Francisco de Quito,-0.1968612,-78.4359156,Lourdes Orejuela-Escobar; Emilia Moreno; Andrea C. Landázuri
hong kong university of science and technology,3,Hong Kong University of Science and Technology,22.8916128,113.4790189,Min HU; Haifan Zhou; Ching Ting Leung
chulalongkorn university,3,chulalongkorn university,13.7431114,100.5328752,Anuchit Wuttitrairat; Paisan Kittisupakorn; Nuttha Thongchul
university of texas at san antonio,3,university of texas at san antonio,,,Gabriel Garibaldi; Gongchen Sun; Erin McNeill
sanofi,3,Sanofi,47.4296449,0.6951806,Lingyun Liu; Abhishek Paul; Indu Muthancheri
the cooper union for the advancement of science and art,3,the cooper union for the advancement of science and art,,,Tausif Tamim; Nada Shetewi; Julius Yoh
university of salamanca,3,University of Salamanca,45.9455202,-66.6401861,Mariano Martin; Alberto Ruiz; Carlos Prieto
university of oxford,3,University of Oxford,51.752,-1.2577,Andrey Poletayev; James Kwan; Michail Stamatakis
kaust,3,KAUST,22.3223754,39.1173835,Elia Colleoni; Daniel Fontecha; Wojciech Ogieglo
the lubrizol corporation,3,the lubrizol corporation,,,Frank van Lier; Michael DeLetter; Nicolas Proust
university of bologna,3,University of Bologna,44.4982886,11.354457,Carla Maggetti; Sara Giancaterino; Cristiana Boi
sabic,3,Sabic,37.9068688,-87.9283382,Maria Soliman; Nicolas Goyheneix; Sreekanth Pannala
korea institute of industrial technology,3,Korea Institute of Industrial Technology,35.20173355,126.87721165,Heejun Kim; Jo Hong Kang; Hojun Song
university of ar,3,University of AR,36.0970389,-94.1703322,Mohammad Mahmoudi; Kamel Halouani; Ezzeldin Aly
aveva,3,Aveva,51.1031262,16.9450607,Bruna Giron; Jesse Williamson; Mike Donahue
applied circular engineering and simulation group   universidad san francisco de quito usfq,3,applied circular engineering and simulation group   universidad san francisco de quito usfq,,,Andrea Landazuri; Camily Rivadeneira; Andrea C. Landázuri
granutools,3,granutools,,,Aurelien Neveu; Marco Lupo; Filip Francqui
gti energy,3,gti energy,,,Weiwei Xu; Megan Herrera; Sarath Kannan
exxonmobil technology and engineering company,3,exxonmobil technology and engineering company,,,Mohammed Abutaqiya; Yu Wang; Harnoor Kaur
apc ltd,3,APC Ltd,16.8497417,96.0796153,Melba Simon; Niall Brady; Anita Umerska
lawrence berkeley national lab,3,lawrence berkeley national lab,,,Amro Dodin; Jaeyong Lee; Sumanjeet Kaur
national cheng kung university,3,National Cheng Kung University,22.999099,120.2162295,Wei Wu; Bing-Hung Chen; Sheng-Sheng Yu
university of tennessee  knoxville,3,university of tennessee  knoxville,,,Mi Li; S Michael Kilbey; Stina Daniel
beijing university of chemical technology,3,Beijing University of Chemical Technology,40.2525863,116.1437701,Wei Sun; Jingzhi Rao; Fangyuan Ma
korea institute of energy technology,3,Korea Institute of Energy Technology,35.0099961,126.8039044,Nam Gyu Lim; Hyeok Jin Kwon; Hoang Thai Bao Ngo
alma mater studiorum - university of bologna,3,alma mater studiorum - university of bologna,,,Matteo Minelli; Virginia Signorini; Marco Giacinti Baschetti
dow inc.,3,Dow Inc.,14.4495397,120.9957662,Hulusi Turgut; David Steelman; Yujun Liu
stellenbosch university,3,Stellenbosch University,-33.9326212,18.8650551,Cara Schwarz; Cara E. Schwarz; Jafaru Egieya
national taiwan university,3,National Taiwan University,25.05578835,121.54194385,Jeffrey Ward; Jeffrey Wu; Yu-I Lin
boehringer ingelheim pharmaceuticals inc,3,boehringer ingelheim pharmaceuticals inc,,,Tao Zhang; Vidhyadhar Manee; Shuoxun Wang
nagoya university,3,Nagoya University,35.1533086,136.9677806,Mostafa Elshafie; Akihide Wakita; Tao Zou
aiche,3,AIChE,47.6756422,8.2617198,Joseph Cramer; Jeffrey Horowitz; Heather Yuengling
exxonmobil,3,ExxonMobil,51.2480381,4.3478222,Prasanna V. Joshi; Hector Ayala; Kirti Richa
university of chemistry and technology in prague,3,University of Chemistry and Technology in Prague,50.102222,14.39063,Pavel Krýsa; Viola Tokarova; Ondrej Kaspar
takeda pharmaceuticals,3,takeda pharmaceuticals,,,Chris Lowe; Braden Chiulli; Jay Gandhi
university of miami,3,University of Miami,25.7172724,-80.2787069,Ruthradharshini Murugavel; Jimmy Moreno; Abdullah Al Moinee
university of limerick,3,University of Limerick,52.67356865,-8.56909645,Harry Van den Akker; Negin Ammari; Vivek V. Ranade
villanova university,3,Villanova University,40.0367774,-75.3420233,Christopher Kitchens; Robert Hanes; Zuyi Huang
totalenergies,3,TotalEnergies,0.3854609,9.4447602,Sohaib Mohammed; Frederick de Meyer; Daniel Curulla Ferre
surface measurement systems,3,surface measurement systems,,,Connor Hewson; Sean McIntyre; Lisa Mingzhe Sun
vrije universiteit brussel,3,vrije universiteit brussel,,,Ravi Sharma; Mahsa Najafi Lahiji; Joeri Denayer
nanjing normal university,3,Nanjing Normal University,32.0550562,118.7621005,Zijia Li; He Huang; Fei Du
city college of new york,3,city college of new york,,,Lane Gilchrist; Blerina Sehitaj; Binh Nguyen
dow chemical company,3,Dow Chemical Company,54.5856558,-1.23670675,Dinesh Kumar; Shashank Kamdar; Saket Sanjay Bhargava
california state university long beach,2,California State University Long Beach,33.795004199999994,-118.12481125,Yu Yang; Chengyan Ye
the university of utah,2,The University of Utah,41.0956278,-111.9941083,Matthew Williams; Srabani Karmakar
tu graz,2,tu graz,,,Lukas Maier; Michael Mitterlindner
university of chemical technology and metallurgy,2,university of chemical technology and metallurgy,,,Dimitar Peshev; Nevena Lazarova-Zdravkova
tianjin university,2,Tianjin University,39.1072533,117.1778919,Xiaohua Ma; Michael Guiver
"california state polytechnic university, pomona",2,"California State Polytechnic University, Pomona",34.0556686,-117.8239282,Mingheng Li; Zachary Shin
"university of california, merced",2,"University of California, Merced",37.365182,-120.4225275,Bin Liu; Anand B. Subramaniam
chang gung university,2,Chang Gung University,25.03767115,121.40532285,Tesfalem Atsbha; Si-Han Peng
the cooper union,2,the cooper union,,,Jared Sealy; Isha Dave
gilead sciences,2,Gilead Sciences,48.85183275,2.2433118,Elizabeth Horstman; Apoorva Nisal
exhalix  llc,2,exhalix  llc,,,Bill J. Brooks; Debra M. Friedrichsen
german aerospace center,2,German Aerospace Center,50.8532848,7.124659,Martin Roeb; Holger Huck
university of san diego,2,university of san diego,,,Rae Robertson-Anderson; Katarina Matic
sartorius stedim north america inc,2,sartorius stedim north america inc,,,Yuji Takeda; Samin Akbari
barpimo s.a.,2,Barpimo S.A.,42.9108971,-8.5254274,Helen Zha; Surya Karla
genentech,2,Genentech,38.3901767,-121.9482113,Lucilla Coelho de Almeida; Edward Yost
tsinghua university  p r china,2,tsinghua university  p r china,,,Shuairen Qian; Ruiqi Du
fuzhou university,2,Fuzhou University,26.0614068,119.1933416,Li-Hai Fan; Qiang Guo
university of central florida,2,University of Central Florida,28.599591,-81.1971284,Shaohua Xie; Yifan Wang
posco holdings,2,posco holdings,,,Younghun Kim; Gihun Kwon
university of north carolina at chapel hill,2,University of North Carolina at Chapel Hill,35.9050353,-79.0477533,Erina Baynojir Joyee; Matthew Ryen Lockett
recibiopharm,2,recibiopharm,,,Busuyi Adebayo; Marianna Sofman
porton usa,2,porton usa,,,Jian Wang; Yuriy Abramov
california state university-bakersfield,2,California State University-Bakersfield,35.3493892,-119.1033969,Zhongzhe Liu; Liaosha Song
tonkomo llc,2,tonkomo llc,,,Anna Lee Tonkovich; Eric Daymo
university of illinois urbana champaign,2,university of illinois urbana champaign,,,Anaira Roman Santiago; Antonia Statt
university of innsbruck,2,University of Innsbruck,47.2633159,11.3844733,Christian Wachsmann; Julia Amplatz
university of iowa aiche student chapter,2,university of iowa aiche student chapter,,,Riley Coulter; Anna Blobaum
dsm-firmenich,2,DSM-Firmenich,46.1772613,6.0064557,Taliehsadat Alebrahim; Novin Mehrabi
university of liege,2,University of Liege,50.6368602,5.5624252,Geoffroy Lumay; Benoit Heinrichs
university of new haven,2,University of New Haven,41.27402215,-72.9761542,Dequan Xiao; Huan Gu
university of nebraska lincoln,2,university of nebraska lincoln,,,Edward Stone; Simon Johnson
national science foundation,2,National Science Foundation,6.9049547,79.8701128,Steven Peretti; Jeanne VanBriesen
chiba institute of technology,2,Chiba Institute of Technology,35.6888667,140.0211756,Kazuhiko Nishi; Yoshimitsu Uemura
university of naples federico ii,2,university of naples federico ii,,,Maria Portarapillo; Danilo Russo
mathworks,2,Mathworks,42.3000136,-71.350891,Aycan Hacioglu; Hossein Jooya
university of mississippi medical center,2,University of Mississippi Medical Center,32.3309299,-90.1723002,Chipo Chapusha; Sheetal Chowdhury
famu-fsu college of engineering  florida state university,2,famu-fsu college of engineering  florida state university,,,Xingchi Chen; Sailesti Joshi
u s  dept  of energy,2,u s  dept  of energy,,,Steven Rowan; Jared Ciferno
sapienza university of rome,2,sapienza university of rome,,,Valentina Biagioni; Maria Anna Murmura
university of alabama in huntsville,2,University of Alabama in Huntsville,34.70024513333333,-86.65110853333334,Agnieszka Truszkowska; David Harris
fda,2,FDA,6.0819016,-8.1441751,Kanny Wan; Huiquan Wu
dr  vishwanath karad mit world peace university,2,dr  vishwanath karad mit world peace university,,,Shravani Gajendragad; Vivek Chakraborty
university of maribor,2,University of Maribor,46.5592325,15.6432937,Jan Puhar; Annamaria Vujanović
mars  inc,2,mars  inc,,,Allison Lin; Harold Schmitz
brookhaven national laboratory,2,Brookhaven National Laboratory,40.87930865,-72.85765635,Yong Yuan; Mueed Ahmad
boise state university,2,Boise State University,43.6032821,-116.19941,Eric Jankowski; Chris Jones
the university of oklahoma,2,The University of Oklahoma,35.47989685,-97.49737655,Gabriel Barbosa; Eduarda Barros de Oliveira
boston university,2,boston university,,,Robert A. Brown; Erica Pratt
brewer science  inc,2,brewer science  inc,,,Walter Barnes; Zhiqiang Fan
rochester institute of technology,2,rochester institute of technology,,,Obioma Uche; Poornima Padmanabhan
the university of southern mississippi,2,The University of Southern Mississippi,30.3528503,-89.1377831,Anthony Griffin; Paul Smith
mork family department of chemical engineering and materials science  university of southern california,2,mork family department of chemical engineering and materials science  university of southern california,,,Mohammad Bazmi; Farnaz Tabarkhoon
baylor university,2,Baylor University,31.550434,-97.1102906,Min Pack; Riley Choquette
research center pharmaceutical engineering gmbh,2,research center pharmaceutical engineering gmbh,,,Andreas Kottlan; Nick Morse
university of guelph,2,University of Guelph,43.5327864,-80.2249974,Manjusri Misra; Amar K. Mohanty
university of maryland baltimore county,2,university of maryland baltimore county,,,Luis Carlos Pinzon-Herrera; Pavankumar Umashankar
hovione farmaciência s a,2,hovione farmaciência s a,,,Ines Rocha; Maria Paisana
yokohama national university,2,Yokohama National University,35.4737978,139.5900454,Mehak Jain; Takemi Shinkai
yonsei university,2,yonsei university,,,Yongmin Lee; Byungchan Han
department of chemical and biomolecular engineering  lehigh university,2,department of chemical and biomolecular engineering  lehigh university,,,Zeyuan Sun; Haoze Ren
université de sherbrooke,2,Université de Sherbrooke,45.374731,-71.9303566,Esma Ines Achouri; Nicolas Abatzoglou
suny esf,2,suny esf,,,Shijie Liu; Antonio Franco Aguado
suny college of environmental science and forestry,2,suny college of environmental science and forestry,,,Md Shahadat Hossain; Dwyer Stuart
hongik university,2,Hongik University,37.56100883333333,126.98620790666668,Gebremedhn Gebremichael; Donghyeon Lee
texas aandm international university,2,Texas A&M International University,27.5722485,-99.4325843,Heriberto Garcia; Khoa Tran
eaton corporation,2,Eaton Corporation,42.83977,-93.6037789,Monoj Ghosh; Rob Nunley
utah state university,2,Utah State University,41.7526959,-111.808733,Foster Agblevor; Hamza Abdellaoui
heriot-watt university,2,Heriot-Watt University,55.93115233333333,-3.2497418,Peter Cummings; Ahmed Salem
hebei university of science and technology,2,Hebei University of Science and Technology,37.9774255,114.5156097,Ahsan ul haq Qurashi; Abdallah S. Berrouk
3p instruments,2,3P Instruments,32.9301854,-96.7519165,Joe Domingue; Sebastian Ehrling
illinois state geological survey,2,illinois state geological survey,,,Carl Carman; Kendall Taft
universidad nacional autónoma de méxico,2,universidad nacional autónoma de méxico,,,Norma A. Valdez-Cruz; Mauricio A. Trujillo-Roldán
3m company,2,3M Company,41.3079575,-96.3382383,Hyunki Kim; Neeraj Borker
southern illinois university edwardsville,2,Southern Illinois University Edwardsville,38.7941616,-90.0002789,Seyi Akoko; Abdullahi Adeto Inaolaji
univ of alabama birmingham,2,UNIV OF ALABAMA BIRMINGHAM,33.5016153,-86.8060476,Robert Peters
northumbria university,2,Northumbria University,54.979120575,-1.610900125,Ben Xu; Qiumei Jing
widener university,2,Widener University,39.8606395,-75.3565932,Dipendu Saha; Annie Miloser
dartmouth college,2,Dartmouth College,43.69147315,-72.2763655,Yunjia Zhang; Wenlin Zhang
american university of the middle east,2,American University of the Middle East,29.1640713,48.099383,Eldhose Iype; Ozgen Yalcin
waseda university,2,waseda university,,,Masahiko Matsukata; Motomu Sakai
old dominion university,2,Old Dominion University,36.8862699,-76.3097248,Isamu Umeda; Sandeep Kumar
srm institute of science and technology,2,SRM Institute of Science and Technology,12.8234361,80.0450412,Sam David Swaminathan; Jiwoo Lee
duke university,2,Duke University,36.0001557,-78.9442297,Dongheon Lee; Emma Chory
united cleanup oak ridge llc,2,united cleanup oak ridge llc,,,Brad Russell; Ethan Garland
takeda pharmaceutical company limited,2,takeda pharmaceutical company limited,,,Michael Skoumal; Zoe Horton
air force research laboratory,2,air force research laboratory,,,Arthur Sloan; Anesia Auguste
air products,2,Air Products,51.1543176,3.7897645,Roger D. Whitley; Gaurab Samanta
takeda development center americas  inc,2,takeda development center americas  inc,,,Guanghui Zhu; Neda Nazemifard
iit kharagpur,2,IIT Kharagpur,22.3144275,87.310392,Rahul Kumar; Narendra Singh Choudhary
dupont,2,DuPont,47.0990689,-122.637546,Scott Collick; Senyo Opong
syracuse university,2,syracuse university,,,Nora Prosak; Jesse Bond
universiti teknologi malaysia utm,2,Universiti Teknologi Malaysia (UTM),1.5585223,103.6399138,Vasantha Nayagam; Hesham El Enshasy
durban university of technology south africa,2,Durban University of Technology South Africa,-29.6458441,30.3501321,Riona Indhur; Stephen Akpasi
ansys,2,ansys,,,Hossam Metwally; Luke Munholand
uc davis,2,uc davis,,,Alejandro Gallegos Tovar; Jennifer Curtis
vertex pharmaceuticals,2,vertex pharmaceuticals,,,Qinglin Su; Yaser Bozorgi
guangdong technion israel institute of technology,2,Guangdong Technion Israel Institute of Technology,23.4125696,116.636155,Peng Xu; Yiting Xiao
graz university of technology,2,Graz University of Technology,47.0494299,15.441566266666667,Max Vogi; Rafaela Greil
center for interdisciplinary research and innovation of aristotle university of thessaloniki,2,center for interdisciplinary research and innovation of aristotle university of thessaloniki,,,Nafsika Papaioannou; Achilleas Karakoltzidis
rutgers,2,Rutgers,40.5204169,-74.4645303,Ali Ukperaj; Maria Tomassone
chemical engineering department  universidad michoacana de san nicolás de hidalgo,2,chemical engineering department  universidad michoacana de san nicolás de hidalgo,,,Francisco Javier López Flores; Cesar Ramírez-Márquez
northern arizona university,2,northern arizona university,,,Adam Sjolund; Stephano Sinyangwe
nihon university,2,Nihon University,35.7031676,139.74115154999998,Katsumi Tochigi; Hiroyuki Matsuda
clariant corporation,2,clariant corporation,,,Vladimir Fridman; Morgan Engelmeyer
key laboratory of coal gasification and energy chemical engineering of ministry of education  shanghai engineering research center of coal gasification  east china university of science and technology,2,key laboratory of coal gasification and energy chemical engineering of ministry of education  shanghai engineering research center of coal gasification  east china university of science and technology,,,Liang Zhang; Shicheng Wang
kbc advanced technologies inc,2,kbc advanced technologies inc,,,Wajid Shaik; Ghoncheh Rasouli
the hong kong polytechnic university,2,the hong kong polytechnic university,,,JIanyu Guan; Shao-Yuan Leu
kangwon national university,2,Kangwon National University,37.8672582,127.7447487,Seung-Soo Kim; Sanjit Gaikwad
university of oregon,2,University of Oregon,44.0444197,-123.0717603,Danielle Benoit; Paul Kempler
johnson screens  inc,2,johnson screens  inc,,,Gene Eberhardt; Kevin Chase
saint louis university main campus - parks college of engineering  aviation and technology,2,saint louis university main campus - parks college of engineering  aviation and technology,,,Kevin Noonan; Danahe Marmolejo
university of pau,2,University of Pau,43.3146145,-0.3653306,Juan Heringer; Dan Vladimir Nichita
artie mcferrin department of chemical engineering  texas aandm university,2,artie mcferrin department of chemical engineering  texas aandm university,,,Ifeoluwa Babalola; Swaminathan Sundar
politecnico di milano,2,Politecnico di Milano,45.0468832,9.7030881,Matteo Maestri; Enrico Tronconi
universidad de los andes,2,universidad de los andes,,,Johan Leon; Nicolas Iglesias Giraldo
pohang university of science and technology,2,Pohang University of Science and Technology,36.0180795,129.3208556,Sujin Kim; ByeongJo Shim
tennessee tech university,2,Tennessee Tech University,36.1748736,-85.5089051,Mohammad J Seyed Sabour; Sahera Abumariam
centro de investigação de montanha   instituto politécnico de bragança  campus de santa apolónia  5300-253,2,centro de investigação de montanha   instituto politécnico de bragança  campus de santa apolónia  5300-253,,,Adriano Henrique; Lucas Zafanelli
university of vermont,2,University of vermont,44.4737365,-73.1941468,Omid Sedighi; Monireh Dehabadi
netl,2,NETL,52.6830181,5.8732297,Isaac Gamwo; Vyacheslav Romanov
instituto de investigaciones biomédicas  universidad nacional autónoma de méxico,2,instituto de investigaciones biomédicas  universidad nacional autónoma de méxico,,,Jessica Sánchez-Vargas; Mauricio A. Trujillo-Roldán
njit,2,njit,,,Nicole Szponar; Mason Brown
institution,2,Institution,0.3120733,32.58589165,Kangseop Kim; Hyeone Lee
institute of zhejiang university-quzhou,2,institute of zhejiang university-quzhou,,,Zheng Yang; Jintang Duan
universidad de los andes  carrera,2,universidad de los andes  carrera,,,Alejandra Vargas-Beltrán; Juan F. Saldarriaga
institute of hydrodynamics of the cas,2,institute of hydrodynamics of the cas,,,Jan Haidl; Ondrej Gebousky
central michigan university,2,Central Michigan University,43.58355,-84.7746308,Emad Sanei; Yasna Mortezaei
u.s. department of energy,2,U.S. Department of Energy,38.887938875,-77.0324304125,Bhima Sastri; Maressa Brennan
corteva agriscience,2,Corteva Agriscience,41.6704889,-93.715464,Navraj Hanspal; Venkat Bhamidi
school of chemistry  chemical engineering and biotechnology  nanyang technological university,2,school of chemistry  chemical engineering and biotechnology  nanyang technological university,,,Ari Fischer; Sainan Zhao
clariant,1,clariant,,,Teerawit Prasomsri
uctm,1,UCTM,42.6587444,23.3571228,Chavdar Chilev
city college of new york  cuny,1,city college of new york  cuny,,,Darjan Podbevšek
ulsan national institute of science and technology,1,ulsan national institute of science and technology,,,Changgwon Choe
uin sunan kalijaga yogyakarta,1,UIN sunan kalijaga yogyakarta,-7.7857048,110.3942909,Didik Krisdiyanto
umass amherst,1,umass amherst,,,Henning Winter
unal-med student chapter in colombia,1,unal-med student chapter in colombia,,,Aura Ramirez
citrine informatics,1,citrine informatics,,,Mark Sullivan
univ of ar,1,univ of ar,,,Jackson Black
universidad autónoma metropolitana unidad iztapalapa,1,universidad autónoma metropolitana unidad iztapalapa,,,Gabriel Contreras-Zarazúa
universidad de las americas puebla,1,Universidad de las Americas Puebla,19.0544632,-98.284968,Rosa Henandez-Lopez
chevron technical center,1,chevron technical center,,,Hariprasad J. Subramani
ucb pharma s.a.,1,UCB Pharma S.A.,50.6918016,4.3405796,Efty Hadjittofis
chemical engineering department  faculty of engineering  cairo university,1,chemical engineering department  faculty of engineering  cairo university,,,Amr Abdelghany
chevron research,1,Chevron Research,30.4619848,-97.7934639,Elizabeth Jensen
ucsd  nanoengineering department,1,ucsd  nanoengineering department,,,Kaibiao Wang
corporate research and development  sabic,1,corporate research and development  sabic,,,Abdulrahman Alzailaie
crystallization design institute  molecular sciences research center  university of puerto rico,1,crystallization design institute  molecular sciences research center  university of puerto rico,,,Torsten Stelzer
csir - indian institute of chemical technology,1,csir - indian institute of chemical technology,,,Venugopal Akula
technion israel institute of technology,1,Technion Israel Institute of Technology,32.7768128,35.0225446,Brian Welch
technische universiteit delft,1,technische universiteit delft,,,Jana Weber
tecnologico nacional de mexico campus aguascalientes,1,tecnologico nacional de mexico campus aguascalientes,,,Sinue Arnulfo Tovar-Ortiz
telescope innovations corp,1,telescope innovations corp,,,Junliang Liu
tennessee technological university,1,tennessee technological university,,,Shafieh Karami
terasaki institute,1,terasaki institute,,,Alireza Hassani Najafabadi
texas a and m,1,texas a and m,,,Hesan Elfaki
texas aandm university - corpus christi,1,Texas A&M University - Corpus Christi,27.7127513,-97.3233877,Richard Coffin
the better meat co,1,the better meat co,,,Paul Shapiro
the chemours company,1,the chemours company,,,Christian Jungong
"the chinese university of hong kong, shenzhen",1,"The Chinese University of Hong Kong, Shenzhen",22.6910685,114.207366,Qi Zhang
the webb schools,1,the webb schools,,,Ruotong Gao
sunthetics,1,sunthetics,,,Daniela Blanco
suny   buffalo,1,suny   buffalo,,,Amit Goyal
sutro biopharma,1,sutro biopharma,,,Vikas Patil
swinburne univ of technology,1,swinburne univ of technology,,,Richard Sadus
syntegon technology gmbh,1,Syntegon Technology GmbH,48.823336,9.2939815,Thomas Brinz
taiyo nippon sanso corporation,1,taiyo nippon sanso corporation,,,Kazutoshi Ishizaki
tamuq,1,tamuq,,,Suhde Makki
technical university of darmstadt,1,technical university of darmstadt,,,Danny Stark
suncat center for interface science and catalysis  department of chemical engineering  stanford university,1,suncat center for interface science and catalysis  department of chemical engineering  stanford university,,,Pooja Basera
dastur energy  inc,1,dastur energy  inc,,,Soukarsa Das
david a  rockstraw  ph  d   p  e   inc,1,david a  rockstraw  ph  d   p  e   inc,,,David Rockstraw
department of biochemistry  university of illinois at urbana-champaign,1,department of biochemistry  university of illinois at urbana-champaign,,,Yuwei Pan
department of chemical and biomolecular engineering  new york university tandon school of engineering  brooklyn  new york  11201  usa,1,department of chemical and biomolecular engineering  new york university tandon school of engineering  brooklyn  new york  11201  usa,,,Dustin Britton
department of chemical and biomolecular engineering  university of california  irvine,1,department of chemical and biomolecular engineering  university of california  irvine,,,Tharini Siddappa
department of chemical and biomolecular engineering  university of delaware  newark,1,department of chemical and biomolecular engineering  university of delaware  newark,,,Tristan Myers
suncat center for interface science and catalysis  slac national accelerator laboratory,1,suncat center for interface science and catalysis  slac national accelerator laboratory,,,Michael Tang
climeworks,1,climeworks,,,Aaron Moran
coanda research and development corporation,1,coanda research and development corporation,,,Clara Gomez
totalenergies cstjf,1,totalenergies cstjf,,,Lingfei Xu
trinity college dublin,1,trinity college dublin,,,Rebekah Wells
tu delft,1,TU Delft,52.016043475,4.358393925,Gabriel Meesters
tu dortmund university,1,TU Dortmund University,51.4914844,7.4122739,Gabriele Sadowski
tunghai university,1,Tunghai University,24.1788982,120.6045034,Jo-Shu Chang
tuskegee university,1,Tuskegee University,32.4301095,-85.7067335,Shahryar Jafarinejad
twelve,1,Twelve,-33.9808333,18.3852778,Kendra Kuhl
u s  army,1,u s  army,,,Trenton Tovar
u s  army devcom chemical biological center,1,u s  army devcom chemical biological center,,,David Garcia
u s  army engineer research and development center,1,u s  army engineer research and development center,,,Audie Thompson
u s dept  of energy,1,u s dept  of energy,,,William Aljoe
u.s. army,1,U.S. Army,40.6009249,-74.0599166,Alexa Lynch
corning incorporated,1,corning incorporated,,,Sandeep Viswanathan
curtin university,1,curtin university,,,Arash Arami-Niya
the university of manchester,1,The University of Manchester,51.5723682,-1.3114537,Mohammed Alsubeihi
the university of queensland  australia,1,the university of queensland  australia,,,Deepti Mishra
the university of texas at el paso,1,The University of Texas at El Paso,31.7757047,-106.5062875,Zachary Chanoi
the university of texas at san antonio,1,the university of texas at san antonio,,,Pearl Martisek
the university of trinidad and tobago o meara camp,1,the university of trinidad and tobago o meara camp,,,Festus Addo-Yobo
ucr,1,ucr,,,Xiaoyang Zhao
tokyo university of agriculture and technology,1,Tokyo University of Agriculture and Technology,35.699409,139.5184397,Tetsuya Wada
the cyprus institute,1,The Cyprus Institute,35.1409611,33.3811819,Wojciech Lipinski
the ohio state university wexner medical center,1,the ohio state university wexner medical center,,,Xilal Rima
colombian petroleum institute   ecopetrol s a,1,colombian petroleum institute   ecopetrol s a,,,Ariel Uribe-Rodriguez
colorado school of mines - cbe,1,colorado school of mines - cbe,,,Kevin Cash
columbia univeresity,1,columbia univeresity,,,Farid Khoury
continuus pharmaceuticals,1,continuus pharmaceuticals,,,Wei Wu
cooper union for the advancement of science and art,1,cooper union for the advancement of science and art,,,Rachel Lee
csu- long beasch and fresno city college,1,csu- long beasch and fresno city college,,,Ashok Naimpally
university of tennessee-oak ridge innovation institute,1,university of tennessee-oak ridge innovation institute,,,Dwaipayan Dasgupta
university of tennessee-knoxville,1,university of tennessee-knoxville,,,Yunxuan Wang
university of tennessee oak ridge national lab,1,university of tennessee oak ridge national lab,,,Thomas Zawodzinski
university of são paulo,1,University of São Paulo,-23.550206033333332,-46.70192036666666,Patience Bello Shamaki
university of surrey,1,University of Surrey,51.2430782,-0.5900545,Madeleine Bussemaker
université de lorraine,1,université de lorraine,,,Maria Cares
université claude bernard lyon i,1,université claude bernard lyon i,,,Melaz Tayakout-Fayolle
université catholique de louvain   place l  pasteur 1,1,université catholique de louvain   place l  pasteur 1,,,Richa Tomer
chapman university,1,chapman university,,,E. Daniel Cárdenas-Vásquez
university of wisconsin-milwaukee,1,University of Wisconsin-Milwaukee,43.0742429,-87.8896416,Junjie Niu
university of wisconsin   madison,1,university of wisconsin   madison,,,Wenjia Wang
university of wisconsin,1,University of Wisconsin,44.7987719,-91.5069963,Mai Ngo
university of utah  assistant professor,1,university of utah  assistant professor,,,Kerry Kelly
university of twente,1,university of twente,,,Natalia Cano
university of the witwatersrand  johannesburg,1,university of the witwatersrand  johannesburg,,,Craig Sheridan
university of the witwatersrand,1,University of the Witwatersrand,-26.1888766,28.0247912,Neil Stacey
university of texas rio grande valley,1,University of Texas Rio Grande Valley,26.3071534,-98.1728187,Jikai Zhao
università degli studi di padova,1,Università degli Studi di Padova,45.4066496,11.8774407,Silvia Pelucchi
university of southern maine,1,University of Southern Maine,43.6832708,-70.4496829,Scott Eaton
university of science and technology of china,1,University of Science and Technology of China,31.8234166,117.2758194,Wuhuan Li
university of science and technology,1,University of Science and Technology,15.3705392,44.1750664,Kang-Seok Go
university of ribeirão preto,1,university of ribeirão preto,,,Gianpaolo Barci
university of queensland,1,University of Queensland,-27.5087934,153.02560985,Byron Villacorta
university of puerto rico medical science campus,1,university of puerto rico medical science campus,,,Torsten Stelzer
university of pretoria,1,University of Pretoria,-25.73856225,28.1983628,Michael Daramola
university of patras,1,University of Patras,38.2869279,21.7851062,Sophia Minadaki
anton paar gmbh,1,anton paar gmbh,,,Denis Schütz
bms,1,BMS,42.7675202,12.7515343,Rachel Janes
bits pilani k k birla goa campus,1,bits pilani k k birla goa campus,,,Sundari Ramji
armi biofab usa,1,armi biofab usa,,,Jennifer Macdonald
arkansas state university,1,Arkansas State University,35.8447472,-90.6726256,Jianfeng Xu
arish university and egyptian russian university,1,arish university and egyptian russian university,,,Ahmed Mahmoud
ardent process technologies,1,ardent process technologies,,,Robert DeJaco
arba minch university,1,Arba Minch University,6.0659447,37.5600365,Haftu Alemayehu
aramco americas,1,aramco americas,,,John Yang
university of nottingham,1,University of Nottingham,52.9366805,-1.1851735666666667,Agnes Anuka
worldwide research and development  pfizer products india pvt ltd,1,worldwide research and development  pfizer products india pvt ltd,,,Pankaj Doshi
worldwide research and development  pfizer inc,1,worldwide research and development  pfizer inc,,,Marta Moreno Benito
ahmedabad univeristy,1,ahmedabad univeristy,,,Ramya Srinivasan
advanced cooling technologies  inc,1,advanced cooling technologies  inc,,,Robin Pham
abu dhabi university,1,Abu Dhabi University,24.3665244,54.5647253,Ioannis Zuburtikudis
amirkabir university of technology,1,Amirkabir University of Technology,35.7263664,51.3955131,Mohsen Khorsand
amgen,1,Amgen,23.0726689,72.5941167,Margaret Faul
alterra,1,Alterra,20.573732,-101.2167056,Sheldon Cotts
asu,1,asu,,,Jared Nettles
alice - associate laboratory in chemical engineering  faculty of engineering  university of porto,1,alice - associate laboratory in chemical engineering  faculty of engineering  university of porto,,,Paulo Carmo
alexandria university and egyptian russian university,1,alexandria university and egyptian russian university,,,E. Khamis
alexandria university,1,alexandria university,,,Mayar Tarek
aix marseille university,1,aix marseille university,,,Isabelle Beurroies
volkswagen group of america,1,volkswagen group of america,,,Hendrik Mainka
vivodyne  inc,1,vivodyne  inc,,,Jonathan H. Galarraga
visvesvaraya national institute of technology nagpur,1,Visvesvaraya National Institute of Technology Nagpur,21.1260842,79.0497523,Diwakar Shende
vishwamitra research institute,1,vishwamitra research institute,,,Urmila Diwekar
altair engineering,1,Altair Engineering,42.562319,-83.1116915,Stefan Pantaleev
veranova,1,veranova,,,Ankur Kapil
ventus therapeutics,1,ventus therapeutics,,,Nate Abraham
varda space industries,1,varda space industries,,,Adrian Radocea
vaccine production program  nih niaid,1,vaccine production program  nih niaid,,,Sean Mack
uw-madison,1,uw-madison,,,Mary Schilling
uw madison,1,uw madison,,,Prajakta Dongre
usda-ars,1,usda-ars,,,Yaseen Elkasabi
usda forest products laboratory,1,usda forest products laboratory,,,Prajakta Dongre
worley group,1,worley group,,,Avinashkumar Karre
us army engineer research and development center,1,us army engineer research and development center,,,Jesse Roberts
uppsala university,1,Uppsala University,59.8576363,17.6294616,Alexandra Teleki
uofa,1,uofa,,,Shang Jiang
aalborg university,1,Aalborg University,57.0159071,9.9753082,Tanmay Chaturvedi
yeungnam university,1,Yeungnam University,35.828022,128.7572223,Sang W. Joo
yantai university,1,Yantai University,37.4335887,121.5165087,Yupeng Du
yamaguchi university,1,yamaguchi university,,,Kenichiro Tanoue
xian jiaotong university,1,Xi'an Jiaotong University,34.249322799999995,108.98010896666666,Menglin Liu
us doe national energy technology laboratory,1,us doe national energy technology laboratory,,,Ali Sekizkardes
center for synthetic biology,1,center for synthetic biology,,,Margaret Guilarte-Silva
center for structural molecular biology  oak ridge national laboratory,1,center for structural molecular biology  oak ridge national laboratory,,,Sai Venkatesh Pingali
center for environmentally beneficial catalysis,1,center for environmentally beneficial catalysis,,,Nigel Twi-Yeboah
celanese,1,Celanese,34.2834261,-85.1607836,Adam Gottlieb
ccny grove school of engineering,1,ccny grove school of engineering,,,Sistine Angela Padon
university college dublin  ireland,1,university college dublin  ireland,,,Mriganka Mondal
university of fribourg,1,University of Fribourg,46.793058,7.157106,Marco Lattuada
university of florida student chapter,1,university of florida student chapter,,,Flynn Baliton
university of notredame southbend,1,university of notredame southbend,,,Vivek Yadav
university of engineering and technology lahore,1,University of Engineering and Technology Lahore,31.4631818,73.2543186,Sadiya Mushtaq
university of copenhagen,1,University of Copenhagen,55.6801502,12.572327,Satyasaran Changdar
university of chile,1,university of chile,,,Irene Martinez
university of canterbury,1,University of Canterbury,-43.5240894,172.5803004,Matthew Watson
university of cantabria,1,University of Cantabria,43.4714973,-3.8018803,Sudip Chakraborty
chemical and biomolecular engineering  university of delaware,1,chemical and biomolecular engineering  university of delaware,,,Charlotte Gottilla
chemical and biological engineering  iowa state university,1,chemical and biological engineering  iowa state university,,,Onyeka Onyenemezu
department of chemical and petroleum engineering  university of kansas,1,department of chemical and petroleum engineering  university of kansas,,,Leila Fereidooni
university of erlangen-nuremberg,1,university of erlangen-nuremberg,,,Wolfgang Peukert
uconn,1,uconn,,,Venkatraman Nagarajan
ucl,1,ucl,,,Peyman Z. Moghadam
university college cork,1,University College Cork,51.8947384,-8.4903073,Daniel Casaban Padrino
university at buffalo  state university of new york,1,university at buffalo  state university of new york,,,Sriram Neelamegham
universite de toulouse,1,universite de toulouse,,,Micheline Abbas
universite de pau et des pays de l adour  e2s uppa  latep,1,universite de pau et des pays de l adour  e2s uppa  latep,,,Alix Untrau
universite catholique de louvain,1,Universite Catholique de Louvain,50.84135353333334,4.3945249,Geoffroy Hautier
universiry college london,1,universiry college london,,,Aurora Cavaliere
center of excellence for aerospace particulate emissions reduction research missouri sandt  65409,1,center of excellence for aerospace particulate emissions reduction research missouri sandt  65409,,,Godwin Ogbuehi
universidad nacional mayor de san marcos,1,universidad nacional mayor de san marcos,,,Claudia N. Sierra Huallpayunca
universidad nacional de ingeniería,1,universidad nacional de ingeniería,,,Gustavo Perez
universidad nacional de colombia   sede medellín  facultad de minas,1,universidad nacional de colombia   sede medellín  facultad de minas,,,Luis F. Vallejo-Molina
universidad michoacana de san nicolás de hidalgo,1,Universidad Michoacana de San Nicolás de Hidalgo,19.6892955,-101.2066338,Luis Fernando Lira-Barragán
universidad industrial de santander,1,Universidad Industrial de Santander,7.1409311,-73.1198652,Giovanni Morales Medina
universidad del atlántico,1,Universidad del Atlántico,25.9764525,-98.0792578,Martin Guerrero
century therapeutics,1,century therapeutics,,,Gregory Rusotti
central south university,1,central south university,,,Ge Li
universidade federal de são carlos,1,Universidade Federal de São Carlos,-21.9834422,-47.8806644,Francisco Murilo Tavares de Luna
university of hawaiʻi at mānoa,1,University of Hawaiʻi at Mānoa,21.2982795,-157.8186932,Chrisy Xiyu Du
university of natural resources and life sciences,1,university of natural resources and life sciences,,,Tobias Pröll
university of missouri - columbia,1,university of missouri - columbia,,,Emma McDougal
university of maryland baltimore,1,university of maryland baltimore,,,Yiling Nan
university of liverpool,1,University of Liverpool,53.4072429,-2.9658337,Isaiah Borne
broad institute of mit and harvard,1,broad institute of mit and harvard,,,Allen Jiang
brimstone energy,1,brimstone energy,,,Joshua W. Allen
"bit mesra, ranchi - 835215",1,"BIT Mesra, Ranchi - 835215",23.4175695,85.4394094,Dr. Aniruddha Deb
carnegie mellon univeristy,1,carnegie mellon univeristy,,,Arsh Bhatia
biosystem and agricultural engineering  university of kentucky,1,biosystem and agricultural engineering  university of kentucky,,,Gary Lopez
biomade,1,biomade,,,Penny Norquist
biofine technology llc,1,biofine technology llc,,,Stephen Fitzpatrick
battelle memorial institute,1,battelle memorial institute,,,Jared Hawkins
bascat - unicat basf jointlab - tu berlin,1,bascat - unicat basf jointlab - tu berlin,,,Emre Turan
barnard college,1,barnard college,,,Megan Jen
badr university in cairo,1,badr university in cairo,,,Mohamed Mostafa
avnos  inc,1,avnos  inc,,,JR Johnson
bipc,1,BIPC,30.435736,49.1063427,Michael Stephenson
carnegie institution for science,1,carnegie institution for science,,,Neda Fakhimi
carbotech ac gmbh,1,carbotech ac gmbh,,,Aleksandra Marcinek
carbon america,1,carbon america,,,Jonathan Stickel
cape breton university,1,Cape Breton University,46.1679892,-60.0905367,Muhammad Jujuly
canmetenergy,1,canmetenergy,,,Tingyong Xing
caltech institute of technology,1,Caltech Institute of Technology,34.1370138,-118.1252883,Haochen Zhang
california inst of technology,1,california inst of technology,,,John Brady
california baptist university,1,california baptist university,,,Priscilla Lee
university of illinois,1,University of Illinois,40.094607692857146,-88.21349916428572,Bahadir Rusen Argun
butler university,1,butler university,,,Shea Bailey
university of hawaii,1,University of Hawaii,21.3320662,-157.9218882,Garrett Roell
braskem america,1,Braskem America,29.7077186,-95.0784345,Rajarshi Bandyopadhyay
borsodchem ltd,1,borsodchem ltd,,,Benjámin Csorba
bogazici university,1,Bogazici University,41.0832733,29.0505009,Betul Uralcan
boehringer ingelheim pharmaceuticals  inc,1,boehringer ingelheim pharmaceuticals  inc,,,Na Yao
boehringer ingelheim,1,Boehringer Ingelheim,19.3038519,-99.13449406666666,Fredrik Nordstrom
university of leeds,1,University of Leeds,53.8057925,-1.555111,Andrew Bayly
c-sops  department of chemical and biochemical engineering  rutgers  the state university of new jersey,1,c-sops  department of chemical and biochemical engineering  rutgers  the state university of new jersey,,,James Scicolone
laboratoire réactions et génie des procédés  université de lorraine  cnrs,1,laboratoire réactions et génie des procédés  université de lorraine  cnrs,,,Alex Lemarinel
kyushu university,1,Kyushu University,33.6707768,130.4444986,Masahiro Goto
kyungpook national university,1,Kyungpook National University,35.8905697,128.6108553,Hyungseok Nam
kyoto institute of technology,1,Kyoto Institute of Technology,35.00920706666667,135.77106473333333,Yoichi Kumada
kuwait university,1,Kuwait University,29.344252,48.0833926,Osamah Alomair
kumamoto university,1,Kumamoto University,32.8164178,130.7270397,Armando Quitain
krict,1,krict,,,Jinju Lee
koreatech,1,KOREATECH,36.7635507,127.281751,Taeyong Kim
google,1,google,,,Utkarsh Shah
school of chemical and biomolecular engineering  georgia institute of technology,1,school of chemical and biomolecular engineering  georgia institute of technology,,,Jacob Sweet
florida agricultural and mechanical university,1,florida agricultural and mechanical university,,,Simeon Newman
figure 8 environmental,1,figure 8 environmental,,,Ken Tasaki
fei,1,FEI,45.7647019,8.2499183,Ricardo Torres
federal university of agriculture,1,federal university of agriculture,,,Enock Dare
fau erlangen-nürnberg,1,FAU Erlangen-Nürnberg,49.6015012,11.0176956,Pierre Cautaerts
fau,1,FAU,26.3743445,-80.1027236,Alexander Ditter
faculty of new sciences and technologies  university of tehran,1,faculty of new sciences and technologies  university of tehran,,,Leila Fereidooni
facultad de química,1,facultad de química,,,David Posadas Navarro
"faculdade de engenharia, universidade do porto",1,"Faculdade de Engenharia, Universidade do Porto",41.1784933,-8.5961974,Diogo Rodrigues
global manufacturing engineer iff,1,global manufacturing engineer iff,,,Erik Gommeren
jsol corporation,1,jsol corporation,,,Hiroya Nitta
johnson matthey,1,Johnson Matthey,53.0436493,-2.1973036,Jack I'Anson
johns hopkins university school of medicine,1,johns hopkins university school of medicine,,,Honggang Cui
jiangnan university,1,Jiangnan University,31.4851218,120.2673352,Qiang Wang
jhu,1,jhu,,,Sangmoo Jeong
harvey mudd college,1,harvey mudd college,,,Ananya Venkatachalam
harvard medical school brigham and women s hospital,1,harvard medical school brigham and women s hospital,,,Sohyung Lee
harris lab at purdue university,1,harris lab at purdue university,,,Jad Khansa
georgia southern university,1,Georgia Southern University,32.4214381,-81.7845053,Sidong Lei
laboratório associado para a sustentabilidade e tecnologia em regiões de montanha   instituto politécnico de bragança  campus de santa apolónia  5300-253,1,laboratório associado para a sustentabilidade e tecnologia em regiões de montanha   instituto politécnico de bragança  campus de santa apolónia  5300-253,,,Adriano Henrique
genetic engineering and biotechnology research division  national research centre,1,genetic engineering and biotechnology research division  national research centre,,,Shimaa R. Hamed
freeman technology,1,Freeman Technology,40.5206252,-111.9448791,Amalia Thomas
forge nano,1,forge nano,,,Brandon Castro
korea institute of science and technology  korea university,1,korea institute of science and technology  korea university,,,Sang Soo Han
koch institute for integrative cancer research,1,koch institute for integrative cancer research,,,Namita Nabar
kitech,1,kitech,,,Duyoung Choi
king mongkuts institute of technology ladkrabang,1,King Mongkut's Institute of Technology Ladkrabang,13.7299068,100.7829827,Bunyarit Meksiriporn
king khalid university,1,king khalid university,,,Mohammed Almesfer
lakril technologies corporation,1,lakril technologies corporation,,,Christopher Nicholas
lakehead university,1,Lakehead University,48.4203116,-89.2623395,Pedram Fatehi
georgetown university,1,georgetown university,,,Lucas Hildebrand Pires da Cunha
mit energy initiative  massachusetts institute of technology,1,mit energy initiative  massachusetts institute of technology,,,Jun Wen Law
mit energy initiative,1,mit energy initiative,,,Christopher Douglas
mission possible partnership,1,mission possible partnership,,,Gayle Gibson
ming chi university of technology,1,ming chi university of technology,,,Chao-Lin Liu
milliporesigma,1,milliporesigma,,,Ettigounder Ponnusamy
mid-atlantic technology  research and innovation center,1,mid-atlantic technology  research and innovation center,,,John Dever
micromeritics instrument corp,1,micromeritics instrument corp,,,Julian Hungerford
mic monitor  llc,1,mic monitor  llc,,,Chelsea Monty-Bromer
mexican institute of petroleum,1,mexican institute of petroleum,,,Elias Martinez-Hernandez
m-star cfd,1,m-star cfd,,,Eric E. Janz
merck sharp and dohme,1,Merck Sharp & Dohme,44.8116348,20.3982426,Yingzhen Ma
exxon mobil research and engineering,1,exxon mobil research and engineering,,,Jason McMullan
exactmer limited,1,exactmer limited,,,Zhiwei Jiang
ewha womens university,1,ewha womens university,,,Yewon Kim
evonik nutrition and care gmbh,1,evonik nutrition and care gmbh,,,Owen P. Jappen
evonik corporation,1,Evonik Corporation,39.5447547,-76.0986196,Ryan Morrison
escola politécnica da universidade de são paulo,1,escola politécnica da universidade de são paulo,,,Heloisa Bortolini
epsrc future manufacturing research hub for continuous manufacturing and advanced crystallization,1,epsrc future manufacturing research hub for continuous manufacturing and advanced crystallization,,,Irene Moreno Flores
epixc,1,epixc,,,Michael Baldea
merlyn emergence,1,merlyn emergence,,,Shom Ponoth
lyten,1,Lyten,47.7747446,8.5758347,Kumar Bugga
lund university,1,Lund University,55.7126504,13.2107587,Frederik Ossler
louisiana tech university,1,Louisiana Tech University,32.526106,-92.6481217,Yang Xiao
lbnl,1,lbnl,,,Donald DePaolo
merck,1,Merck,36.935832,140.8428371,Hong Wei
meltprep,1,meltprep,,,Daniel Treffer
mdn,1,mdn,,,Youcef Serhane
mcgill university,1,McGill University,45.506875,-73.5790704,Christopher Moraes
maynooth university,1,Maynooth University,53.3846374,-6.6030523,Rupa Kasturi Palanisamy
mohammed vi polytechnic university,1,mohammed vi polytechnic university,,,Youssef Belmabkhout
max planck institute for dynamics of complex technical system,1,max planck institute for dynamics of complex technical system,,,Serena Guzzo
matrix sensors  inc,1,matrix sensors  inc,,,Jessica Moreton
material flow solutions  inc,1,material flow solutions  inc,,,Kerry Johanson
massachusetts institute of thechnology,1,massachusetts institute of thechnology,,,Zhengpeng Wan
massachusets institute of technology,1,massachusets institute of technology,,,Shashank Venkat Muddu
manchester university,1,Manchester University,41.0117756,-85.7600095,Abdulfatai Faro
m-star simulations,1,m-star simulations,,,John Thomas
forest products laboratory,1,forest products laboratory,,,Qiangu Yan
mstar cfd,1,mstar cfd,,,Eric E. Janz
montana state university-northern,1,Montana State University-Northern,48.5412308,-109.6853331,Emmanuel U. Osuagwu
max-planck-institute for dynamics of complex technical systems,1,max-planck-institute for dynamics of complex technical systems,,,Ju Weon Lee
iit mumbai,1,iit mumbai,,,Venkata Subrahmanyam Nistala
iit ism dhanbad,1,IIT (ISM) Dhanbad,23.8148779,86.4425786,Ashok Das
iit hyderabad,1,IIT Hyderabad,17.589982833333334,78.1218824,Pallavi Dandekar
iff,1,IFF,-29.6934704,-53.7929766,Jin Zhao
ials consulting,1,ials consulting,,,Irene Legiec
human-centered sensing laboratory  eth zurich,1,human-centered sensing laboratory  eth zurich,,,Andreas Güntner
hovione farmaciência sa,1,hovione farmaciência sa,,,Rodrigo Neto
école normale superieure de lyon,1,École Normale Superieure de Lyon,45.7297811,4.8265819,Sarit Dutta
zhejiang huakang pharmaceutical co   ltd,1,zhejiang huakang pharmaceutical co   ltd,,,Mian LI
kaneka corporation,1,kaneka corporation,,,Yasuhiro Sumi
yusuf hamied department of chemistry  university of cambridge,1,yusuf hamied department of chemistry  university of cambridge,,,Jiyizhe Zhang
hovione farmaciencia s a,1,hovione farmaciencia s a,,,Patricia Cruz
hoseo university,1,Hoseo University,36.7352819,127.0757053,InSoung Chang
honeywell uop,1,honeywell uop,,,Rajasi Shukre
hkust,1,hkust,,,Yoonseob Kim
hitachi energy germany ag,1,hitachi energy germany ag,,,Iiro Harjunkoski
hiroshima university at japan,1,hiroshima university at japan,,,Yukihiko Matsumura
higher collages of technology,1,higher collages of technology,,,Abdelsalam Efhaima
hiden isochema,1,hiden isochema,,,Darren Broom
zhejiang gongshang university,1,Zhejiang Gongshang University,30.2874377,120.1319505,Xin Zhang
amofor gmbh,1,amofor gmbh,,,Christian Lübbert
accenture,1,accenture,,,Aonullahi Adebayo
2  spx flow mixing solutions,1,2  spx flow mixing solutions,,,Jason J. Giacomelli
6786963773,1,6786963773,,,Dina Gadalla
a star,1,a star,,,Boon Siong Neo
aaas nsf,1,aaas nsf,,,Andrew W. Tricker
young professionals committee,1,young professionals committee,,,Carmen Daoud
worldwide research and development  pfizer healthcare india pvt ltd,1,worldwide research and development  pfizer healthcare india pvt ltd,,,Mandakini Padhi
whitehead institute,1,whitehead institute,,,Nicholas Hutchins
iit roorkee,1,iit roorkee,,,Rajeev Ranjan
western kentucky university,1,Western Kentucky University,36.984529,-86.457647,Asa Ashley
washington and jefferson college,1,Washington & Jefferson College,40.1719209,-80.2413496,Ravneet Kahlon
warsaw university of technology,1,Warsaw University of Technology,52.2297165,21.0127888,Sabina Wilkanowicz
wageningen university and research,1,wageningen university and research,,,Ahmed Jarray
vtt technical research centre of finland,1,VTT Technical Research Centre of Finland,61.446334,23.8612472,Arpa Ghosh
anton paar,1,Anton Paar,48.7144847,9.2415921,Abhishek Shetty
andrews university,1,Andrews University,41.9696627,-86.3633155,Hyun Kwon
aarhus university,1,Aarhus University,56.1670905,10.2026177,Raffaele Cheula
iitb,1,iitb,,,Madhulika Narayan
iit-jammu,1,iit-jammu,,,Monika Kumari
western michigan university,1,Western Michigan University,42.2832928,-85.6102611,Noor Alomari
institute of chemical technology mumbai,1,Institute of Chemical Technology Mumbai,19.0239129,72.8587665,Aniruddha Kulkarni
institute of biotechnology and genetic engineering  chulalongkorn university,1,institute of biotechnology and genetic engineering  chulalongkorn university,,,Sitanan Thitiprasert
institute for the development of energy for african sustainability,1,institute for the development of energy for african sustainability,,,Joshua Gorimbo
institute for sustainability and circular economy  texas tech university,1,institute for sustainability and circular economy  texas tech university,,,Alamgir M Haque
institute for protein design,1,institute for protein design,,,Linna An
institute for chemical technology and polymer chemistry  karlsruhe institute of technology,1,institute for chemical technology and polymer chemistry  karlsruhe institute of technology,,,Daniel Hodonj
gyeongsang national university,1,gyeongsang national university,,,Hiluf Tekle Fissaha
guangzhou institute of energy conversion  chinese academy of sciences,1,guangzhou institute of energy conversion  chinese academy of sciences,,,Xinshu Zhuang
guangzhou institute of energy conversion,1,guangzhou institute of energy conversion,,,Yuhe Liao
hax,1,HAX,35.7461408,-95.4110305,Susan Schofer
iso iec joint technical committee - quantum technologies,1,iso iec joint technical committee - quantum technologies,,,Austin Lin
isgs,1,isgs,,,Mansour Khosravi
international maritime college oman,1,international maritime college oman,,,Jimoh Adewole
international institute for nanotechnology,1,international institute for nanotechnology,,,Jin Huang
international flavors and fragrances,1,International Flavors & Fragrances,40.4630253,-88.3841974,Keisha Wilson McDowell
interdisciplinary research center for membranes and water security  king fahd university of petroleum and minerals,1,interdisciplinary research center for membranes and water security  king fahd university of petroleum and minerals,,,Umer Zahid
intec,1,intec,,,Diego Cafaro
instituto superior técnico  universidade de lisboa,1,instituto superior técnico  universidade de lisboa,,,Pedro Castro
kfupm,1,kfupm,,,Syed Muhammad Shakil Hussain
karolinska institutet,1,karolinska institutet,,,Georgios A. Sotiriou
israel institute of technology technion,1,israel institute of technology technion,,,Friederike Jentoft
iith,1,iith,,,Akshay Tikoo
institute for carbon management,1,institute for carbon management,,,Gaurav Sant
institute for basic science,1,institute for basic science,,,Hongjun Park
institut charles gerhardt montpellier  université de montpellier  cnrs  enscm 34293,1,institut charles gerhardt montpellier  université de montpellier  cnrs  enscm 34293,,,Guillaume Maurin
innovation center - abu dhabi  siemens energy llc,1,innovation center - abu dhabi  siemens energy llc,,,Ali A. Alnajjar
ingredion incorporated,1,ingredion incorporated,,,Karsten Keller
inga group,1,Inga Group,-4.3516961,15.2829802,Juan Inga
industrial technology research institute,1,industrial technology research institute,,,Chaohuang Chen
indiana university,1,Indiana University,39.1802358,-86.5093526,Wenhui Li
institute of separation science and technology  friedrich-alexander-university erlangen-nürnberg,1,institute of separation science and technology  friedrich-alexander-university erlangen-nürnberg,,,Carola Schlumberger
indian institute of technology kharagpur kharagpur,1,indian institute of technology kharagpur kharagpur,,,Puspendu Sardar
indian institute of technology guwahati,1,Indian Institute of Technology Guwahati,26.1924787,91.6946357,Janaki Komandur
indian institute of technology bhu varanasi,1,Indian Institute of Technology (BHU) Varanasi,25.2621544,82.9925896,Madhumita Priyadarsini
indian   institute of science education and research  bhopal,1,indian   institute of science education and research  bhopal,,,Mahesh Manikantan Sandhya
independent consultant,1,Independent Consultant,-34.4437431,147.5365095,Xiangwei Liu
imperial college london  south kensington,1,imperial college london  south kensington,,,Eleni Chatzilakou
instituto polite cnico nacional,1,instituto polite cnico nacional,,,Cristofher A. Arroyo-Hernández
instituto de desarrollo tecnológico para la industria química  intec,1,instituto de desarrollo tecnológico para la industria química  intec,,,Diana Estenoz
institution los alamos national laboratory,1,institution los alamos national laboratory,,,Agnese Marcato
institute of sustainability for chemicals  energy and environment,1,institute of sustainability for chemicals  energy and environment,,,Lili Zhang
indian institute of technology roorkee  uttarakhand  india,1,indian institute of technology roorkee  uttarakhand  india,,,Salma Khatoon
reaction engineering international,1,reaction engineering international,,,Zhonghua Zhan
rcpe gmbh,1,rcpe gmbh,,,Johan Remmelgas
sartorius,1,sartorius,,,Behnam Partopour
sandp global,1,sandp global,,,Tianyu Chen
samsung electronics,1,samsung electronics,,,Dong-Wook Kim
samsung advanced institute of technology,1,samsung advanced institute of technology,,,Su Keun Kuk
salvador garcia munoz eli lilly and company,1,salvador garcia munoz eli lilly and company,,,Salvador García-Muñoz
s p college,1,s p college,,,Siddhi Manjarekar
rutgers  the state university of nj,1,rutgers  the state university of nj,,,Diane Hildebrandt
engineers india limited,1,engineers india limited,,,Sirshendu Guha
ruhr-university bochum,1,Ruhr-University Bochum,51.4441576,7.2609654,Philip Biessey
rti international,1,rti international,,,Katy Jessop
siddaganga institute of technology,1,Siddaganga Institute of Technology,13.3285139,77.1265772,Kang Zhou
shenzhen university,1,Shenzhen University,22.5359022,113.9314749,Guangliang Liu
shell international exploration and production  inc,1,shell international exploration and production  inc,,,Ram Ratnakar
shell international eandp,1,shell international eandp,,,Kuochen Tsai
shaoguan university,1,shaoguan university,,,Weidong Lu
serán bioscience,1,serán bioscience,,,Ryan Mowry
science history institute,1,science history institute,,,Roger Turner
rutgers  the state university of new jersey- new brunswick,1,rutgers  the state university of new jersey- new brunswick,,,Ali Ahmad
qatar environment and energy research institute,1,qatar environment and energy research institute,,,Mosab Subeh
purdue university institute of cancer research,1,purdue university institute of cancer research,,,Sung-Ho Shin
psu,1,psu,,,Aylin Mohammadzadehmarandi
prony resources new caledonia  usine du grand sud route de kwa neie  prony bp 218,1,prony resources new caledonia  usine du grand sud route de kwa neie  prony bp 218,,,Okechukwu Dickson
procter and gamble co.,1,Procter and Gamble Co.,41.5966797,-76.0207527,Victor Wu
procter and gamble,1,Procter and Gamble,53.5273241,-2.7604531,Ashlesha Tiple
process systems engineering   rwth aachen university,1,process systems engineering   rwth aachen university,,,Jan Pyschik
procegence,1,procegence,,,Nima Yazdanpanah
drury university,1,drury university,,,Briella Riley
refinity,1,Refinity,14.5734072,121.0591387,Ignasi Palou Rivera
rowan-virtua school of translational biomedical engineering and sciences,1,rowan-virtua school of translational biomedical engineering and sciences,,,Camila Vardar
rose-hulman institute of technology,1,rose-hulman institute of technology,,,Andrew Sander
rollins college,1,rollins college,,,Michael Webb
rkgmixes llc,1,rkgmixes llc,,,Richard Grenville
rice,1,rice,,,Sam Nance
retired,1,retired,,,David Judbarovski
reservoir engineering research institute,1,reservoir engineering research institute,,,Tomás Chávez-Miyauchi
rescale,1,rescale,,,Tara Madhyastha
renewable resources and enabling sciences center  national renewable energy laboratory,1,renewable resources and enabling sciences center  national renewable energy laboratory,,,Hyunjin Moon
remora carbon,1,remora carbon,,,Kasturi Nagesh Pai
dr vishwanath karad mit world peace university,1,dr vishwanath karad mit world peace university,,,Ruchi Mathad
sub-zero group  inc,1,sub-zero group  inc,,,Anderson Bortoletto
strategic analysis  inc,1,strategic analysis  inc,,,Yaset Acevedo
stockholm university,1,Stockholm University,59.3398917,18.03275263333333,Maja-Stina Svanberg Frisinger
state university of new york environmental science,1,State University of New York Environmental Science,43.03120034,-76.1321552,Jiae Ryu
state university of new york at buffalo,1,state university of new york at buffalo,,,Justin Bassett
state univ of new york-buffalo,1,state univ of new york-buffalo,,,Paschalis Alexandridis
st josephs college of engineering,1,st josephs college of engineering,,,Swetha .
ssl,1,SSL,38.95224,-7.67603,Howard Stamato
spx flow mixing solutions,1,spx flow mixing solutions,,,Richard Cope
schrödinger  inc,1,schrödinger  inc,,,Andrea Browning
spartan controls ltd,1,spartan controls ltd,,,Abhinav Garg
southwest university,1,Southwest University,29.8232371,106.4195884,Xiang Zou
southern arkansas university,1,Southern Arkansas University,33.2898495,-93.2360008,Abbas Azarpour
department of chemical engineering tsinghua university,1,department of chemical engineering tsinghua university,,,Cui Shitong
department of chemical engineering  university of michigan,1,department of chemical engineering  university of michigan,,,Eranda Nikolla
department of chemical engineering  university of california-santa barbara,1,department of chemical engineering  university of california-santa barbara,,,Matthew Helgeson
department of chemical engineering  texas aandm university at qatar p  o  box 23874,1,department of chemical engineering  texas aandm university at qatar p  o  box 23874,,,Konstantinos E. Kakosimos
department of chemical engineering  massachusetts institute of technology,1,department of chemical engineering  massachusetts institute of technology,,,Chuangchuang Cao
department of chemical engineering  college of engineering  king khalid university  abha 61411  saudi arabia,1,department of chemical engineering  college of engineering  king khalid university  abha 61411  saudi arabia,,,Basem Al Alwan
spx flow,1,SPX FLOW,-23.6716178,-46.5565992,Sarah Lanzafame
schrödinger,1,Schrödinger,1.35336195,103.9273249,Alex Chew
school of chemical engineering  dalian university of technology,1,school of chemical engineering  dalian university of technology,,,Shiya Gu
amyris,1,amyris,,,Stanley Herrmann
school of chemical and biomolecular engineering,1,school of chemical and biomolecular engineering,,,Javaz Rolle
school for engineering of matter  transport  and energy  arizona state university,1,school for engineering of matter  transport  and energy  arizona state university,,,Jordan Monroe
schlumberger  genvia,1,schlumberger  genvia,,,Nurlan Azizli
saudi aramco oil company,1,saudi aramco oil company,,,Qi Xu
south dakota state university,1,South Dakota State University,44.344449,-96.7982371,Zhengrong Gu
south asian university,1,south asian university,,,Akanksha Jain
siemens,1,Siemens,45.7918775,24.0933759,Arman Raoufi
soka university of america,1,Soka University of America,33.5546752,-117.7347405,Junichi Ida
software for chemistry and materials,1,software for chemistry and materials,,,Nestor Aguirre
snapdragon chemistry-cambrex,1,snapdragon chemistry-cambrex,,,Jillian Sheeran
snapdragon chemistry inc,1,snapdragon chemistry inc,,,Ali Hasan
sintef industry,1,sintef industry,,,Shreenath Krishnamurthy
sinopec research institute of petroleum processing,1,sinopec research institute of petroleum processing,,,Wenming Liu
sinopec,1,SINOPEC,-0.3476216,-77.0107652,Xiaoqiao Zhang
singapore university of technology and design,1,singapore university of technology and design,,,Mei Chee Tan
simons foundation,1,simons foundation,,,Ella King
siemens industry software inc,1,siemens industry software inc,,,Alejandro Cano
soochow university,1,soochow university,,,Jie Xiao
nexight group,1,nexight group,,,Jack Tinsley
new york university tandon school of engineering,1,new york university tandon school of engineering,,,Kiana Bahrami
new york university  tandon school of engineering,1,new york university  tandon school of engineering,,,Dharik Mallapragada
netherlands organisation for applied scientific research  tno,1,netherlands organisation for applied scientific research  tno,,,Dirk van den Bekerom
ncsu,1,ncsu,,,Negin Orouji
nc state,1,nc state,,,Riley Basinger
energy and environmental research center university of north dakota,1,energy and environmental research center university of north dakota,,,Trevor Richards
energy and environmental research center,1,energy and environmental research center,,,Zahra Finnigan
embry-riddle aeronautical university,1,embry-riddle aeronautical university,,,Marwa El-Sayed
qatar environment and energy research institute  hamad bin khalifa university  qatar foundation  p o  box 34110,1,qatar environment and energy research institute  hamad bin khalifa university  qatar foundation  p o  box 34110,,,Ahmed Abotaleb
ege university,1,Ege University,38.4556928,27.2281857,Meltem Turan
easyxafs,1,easyxafs,,,Paul Aronstein
eastman chemical co,1,eastman chemical co,,,Gary Hawkins
e2h2nano  llc,1,e2h2nano  llc,,,Shoujie Ren
duquesne university,1,Duquesne University,40.44162456666667,-79.96522063333333,Devicka Manickam
novo nordisk,1,novo nordisk,,,Ethan Eschbach
not found,1,not found,,,Not found
paul scherrer institute,1,Paul Scherrer Institute,47.5358954,8.222218,Man Guo
particulate solid research  inc,1,particulate solid research  inc,,,Allan Issangya
eindhoven university of technology,1,Eindhoven University of Technology,51.4486602,5.4903996,Maxime Van der Heijden
national chemical laboratory,1,National Chemical Laboratory,18.5414362,73.8107557,Muzammilanwar Khan
nasa glenn research center,1,NASA Glenn Research Center,41.4110836,-81.8692711,Jason Hartwig
nasa ames research center - kbr  inc,1,nasa ames research center - kbr  inc,,,Ashwin Ravichandran
nanoparticle systems engineering laboratory,1,nanoparticle systems engineering laboratory,,,Robert Nißler
natural resources canada  canmetenergy,1,natural resources canada  canmetenergy,,,Hamid Radfarnia
national university of technology,1,National University of Technology,33.6632271,73.0065016,Lei Wang
national tsing hua university,1,national tsing hua university,,,Yu-Chen Hu
national laboratory astana  nazarbayev university,1,national laboratory astana  nazarbayev university,,,Munziya Abutalip
national institutes of health,1,National Institutes of Health,39.0000142,-77.1040039,Zack Jarin
ningbo tech university,1,ningbo tech university,,,Congjing Ren
national institute of advanced industrial science and technology,1,national institute of advanced industrial science and technology,,,Thuy Nguyen
national fuel cell research center,1,national fuel cell research center,,,Iryna Zenyuk
national energy technology laboratory netl support contractor,1,national energy technology laboratory netl support contractor,,,Daejin Kim
national energy technology lab,1,national energy technology lab,,,Chung Shih
exxonmobil technology and engineering,1,exxonmobil technology and engineering,,,Peter Ravikovitch
exxonmobil chemical company,1,exxonmobil chemical company,,,Andrea Wight
north carolina agricultural and technical state university,1,North Carolina Agricultural & Technical State University,36.071873825,-79.773697625,Jonathan Appiah
noritake co  ltd,1,noritake co  ltd,,,Gopinathannair Madhavikutty Anilkumar
noaa pmel,1,noaa pmel,,,Cheryl Reuben
nl chemical technology  inc,1,nl chemical technology  inc,,,Norman Li
national institute of standards and technology center for neutron research,1,national institute of standards and technology center for neutron research,,,Kelsi M. Rehmann
phosphorus wastewater treatment project,1,phosphorus wastewater treatment project,,,Ria Patel
pfizer worldwide research and development  445 eastern point road  groton  connecticut 06340  usa,1,pfizer worldwide research and development  445 eastern point road  groton  connecticut 06340  usa,,,Kakasaheb Nandiwale
pfizer healthcare india pvt ltd,1,pfizer healthcare india pvt ltd,,,Santhosh Seshadhri
pfizer  inc,1,pfizer  inc,,,Sheetal Pai-Wechsung
pd2m,1,pd2m,,,Dana Alhasson
dps group global,1,dps group global,,,Jeffrey Heil
donald danforth plant science center,1,donald danforth plant science center,,,Kong Wong
doe netl,1,doe netl,,,Ping Wang
doe ne,1,doe ne,,,James L. Willit
particles in motion,1,particles in motion,,,Ray Cocco
dlr,1,DLR,33.80123545,-117.88532445,Hasan Mashni
division of energy and environment technology  kist school  university of science and technology,1,division of energy and environment technology  kist school  university of science and technology,,,Nurul Fuadi Pratiwi Sulaiman
digital medicines manufacturing  loughborough university,1,digital medicines manufacturing  loughborough university,,,Jiaxu Liu
preferred computational chemistry,1,preferred computational chemistry,,,Taku Watanabe
precision combustion  inc,1,precision combustion  inc,,,Hani Hawa
postech,1,postech,,,Youngbi Kim
posgrado en ciencias bioquímicas  unam,1,posgrado en ciencias bioquímicas  unam,,,Fernando Montalvo-Sandoval
rapid manufacturing institute,1,rapid manufacturing institute,,,Patricia Gillenwater
rajiv gandhi institute of petroleum technology,1,rajiv gandhi institute of petroleum technology,,,Aditya Kashyap
queensland university of technology,1,queensland university of technology,,,Andreia Abadia Borges Carneiro
doe great lakes bioenergy research center  university of wisconsin-madison,1,doe great lakes bioenergy research center  university of wisconsin-madison,,,Christos Maravelias
pando bioscience,1,pando bioscience,,,Will Cao
pacific northwest national laboratory  richland  wa,1,pacific northwest national laboratory  richland  wa,,,Gregg Lumetta
oxy low carbon ventures,1,oxy low carbon ventures,,,Robert Zeller
osaka gas chemicals  co   ltd,1,osaka gas chemicals  co   ltd,,,Yasuyuki Yamane
ornl,1,ORNL,36.0151754,-84.2484495,Alexis Williams
origin materials,1,origin materials,,,Ben Freireich
orbillion bio  inc,1,orbillion bio  inc,,,Patricia Bubner
oli systems inc,1,oli systems inc,,,Yifan Hao
oli systems  inc,1,oli systems  inc,,,David Miller
physical sciences inc.,1,Physical Sciences Inc.,42.695935,-71.2056261,Emily Gonzales
obafemi awolowo university,1,Obafemi Awolowo University,7.5204371,4.5233004,Oludare J. Odejobi
engineering science,1,engineering science,,,Yihao Huang
pontificia universidad catolica de chile,1,Pontificia Universidad Catolica de Chile,-33.4517715,-70.6185639,Enrique Munoz
pontifical catholic university of rio grande do sul,1,pontifical catholic university of rio grande do sul,,,Leonardo Barbosa Martins
polykala technologies llc,1,polykala technologies llc,,,Maoqi Feng
polish academy of sciences,1,polish academy of sciences,,,Karol Makuch
pnnl,1,pnnl,,,Busra Dereli
pluspetrol,1,pluspetrol,,,Ramiro Canchucaja
plug power inc,1,plug power inc,,,Fan Yang
planta piloto de ingenieria quimica,1,planta piloto de ingenieria quimica,,,Maria Soledad Diaz
ocean college zhejiang university,1,ocean college zhejiang university,,,Jiwei Chen
