mapped,count,label,latitude,longitude,top_authors
not found,233,not found,,,Not found
massachusetts institute of technology,210,massachusetts institute of technology,,,Richard Braatz; Guiyan Zang; Allan Myerson; Michael Strano; Haoxiang Lai
georgia institute of technology,150,Georgia Institute of Technology,33.7663996,-84.3986866,Ryan Lively; Matthew Realff; Carsten Sievers; Pankaj Rohilla; Akriti Sarswat
texas aandm university,149,Texas A&M University,30.6108618,-96.3520606,Efstratios Pistikopoulos; Joseph Kwon; Shayan Niknezhad; Jeetain Mittal; Faisal Khan
purdue university,149,Purdue University,40.430028,-86.9264211,David E. Bernal Neira; Rakesh Agrawal; Zoltan Nagy; Zoltan K. Nagy; Doraiswami Ramkrishna
stanford university,117,Stanford University,37.41550242,-122.09825894,Thomas Jaramillo; Jonathan Fan; Zhennan Ru; Chenghao Wan; Calvin Lin
university of michigan,115,University of Michigan,42.2942142,-83.7100389,Omolola Eniola-Adefeso; Rebecca Lindsey; Sharon C. Glotzer; Albert Liu; Nicholas A. Kotov
the ohio state university,113,The Ohio State University,40.0056802,-83.0286612,Liang-Shih Fan; Joel Paulson; Sonu Kumar; Sudeshna Gun; Tanay Jawdekar
northwestern university,99,Northwestern University,42.02743245,-87.66633245,Linda Broadbelt; John Torkelson; Randall Snurr; Rong Xia; Filip Formalik
university of california los angeles,98,University of California Los Angeles,34.05998905,-118.4310129,Carlos Morales-Guio; Panagiotis Christofides; Ah-Hyung Alissa Park; Philippe Sautet; Anastassia Alexandrova
imperial college london,95,Imperial College London,51.51618432222222,-0.1354536555555555,Antonio del Rio Chanona; Maria Papathanasiou; Cleo Kontoravdi; Nilay Shah; Jerry Heng
princeton university,91,Princeton University,40.34418525,-74.65905155,Michele Sarazen; Michael Webb; Shengli Jiang; Alejandro Martinez-Calvo; Christos Maravelias
north carolina state university,88,North Carolina State University,35.763836575,-78.674785875,Lilian Hsiao; Fanxing Li; Qingshan Wei; Sunkyu Park; Milad Abolhasani
university of delaware,86,University of Delaware,39.6803338,-75.7530749,Dionisios Vlachos; LaShanda Korley; Marianthi Ierapetritou; Arthi Jayaraman; Norman J. Wagner
university of colorado boulder,84,University of Colorado Boulder,40.00720174,-105.26747228,Alan Weimer; Kristi Anseth; Kent J. Warren; Anni Shi; Kayla G. Sprenger
university of alabama,82,University of Alabama,33.2136006,-87.54399920000002,Milad Esfahani; Jason Bara; James D. Sheehan; Tibor Szilvasi; Medha Kasula
university of houston,81,University of Houston,29.715084,-95.38222913333334,Jeffrey Rimer; Praveen Bollini; Zhiyin Niu; Kumari Shilpa; Mehmet Orman
pennsylvania state university,80,Pennsylvania State University,40.8025835,-77.8559383,Michael Janik; Amir Sheikhi; Costas D. Maranas; Robert Rioux; Konstantinos Alexopoulos
university of kansas,76,University of Kansas,38.9535052,-95.2630922,Mark B. Shiflett; Aaron M. Scurto; Ranil Wickramasinghe; Keisha Walters; David R. Corbin
carnegie mellon university,76,carnegie mellon university,,,Ignacio Grossmann; John Kitchin; Grigorios Panagakos; Lorenz Biegler; Janghoon Ock
west virginia university,76,West Virginia University,39.6348397,-79.9542095,Debangsu Bhattacharyya; Jianli Hu; Yuhe Tian; Fernando Lima; Beatriz Dantas
"university of wisconsin-madison, madison",72,"University of Wisconsin-Madison, Madison",43.07970709,-89.43061513,Reid Van Lehn; Victor M. Zavala; George W Huber; Marcel Schreier; Unni Kurumbail
university of minnesota twin cities,72,University of Minnesota Twin Cities,44.98228161428572,-93.1951990857143,Qi Zhang; Prodromos Daoutidis; Shri Ramaswamy; Hua-jiang Huang; Christopher Ellison
university of texas at austin,69,University of Texas at Austin,30.2851494,-97.7339352,Benny Freeman; Joan Brennecke; Delia Milliron; Jay Bender; Joaquin Resasco
university of notre dame,69,University of Notre dame,41.701515725,-86.23799269999999,Alexander Dowling; Hsueh-Chia Chang; Edward Maginn; William Phillip; Yichun Wang
florida institute of technology,66,Florida Institute of Technology,28.064271,-80.623004,Toufiq Reza; Zhen-Gang Wang; Pierre Walker; Karthish Manthiram; Tridip Das
university of florida,60,University of Florida,29.6411884,-82.3562296,Janani Sampath; David Hibbitts; Henry Chu; Whitney Stoppel; Sergey Vasenkov
iowa state university,59,Iowa State University,42.033054325,-93.62842245,Mark Mba Wright; Luke T. Roling; Deep M. Patel; Zengyi Shao; Xianglan Bai
pacific northwest national laboratory,58,Pacific Northwest National Laboratory,46.34770818,-119.27561190000002,Simone Raugei; Yuan Jiang; Suman Samantray; Bojana Ginovska-Pangovska; David Heldebrant
oak ridge national laboratory,57,Oak Ridge National Laboratory,35.9301332,-84.3119307,David Sholl; Blake Billings; Ramesh Bhave; Syed Islam; Costas Tsouris
johns hopkins university,57,Johns Hopkins University,39.2890348,-76.6431253111111,Jamie Spangler; Ioannis Kevrekidis; Anastasia Georgiou; Brandon C. Bukowski; Michael Tsapatsis
auburn university,56,Auburn University,32.5919528,-85.4959775,Christopher Kieslich; Q. Peter He; Jin Wang; Atefe Alimirzaei; Hyeju Song
university of california berkeley,55,University of California Berkeley,37.8671453125,-122.243397875,Alexis T. Bell; Shoichi Nishitani; Markita Landry; Ali Mesbah; Yifeng Shi
columbia university in the city of new york,54,Columbia University in the City of New York,40.77400249166666,-73.95921585,Venkat Venkatasubramanian; Arijit Chakraborty; Maninderjeet Singh; Soyoung Choi; Christopher Boyce
"university of pittsburgh, johnstown",53,"University of Pittsburgh, Johnstown",40.2667709,-78.8278635,Karl Johnson; Priyanka Bholanath Shukla; Siddarth Achar; Yihan Song; Aaditya Hari Bharanidharan
national university of singapore,52,National University of Singapore,1.2966282999999998,103.77749186,Jianwen Jiang; Zhe Wu; Lei Wang; Chi-Hwa Wang; Yuming Wen
texas tech university,51,Texas Tech University,33.5937526,-101.8995955,Mahdi Malmali; Jenifer Gomez Pastora; Chau-Chyun Chen; Joshua Howe; Fouzia Nowrin
university of connecticut,51,University of Connecticut,41.8111114,-72.2483889,Burcu Beykal; George Bollas; Jeffrey McCutcheon; Zahir Aghayev; Bodhisattwa Chaudhuri
trine university,50,Trine University,41.6311141,-85.0105982,Haotian Wang; Rafael Verduzco; Sarah Adaryan; Walter Chapman; Thiago Jose Pinheiro Dos Santos
university of chicago,50,university of chicago,,,Andrew Ferguson; Juan J. de Pablo; Chibueze Amanchukwu; Ritesh Kumar; Christopher Arges
university of california san diego,49,University of California San Diego,32.87783769999999,-117.22710246666666,Benjamin Lam; Shakti Gupta; Mano Maurya; Shankar Subramaniam; Yanran Li
tsinghua university,49,Tsinghua university,40.0022905,116.320963,Zhiqiang Niu; Zhihong Yuan; Yi Cheng; Congqin Ge; Jinsong Zhao
national energy technology laboratory,48,national energy technology laboratory,,,Benjamin P. Omell; Lingxiang Zhu; Congjun Wang; Victor A. Kusuma; Deepak Tapriyal
university of oklahoma,48,University of Oklahoma,35.1959878,-97.4457083,Steven Crossley; Laura Alejandra Gomez Gomez; Reza Foudazi; Bin Wang; Alberto Striolo
argonne national laboratory,47,Argonne National Laboratory,41.712022100000006,-87.97847346666667,Amgad Elgowainy; Pingping Sun; Meltem Urgun-Demirtas; Kwang Hoon Baek; Michael Servis
national renewable energy laboratory,47,National Renewable Energy Laboratory,39.740915175,-105.183859375,Chae Jeong-Potter; Daniel Ruddy; Hari Sitaraman; Jeiwan Tan; Anh To
university of virginia,46,University of Virginia,38.0410576,-78.5055084,Christopher Paolucci; Sugandha Verma; Gaurav Giri; Asanka Wijerathne; Geoffrey Geise
cornell university,46,Cornell University,42.4529076,-76.4800842,Shaoyi Jiang; Qiuming Yu; Wenchao Gu; Sijin Luozhong; Fengqi You
arizona state university,46,Arizona State University,33.422653833333335,-111.96481396666668,Matthew D. Green; Klaus S. Lackner; Dharneedar Ravichandran; Lindsey Hamblin; Kaushal Rege
university of illinois chicago,45,University of Illinois Chicago,41.83216106666666,-87.62530033333333,Meenesh Singh; Meenesh R Singh; Rohan Sartape; Rajan Bhawnani; Vamsi Vikram Gande
university of illinois urbana-champaign,43,university of illinois urbana-champaign,,,Huimin Zhao; Jonathan Turnley; Xiao Su; Brendan Harley; Alexander Mironenko
university of massachusetts amherst,41,University of Massachusetts Amherst,42.3875741,-72.5299209,Dimitrios Maroudas; Isaac Ramírez Marrero; Sarah Perry; Scott M. Auerbach; Wei Fan
university of alberta,40,University of Alberta,53.52682000000001,-113.5244937,Arvind Rajendran; Zhehui Jin; Zukui Li; Stevan Dubljevic; Sunny Pawar
university of utah,39,University of Utah,40.7628137,-111.8368719,Huanan Zhang; Kevin Whitty; Luis Caballero; Michael Nigra; Seoyeon Won
washington university in st louis,39,Washington University in St Louis,38.640798588888885,-90.28978154444444,Joshua Yuan; Marcus Foston; Tae Seok Moon; Jinghao Li; Fuzhong Zhang
university of south carolina,38,University of South Carolina,33.9928841,-81.0268676,Jochen Lauterbach; Andreas Heyden; Monirosadat Sadati; Mubarak Bello; Olajide Bamidele
university of california santa barbara,38,University of California Santa Barbara,34.41480948,-119.84491292,Bradley F. Chmelka; Michelle O'Malley; Rahul Sujanani; Mengyang Gu; Hugh Purdy
indian institute of technology ropar,37,Indian Institute of Technology Ropar,30.9659501,76.4729772,Rajagopalan Srinivasan; Rohit Choudhury; Vinod Janardhanan; Rajnish Kumar; Subramaniam Pushpavanam
university of kentucky,37,University of Kentucky,38.0266291,-84.5047222,J. Zach Hilt; Pranto Paul; Stephen Rankin; Jamie Ahmed; Maria Victoria Ximenes Klaus
university of pennsylvania,36,University of Pennsylvania,39.951032575,-75.1815277,Daeyeon Lee; Kathleen J. Stebe; Warren Seider; Owen Land; Jason Marmorstein
university at buffalo,35,University at Buffalo,43.0019863,-78.7859649,Erda Deng; Miao Yu; Sagnik Das; Rumwald Leo Lecaros; Kaihang Shi
indian institute of technology bombay,35,Indian Institute of Technology Bombay,19.1326186,72.9149702,Jyoti Seth; Hrishi Singh; Rajdip Bandyopadhyaya; Vinay Juvekar; Jhumpa Adhikari
sandia national laboratories,34,Sandia National Laboratories,37.688589533333335,-121.7401623,Carl Laird; Rekha Rao; Matthew S. Johnson; Christine Cardinal Roberts; Helen Cleaves
harvard university,34,Harvard University,42.364657,-71.11147818571428,Vinny Chandran Suja; Samir Mitragotri; Joanna Aizenberg; Kimberly Bowal; Friedrich Stricker
lehigh university,33,Lehigh University,40.6068028,-75.3782488,Elsa Reichmanis; James Gilchrist; Jiajie Li; Myeongyeon Lee; Mengting Sun
university at buffalo  the state university of new york,33,university at buffalo  the state university of new york,,,Haiqing Lin; Leiqing Hu; Narjes Esmaeili; Ashlee N. Ford Versypt; Vinh Bui
"university of california, riverside",33,"University of California, Riverside",33.9642576,-117.3398097,Jianzhong Wu; Monica Iepure; Younjin Min; Juchen Guo; Kathryn Uhrich
university of illinois at urbana-champaign,33,university of illinois at urbana-champaign,,,Baron Peters; Tianhao Yu; Somesh Mishra; Jiankai Ge; Huimin Zhao
eth zürich,33,ETH Zürich,47.413218,8.5374914,Marco Mazzotti; Gonzalo Guillen-Gosalbez; Dimitrios Tsalikis; Oscar Cipolato; Daniel Biri
louisiana state university,32,Louisiana State University,30.4062005,-91.1854129,Bhuvnesh Bharti; Nduka Ogbonna; Jimmy Lawrence; Titilayo Oluwole; Teslim Olayiwola
lawrence berkeley national laboratory,32,lawrence berkeley national laboratory,,,Adam Z. Weber; Alex J. King; Brett A. Helms; Supriya Gupta; Xiong Peng
new jersey institute of technology,32,New Jersey Institute of Technology,40.75033943333333,-74.18431020000001,Samaneh Farokhirad; Fatemeh Ahmadpoor; Ecevit Bilgili; Siddharth Tripathi; Rajesh Dave
slac national accelerator laboratory,31,slac national accelerator laboratory,,,Michal Bajdich; Dr. Michaela Burke Stevens; Adam Nielander; Simon Bare; Adam Hoffman
university of washington,31,University of Washington,47.6554303,-122.3001692,Elizabeth Nance; Brendan Butler; Nicholas Kaplan; Jorge A. Marchand; Nuo Xu
"university of california, irvine",30,"University of California, Irvine",33.653261171428575,-117.83812945714286,Han Wang; Ben Ko; Erdem Sasmaz; Elizabeth Lee; Han Li
virginia tech,30,virginia tech,,,Stephen Martin; Rui Qiao; Thomas Kinard; Steven P. Wrenn; Xin Wang
colorado school of mines,29,colorado school of mines,,,J. Douglas Way; Colin Wolden; Tsung Wei Liu; Nolan Kelley; Joseph Samaniuk
"merck and co., inc.",28,"Merck & Co., Inc.",40.21103505,-75.3003919,Jonathan McMullen; Dan Lehnherr; Kevin Stone; Luke Schenck; Erin Kotzbauer
university of rochester,28,University of Rochester,43.11182133333333,-77.64236646666667,Allison Lopatkin; Astrid Müller; Zachary Oliver; Yasemin Basdogan; Marc Porosoff
stony brook university,28,Stony Brook University,40.9090809,-73.1205518,Tae Jin Kim; Amol Pophali; Simon Vornholt; Karena Chapman; Luke Tufaro
vanderbilt university,27,Vanderbilt University,36.1438011,-86.8028189,G. Kane Jennings; Zane Parkerson; Clare McCabe; Matthew Vasuta; Tyler Oddo
the dow chemical company,27,The Dow Chemical Company,40.1633941,-75.4651946,Kathryn Grzesiak; Nathan Wilmot; Daniel Miller; Steven G. Arturo; Jonathan Moore
university college london,27,university college london,,,Marc-Olivier Coppens; Vassilis Charitopoulos; Massimiliano Materazzi; Lucy Todd; Federico Galvanin
university of missouri,27,University of Missouri,38.9364147,-92.329703,Susie Dai; Jialun (Galen) Wang; Tahmid Hasan Rupam; Jaewon Lee; Roseanna Zia
university of california davis,26,University of California Davis,38.5337904,-121.7907544,Matthew Ellis; Nael El-Farra; Surl-Hee Ahn; Ahmet Palazoglu; Harishankar Manikantan
dalian university of technology,26,Dalian University of Technology,38.8812564,121.52016,Jian Du; Shrinjay Sharma; Thijs J.H. Vlugt; Ana Somoza-Tornos; Thijs J. H. Vlugt
university of tennessee,26,University of Tennessee,35.9515982,-83.93088095,Arthur Ragauskas; Bamin Khomami; Mahshid Mokhtarnejad; Rahul Bhosale; Elyar Tourani
wayne state university,26,Wayne State University,42.3571895,-83.0709436,Helen Durand; Yinlun Huang; Alexander Hoffmann; Wissam Fawaz; Simon Ng
korea advanced institute of science and technology,26,Korea Advanced Institute of Science and Technology,36.36678495,127.35252315,Seongmin Heo; Jae Lee; Dong Ki Yoon; Wonhyeong Lee; Jeongwoo Lee
yale university,25,yale university,,,Amir Haji-Akbari; Heather LeClerc; Hanno C. Erythropel; Julie B. Zimmerman; Paul T. Anastas
oregon state university,25,Oregon State University,44.5630559,-123.2839234,Cory Simon; Konstantinos Goulas; Kyriakos Stylianou; Qiu Jin; Truc Phung
university of nebraska-lincoln,25,university of nebraska-lincoln,,,Rajib Saha; Mona Bavarian; Niaz Chowdhury; Siamak Nejati; Sahand Serajian
oklahoma state university,24,Oklahoma State University,36.1313112,-97.0890259,Jindal Shah; Zheyu Jiang; Marimuthu Andiappan; Mohd Tauhid Khan; Ashutosh Kumar Verma
idaho national laboratory,24,Idaho National Laboratory,43.5208319,-112.0490689,Yidong Xia; Jordan Klinger; Tiasha Bhattacharjee; Nepu Saha; Vicki Thompson
case western reserve university,24,Case Western Reserve University,41.50198515,-81.63789464999999,Abhinendra Singh; Geeta Verma; Nicholas Sinclair; Christopher L. Wirth; Svetlana Morozova
tulane university,24,Tulane University,29.9412195,-90.1201009,Matthew Montemore; Avery Hill; Daniel P. Howsmon; Nicholas Sandoval; Gbolade Kayode
khalifa university,23,Khalifa University,24.4479513,54.3955267,Solomon Kahsay Gebremariam; Muhammad Usman; Khalid Al-Ali; Fawzi Banat; Hassan Arafat
rowan university,23,Rowan University,39.7103526,-75.1193267,Kirti Yenkie; Barnabas Gao; Mitchell Paolello; Gerard Capellades; Robert Hesketh
worcester polytechnic institute,23,Worcester Polytechnic Institute,42.2893383,-71.805867725,Michael Timko; Andrew R Teixeira; David Kenney; Esai Lopez; Madison R. Reed
brown university,23,Brown University,41.82287165,-71.4075955,C Franklin Goldsmith; Caroline Rocchio; Kurt Pennell; Bjarne Kreitz; Nicolas L. Fawzi
lawrence livermore national laboratory,23,lawrence livermore national laboratory,,,Shyam Deo; Nathan C. Ellebracht; Simon H. Pang; Wenqin Li; Sneha Akhade
penn state college of medicine,22,Penn State College of Medicine,40.2639023,-76.67560449999999,Rui Shi; Zaman Ataie; Sina Kheirabadi; Arian Jaberi; Alexander Kedzierski
indian institute of technology jammu,22,Indian Institute of Technology Jammu,32.8022368,74.8913825,Bhaskar Bhaduri; Gargi Das; Chirodeep Bakli; Sourav Halder; Amar Nath Samanta
clemson university,22,Clemson University,34.6686915,-82.8374348,Ming Yang; Ewa Chukwu; Braulio Ortega Quesada; Zehua Jin; Adam Melvin
university of toronto,22,University of Toronto,43.663462,-79.3977597,William Broomhead; Goutham Rangarajan; Abdelaziz Gouda; Ramin Farnood; Rohit Pal
kansas state university,21,Kansas State University,39.20883,-96.5884512,Davood Pourkargar; Amirsalar Bagheri; Morgen Smith; Thiago Oliveira Cabral; Joshua Ighalo
king fahd university of petroleum and minerals,21,King Fahd University of Petroleum and Minerals,26.30948538,50.14682478,Muhammad Shahzad Kamal; Fatimah Alhassan; Umer Zahid; Shaikh Abdur Razzak; Sagheer Onaizi
the university of kansas,21,The University of Kansas,39.0565182,-94.6092885,Ana Colaco Morais; Kyle Camarda; Lakshmiprasad Gurrala; Charles Ponge; Bala Subramaniam
rutgers  the state university of new jersey,21,rutgers  the state university of new jersey,,,Jakub Konkol; Benjamin Glasser; Alberto Cuitino; Ravendra Singh; George Tsilomelekis
university of north dakota,20,University of North Dakota,47.9265412,-97.0721209,Ali Alshami; Glavic Tikeri; Arash Tayyebi; Nadhem Ismail; Musabbir Jahan Talukder
university of southern california,20,University of Southern California,34.0218689,-118.2858579,Kandis Leslie Gilliard-Abdulaziz; Jay Hyung Lee; Theodore Tsotsis; Seongbin Jo; Wade Zeno
university of massachusetts lowell,20,University of Massachusetts Lowell,42.6519097,-71.3173628,Daniel Lachos Perez; Fanglin Che; Nese Orbey; Jay Park; Yuting Xu
nanyang technological university,20,Nanyang Technological University,1.3484104,103.6829332,Xunyuan Yin; Chuhong Lin; Dat-Nguyen Vo; Wen Liu; Tej Choksi
los alamos national laboratory,20,Los Alamos National Laboratory,35.8190003,-106.2656274,Manjeet Chhetri; Saif R. Kazi; Nilusha Sudasinghe; Jingyao Li; Sandra Oloketuyi
zhejiang university,20,Zhejiang university,30.521595,120.7195312,Shuyi Shen; Bin Yang; Yao Tong; Qinyu Bao; Zhijiang Shao
university of south florida,20,University of South Florida,28.06203355,-82.41778115,Pierre Kawak; Ramesh S. Ayyala; Ran Liu; Yali Yao; Xinying Liu
university of maryland-college park,20,University of Maryland-College Park,38.9904124,-76.9438586,Srinivasa R. Raghavan; Faraz Burni; Eric D. Wachsman; Zheng Li; Joshua Little
the university of sheffield,20,The University of Sheffield,53.37781046,-1.49144162,Siddharth Patwardhan; Solomon Brown; Jenny Hancock; Carlos Brambila; Robert Milton
university of tulsa,19,University of Tulsa,36.1523306,-95.9459602,Hyeon Uk Kim; Jae Hyeon Park; Chan Hyun Lee; Nagu Daraboina; Hema Ramsurn
eli lilly and company,19,Eli Lilly & Company,39.7576131,-86.1521511,Jingyao Wang; Maitraye Sen; Joshua Hanson; Kanishka Ghosh; Tibo Duran
drexel university,19,drexel university,,,Maureen Tang; Moses Abraham Bokinala; Megan A. Creighton; Christopher B. Rodell; Rayan Alaufey
kent state university,18,Kent State University,41.1442325,-81.3398321,Masoud Ghasemi; Mica Pitcher; Artem Rumyantsev; Randall Vander Wal; Song Wang
national institute of standards and technology,18,National Institute of Standards and Technology,39.13327588333333,-77.2234751,Daniel Siderius; Jacob Majikes; Julie Rieland; Debra J. Audus; Harold Hatch
university of iowa,18,University of Iowa,41.649707500000005,-91.56013935,Chanjot Kaur .; Abdelhamid Sayari; Joseph S. Gomes; Jun Wang; Suboohi Shervani
stevens institute of technology,18,stevens institute of technology,,,Ayodeji Omoniyi; Shuqiao Wang; Alyssa Hensley; Seyed Mohajerani; Isabella Furrick
king abdullah university of science and technology,17,king abdullah university of science and technology,,,Lakshmeesha Upadhyaya; Ricardo Pinto de Lima; Omar Knio; Gyorgy Szekely; Ingo Pinnau
michigan state university,17,Michigan State University,42.7023794,-84.4803869,Christina Chan; S. Patrick Walton; Ryan Splichal; Robert Ferrier; Daipayan Sarkar
rwth aachen university,17,RWTH Aachen University,50.783707975,6.104963125,Alexander Mitsos; Eike Cramer; Thomas Nevolianis; J. Raphael Seidenberg; Katharina Maria Ebeling
qatar university,17,Qatar University,25.3719714,51.4879579,Mohammed Jaber Almarri; Anand Kumar; Seckin Karagoz; Ibnelwaleed Hussein; Mustafa Nasser
indian institute of technology delhi,17,Indian Institute of Technology Delhi,28.526577,77.2008821,Damaraju Phaneswararao; Divesh Bhatia; Raghavan Ranganathan; Kamal Kishore Pant; Isha Atrey
netl support contractor,17,netl support contractor,,,Viet Hung Pham; Ki-Joong Kim; Sittichai Natesakhawat; Sarah Leptinsky; Hari Mantripragada
new york university,17,new york university,,,Ryan Hartman; Jonathan Salmeron-Hernandez; Erica Burnham; Kelechi Ndukwe-Ajala; Bruce A. Garetz
brookhaven national laboratory,16,Brookhaven National Laboratory,40.87930865,-72.85765635,Xiao Tong; Yong Yuan; Gihan Kwon; Andrew M. Kiss; Juergen Thieme
rutgers university,16,rutgers university,,,Gregory Dignon; Arjun Singh; Benjamin S. Schuster; Carlin Leung; Marcella Raymundo Alves
the university of akron,16,The University of Akron,41.07669885,-81.51450285,Weinan Xu; Amir Nourhani; Libo Yao; Steven S.C. Chaung; James M. Eagan
korean institute science and technology,16,Korean Institute Science and Technology,49.2587784,7.0492746,Yong Chae Jung; Chun-Jae Yoo; Ung Lee; Kyeongsu Kim; Hyerim Kim
virginia commonwealth university,16,Virginia Commonwealth University,37.5461246,-77.4540609,Frank Gupton; Charles McGill; Daniel Gregory; Kimberly Penzer; Justin Turnage
bucknell university,16,Bucknell University,40.9515356,-76.8879603,Kenneth Mineart; Katsuyuki Wakabayashi; Ryan Snyder; Tyler Will; Sheriff Anofi
tufts university,16,tufts university,,,David L. Kaplan; Ho Yi Lam; Logan Morton; Sanjana Gopalakrishnan; Emmanuel Tzanakakis
rensselaer polytechnic institute,16,Rensselaer Polytechnic Institute,42.7298969,-73.6796678,Georges Belfort; Joel Plawsky; Sangwoo Lee; Jonathan Dordick; Ji-Young Kim
kongju national university,16,Kongju National University,36.8517528,127.1510574,Jeong Woo Han; Tae Hyun Kim; Hayoung Jeong; Seokhyun Choung; Wonbo Lee
abbvie,16,AbbVie,42.33708,-87.8344244,Nandkishor (Nandu) Nere; Moiz Diwan; Pelin Su Bulutoglu; William Ketterhagen; Eric Sacia
lamar university,16,Lamar University,30.0388946,-94.0758929,Qiang Xu; Helen Lou; Ying Liu; S M Farhad; Tianxing Cai
glaxosmithkline,15,glaxosmithkline,,,Lotfi Derdour; Helen Yao; Pavlos Kotidis; Don Clancy; Gulenay Guner
friedrich-alexander-universität erlangen-nürnberg,15,Friedrich-Alexander-Universität Erlangen-Nürnberg,49.4583219,11.08546,Bastian Etzold; Janne Reisch; Wolfgang Peukert; Michael Engel; Leon Kick
lafayette college,15,Lafayette College,40.6986835,-75.209246,Melissa B. Gordon; Ryan Van Horn; Georgia C. Delaney; Finlay J. M. Smith; Michael Senra
dow,15,Dow,35.504124,-119.1726056,David Parrillo; Laura Mosley; Sushma Sanketh; Jennifer McGregor; David Camp
brigham young university,15,Brigham Young University,40.2554083,-111.6496832,Thomas Knotts; Roger G. Harrison; William Pitt; David Lignell; Neil Giles
korea university,15,Korea University,36.6108894,127.2934174,Jungkyu Choi; Ki Bong Lee; Sanha Park; Jun Hyuk Moon; Sejin Kim
michigan technological university,14,Michigan Technological University,47.1099114,-88.5511513,David Shonnard; Yixin Liu; Daniel Kulas; Sarvada Chipkar; Grace Dykstra
university of new mexico,14,University of New Mexico,35.07115085,-106.6113392,Raju Vadthya; Shuya Wei; Olumide Oladoyin; John Fawcett; Abhaya K. Datye
university of waterloo,14,University of Waterloo,43.4701994,-80.5452429,Luis Ricardez-Sandoval; David Simakov; Simone Reynoso-Donzelli; Aiping Yu; Joshua Pulsipher
university of new hampshire,14,University of New Hampshire,43.1350987,-70.9462079,Jeffrey Halpern; Lev Levintov; Nan Yi; Linqing Li; Seth Drahusz
university of gothenburg,14,University of Gothenburg,57.69796686666666,11.944211333333334,Stefano Brandani; Enzo Mangano; Riccardo Rea; Eleonora Ricci; Dimitrios Gerogiorgis
école polytechnique fédérale de lausanne,14,École Polytechnique Fédérale de Lausanne,46.5186594,6.5665615,Francesca Lorenzutti; Kumar Varoon Agrawal; Daniel Florez Orrego; Meire Ellen Gorete Ribeiro Domingos; François Maréchal
"university of puerto rico, mayaguez",14,"University of Puerto Rico, Mayaguez",18.2137084,-67.14489083333332,Yomaira Pagan Torres; Angela Montaño Herazo; David Suleiman; Cristian Aristizabal-Gonzalez; Juan Munoz Senmache
hanyang university,14,hanyang university,,,Seung Hyun Park; Byeongyong MIN; Tae Yeon KIM; Kwangsuk Yoon; Hocheol Song
the city college of new york,13,the city college of new york,,,Robert Messinger; Luis Ortuno Macias; Elizabeth Biddinger; Janhvi Trivedi; Surabh KT
south dakota school of mines and technology,13,south dakota school of mines and technology,,,Kazi Khoda; Travis W. Walker; Khang Huynh; Bharathkiran Maddipudi; Anuradha Shende
washington state university,13,Washington State University,46.730447,-117.106682,Bin Yang; Yong Wang; Adarsh Kumar; Rongchun Shan; Jana Doppa
abbvie inc,13,abbvie inc,,,Shailendra Bordawekar; Akshay Korde; Kaid Harper; Kartik Kamat; Manish Kelkar
virginia polytechnic institute and state university,13,Virginia Polytechnic Institute and State University,37.2219268,-80.4272818,Ayman M. Karim; Liping Liu; Hongliang Xin; Christopher B. Williams; Jackson Bryant
mississippi state university,13,Mississippi State University,33.4386876,-88.7943232,Mohammad Moinul Hossain; Santanu Kundu; Oluwabori Adekanye; Rooban V.K.G. Thirumalai; Humayun Ahmad
university of tennessee  knoxville,12,university of tennessee  knoxville,,,Brian D. Wirth; Erick L. Ribeiro; Sophie Blondel; Mi Li; Abigail Linhart
university of birmingham,12,University of Birmingham,52.4522956,-1.9312857,Daniele Baiocco; Zhibing Zhang; Kit Windows-Yule; Andy Ingram; Mark J. H. Simmons
university of georgia,12,University of Georgia,33.9404278,-83.373049,Kenan Song; Varunkumar Thippanna; Yajun Yan; Qi Gan; Xinyu Gong
mcmaster university,12,McMaster University,43.2639397,-79.9178252,Prashant Mhaskar; Vladimir Mahalec; Amir Hossein Hamedi; Hesam Hassanpour; Aswin Chandrasekar
bristol myers squibb,12,Bristol Myers Squibb,48.1292363,11.5812022,Benjamin M. Cohen; Greg Beutner; Antonio Ferretti; Melda Sezen-Edmonds; Nicolas Cuniere
university of rhode island,12,University of Rhode Island,41.4875094,-71.5343138,Ryan Poling-Skutvik; Animesh Pan; Geoffrey Bothun; Michael Fedorenko; Lauren Lamothe
university of illinois at urbana champaign,12,university of illinois at urbana champaign,,,Kai-Yu Huang; Hyunjoon Kong; Hee Jung Chung; Nayeong Kim; Rajarshi Samajdar
inha university,12,Inha University,37.449443,126.6534446,Byeongseok Kim; Sang-eun Shim; Sangeun Shim; Yongjin Lee; Jinsung SEO
saudi aramco,12,Saudi Aramco,23.9494015,38.2920459,Mohammad Alotaibi; Mohanad Fahmi; Alaa Albasry; Mohamed Draze; Abdulbari Alqarni
suny college of environmental science and forestry,12,suny college of environmental science and forestry,,,Chang Geun Yoo; Deepak Kumar; Obste Therasme; Bandaru V. Ramarao; Dwyer Stuart
the university of manchester,11,The University of Manchester,51.5723682,-1.3114537,Ashwin Kumar Rajagopalan; Dongda Zhang; Mohammed Alsubeihi; Claudio Fonte; Oleksandr Prykhodko
clarkson university,11,Clarkson University,44.6595887,-75.0062397,Simona Liguori; Omid Jazani; Ian McCrum; Temitope Orimolade; Sitaraman Krishnan
university of arizona,11,University of Arizona,32.23664585,-110.95234075,David Mier Salazar; Roberto Guzman; Suchol Savagatrup; Jeffrey Pyun; Angel Martin
takeda development center americas  inc,11,takeda development center americas  inc,,,Neda Nazemifard; Charles Papageorgiou; Yihui Yang; Guanghui Zhu; Raymond Turro
ghent university,11,Ghent University,51.0078484,3.7108831,Kevin Van Geem; Joris Thybaut; Kensaku Matsunami; Viktor Bultereys; Laure Descamps
university of oxford,11,University of Oxford,51.752,-1.2577,James Kwan; Andrey Poletayev; Laura K. Martin; Michail Stamatakis; Cherie Wong
gsk,11,GSK,46.2857292,-114.1470748,Parind Desai; Benjamin Hawkins; Mark Palmer; Meghan McDermott; Warren Eagles
the hong kong university of science and technology,11,The Hong Kong University of Science and Technology,22.32999,114.22884208,Yue Fang; Richard Lakerveld; Hanyu Gao; Baggie W. Nyande; Dishika Gupta
max planck institute for dynamics of complex technical systems,11,max planck institute for dynamics of complex technical systems,,,Tibor Svitnic; Caroline Ganzer; Christoph Griehl; Alexander Geschke; Peter Schulze
east china university of science and technology,11,East China University of Science and Technology,31.145271500000003,121.42105243333332,Haifeng Liu; Mengxiang Lu; Yao Miao; Li Ping; Xiaolei Guo
missouri university of science and technology,11,Missouri University of Science and Technology,37.9532435,-91.7742667,Monday Okoronkwo; Kasim Adewuyi; Al-Dahhan Muthanna; Haidar Taofeeq; Godwin Ogbuehi
hamburg university of technology,11,Hamburg University of Technology,53.4610001,9.9692264,Bogdan Dorneanu; Harvey Arellano-Garcia; Vasileios Mappas; Simon Müller; Anders Lyngfelt
sungkyunkwan university,11,Sungkyunkwan University,37.29748823333333,126.9434087,Janggeun Lee; Woochang Jeong; Jonghwan Oh; Heehyun Choi; Yong Sang Lee
university of maryland  baltimore county,10,university of maryland  baltimore county,,,Tyler R. Josephson; Samiha Sharlin; Colin Jones; Charishma Puli; Fariha Agbere
university of british columbia,10,University of British Columbia,49.2578915,-123.2429755,Rama El-khawaldeh; Jason Hein; Kwang Ho Kim; Genpei Cai; Kevin J. Smith
netl,10,NETL,52.6830181,5.8732297,David Hopkinson; Isaac Gamwo; Guoxiang Liu; Vyacheslav Romanov; Chris Atallah
korea institute of energy research,10,korea institute of energy research,,,Sunghoon Lee; Jihong Moon; Sang Jun Yoon; Dongho Lee; Gwanhong Min
colorado state university,10,Colorado State University,40.5706567,-105.0853995,Colin Esmonde; Eugene Y.-X Chen; Cody Hawthorne; Juntong He; Qiang Wang
politecnico di torino,10,Politecnico di Torino,45.0636974,7.6575263,Daniele Marchisio; Gianluca Boccardo; Antonio Buffo; Nunzia Lauriello; Samir Bensaid
texas aandm university at qatar,10,texas aandm university at qatar,,,Ahmed Abbas; Patrick Linke; Dhabia Al-Mohannadi; Midhat Zaidi; Ahmed Abdala
karlsruhe institute of technology,10,Karlsruhe Institute of Technology,49.1018534,8.4331202,Olaf Deutschmann; Patrick Lott; Akash Bhimrao Shirsath; Matthias Hettel; Benjamin Flavel
the university of toledo,10,The University of Toledo,41.6582432,-83.6147873,Hossein Abedsoltan; Glenn Lipscomb; Joseph G. Lawrence; Saketh Merugu; Maria Coleman
koc university,9,Koc University,41.203159,29.0728654,Shuhei Takamura; Naruki Kurokawa; Atsushi Hotta; Shota Kato; Manabu Kano
university of liege,9,University of Liege,50.6368602,5.5624252,Geoffroy Lumay; Gresse Eva; Lechanteur Anna; Evrard Brigitte; Nicolas Regibeau
nyu tandon school of engineering,9,nyu tandon school of engineering,,,Rachel Pollard; Ashley Han; Nouha El Amri; Parker Lewis; Nathalie Pinkerton
pfizer inc,9,pfizer inc,,,Cameron Armstrong; Shubham Sharma; Kevin P. Girard; Geoff Mckee; Sweta Manthena
united states military academy,9,United States Military Academy,41.3926455,-73.9599242,Enoch Nagelli; Simuck Yuk; Corey James; F. John Burpo; Victor A. Jaffett
new mexico state university,9,New Mexico State University,32.2729032,-106.7434927,Eric Palmer; Hongmei Luo; Meng Zhou; Sergio Martinez-Monteagudo; Isaiah Morones
city college of new york,9,city college of new york,,,Xi Chen; Marco J. Castaldi; Lane Gilchrist; Maty Gueye; Michel Orsi
miami university,9,Miami University,39.5094198,-84.7311546,J. Andrew Jones; William Gibbons; Andrew Jones; Brooklyn Lengyel; Philip Glawe
the university of tokyo,9,The University of Tokyo,35.9019845,139.9362283,Hirokazu Sugiyama; Yusuke Hayashi; Masahiro Kino-oka; Rei Tamaki; Yuki Uno
university of cincinnati,9,University of Cincinnati,39.1318991,-84.5157575,Aashish Priye; Joo-Youp Lee; James Akinjide; Anil Reddy Soreddy; Dinabandhu Patra
university of cambridge,9,University of Cambridge,52.20118383333334,0.1216035999999999,Alexander Routh; Mohammed Al-Sharabi; Collin Smith; Laura Torrente Murciano; Kobi Felton
kist,9,KIST,49.7444194,9.8413018,Byoungyoun Lee; Tae-Hyun Bae; Doh C. Lee; Jinwoo Lee; Jihan Kim
suncat center for interface science and catalysis  slac national accelerator laboratory,9,suncat center for interface science and catalysis  slac national accelerator laboratory,,,Frank Abild-Pedersen; Michael Tang
universidad nacional de colombia,9,Universidad Nacional de Colombia,4.62007255,-74.07507125000001,Alvaro Orjuela; Mario Andrés Noriega; Natalia Godoy Silva; Oscar Monrroy; Juan Carlos Serrato
harvard medical school,9,harvard medical school,,,Anush Chiappino-Pepe; Jonathan Soucy; Sun Jin Moon; Neil Dalvie; Jan-Tobias Boehnke
cleveland state university,9,cleveland state university,,,Lisa Chambers; Obaid Khan; Shaowei Yang; Victoria Stege; Madison Luthy
the university of utah,9,The University of Utah,41.0956278,-111.9941083,Kody Powell; Matthew Williams; Ethan Gallup; Srabani Karmakar
prairie view aandm university,9,Prairie View A&M University,30.0960954,-95.9870007,Emmanuel Dada; Temitope Esan; Carol Akpan; Mackenzie Stephney; Kazeem B. Olanrewaju
dow chemical company,8,Dow Chemical Company,54.5856558,-1.23670675,Saket Sanjay Bhargava; Paulami Majumdar; Colin Li Pi Shan; Dinesh Kumar; Svetlana Zak
kfupm,8,kfupm,,,Syed Muhammad Shakil Hussain; Safwat Abdel-Azeim; Monther Alkoshab1; Kashif Rehan
pusan national university,8,Pusan National University,35.2343498,129.0784068,Doyeon Lee; Yongchul Chung; Kyoungyoun Kim; Juwon Kang; Min Seo Park
north carolina aandt state university,8,North Carolina A&T State University,36.2116175,-81.6760234,Debasish Kuila; Debarati Mukherjee; Sujoy Bepari; Yusuf Adewuyi; Sumit Gupta
univ of alabama birmingham,8,UNIV OF ALABAMA BIRMINGHAM,33.5016153,-86.8060476,Robert Peters; Sandra Cutts; Lalita A. Shevde
indian institute of technology roorkee,8,Indian Institute of Technology Roorkee,29.8661656,77.8957348,Anshu Anand; Sunil Kumar; Prakash Biswas; Arvind Kumar; Arisha Sharma
uc irvine,8,UC Irvine,-29.7451544,147.7685722,Herdeline Ardoña; Sujeung Lim; Lexi Crowell; Tayloria N.G. Adams; Kiara Lacy
university of calgary,8,University of Calgary,51.0766289,-114.1285493,Kotaybah Hashlamoun; Saleh Baakeem; Nashaat Nassar; Hua Song; Jose Angel Beleno Alcazar
pfizer,8,Pfizer,51.0669817,4.3097669,Sze Wing Wong; Kameel Antami; Boris Shekunov; Virginia Brooke Gill; Aaron Whittaker
vellore institute of technology,8,Vellore Institute of Technology,12.9697279,79.1606943,Hamid Arastoopour; Javad Abbasian; Satish Parulekar; SeyedSepehr Mostafayi; Ahmad Ijaz
famu-fsu college of engineering,8,FAMU-FSU College of Engineering,30.428374766666664,-84.3011659,Justice Ene; Hoyong Chung; Laurie Muok; Natalie Arnett; Omar Taleb
university of maine,8,University of Maine,44.9015188,-68.6617222,Sampath Gunukula; Clayton Wheeler; Douglas Bousfield; Glenn Matamoros; Sampath Karunarathne
university of mississippi,8,University of Mississippi,34.3646125,-89.5396349,Ahmed Al-Ostaz; Sasan Nouranian; Masoud Salavati; Mohammad Hosein Moghadasin; Mohammed Majdoub
genentech,8,Genentech,38.3901767,-121.9482113,Lin Deng; Lucilla Coelho de Almeida; Ariel Muliadi; Tim Hoogenraad; Edward Yost
university of louisville,8,University of Louisville,38.19373075,-85.75322835,John White; Mahbuba Khanom; Vance Jaeger; Zhenzhen Xie; Xiao-An Fu
boehringer ingelheim,8,Boehringer Ingelheim,19.3038519,-99.13449406666666,Fredrik Nordstrom; Corinne Jankovsky; Xiao Cong; Shubhajit Paul; Leon Schulz
university of salamanca,8,University of Salamanca,45.9455202,-66.6401861,Mariano Martin; Alberto Ruiz; Jose Enrique Roldán; Carlos Prieto; Antonio Sánchez
lsre-lcm - faculty of engineering of university of porto,8,lsre-lcm - faculty of engineering of university of porto,,,Alírio E. Rodrigues; Ana M. Ribeiro; Ana Pereira; Rafael Dias; Maria João Regufe
ewha womans university,8,ewha womans university,,,Jonggeol Na; Sanghun Lee; Pouya Ifaei; Yubin Ryu; Chaeeun Lee
montana state university,8,Montana State University,45.6638859,-111.079287,Jacob Molinaro; Stephanie Wettstein; Matthew R. Carroll; Annabelle S. Young; Nicholas P. Stadie
the university of oklahoma,8,The University of Oklahoma,35.47989685,-97.49737655,Sepideh Razavi; Gabriel Barbosa; Ngoc Hong Pham; Eduarda Barros de Oliveira; Ngoc Bui
korea institute of industrial technology,8,Korea Institute of Industrial Technology,35.20173355,126.87721165,Uen-Do Lee; Hyun Sic Park; Jo Hong Kang; Hojun Song; Sungwoong Choi
national taiwan university,8,National Taiwan University,25.05578835,121.54194385,Jeffrey Ward; Chih-Kuan Chien; Li-Chiang Lin; Hao-Jen Pan; Wei-Ting Chien
tokyo institute of technology,8,Tokyo institute of technology,35.58797123333333,139.6689706,Takeo Yamaguchi; Hidenori Kuroki; Aparna Chitra Sudheer; Yuna Tatsumi; Yasuhiko Orita
widener university,8,Widener University,39.8606395,-75.3565932,Gerassimos Orkoulas; Dipendu Saha; Savannah Steger; Christina Mccullough; Annie Miloser
ku leuven,8,KU Leuven,50.8057128,3.2915374,Dominik Bongartz; Jonas Loncke; Leen Braeken; Simon Kuhn; Leen C.J. Thomassen
tianjin university,8,Tianjin University,39.1072533,117.1778919,Zhongyi Jiang; Tinghao Jia; Yao Nian; Xiaohua Ma; Michael Guiver
the ohio state university wexner medical center,7,the ohio state university wexner medical center,,,Xilal Rima; Yong Gyu Lee; Jung Lye Kim; Syvester Black; Bryan Whitson
savannah river national laboratory,7,Savannah River National Laboratory,33.3447893,-81.73874705,Stephen Vicchio; Dan Lambert; Dylan D. Rodene; John M. Pareizs; Jarrod Gogolski
alma mater studiorum - university of bologna,7,alma mater studiorum - university of bologna,,,Matteo Minelli; Marco Giacinti Baschetti; Virginia Signorini; Roberta Di Carlo
aristotle university of thessaloniki,7,Aristotle University of Thessaloniki,40.6296704,22.9591611,Spyros Karakitsios; Dimosthenis Sarigiannis; Dayna Schultz; Ilias Frydas; Fotini Nikiforou
liberty university,7,Liberty University,37.3539466,-79.1531533,Wayne Strasser; Elijah Yoder; Nate Breed; Ryan Learn; Robert Kacinski
university of louisiana at lafayette,7,University of Louisiana at Lafayette,30.2117256,-92.0195772,William Holmes; Rafael Hernandez; Mark Zappi; Xing Li; Zhi Liu
takeda pharmaceuticals international co,7,takeda pharmaceuticals international co,,,C. Benjamin Renner; Ben Renner; Matthew Campbell; Wenlong Tang; Darren Whitaker
totalenergies,7,TotalEnergies,0.3854609,9.4447602,Sohaib Mohammed; Phuc-Tien Thierry; Samuel Lethier; Frederick de Meyer; Veronique Pugnet
johns hopkins university school of medicine,7,johns hopkins university school of medicine,,,Honggang Cui; Kathleen Gabrielson; Jeremy Walston; Rangaramanujam Kannan
mainstream engineering corporation,7,mainstream engineering corporation,,,Andrew Wagner; Aristidis Mihalos; Philip Cox; Daniel San Roman; Philip Luther
technical university of denmark,7,Technical University of Denmark,55.7854145,12.5202151,Krist V. Gernaey; Carina L. Gargalo; Celina K. Yamakawa; Alina Anamaria Malanca; Mads Stevnsborg
korea research institute of chemical technology,7,korea research institute of chemical technology,,,Yong-Ki Park; Ajaysing Nimbalkar; Dae Sung Park; Hawon Park; Do-Young Hong
eth,7,ETH,50.3260433,3.6671281,Inge Herrmann
the university of texas at tyler,7,The University of Texas at Tyler,32.3163078,-95.2536994,Fernando Resende; Shuhao Liu; Gideon Nyarko; Oluwanisola Makinde; Kristinoba Olotu
otto von guericke university,7,Otto von Guericke University,52.1405894,11.6455823,Kai Sundmacher
abb,7,ABB,22.5478712,88.1995212,Mehmet Mercangöz
university of bologna,7,University of Bologna,44.4982886,11.354457,Cristiana Boi; Giacomo Foli; Omar Atiq; Lorenzo Merlonghi; Francesco Maluta
"university of nevada, reno",7,"University of Nevada, Reno",39.5442688,-119.8163105,Maryam Raeeszadeh Sarmazdeh; Sanele Maziya; Jesus Diaz Sanchez; Thomas Summers; David Cantu
technion israel institute of technology,7,Technion Israel Institute of Technology,32.7768128,35.0225446,Brian Welch; Razi Epsztein; Zhaofeng Li; Michael Patrascu; Ruoke Cai
nasa glenn research center,7,NASA Glenn Research Center,41.4110836,-81.8692711,Norm Tubman; Abid Khan; J. Wayne Mullinax; Hessam Malmir; Jason Hartwig
university of patras,7,University of Patras,38.2869279,21.7851062,Vlasios Mavrantzas; Georgios N. Karanikolos; Harry Papargyriou; Sophia Minadaki; Antonios Armaou
the lubrizol corporation,7,the lubrizol corporation,,,Glenn Cormack; Nicolas Proust; Frank van Lier; Michael DeLetter; Dixit Parmar
ohio university,7,Ohio University,39.3241782,-82.1015648,Sumit Sharma; Quinn Bennett; Thanh Minh Giang Do; Yalda Ramezani; Hemant Nagar
rochester institute of technology,6,rochester institute of technology,,,Obioma Uche; Ke Xu; Poornima Padmanabhan; Moumita Das; Laura Y. Galeano Tirado
kth royal institute of technology,6,KTH Royal Institute of Technology,59.2016758,17.6203201,Shareq Mohd Nazir; Devesh Sathya Sri Sairam Sirigina; Efthymios Kantarelis; Klas Engvall; Frederico M. Penha
university of miami,6,University of Miami,25.7172724,-80.2787069,Fateme Rezaei; Ruthradharshini Murugavel; Ali Rownaghi; Jimmy Moreno; Kyle Newport
louisiana tech university,6,Louisiana Tech University,32.526106,-92.6481217,Teresa Murray; Yang Xiao; Tobias Misicko; Xiaoyang Gao; Christobel Asiedu
ucla henry samueli school of engineering and applied science,6,ucla henry samueli school of engineering and applied science,,,Aaron Moment
"amgen, inc.",6,"Amgen, Inc.",34.1905959,-118.91985619999998,Miguel Angel Valderrama-Gomez; Elcin Icten Gencer; Taehun Kim; Matthew Demers; Sidra Xu
university of san diego,6,university of san diego,,,Rae Robertson-Anderson; Juexin Marfai; Mehdi Aporvari; Philip Neill; Katarina Matic
indiana university,6,Indiana University,39.1802358,-86.5093526,Wenhui Li; Yaxu Zhong; Alex Butrum-Griffith; Jun Chen; Yi Wang
exxonmobil,6,ExxonMobil,51.2480381,4.3478222,Prasanna V. Joshi; Bennett Marshall; Hector Ayala; Kirti Richa; Jennifer Port
boehringer ingelheim pharmaceuticals inc,6,boehringer ingelheim pharmaceuticals inc,,,Brian Linehan; Frederic Buono; Tao Zhang; Vidhyadhar Manee; Thomas Tampone
university of dayton,6,University of Dayton,39.7384599,-84.1791948,Ching-An Peng; Matthew Bernards; Kevin Myers; Sharjeel Jokhio; Adrienne Shea
kwangwoon university,6,kwangwoon university,,,Hiesang Song; Yeonsoo Kim; Hyungjun KIM; Changbeom Hong; Gyeonggwan Jeon
indian institute of science,6,Indian Institute of Science,13.0222347,77.5671832,K Ganapathy Ayappa; Anshaj Ronghe; Thulasi Chandrasekaran; Sanjeev Kumar; Sudeep Punnathanam
national cheng kung university,6,National Cheng Kung University,22.999099,120.2162295,Wei Wu; Bing-Hung Chen; Yu-Hsun Tsai; Wei-Hong Hong; Yu-Hsuan Cheng
the university of maine,6,The University of Maine,43.6854339,-70.2988834,Arya Ajeev; Evan Wujcik; Behrokh Shams; Worood Majali; Zayed Al-Hamamre
hongik university,6,Hongik University,37.56100883333333,126.98620790666668,Dongil Shin; Seungwon Shin; Gebremedhn Gebremichael; Donghyeon Lee
gti energy,6,gti energy,,,Weiwei Xu; Shiguang Li; Qiaobei Dong; Megan Herrera; Sarath Kannan
us environmental protection agency,6,us environmental protection agency,,,William Barrett; Nathan Weber; Jonathan D. Krug; William R. Roberson; William P. Linak
u.s. department of energy,6,U.S. Department of Energy,38.887938875,-77.0324304125,Bhima Sastri; Nicholas Means; Maressa Brennan; Darin Damiani; Dawn Deel
granutools,6,granutools,,,Aurelien Neveu; Filip Francqui; Marco Lupo; Salvatore Pillitteri
yonsei university,6,yonsei university,,,Jongin Choi; Youn-Sang Bae; Chang-Ha Lee; Hyunji Lim; Yongmin Lee
university of strathclyde,6,University of Strathclyde,55.8618812,-4.2419566,Javier Cardona; David McKechnie; Leo Lue; Irene Moreno Flores; Parandeep Sandhu
hankyong national university,6,Hankyong National University,37.0117775,127.2634692,Young-Il Lim; Son Ich Ngo; Semie Kim; Bang Le; Huong Mai Thi Kieu
university of nebraska - lincoln,6,university of nebraska - lincoln,,,Adil Alsiyabi; Mark Kathol; Joydip Dey; Bhavana Sunil; Thomas Hope
school of chemistry  chemical engineering and biotechnology  nanyang technological university,6,school of chemistry  chemical engineering and biotechnology  nanyang technological university,,,Ari Fischer; Sainan Zhao; Ming-Hsu Chen
graz university of technology,6,Graz University of Technology,47.0494299,15.441566266666667,Johannes Khinast; Susanne Lux; Martin Horn; Max Vogi; Maximilian Neubauer
u s  environmental protection agency,6,u s  environmental protection agency,,,John D. Chea; Gerardo Ruiz-Mercado; Raymond Smith; Michael Gonzalez; David Perez
corteva agriscience,6,Corteva Agriscience,41.6704889,-93.715464,Venkat Bhamidi; Navraj Hanspal; Paul A. Larsen; Wei-Lee Wu; Rachel Rhodes
washington and jefferson college,6,Washington & Jefferson College,40.1719209,-80.2413496,Adam Holewinski; Joseph Cramer; Huiyuan Zhu; Gia Monte; Ravneet Kahlon
u.s. food and drug administration,6,U.S. Food and Drug Administration,47.7969561,-122.2009767,Thomas O'Connor; Stelios C. Tsinontides; Nobel Sierra Vega; Muhammad Ashraf; Ahmed Zidan
universidad san francisco de quito,5,Universidad San Francisco de Quito,-0.1968612,-78.4359156,Lourdes Orejuela-Escobar; Inés Hernández; María Fernanda Lecaro; Yuliana Pullas Gallardo; Luis M. Prócel
hovione farmaciência sa,5,hovione farmaciência sa,,,Saúl Silva; Rudi Oliveira; Claudia Moura; Maria Catarina Luz; Rodrigo Neto
texas aandm university-kingsville,5,Texas A&M University-Kingsville,27.5279817,-97.8836721,Matthew Alexander; Matthew Kolade Ajakaiye; M. R. Riazi; Francisco Haces Fernandez; Patrick Mills
hovione farmaciência,5,hovione farmaciência,,,Pedro Valente; Pedro Monteiro; Ana Martins; Artur Saramago; Ricardo Sousa
new york university tandon school of engineering,5,new york university tandon school of engineering,,,Nathalie Pinkerton; Parker Lewis; Kiana Bahrami; Gülse Kayra Oğuz; Deven Paul
central michigan university,5,Central Michigan University,43.58355,-84.7746308,Koblar Jackson; Emad Sanei; Itzel Marquez; Yasna Mortezaei; Goksel N. Demirer
stellenbosch university,5,Stellenbosch University,-33.9326212,18.8650551,Yumna Parker; Viola Hofmann; Johann Gorgens; Neill Goosen; Cara Schwarz
sanofi,5,Sanofi,47.4296449,0.6951806,Indu Muthancheri; Mario Rousselin; Lauren Rockwell; Lingyun Liu; Shrirang Karve
utrecht university,5,utrecht university,,,Martin F. Haase; Marta Perxés Perich; Jessi E.S. van der Hoeven; Florian Meirer
university college dublin,5,University College Dublin,53.32253315,-6.237669275,Sergio Carrillo De Hert; Rafael Lopez-Rodriguez; Steven Ferguson; Philip Donnellan; Entvin Mamo
cu boulder,5,cu boulder,,,Hailey Loehde-Woolard; Mathew Jaeschke; Nicole E. Friend
trinity college dublin,5,trinity college dublin,,,Rebekah Wells; Tian Carey; Jonathan Coleman; Yurii K. Gun'ko; Shixin Liu
amgen,5,Amgen,23.0726689,72.5941167,Seb Caille; Tessa Myren; Kyle Quasdorf; William Johnson; Margaret Faul
lawrence berkeley national lab,5,lawrence berkeley national lab,,,Amro Dodin; Jaeyong Lee; Ahmet Kusoglu; Alondra Perez; Sumanjeet Kaur
barpimo s.a.,5,Barpimo S.A.,42.9108971,-8.5254274,Helen Zha; Surya Karla; Susanna Alonso; Estefanía Cámara; Saulo Franco
university of illinois,5,University of Illinois,40.094607692857146,-88.21349916428572,Bahadir Rusen Argun; Roland Okwen; Yuanchao Qian; Yongping Xin; Christopher Korose
hebei university of science and technology,5,Hebei University of Science and Technology,37.9774255,114.5156097,Fatang Li; Suleiman Musa; Bilal Masood Pirzada; Shamraiz Hussain Talibb; Dalaver H. Anjumb
national technical university of athens,5,National Technical University of Athens,37.977380100000005,23.7590529,Antonios Kokosis; Nikos Trokanas; Stefanos Xenios; Konstantinos Mexis; Michaela Vasilaki
universidad michoacana de san nicolás de hidalgo,5,Universidad Michoacana de San Nicolás de Hidalgo,19.6892955,-101.2066338,Luis Fernando Lira-Barragán; Javier Tovar-Facio; Tania Itzel Serrano Arévalo; Jose Ponce-Ortega; César Ramírez-Márquez
nagoya university,5,Nagoya University,35.1533086,136.9677806,Tomoyuki Yajima; Yoshiaki Kawajiri; Mostafa Elshafie; Katsutoshi Sato; Katsutoshi Nagaoka
university of wyoming,5,University of Wyoming,41.314986,-105.5643222,Utkarsh Kapoor; Vithurshan Varenthirarajah; Balantrapu Harshit; Haibo Zhai; Zitao Wu
forge nano,5,forge nano,,,Andrew Broerman; Theodore Champ; Christopher Gump; Arrelaine A. Dameron; Madison Martinez
aiche,5,AIChE,47.6756422,8.2617198,Joseph Cramer; Jeffrey Horowitz; Heather Yuengling; Fadhil Al-Aboosi
queens university,5,Queen's University,54.5847533,-5.936566,Kimberley B. McAuley; Greg van Anders; Houda Haidar; Iman Moshiritabrizi; Lauren Gibson
the university of melbourne,5,The University of Melbourne,-37.7991808,144.9800356,Eirini Goudeli; Lequan Zeng; George Franks; Raymond Dagastine; Quang Huy Pham
university of tennessee-oak ridge innovation institute,5,university of tennessee-oak ridge innovation institute,,,Dwaipayan Dasgupta
uc davis,5,uc davis,,,Alejandro Gallegos Tovar; Jennifer Curtis; Yi Wang; Saswati Panda; Zack Xu
university of limerick,5,University of Limerick,52.67356865,-8.56909645,Harry Van den Akker; Negin Ammari; Roya Jamshidian; Orest Shardt; Vivek V. Ranade
srm institute of science and technology,5,SRM Institute of Science and Technology,12.8234361,80.0450412,Sam David Swaminathan; Youngjune Park; Jiwoo Lee; Dongju Seo; Shik Rou Kong
duke university,5,Duke University,36.0001557,-78.9442297,Dongheon Lee; Ashutosh Chilkoti; Lingchong You; Hye-In Son; Kyeri Kim
university of missouri-columbia,5,university of missouri-columbia,,,Bret D. Ulery; Reginald Rogers; Matthias Young; Farnoushsadat Rezaei; Samantha Huddleston
department of chemical engineering  university of michigan,5,department of chemical engineering  university of michigan,,,Eranda Nikolla; Onyema Obi
applied circular engineering and simulation group   universidad san francisco de quito usfq,5,applied circular engineering and simulation group   universidad san francisco de quito usfq,,,Lourdes Orejuela Escobar; Arleth Gualle Brito; Andrea Landazuri; Brigitte León; Ana Andrade
state university of new york environmental science,5,State University of New York Environmental Science,43.03120034,-76.1321552,Jiae Ryu; Endong Wang
shell global solutions international b v,5,shell global solutions international b v,,,Stefaan Raaijman; Piet Huizenga; Alexander P. van Bavel; Rene Bos; Marcello S. Rigutto
key laboratory of coal gasification and energy chemical engineering of ministry of education  shanghai engineering research center of coal gasification  east china university of science and technology,5,key laboratory of coal gasification and energy chemical engineering of ministry of education  shanghai engineering research center of coal gasification  east china university of science and technology,,,Haifeng Lu; Shicheng Wang; Xiaolei Guo; Liang Zhang
oakland university,5,Oakland University,42.67665135,-83.15880505,Erin Witherspoon; Natsuumi Ito; Nozomi M. Watanabe; Hiroshi Umakoshi; Nobuyuki Matubayasi
forschungszentrum jülich gmbh,5,forschungszentrum jülich gmbh,,,Peter Wasserscheid; Michael Geisselbrecht; Stefan Pappler; Timo Schaerfe; Manuel Dahmen
boise state university,5,Boise State University,43.6032821,-116.19941,Eric Jankowski; Chris Jones; Marjan Albooyeh; Rainier Barrett; Leah Coffey
"california state polytechnic university, pomona",5,"California State Polytechnic University, Pomona",34.0556686,-117.8239282,Mingheng Li; Zachary Shin; Eric Dudley; Amir-Hadi Boroumand; Adrian Rubio
university of são paulo,5,University of São Paulo,-23.550206033333332,-46.70192036666666,Celma O. Ribeiro; Juarez Da Silva; Martin Schmal; Brenner Santana; Patience Bello Shamaki
utah state university,5,Utah State University,41.7526959,-111.808733,Foster Agblevor; Hamza Abdellaoui; Mohamed Sayed Ahmed; Youping Sun; Eisa Valiasil
university of surrey,5,University of Surrey,51.2430782,-0.5900545,Charley Wu; Madeleine Bussemaker; Jin Xuan; Yucheng Zhu; Auwal Yunusa
university of alabama in huntsville,5,University of Alabama in Huntsville,34.70024513333333,-86.65110853333334,Arne Croell; Emmanuel Ezeobidi; Agnieszka Truszkowska; Adekunle Akinmola; Robert Mills
center for interdisciplinary research and innovation of aristotle university of thessaloniki,5,center for interdisciplinary research and innovation of aristotle university of thessaloniki,,,Nafsika Papaioannou; Catherine Gabriel; Achilleas Karakoltzidis; Thanasis Papageorgiou; Elisavet Renieri
university of naples federico ii,5,university of naples federico ii,,,Almerinda Di Benedetto; Maria Portarapillo; Augusto Bellucci Sessa; Nicola Antonio Di Spirito; Nino Grizzuti
tsinghua university  p r china,5,tsinghua university  p r china,,,Yi Cheng; Shuairen Qian; Ruiqi Du; Rui Jia; Kaizheng Zhang
exxonmobil technology and engineering company,5,exxonmobil technology and engineering company,,,Lisa S. Baugh; David C. Calabro; Simon C. Weston; Mohammed Abutaqiya; Yu Wang
takeda,5,takeda,,,Thomas Toupy; Laura Pereira Diaz; Adrian Ramirez Galilea; Edward Raymond; Mohammed Janoudi
université de sherbrooke,4,Université de Sherbrooke,45.374731,-71.9303566,Federico Galli; Esma Ines Achouri; Muhammad Irfan Malik; Nicolas Abatzoglou; Juan Pablo Diaz Ramirez
hong kong university of science and technology,4,Hong Kong University of Science and Technology,22.8916128,113.4790189,Hanyu Gao; Fei Sun; Min HU; Haifan Zhou; Ching Ting Leung
mathworks,4,Mathworks,42.3000136,-71.350891,Aycan Hacioglu; Hossein Jooya; Ramnarayan Krishnamurthy; Kathi Kugler; Sudeep Ghosh
new mexico tech,4,New Mexico Tech,34.0662339,-106.9110595,Xuan Pham; Janet Baffoe; Corey Leclerc; Julio Cubillas; Jonathan Logan
renewable resources and enabling sciences center  national renewable energy laboratory,4,renewable resources and enabling sciences center  national renewable energy laboratory,,,Hyunjin Moon; Davinia Salvachua; Joel Miscall; Hannah Alt; Clarissa L. Lincoln
yokohama national university,4,Yokohama National University,35.4737978,139.5900454,Ryuta Misumi; Mehak Jain; Takemi Shinkai; Fumiya Hirowatari
city college of new york  cuny,4,city college of new york  cuny,,,Raymond Tu; Darjan Podbevšek; Honghui Yu; Maheen Khan
federal university of campina grande,4,federal university of campina grande,,,Heleno Bispo; Hiuquem Lopes; Waleska Nascimento; Gabriela Monteiro; Fernando Schramm
research center pharmaceutical engineering gmbh,4,research center pharmaceutical engineering gmbh,,,Andreas Kottlan; Nick Morse; Stephan Sacher; Lisa Kuchler; Atabak Azimi
vrije universiteit brussel,4,vrije universiteit brussel,,,Joeri Denayer; Ravi Sharma; Matthias Schoukens; Tom Van Assche; Zhouheng Zhou
south dakota school of mines andtechnology,4,south dakota school of mines andtechnology,,,Rajesh Shende
boston university,4,boston university,,,Robert A. Brown; Han Zang; Ahmad S. Khalil; Christopher S. Chen; Erica Pratt
centro de investigação de montanha   instituto politécnico de bragança  campus de santa apolónia  5300-253,4,centro de investigação de montanha   instituto politécnico de bragança  campus de santa apolónia  5300-253,,,José A. C. Silva; Lucas Zafanelli; Ezzeldin Aly; Adriano Henrique
mork family department of chemical engineering and materials science  university of southern california,4,mork family department of chemical engineering and materials science  university of southern california,,,Mohammad Bazmi; Farnaz Tabarkhoon; Nicholas Welchert; Hamid Bakhshizarinabadi
merck,4,Merck,36.935832,140.8428371,Hong Wei; Sanjaykumar Patel; Jasmine Rowe; Jacky Chen
eaton corporation,4,Eaton Corporation,42.83977,-93.6037789,Monoj Ghosh; Heng Dai; James Strohm; Rob Nunley; Mike Burgess
3m company,4,3M Company,41.3079575,-96.3382383,Hyunki Kim; Neeraj Borker; Ilyess Hadj Romdhane; Cory Sauer; Thomas Herdtle
universidad de guanajuato,4,Universidad de Guanajuato,28.6984944,-106.1339119,Juan Gabriel Segovia; Jesus Manuel Nuñez Lopez; Eduardo Sánchez-Ramírez; Maricruz Juárez-García; Carlos Rodrigo Caceres Barrera
procter and gamble,4,Procter and Gamble,53.5273241,-2.7604531,Rakesh Gummalla; Ashlesha Tiple; Kara Johnson; Xueying Ko; Prakash Madhav
tohoku university,4,Tohoku University,38.2581115,140.8360434,Anqing Wang; Ruixuan Ying; Hajime Ohno; Yasuhiro Fukushima; Keishi Suga
kyushu university,4,Kyushu University,33.6707768,130.4444986,Masahiro Goto; Yuma Morimitsu; MD Amirul Islam; Bidyut Baran Saha
young professionals committee,4,young professionals committee,,,Carmen Daoud
korea institute of energy technology,4,Korea Institute of Energy Technology,35.0099961,126.8039044,Hyo Won Kim; Nam Gyu Lim; Hyeok Jin Kwon; Hoang Thai Bao Ngo; Yu Jin Jo
sartorius,4,sartorius,,,Behnam Partopour; Abhinav Hazarika; Taehong Kwon; Ann-Cathrin Leroux; Christoph Zehe
beijing university of chemical technology,4,Beijing University of Chemical Technology,40.2525863,116.1437701,Wei Sun; Cheng Ji; Fangyuan Ma; Jingzhi Rao; Jingde Wang
tu delft,4,TU Delft,52.016043475,4.358393925,Tom Burdyny; Michiel Wapperom; Gabriel Meesters
university of leeds,4,University of Leeds,53.8057925,-1.555111,Benjamin Lobel; Olivier J. Cayre; Andrew Bayly; Tushae Srivastava
university of erlangen-nuremberg,4,university of erlangen-nuremberg,,,Wolfgang Peukert; Peter Wasserscheid
university of the witwatersrand,4,University of the Witwatersrand,-26.1888766,28.0247912,Neil Stacey; Peter Stacey; Mulenga Bwalya; Andrew Thatcher; Tracy-Lynn Field
stockholm university,4,Stockholm University,59.3398917,18.03275263333333,Taimin Yang; Xiaodong Zou; Maja-Stina Svanberg Frisinger; Muhammad Naeem Iqbal; Latif Ullah
new mexico institute of mining and technology,4,new mexico institute of mining and technology,,,Sanchari Chowdhury; Youngmin Lee; Naomi Helsel; Hirithya Sharad Jeyashangararaj; Pabitra Choudhury
eindhoven university of technology,4,Eindhoven University of Technology,51.4486602,5.4903996,Simanta Lakhar; Miao Zhang; Maxime Van der Heijden; Gabor Szendrei; Victor de Haas
ansys inc,4,ansys inc,,,Marc Horner; Sravan Nallamothu; Prashanth Ethirajulu; Lucas B. Baggio; Joao A. Aguirre Oliveira
artie mcferrin department of chemical engineering  texas aandm university,4,artie mcferrin department of chemical engineering  texas aandm university,,,Ifeoluwa Babalola; Swaminathan Sundar; Ty Leonard
suncat center for interface science and catalysis  department of chemical engineering  stanford university,4,suncat center for interface science and catalysis  department of chemical engineering  stanford university,,,Pooja Basera
mstar cfd,4,mstar cfd,,,Eric E. Janz
university of ar,4,University of AR,36.0970389,-94.1703322,Robert Beitle; Mohammad Mahmoudi; Lei Guo; Kamel Halouani; Ezzeldin Aly
siemens,4,Siemens,45.7918775,24.0933759,Ravindra Aglave; Arman Raoufi; Christoph Kiener; Justin Hodges; Xin Li
worldwide research and development  pfizer healthcare india pvt ltd,4,worldwide research and development  pfizer healthcare india pvt ltd,,,Mandakini Padhi; Senthil Kumarasamy
iit hyderabad,4,IIT Hyderabad,17.589982833333334,78.1218824,Pallavi Dandekar; Sunil Kumar Maity
university of maryland baltimore,4,university of maryland baltimore,,,Yiling Nan; Alexander D. MacKerell
nanoparticle systems engineering laboratory,4,nanoparticle systems engineering laboratory,,,Robert Nißler
eli lilly,4,Eli Lilly,39.7735152,-85.7971257,Michael Frederick; Ankur Jalan
old dominion university,4,Old Dominion University,36.8862699,-76.3097248,Sandeep Kumar; Isamu Umeda
imperial college london  south kensington,4,imperial college london  south kensington,,,Daryl R. Williams; Eleni Chatzilakou; Yubing Hu; Othman Al Musaimi; Lucia Lombardi
dow inc.,4,Dow Inc.,14.4495397,120.9957662,Adam Kelloway; Kyle Harshbarger; Hulusi Turgut; Kelly Krzysik; Bryan Kenyon
hovione,4,hovione,,,Ines Rocha; Anthony Tantuccio; Sarang Oka; Jose Luis Santos
florida atlantic university,4,Florida Atlantic University,26.1194037,-80.1416919,Amirjavad Ahmadian Hosseini; Laura Rojas; Masoud Jahandar Lashaki; Brandyn Nutter; Steven Soini
university of tennessee-knoxville,4,university of tennessee-knoxville,,,Xianzhi Meng; Yunxuan Wang; Shuai Li
school for engineering of matter  transport  and energy  arizona state university,4,school for engineering of matter  transport  and energy  arizona state university,,,Jordan Monroe
heriot-watt university,4,Heriot-Watt University,55.93115233333333,-3.2497418,Peter Cummings; Arun Srikanth; Clare McCabe; Ahmed Salem; Ellie Bales
north carolina agricultural and technical state university,4,North Carolina Agricultural & Technical State University,36.071873825,-79.773697625,Aleksandrs Prokofjevs; Yeoheung Yun; Shashwata Chakraborty; Jonathan Appiah
apc ltd,4,APC Ltd,16.8497417,96.0796153,Melba Simon; Anita Umerska; Brian Glennon; Eóin Bourke; Dawn Kelly
university of queensland,4,University of Queensland,-27.5087934,153.02560985,Byron Villacorta; Julie Wixey; Kirat Chand; Carolyn Curley; Eleenah Sanders
pohang university of science and technology,4,Pohang University of Science and Technology,36.0180795,129.3208556,Youn-Bae Kang; Sujin Kim; ByeongJo Shim; ChangWon Yoon; Rong An
university of maryland baltimore county,4,university of maryland baltimore county,,,Luis Carlos Pinzon-Herrera; Luis C. Pinzon-Herrera; Jorge Almodovar; Pavankumar Umashankar
hope college,4,hope college,,,Jeffrey Christians; Elizabeth Cuneaz; Michael Misovich; Joseph Kuklewski; Laurel Wasiniak
kaust,4,KAUST,22.3223754,39.1173835,Chiara Canciani; Elia Colleoni; Paolo Guida; William Roberts; Aiping Chen
university of central florida,4,University of Central Florida,28.599591,-81.1971284,Shaohua Xie; Like Li; Yifan Wang; James Fenton; Kailong Ye
instituto politécnico nacional,4,instituto politécnico nacional,,,Alfredo Pimentel Rodas; Angel M. Notario-López; Luis A. Galicia-Luna; Diana L. Salas-Gallegos; Rubén P. Mendo-Sánchez
university of mississippi medical center,4,University of Mississippi Medical Center,32.3309299,-90.1723002,Chipo Chapusha; Sheetal Chowdhury; Amol Janorkar; Nicholas McGowan; Jamari Osborne
stanford synchrotron radiation lightsource  slac national accelerator laboratory,4,stanford synchrotron radiation lightsource  slac national accelerator laboratory,,,Kevin Stone; Jorge Perez-Aguilar
slb,4,slb,,,Ruhi Sultana; Daniel Miller; Kurt Schmidt; Shu Pan; Joe Costandy
shell international exploration and production  inc,4,shell international exploration and production  inc,,,Ram Ratnakar; Oyinkansola Romiluyi; Reza Mirshekari; Yoon Jun Son
universidad de los andes,4,universidad de los andes,,,David E. Herrick; Johan Leon; Camilo Ayala; Alejandro Marañon; Oscar Alvarez
memorial university,4,Memorial University,47.5732831,-52.7351911,John Bacsa; Bahram Ghorbani; Sohrab Zendehboudi; Sophia Sakers; Elisa Schrader Echeverri
sunthetics,4,sunthetics,,,Daniela Blanco; Ethan Tenison
tecnológico de monterrey,4,Tecnológico de Monterrey,20.67737852,-105.22261644,Ilse María Hernández-Romero; Lucy T. González; Antonio Flores-Tlacuahuac; Pabel Cervantes-Avilés; Camila Velandia
south china university of technology,4,South China University of Technology,23.160342,113.3372426,Ruiqi Fang; Xin Zhao; Jufang Wang; Yang Li; Xiaolong Guo
famu-fsu college of engineering  florida state university,4,famu-fsu college of engineering  florida state university,,,Yan Li; Tristan Driscoll; Xingchi Chen; Sailesti Joshi; Yuan Liu
umbc,4,umbc,,,Jorge Almodovar
polytechnic university of puerto rico,4,polytechnic university of puerto rico,,,Harry Carrion; Dorielis Rodriguez-Suarez; Yariana N. Bengochea Bonilla; Jeziel Rodriguez Vega; Elba Herrera
worldwide research and development  pfizer products india pvt ltd,4,worldwide research and development  pfizer products india pvt ltd,,,Pankaj Doshi
dow chemical,4,Dow Chemical,43.3183808,-2.9796248,Kaoru Aou; Danny Shade; Xiaoyun Chen; Rainer Freudenberger; Kalyn Froeschle
vertex pharmaceuticals,4,vertex pharmaceuticals,,,Qinglin Su; Carla Luciani; Yaser Bozorgi; Subhash Thakur; Jeffrey Wang
soongsil university,4,soongsil university,,,Yun-Ho Ahn; Jun Hyoung Lee; Geumbi Han; Lee Jae-Cheol; Min-Kyung Kim
technical university of darmstadt,4,technical university of darmstadt,,,Alfons Drochner; Danny Stark; Timothy Nowak; Stefanie Frick; Andreas Klein
siemens industry software inc,4,siemens industry software inc,,,Alejandro Cano; Shashank Maindarkar; In-Seon Kim
canakkale onsekiz mart univ,4,Canakkale Onsekiz Mart Univ,40.1120066,26.4214648,Nurettin Sahiner; Mehtap Sahiner; Selin S. Sagbas; Sahin Demirci; Selin Sagbas
university of texas at san antonio,4,university of texas at san antonio,,,Gongchen Sun; Shrihari Sankarasubramanian; Gabriel Garibaldi; Miguel Garibaldi; Erin McNeill
tennessee technological university,4,tennessee technological university,,,Shafieh Karami; Pedro Arce; Laura H. Arias Chavez; Bahman Ghorashi
tennessee tech university,4,Tennessee Tech University,36.1748736,-85.5089051,Mohammad J Seyed Sabour; Sahera Abumariam; Phuong Tran; Andrea Arce-Trigatti
technical university of munich,4,Technical University of Munich,48.2654976,11.6692249,Harald Klein; Sebastian Rehfeldt; Michael Stadler; Valentin Krespach; Nicolas Blum
baylor university,4,Baylor University,31.550434,-97.1102906,Huy Tran; Min Pack; Pooria Pirdavari; Harrison Hall; Aaron Wright
air products,4,Air Products,51.1543176,3.7897645,Roger D. Whitley; VIshrut Garg; Gaurab Samanta
aspen technology inc.,4,Aspen Technology Inc.,39.067515,-108.560123,Dimitrios K. Varvarezos; Pratyush Agarwal; Zhen Hou; Lili Yu; Lingxiang Li
alice - associate laboratory in chemical engineering  faculty of engineering  university of porto,4,alice - associate laboratory in chemical engineering  faculty of engineering  university of porto,,,Alexandre Ferreira; Vítor J.P. Vilar; Paulo Carmo
ningbo tech university,3,ningbo tech university,,,Congjing Ren
takeda pharmaceuticals,3,takeda pharmaceuticals,,,Braden Chiulli; Chris Lowe; Gioia Tuozzolo; Benjamin Bayer; Leo Karmiy
university of maribor,3,University of Maribor,46.5592325,15.6432937,Annamaria Vujanović; Jan Puhar; Matija Zaloznik; Blaz Kamenik; Matjaz Hribersek
department of chemical engineering  college of engineering  king khalid university  abha 61411  saudi arabia,3,department of chemical engineering  college of engineering  king khalid university  abha 61411  saudi arabia,,,Basem Al Alwan; Khursheed B. Ansari; Atef El Jery; Rahaf Alharbi
indian oil corporation ltd  randd centre,3,indian oil corporation ltd  randd centre,,,Samik Hait
siddaganga institute of technology,3,Siddaganga Institute of Technology,13.3285139,77.1265772,Kang Zhou; Sudhir Ranganath
lisn cnrs,3,lisn cnrs,,,Jalel Chergui; Damir Juric
university of oregon,3,University of Oregon,44.0444197,-123.0717603,Danielle Benoit; Paul Kempler
saudi aramco oil company,3,saudi aramco oil company,,,Mohammed Alkhunaizi; Qi Xu; Mohammad Alabdullah; Robert Hodgkins; Taib Abang
salvador garcia munoz eli lilly and company,3,salvador garcia munoz eli lilly and company,,,Salvador García-Muñoz
dsm-firmenich,3,DSM-Firmenich,46.1772613,6.0064557,Taliehsadat Alebrahim; Novin Mehrabi; Mark Nejako
basf,3,BASF,51.3623782,4.2771851,Christian Holtze; Lukas Metzger; Carlos L. Pueyo; Jianping Chen; Roel Sanchez-Carrera
university of chemistry and technology in prague,3,University of Chemistry and Technology in Prague,50.102222,14.39063,Viola Tokarova; Lucie Maskova; Ondrej Kaspar; Pavel Krýsa; Miroslav Soos
altair engineering,3,Altair Engineering,42.562319,-83.1116915,Stefan Pantaleev
the cooper union for the advancement of science and art,3,the cooper union for the advancement of science and art,,,Radmila Janjusevic; Tausif Tamim; Abhishek Sharma; Nada Shetewi; Amanda Simson
sintef industry,3,sintef industry,,,Luca Ansaloni; Thijs Peters; Ben Alcock; Shreenath Krishnamurthy; Schalk Cloete
dupont,3,DuPont,47.0990689,-122.637546,Scott Collick; Senyo Opong; Steven F. Krakowski
paul scherrer institute,3,Paul Scherrer Institute,47.5358954,8.222218,Nina Genz; Maarten Nachtegaal; Man Guo; Jeroen A. van Bokhoven; Luca Artiglia
aristosys  llc  contractor to national energy technology laboratory,3,aristosys  llc  contractor to national energy technology laboratory,,,Michael S. Matuszewski
german aerospace center,3,German Aerospace Center,50.8532848,7.124659,Martin Roeb; Patrick C. Le Clercq; Holger Huck
dr  vishwanath karad mit world peace university,3,dr  vishwanath karad mit world peace university,,,Sagar Kanekar; Anand Kulkarni; Shravani Gajendragad; Shruti Dhawade; Suraj Mali
institute for chemical technology and polymer chemistry  karlsruhe institute of technology,3,institute for chemical technology and polymer chemistry  karlsruhe institute of technology,,,Daniel Hodonj
ulsan national institute of science and technology,3,ulsan national institute of science and technology,,,Dongrak Oh; Jinyoung Lee; Ji-Wook Jang; Changgwon Choe; Hankwon Lim
basf se,3,BASF SE,49.5004949,8.4989269,Lars Matthes; Nadine Kaiser; Rupert Konradi; Bernhard von Vacano; Matthias Schmalzbauer
u s  army,3,u s  army,,,Trenton Tovar
guangdong technion israel institute of technology,3,Guangdong Technion Israel Institute of Technology,23.4125696,116.636155,Peng Xu; Hanqing Zhang; Dewei Lin; Dian Li; Yiting Xiao
suny   buffalo,3,suny   buffalo,,,Amit Goyal
department of chemical and biomolecular engineering  lehigh university,3,department of chemical and biomolecular engineering  lehigh university,,,Zeyuan Sun; Haoze Ren; Han Li; Meng Wang
polish academy of sciences,3,polish academy of sciences,,,Karol Makuch; Robert Hołyst; Anna Maciołek; Paweł Żuk; Konrad Giżyński
kyungpook national university,3,Kyungpook National University,35.8905697,128.6108553,Hyungseok Nam; Jin Hyeok Woo; Jae Chang Kim; Soo Chool Lee; Young Min Yoon
faculty of new sciences and technologies  university of tehran,3,faculty of new sciences and technologies  university of tehran,,,Leila Fereidooni; Alibakhsh Kasaeian
department of chemical engineering  texas aandm university at qatar p  o  box 23874,3,department of chemical engineering  texas aandm university at qatar p  o  box 23874,,,Konstantinos E. Kakosimos
university of science and technology,3,University of Science and Technology,15.3705392,44.1750664,Yong Tae Kim; Kang-Seok Go; Chuanling Si
engineering and process science  core randd  the dow chemical company,3,engineering and process science  core randd  the dow chemical company,,,Jorg Theuerkauf; Yuan Yao; Pedram Pakseresht; Yi Fan
pnnl,3,pnnl,,,Peng Zuo; Busra Dereli; Andrew Carney; Sandra Fiskum
canmetenergy,3,canmetenergy,,,Rafal Gieleciak; Tingyong Xing; Mohamed Ali; Jinwen Chen; Najmeh Ahledel
center for structural molecular biology  oak ridge national laboratory,3,center for structural molecular biology  oak ridge national laboratory,,,Sai Venkatesh Pingali; Hugh O'Neill
suny esf,3,suny esf,,,Shijie Liu; Timothy Morin; Antonio Franco Aguado
mission possible partnership,3,mission possible partnership,,,Gayle Gibson
national energy technology laboratory  u s  department of energy,3,national energy technology laboratory  u s  department of energy,,,Stephen Zitney; Ranjani V. Siriwardane
hovione farmaciência s a,3,hovione farmaciência s a,,,Ines Rocha; Catarina Chendo; Maria Paisana; Pedro Jorge
oak ridge national lab - oak ridge  tn,3,oak ridge national lab - oak ridge  tn,,,Aye Meyer; Jiho Seo
ucl,3,ucl,,,Richard Porter; Lazaros G. Papageorgiou; Peyman Z. Moghadam
texas aandm international university,3,Texas A&M International University,27.5722485,-99.4325843,Heriberto Garcia; Mohammad Davachi; Carlo Alberto Velazquez; Linh Doan; Khoa Tran
university of north carolina at chapel hill,3,University of North Carolina at Chapel Hill,35.9050353,-79.0477533,Erina Baynojir Joyee; Anasheh Khecho; Jillian Perry; Shaomin M Tian; Matthew Ryen Lockett
university of pau,3,University of Pau,43.3146145,-0.3653306,Dan Vladimir Nichita; Juan Heringer
california inst of technology,3,california inst of technology,,,John Brady
advanced energy materials,3,advanced energy materials,,,Praveen Meduri
university of science and technology of china,3,University of Science and Technology of China,31.8234166,117.2758194,Ke Ye; Jun Jiang; Fenghui Lin; Jiaxing Song; Nansheng Liu
rkgmixes llc,3,rkgmixes llc,,,Richard Grenville
chiba institute of technology,3,Chiba Institute of Technology,35.6888667,140.0211756,Kazuhiko Nishi; Takuma Kato; Yoshimitsu Uemura
vishwamitra research institute,3,vishwamitra research institute,,,Urmila Diwekar
universidad nacional autónoma de méxico,3,universidad nacional autónoma de méxico,,,Mauricio A. Trujillo-Roldán; Norma A. Valdez-Cruz; XImena Gomez-Gil; Sara Restrepo-Pineda; Rafael Vazquez-Duhalt
3p instruments,3,3P Instruments,32.9301854,-96.7519165,Sebastian Ehrling; Joe Domingue
iit kharagpur,3,IIT Kharagpur,22.3144275,87.310392,Koustuv Ray; Narayan Pradhan; Rahul Kumar; Parna Pramanik; Narendra Singh Choudhary
washington university school of medicine,3,Washington University School of Medicine,47.6614466,-117.397547,Brenda J. Smith; Yameng Xu; Chet W. Hammill; Ryan Relich
university of new haven,3,University of New Haven,41.27402215,-72.9761542,Dequan Xiao; Sarah Kispert; Madison Liguori; Cody Velikaneye; Chong Qiu
bogazici university,3,Bogazici University,41.0832733,29.0505009,Betul Uralcan
material flow solutions  inc,3,material flow solutions  inc,,,Kerry Johanson
ansys,3,ansys,,,Hossam Metwally; Luke Munholand; Rahul Bharadwaj
texas aandm energy institute  texas aandm university,3,texas aandm energy institute  texas aandm university,,,Funda Iseri; Betsie Sara Monserrat Montaño Flores
south dakota state university,3,South Dakota State University,44.344449,-96.7982371,Zhengrong Gu; Fuzhou Chen; Jiahui Yuan; Linjuan Wang
korea institute of science and technology  korea university,3,korea institute of science and technology  korea university,,,Sang Soo Han; Hyuk Jun Yoo; Nayeon Kim; Heeseung Lee; Leslie C. O. Tiong
western michigan university,3,Western Michigan University,42.2832928,-85.6102611,Noor Alomari; Mert Atilhan
washington river protection solutions,3,washington river protection solutions,,,Matt Landon; Kevin D. Miller; Chandra Lindberg; Margarat Bowman; Kenneth J Way
m-star simulations,3,m-star simulations,,,John Thomas; Brian DeVincentis
university of nebraska,3,University of Nebraska,40.83132621428571,-96.68771961428573,Rebecca Cahoon; Edgar Cahoon; Ravi Saraf; Hunter Flodman
university of hawaii,3,University of Hawaii,21.3320662,-157.9218882,Garrett Roell; Zhenlin Han; Jessica Maruwan; Yu Wang; Zhi-Yan Du
university of chemical technology and metallurgy,3,university of chemical technology and metallurgy,,,Dimitar Peshev; Yoana Stoyanova; Nevena Lazarova-Zdravkova
pfizer canada,3,Pfizer Canada,45.4487982,-73.8646156,Jean-Sebastian Simard; Jean-Sebastien Simard
northern arizona university,3,northern arizona university,,,Jennifer Wade; Adam Sjolund; Thomas Sasser; Olivia Andrea Wrenn; Stephano Sinyangwe
durban university of technology south africa,3,Durban University of Technology South Africa,-29.6458441,30.3501321,Riona Indhur; Faizal Bux; Sheena Kumari; Stephen Akpasi
mayo clinic,3,Mayo Clinic,-26.1505617,27.9197318,Takahisa Kanekiyo; Jamie Ganem; Maeve Kennedy; David Lott; Kianoush Kashani
university of amsterdam,3,University of Amsterdam,52.3681334,4.8898042,David Dubbeldam
air force research laboratory,3,air force research laboratory,,,Arthur Sloan; Benji Maruyama; Anesia Auguste; Rhett L. Martineau; Maneesh K. Gupta
unam,3,unam,,,Oscar Gonzalez; Alan Jimenez; Marco A. Ramírez Argáez
postech,3,postech,,,Youngbi Kim; Yongju Yun
carleton college,3,carleton college,,,Daniela Kohen; Nathan Wang; Henry Wolters
mexican institute of petroleum,3,mexican institute of petroleum,,,Elias Martinez-Hernandez; Jorge Aburto
department of chemical and petroleum engineering  university of kansas,3,department of chemical and petroleum engineering  university of kansas,,,Leila Fereidooni; Aaron M. Scurto
milliporesigma,3,milliporesigma,,,Jacob McCoskey; Aparajita Chatterjee; Christina Carbrello; Jonathan Steen; Joe Almasian
rutgers  the state university of nj,3,rutgers  the state university of nj,,,Diane Hildebrandt
cambridge simulation solutions ltd,3,cambridge simulation solutions ltd,,,Vassilios S. Vassiliadis
air products and chemicals  inc,3,air products and chemicals  inc,,,Saurabh Shenvi Usgaonkar; Pratik Misra; Qi Zhang; Heather Binagia; Wayne Rowe
national research council cnr,3,National Research Council (CNR),43.7185349,10.4220511,James Butler; Samira Lotfi; Refat Ghunem; Vincenzo Palermo
nanjing normal university,3,Nanjing Normal University,32.0550562,118.7621005,Zijia Li; He Huang; Fei Du
harvard medical school brigham and women s hospital,3,harvard medical school brigham and women s hospital,,,Sohyung Lee
university of cantabria,3,University of Cantabria,43.4714973,-3.8018803,Eugenio Bringas; Inmaculada Ortiz; Marcos Fallanza; Raquel Ibañez; Gerardo Coppola
department of bioengineering and san diego supercomputer center  university of california  san diego,3,department of bioengineering and san diego supercomputer center  university of california  san diego,,,Lina Aboulmouna
instm,3,INSTM,35.7446193,10.8243491,Maria Grazia De Angelis
institute of separation science and technology  friedrich-alexander-university erlangen-nürnberg,3,institute of separation science and technology  friedrich-alexander-university erlangen-nürnberg,,,Matthias Thommes; Carola Schlumberger; Carlos Cuadrado Collados
carbotech ac gmbh,3,carbotech ac gmbh,,,Aleksandra Marcinek
surface measurement systems,3,surface measurement systems,,,Paul Iacomi; Lisa Mingzhe Sun; Sean McIntyre; Connor Hewson
lubrizol advanced materials,3,Lubrizol Advanced Materials,41.2911811,-81.6241902,Daylan Sheppard; Joeri Plusnin
singapore-mit alliance for research and technology  centre,3,singapore-mit alliance for research and technology  centre,,,George Barbastathis; Sandip Mondal
university of nottingham,3,University of Nottingham,52.9366805,-1.1851735666666667,Chloe Peach; Agnes Anuka; Mohamed Adam; David Large; Sean P. Rigby
university of southern mississippi,3,University of Southern Mississippi,31.3286452,-89.3367312,Zhiyuan Qian; Paul Smith; Olivia McNair
umass amherst  department of chemical engineering,3,umass amherst  department of chemical engineering,,,Song Luo
the university of chicago,3,the university of chicago,,,Benjamin Ketter; Tamara C. Bidone; Sriramvignesh Mani
university of pavia,3,University of Pavia,45.1869265,9.1568768,Elena Barbera; Andrea Guarise; Christian Di Buduo; Alessandra Balduini; Elisa Cimetta
csu- long beasch and fresno city college,3,csu- long beasch and fresno city college,,,Ashok Naimpally
levich institute  city college of new york,3,levich institute  city college of new york,,,Charles Maldarelli
chulalongkorn university,3,chulalongkorn university,13.7431114,100.5328752,Anuchit Wuttitrairat; Paisan Kittisupakorn; Nuttha Thongchul; Jirabhorn Piluk; Panwana Khunnonkwao
university of rochester medical center,3,university of rochester medical center,,,Jason Mandell; Heather Curtsinger
"university of california, merced",3,"University of California, Merced",37.365182,-120.4225275,Samuel Chiovoloni; Jennifer Q. Lu; Jeremias Gonzalez; Ajay Gopinathan; Bin Liu
instituto de investigaciones biomédicas  universidad nacional autónoma de méxico,3,instituto de investigaciones biomédicas  universidad nacional autónoma de méxico,,,Jessica Sánchez-Vargas; Mauricio A. Trujillo-Roldán
caltech institute of technology,3,Caltech Institute of Technology,34.1370138,-118.1252883,Haochen Zhang
instituto superior técnico  universidade de lisboa,3,instituto superior técnico  universidade de lisboa,,,Pedro Castro; Artur Jesus
chemical engineering department  universidad michoacana de san nicolás de hidalgo,3,chemical engineering department  universidad michoacana de san nicolás de hidalgo,,,Cesar Ramírez-Márquez; Francisco Javier López Flores; José María Ponce-Ortega; Cesar Ramírez
linde,3,Linde,50.7127198,2.4195699,Ankur Kumar
massachusetts institute of technology and arizona,3,massachusetts institute of technology and arizona,,,George Stephanopoulos
nyu college of dentistry,3,nyu college of dentistry,,,Nigel Bunnett; Tu Nguyen; Shavonne Teng; Varun Chokshi; Donna Albertson
abu dhabi university,3,Abu Dhabi University,24.3665244,54.5647253,Ioannis Zuburtikudis; Hadil Abu Khalifeh
u s  army engineer research and development center,3,u s  army engineer research and development center,,,Mine G. Ucak-Astarlioglu; Chris Griggs; Audie Thompson; Sarah Grace Zetterholm; Summer Nash
university of michigan ann arbor,3,university of michigan ann arbor,,,Megan L. Killian; Anjali Mittal; Andrew Scott; Daniel Wahl
university of illinois urbana champaign,3,university of illinois urbana champaign,,,Anaira Roman Santiago; Antonia Statt; Ravi Kumar Reddy Addula; Kristen Eilts; Nurzhan Kuanyshev
procegence,3,procegence,,,Nima Yazdanpanah; Amy Wagner
syracuse university,3,syracuse university,,,Nora Prosak; David Ojo; Jordan Avinoam; Theodore Walker; Jesse Bond
glycosyn llc,3,glycosyn llc,,,Shelby Mills
u s  dept  of energy,3,u s  dept  of energy,,,Steven Rowan; Jared Ciferno
amofor gmbh,3,amofor gmbh,,,Christian Lübbert
tu dortmund university,3,TU Dortmund University,51.4914844,7.4122739,Gabriele Sadowski
pfizer healthcare india pvt ltd,3,pfizer healthcare india pvt ltd,,,Santhosh Seshadhri; Nallasivam Angannan
exxonmobil technology and engineering,3,exxonmobil technology and engineering,,,Peter Ravikovitch; Harry W. Deckman
university of puerto rico medical science campus,3,university of puerto rico medical science campus,,,Torsten Stelzer; Cornelis Vlaar
boehringer ingelheim pharmaceuticals  inc,3,boehringer ingelheim pharmaceuticals  inc,,,Huayu Li; Na Yao; Abdul Khan; Joe Gao
cambridge centre for advanced research and education in singapore,2,cambridge centre for advanced research and education in singapore,,,Alexei A. Lapkin
leidos research support team,2,leidos research support team,,,Foad Haeri
oak ridge institure of science and education,2,oak ridge institure of science and education,,,Lauren Burrows
yusuf hamied department of chemistry  university of cambridge,2,yusuf hamied department of chemistry  university of cambridge,,,Jiyizhe Zhang
univ  of patras and abu dhabi university,2,univ  of patras and abu dhabi university,,,Fotios Panagiotou; Valadoula Deimede
max planck institute for dynamics of complex technical system,2,max planck institute for dynamics of complex technical system,,,Serena Guzzo
svante inc,2,svante inc,,,Ping Song; Racheal Huynh; Omid Taheri Qazvini; Nima Masoumifard; Omid Ghaffari Nik
porton usa,2,porton usa,,,Jian Wang; Abhinav Karwani; Chien Yu Lu; James O'Connor; Yuriy Abramov
institute of automation and control  graz university of technology,2,institute of automation and control  graz university of technology,,,Martin Steinberger
takeda pharmaceutical company limited,2,takeda pharmaceutical company limited,,,Zoe Horton; Michael Skoumal; Elena Shcherbakova; Kyle McHugh; Yang Yang
obafemi awolowo university,2,Obafemi Awolowo University,7.5204371,4.5233004,Oludare J. Odejobi; Kayode O Ajala; Ogechukwu J. Igboke
ncsu,2,ncsu,,,Alexis Voulgaropoulos; Negin Orouji
israel institute of technology technion,2,israel institute of technology technion,,,Friederike Jentoft
national academy of sciences of ukraine,2,National Academy of Sciences of Ukraine,50.4505671,30.5289007,Oleksiy V. Shvets; Mykhailo M. Kurmach; Nataliya Shcherban
nihon university,2,Nihon University,35.7031676,139.74115154999998,Katsumi Tochigi; Hiroyuki Matsuda; Kiyofumi Kurihara; Soma Hirai; Kazuma Nozaki
procter and gamble co.,2,Procter and Gamble Co.,41.5966797,-76.0207527,Marco Caggioni; Victor Wu; Miao Na
a star,2,a star,,,Boon Siong Neo
hkust,2,hkust,,,Yoonseob Kim
us army devcom chemical biological center,2,us army devcom chemical biological center,,,Gregory Peterson
imec,2,imec,50.8651015,4.6776509,Ali M. Ali; Jean-François de Marneffe
md anderson cancer center,2,md anderson cancer center,,,Xiuning Le; John Heymach; Sangheon Han
soka university of america,2,Soka University of America,33.5546752,-117.7347405,Robert Levenson; Junichi Ida; Kiriko Aramoto; Kento Nishi; Shinichi Akizuki
amirkabir university of technology,2,Amirkabir University of Technology,35.7263664,51.3955131,Javad Dastjerdi; Mohsen Khorsand; Cavus Falamaki; Leila Zargarzadeh
boehringer-ingelheim pharm  inc,2,boehringer-ingelheim pharm  inc,,,Francesco Ricci
mars  inc,2,mars  inc,,,Allison Lin; Harold Schmitz
politecnico di milano,2,Politecnico di Milano,45.0468832,9.7030881,Gabriele Spanò; Luca Nardi; Raffaele Cheula; Riccardo Colombo; Chiara Negri
cape breton university,2,Cape Breton University,46.1679892,-60.0905367,Muhammad Jujuly; Cynthia A. Cruickshank; Alexandra Mallett
unist,2,UNIST,35.5737484,129.1897266,Hyun-Wook Lee
u s  army devcom chemical biological center,2,u s  army devcom chemical biological center,,,David Garcia; Ivan Iordanov
tokyo university of agriculture and technology,2,Tokyo University of Agriculture and Technology,35.699409,139.5184397,Sanghong Kim; Tetsuya Wada
giv group,2,giv group,,,Chris Parker; Amanda Dillon
california state university long beach,2,California State University Long Beach,33.795004199999994,-118.12481125,Yu Yang; Chengyan Ye
planta piloto de ingenieria quimica,2,planta piloto de ingenieria quimica,,,Erica Patricia Schulz; Guillermo Durand; Maria Soledad Diaz
northumbria university,2,Northumbria University,54.979120575,-1.610900125,Ben Xu; Zhuofan Qin; Xue Chen; Ding Wang; Qiumei Jing
ore catapult,2,ore catapult,,,Chunjiang Jia
xian jiaotong university,2,Xi'an Jiaotong University,34.249322799999995,108.98010896666666,Yuhao Wang; Fei Chen; Zibi Wang; Menglin Liu; Zhikai Lang
universidad de las americas puebla,2,Universidad de las Americas Puebla,19.0544632,-98.284968,Rosa Henandez-Lopez; Aurelio López-Malo; Nelly Ramírez-Corona; Ricardo Navarro-Amador; Regina Navarrete-González
aaas nsf,2,aaas nsf,,,Andrew W. Tricker
university of liverpool,2,University of Liverpool,53.4072429,-2.9658337,Isaiah Borne; Libbie Hardy; Andy Cooper
human-centered sensing laboratory  eth zurich,2,human-centered sensing laboratory  eth zurich,,,Andreas Güntner
massachusetts institute of thechnology,2,massachusetts institute of thechnology,,,Zhengpeng Wan
industrial technology research institute,2,industrial technology research institute,,,Chaohuang Chen; Hsi-Yen Hsu; Yen-Chih Chen
joint bioenergy institute,2,joint bioenergy institute,,,Trent Northen; Jay Keasling; Tyler Backman
university of new mexico school of medicine,2,university of new mexico school of medicine,,,Deepali Kulkarni; Carolyn Pace; Ross M. Clark; Nancy L. Kanagy; Jessica C. Neff
exhalix  llc,2,exhalix  llc,,,Bill J. Brooks; Debra M. Friedrichsen; Rob Beckius; Grayson Silaski; Reza Shekarriz
university of chile,2,university of chile,,,Irene Martinez; Martin Cespedes; Carolina Gonzalez; Franck Quero
department of chemical engineering  biotechnology and materials  centre for biotechnology and bioengineering  cebib  university of chile,2,department of chemical engineering  biotechnology and materials  centre for biotechnology and bioengineering  cebib  university of chile,,,Francisca Mery; Priscilla Astorga
advanced science research center at the cuny graduate center,2,advanced science research center at the cuny graduate center,,,Yeojin Jung; Maheen Khan
university of wisconsin   madison,2,university of wisconsin   madison,,,Wenjia Wang; Owen J Dziedzic; Claire Lesnjak; Xiaolei Shi; Jarryd Featherman
hitachi energy germany ag,2,hitachi energy germany ag,,,Iiro Harjunkoski
worley group,2,worley group,,,Avinashkumar Karre
fei,2,FEI,45.7647019,8.2499183,Gustavo Vieira Olivieri; Ricardo Torres; Daniel P. P. Rodrigues; Sílvio S. Sumioshi; Lucas E. S. Estevan
georgia southern university,2,Georgia Southern University,32.4214381,-81.7845053,Sidong Lei; Md. Nizam Uddin; L. Stetson Rowles
linde plc,2,linde plc,,,Yajun Wang; Jesus Flores-Cerrillo; Yanan Cao
national energy technology laboratory support contractor,2,national energy technology laboratory support contractor,,,Andrew Lee
pse for speed company ltd,2,pse for speed company ltd,,,Rafiqul Gani
oli systems inc,2,oli systems inc,,,Andrzej Anderko; Yifan Hao; Ronald Springer; Jiangping Liu; Mohiedin Bagheri Hariri
rti international,2,rti international,,,Paul Mobley; Vijay Gupta; Katy Jessop; Jak Tanthana; Marty Lail
surface measurement system,2,surface measurement system,,,Dan Burnett
broad institute of harvard and massachusetts institute of technology,2,broad institute of harvard and massachusetts institute of technology,,,Li-Huei Tsai
montana state university-northern,2,Montana State University-Northern,48.5412308,-109.6853331,Emmanuel U. Osuagwu; Randy Maglinao
sarepta therapeutics,2,sarepta therapeutics,,,Willow DiLuzio; Arani Chanda
university of maryland school of medicine,2,university of maryland school of medicine,,,Derek Lamb; Paul Beuhler
lubrizol advanced materials europe bvba,2,lubrizol advanced materials europe bvba,,,Marie-Anne Persoons
department of chemical and biomolecular engineering  university of delaware  newark,2,department of chemical and biomolecular engineering  university of delaware  newark,,,Tristan Myers; Sojung Park
south dakota mines,2,South Dakota Mines,44.0739534,-103.2056622,Zoe Fickbohm
instituto tecnológico de aguascalientes,2,instituto tecnológico de aguascalientes,,,Adrián Bonilla-Petriciolet; Rosa María Fonseca-Pérez; Octavio Del-Mazo-Alvarado
charles university,2,charles university,,,Sima Sarcevic; Jachym Rosendorf; Vaclav Liska
fraunhofer imte,2,fraunhofer imte,,,Georg Männel; Dennis Kundrat
csiro,2,csiro,,,Alicia Bayon
eastman chemical co,2,eastman chemical co,,,Gary Hawkins
volkswagen group of america,2,volkswagen group of america,,,Hendrik Mainka
alexandria university,2,alexandria university,,,Mayar Tarek
koch institute for integrative cancer research,2,koch institute for integrative cancer research,,,Namita Nabar; Gil Covarrubias; Denisse Romero-Cruz; Deeksha Kumaresh
vivodyne  inc,2,vivodyne  inc,,,Jonathan H. Galarraga
air liquide,2,Air Liquide,33.7784088,-118.2827261,Zachary Wilson; Ayman Mhamdi; Jeffrey E. Arbogast; Federico Brandani
clausthal university of technology,2,Clausthal University of Technology,51.8019554,10.3455053,Jens Bremer
tonkomo llc,2,tonkomo llc,,,Anna Lee Tonkovich; Eric Daymo
university of sharjah,2,University of Sharjah,25.2878292,55.478969,Hayssam Dahrouj; Muataz Ateih
astrazeneca,2,AstraZeneca,13.1243025,77.6145998,Michael Mollet; Ujwal Patil
schepens eye research institute of mass  eye and ear,2,schepens eye research institute of mass  eye and ear,,,Volha Malechka; John Dayron Rivera; Emil Kriukov; Julia Oswald
université catholique de louvain  place l  pasteur 1,2,université catholique de louvain  place l  pasteur 1,,,Sophie Hermans
université catholique de louvain   place l  pasteur 1,2,université catholique de louvain   place l  pasteur 1,,,Richa Tomer
american university of the middle east,2,American University of the Middle East,29.1640713,48.099383,Suad Alzanki; Hatem Alsyouri; Eldhose Iype; Ozgen Yalcin
simons foundation,2,simons foundation,,,Ella King
chemical engineering department  faculty of engineering  cairo university,2,chemical engineering department  faculty of engineering  cairo university,,,Amr Abdelghany; Omar Elbarody; Mai M. Kamal Fouad; Tamer S. Ahmed
institution los alamos national laboratory,2,institution los alamos national laboratory,,,Agnese Marcato
kitech,2,kitech,,,Duyoung Choi
process systems engineering   rwth aachen university,2,process systems engineering   rwth aachen university,,,Simone Mucci; Jan Pyschik
carbon america,2,carbon america,,,Jonathan Stickel; Jeffrey Young; Widad Yossri; Michael McNelis; Miles Abarr
university of turku,2,University of Turku,60.4560732,22.2864097,Han Li
rcpe gmbh,2,rcpe gmbh,,,Johan Remmelgas; Peter Dsouza; Johannes Khinast; Matej Zadravec
institute of particle technology,2,institute of particle technology,,,Nabi Traore; Lukas Hartmann
doe great lakes bioenergy research center  university of wisconsin-madison,2,doe great lakes bioenergy research center  university of wisconsin-madison,,,Christos Maravelias
georgetown university,2,georgetown university,,,Gavin Donley; Emanuela Del Gado; Lucas Hildebrand Pires da Cunha
aopia biosciences  inc,2,aopia biosciences  inc,,,Ceming Wang
mic monitor  llc,2,mic monitor  llc,,,Chelsea Monty-Bromer
avnos  inc,2,avnos  inc,,,JR Johnson
broad institute,2,broad institute,,,Li-Huei Tsai
southern illinois university edwardsville,2,Southern Illinois University Edwardsville,38.7941616,-90.0002789,Mohamadali Fakhari; Jie Dong; Seyi Akoko; Nevannah Harlan; Abdullahi Adeto Inaolaji
univ of ar,2,univ of ar,,,Jackson Black; Jason Thornhill
national center for agricultural utilization research,2,National Center for Agricultural Utilization Research,40.7092208,-89.6148159,Siqing Liu; Steve Cermak; Bruce S. Dien
fuzhou university,2,Fuzhou University,26.0614068,119.1933416,Qiang Guo; Li-Hai Fan; Ling-Jie Zheng; Chen-Yang Liu
bernal institute  university of limerick,2,bernal institute  university of limerick,,,Gavin Walker; Parimaladevi Palanisamy
uctm,2,UCTM,42.6587444,23.3571228,Chavdar Chilev
agilent technologies,2,agilent technologies,,,Dustin Chang; Yama Abassi; Aida Fuseini
university of vermont,2,University of vermont,44.4737365,-73.1941468,Appala Raju Badireddy; Omid Sedighi; Eshita Jhahan; Eli Borrin; Amber Doiron
uppsala university,2,Uppsala University,59.8576363,17.6294616,Alexandra Teleki; Shno Asad; David Ahl; Mia Phillipson; Shaquib Rahman Ansari
doe netl,2,doe netl,,,Ping Wang
sabic,2,Sabic,37.9068688,-87.9283382,Maria Soliman; Nicolas Goyheneix; Sreekanth Pannala; Tingwen Li; Lei Chen
johnson screens  inc,2,johnson screens  inc,,,Kevin Chase; Gene Eberhardt
kangwon national university,2,Kangwon National University,37.8672582,127.7447487,Seung-Soo Kim; Sanjit Gaikwad; Sangil Han
dartmouth college,2,Dartmouth College,43.69147315,-72.2763655,Wenlin Zhang; Yunjia Zhang
cornell,2,Cornell,40.9900326,-88.7292337,Shuwen Yue
rutgers,2,Rutgers,40.5204169,-74.4645303,Ali Ukperaj; Maria Tomassone
institute for basic science,2,institute for basic science,,,Hongjun Park; Ryong Ryoo; Raj Kumar Bera
university of colorado denver - anschutz medical campus,2,university of colorado denver - anschutz medical campus,,,Keith B. Neeves
university of copenhagen,2,University of Copenhagen,55.6801502,12.572327,Tamlyn Naidu; Peter Engelund Holm; Satyasaran Changdar; Frans W.J. van den Berg; Serafim Bakalis
epsrc future manufacturing research hub for continuous manufacturing and advanced crystallization,2,epsrc future manufacturing research hub for continuous manufacturing and advanced crystallization,,,Irene Moreno Flores
university of california san francisco,2,University of California San Francisco,37.74342515,-122.4675367,Maude Liegeois; John Fahy; Robert Castro
shiv nadar university,2,Shiv Nadar University,28.5257123,77.574455,Dhiraj Garg; Pedamalli Reddy
federal university of bahia,2,federal university of bahia,,,Márcio Martins
avnos,2,Avnos,26.1124263,50.4820025,Yanhui Yuan; Ben McCool
technische universiteit delft,2,technische universiteit delft,,,Gabriel Vogel; Jana Weber; Matthijs van Wijngaarden
msd czech republic,2,msd czech republic,,,Zbynek Kalal
institute of hydrodynamics of the cas,2,institute of hydrodynamics of the cas,,,Jan Haidl; Ondrej Gebousky; Martin Pivokonsky; Kristyna Idzakovicova; Michaela Prokopova
microsoft research,2,microsoft research,,,Siddhartha Sen; Bichlien Nguyen; Jake Smith
institute of zhejiang university-quzhou,2,institute of zhejiang university-quzhou,,,Zheng Yang; Jintang Duan; Cai-Liang Zhang; Xue-Ping Gu; Lian-Fang Feng
biomade,2,biomade,,,Penny Norquist
university at buffalo  state university of new york,2,university at buffalo  state university of new york,,,Sriram Neelamegham; Ryoma Hombu; Lauren Beatty; Sheldon Park; Qi Yang
institute of biotechnology and genetic engineering  chulalongkorn university,2,institute of biotechnology and genetic engineering  chulalongkorn university,,,Sitanan Thitiprasert; Jirabhorn Piluk
universidad mariana de pasto,2,Universidad Mariana de Pasto,1.2236979,-77.2831891,Paola Andrea Ortega Guerrero
columbia univeresity,2,columbia univeresity,,,Farid Khoury
university of colorado school of medicine,2,university of colorado school of medicine,,,Monika Dzieciatkowska; Angelo D’Alessandro; Sara Stoner; Sam Fulte; Ana Fairbanks-Mahnke
university of notredame southbend,2,university of notredame southbend,,,Vivek Yadav
center for biofilm engineering,2,center for biofilm engineering,,,Campbell Putnam; Ross Carlson; Elif Ugur
refinity,2,Refinity,14.5734072,121.0591387,Ignasi Palou Rivera
university of sydney,2,University of Sydney,-33.8889073,151.1894111,Debora Monego; Asaph Widmer-Cooper; David F. Fletcher
state university of new york college of environmental science and forestry,2,state university of new york college of environmental science and forestry,,,Anqi Ji; Ruoqian Li
guangzhou institute of energy conversion  chinese academy of sciences,2,guangzhou institute of energy conversion  chinese academy of sciences,,,Xinshu Zhuang; Xuesong Tan
department of forest biomaterials  college of natural resources  north carolina state university,2,department of forest biomaterials  college of natural resources  north carolina state university,,,Richard Venditti; Marcel Kropat
the hong kong polytechnic university,2,the hong kong polytechnic university,,,JIanyu Guan; Shao-Yuan Leu; Rabia Khan
shaoguan university,2,shaoguan university,,,Weidong Lu
universiry college london,2,universiry college london,,,Aurora Cavaliere
university of nebraska lincoln,2,university of nebraska lincoln,,,Edward Stone; Elle Knobbe; Simon Johnson
schrödinger  inc,2,schrödinger  inc,,,Andrea Browning; Mohammad Atif Faiz Afzal
usda forest products laboratory,2,usda forest products laboratory,,,Peter Kitin; Craig Clemons; Biljana Bujanovic; Prajakta Dongre
spx flow mixing solutions,2,spx flow mixing solutions,,,Richard Cope; Cormac Ryan
spx flow,2,SPX FLOW,-23.6716178,-46.5565992,Kevin Logsdon; Sarah Lanzafame; Casandra Stein; Jason Giacomelli
m-star cfd,2,m-star cfd,,,Johannes Wutz; Eric E. Janz
university of fribourg,2,University of Fribourg,46.793058,7.157106,Kirill Klimenko; Alexander Varnek; Jansie Smart; Marco Lattuada
naval research laboratory,2,naval research laboratory,,,Young C. Kim; Youngchan Kim
epixc,2,epixc,,,Michael Baldea
bipc,2,BIPC,30.435736,49.1063427,Michael Stephenson
siemens digital industries software,2,siemens digital industries software,,,Thomas Eppinger
national energy technology laboratory lrst,2,national energy technology laboratory lrst,,,Jeffrey Culp; Nathan Diemler
battelle netl,2,battelle netl,,,Surya Tiwari
university of hawaiʻi at mānoa,2,University of Hawaiʻi at Mānoa,21.2982795,-157.8186932,Chrisy Xiyu Du
indian institute of technology bhu varanasi,2,Indian Institute of Technology (BHU) Varanasi,25.2621544,82.9925896,Madhumita Priyadarsini; Abhishek S. Dhoble; Sumit Kumar Singh
university of the witwatersrand  johannesburg,2,university of the witwatersrand  johannesburg,,,Craig Sheridan
minnesota state university at mankato,2,minnesota state university at mankato,,,Russell Fricano
universidad del atlántico,2,Universidad del Atlántico,25.9764525,-98.0792578,Nestor Cubillan; Martin Guerrero
monash university,2,monash university,,,Hamidreza Mahdavi
penn state health milton s  hershey medical center,2,penn state health milton s  hershey medical center,,,Dino Ravnic; Summer Horchler
university of illinois  urbana-champaign,2,university of illinois  urbana-champaign,,,Johannes Elbert
university of utah  assistant professor,2,university of utah  assistant professor,,,Kerry Kelly
braskem s.a.,2,Braskem S.A.,-9.6819321,-35.7646171,Rodrigo Almeida Luciano; Débora M. Vaz de Miranda; Andressa Improta Cruz; Ana Paula Azeredo; Regina Nonemacher
university of missouri columbia,2,university of missouri columbia,,,Yizhi Xiang
the university of southern mississippi,2,The University of Southern Mississippi,30.3528503,-89.1377831,Anthony Griffin; Kaleb Jones; Gbadeoluwa Adedigba; Zhe Qiang; Paul Smith
high performance materials institute  florida state university,2,high performance materials institute  florida state university,,,Changchun Zeng
upmc surgery department,2,upmc surgery department,,,Sang-Ho Ye
illinois state geological survey,2,illinois state geological survey,,,Carl Carman; Kendall Taft; Sherilyn Williams-Stroud
universidad de los andes  carrera,2,universidad de los andes  carrera,,,Juan F. Saldarriaga; Alejandra Vargas-Beltrán; Adriana Jaimes; Maria P. Reyes
yeungnam university,2,Yeungnam University,35.828022,128.7572223,Sang W. Joo; Nallapureddy Jyothi; Mohan Reddy Pallavolu; B. Venkateswarlu
nasa marshall space flight center,2,nasa marshall space flight center,,,Jhonathan Rosales
shenzhen university,2,Shenzhen University,22.5359022,113.9314749,Wenjin Li; Lei Yao; Guangliang Liu; Kaiyuan Deng; Cheng Liu
shanghaitech university,2,shanghaitech university,,,Bo Yang
university of innsbruck,2,University of Innsbruck,47.2633159,11.3844733,Kai Langenbach; Christian Wachsmann; Julia Amplatz; Joshua Marx
national university of science and technology politehnica,2,national university of science and technology politehnica,,,Catinca Secuianu
manchester metropolitan university,2,Manchester Metropolitan University,53.43878743333334,-2.2311935,Dong Xia; Yagya Regmi; Laurie A King; Marianna Cavada
ornl,2,ORNL,36.0151754,-84.2484495,Meijun Li; Alexis Williams
universidade de são paulo,2,universidade de são paulo,,,Claudio Augusto Oller do Nascimento; Rita M. B. Alves
renewable and sustainable energy institute  university of colorado,2,renewable and sustainable energy institute  university of colorado,,,Wilson A. Smith; Allison Crow
e2h2nano  llc,2,e2h2nano  llc,,,Shoujie Ren
sachem inc,2,sachem inc,,,Roger Moulton
basf corporation,2,BASF Corporation,42.1310835,-80.0482529,Marcella Lusardi; Subramanian Prasad
tu graz,2,tu graz,,,Lukas Maier; Michael Mitterlindner; Gregor Fasching; Stefan Radl
shell international eandp,2,shell international eandp,,,Ligang Lu; Kuochen Tsai
shell india market private limited,2,shell india market private limited,,,Nishant Sinha; Amar Deep Pathak
randic netl,2,randic netl,,,Ronald Breault
institution,2,Institution,0.3120733,32.58589165,Kangseop Kim; Hyeone Lee; Yeongwoo Kim; Junwoo Park
precision combustion  inc,2,precision combustion  inc,,,Hani Hawa; Subir Roychoudhury
the university of texas at el paso,2,The University of Texas at El Paso,31.7757047,-106.5062875,Zachary Chanoi; Laura A. Martinez Espinoza; Evgeny Shafirovich; Leonidas Bleris
lund university,2,Lund University,55.7126504,13.2107587,Frederik Ossler; Mariona Battestini Vives; Christian P. Hulteberg
university of guelph,2,University of Guelph,43.5327864,-80.2249974,Manjusri Misra; Amar K. Mohanty
posco holdings,2,posco holdings,,,Younghun Kim; Chang Houn Rhee; Hai Woong Park; Gihun Kwon; Chi Kyu Ahn
johnson matthey technology centre,2,johnson matthey technology centre,,,Canan Gücüyener; Ian Harkness
sapienza university of rome,2,sapienza university of rome,,,Valentina Biagioni; Antonio Brasiello; Maria Anna Murmura; Stefano Cerbelli; Giuseppe Procopio
soochow university,2,soochow university,,,Boya Lv; Xiao Dong Chen; Jie Xiao
pacific northwest national laboratory  richland  wa,2,pacific northwest national laboratory  richland  wa,,,Gregg Lumetta; Gabriel Hall
uw-madison,2,uw-madison,,,Abdullah Al-Abdulghani; Natalie Altvater; Son Dong; Mary Schilling
hemocleanse technologies  llc,2,hemocleanse technologies  llc,,,Stephen Ash
anton paar,2,Anton Paar,48.7144847,9.2415921,Abhishek Shetty
new york university  tandon school of engineering,2,new york university  tandon school of engineering,,,Jin Kim Montclare; Dharik Mallapragada
ahmedabad univeristy,2,ahmedabad univeristy,,,Ramya Srinivasan
california state university-bakersfield,2,California State University-Bakersfield,35.3493892,-119.1033969,Liaosha Song; Zhongzhe Liu; Chengwei Lei; Huaiyu Zhang; Calvin Uclaray
linde gmbh  linde engineering,2,linde gmbh  linde engineering,,,Felix Flegiel; Martin Pottmann
universite catholique de louvain,2,Universite Catholique de Louvain,50.84135353333334,4.3945249,Geoffroy Hautier
villanova university,2,Villanova University,40.0367774,-75.3420233,Christopher Kitchens; Robert Hanes; Zuyi Huang
njit dept of chemical and materials engineering,2,njit dept of chemical and materials engineering,,,Lisa Axe
chang gung university,2,Chang Gung University,25.03767115,121.40532285,Tesfalem Atsbha; Taeksang Yoon; Si-Han Peng; Hsin-Chun Lu; Shingjiang Jessie Lue
"the chinese university of hong kong, shenzhen",2,"The Chinese University of Hong Kong, Shenzhen",22.6910685,114.207366,Qi Zhang; Jingjing Chen
goeppert llc,2,goeppert llc,,,Zehui Xia
institut charles gerhardt montpellier  université de montpellier  cnrs  enscm 34293,2,institut charles gerhardt montpellier  université de montpellier  cnrs  enscm 34293,,,Guillaume Maurin; Pedro F. Brântuas
norwegian university of science and technology,2,Norwegian University of Science and Technology,63.4283173,10.46118035,Saira Kanwal; Thomas Adams
chung-ang university,2,chung-ang university,,,Haoxiang Zhang; Ha-Jun Yoon; Dong-Kyoung Shin; Jihong An; Mohammadamin Zarei
usda,2,usda,,,Prakash Nepal; Richard Bergman; Naveenkumar Rajendiran; Todd Naumann
wvurc,2,wvurc,,,Yupeng Xu
zaiput flow technologies,2,zaiput flow technologies,,,Andrea Adamo; Lorenzo Milani; Robert Viano
the cyprus institute,2,The Cyprus Institute,35.1409611,33.3811819,Wojciech Lipinski
australian national university,2,Australian National University,-35.2812742,149.1172023,Alireza Rahbari; Mahdiar Taheri; Roelof Pottas; Morteza Hangi; Lindsey Yue
harbin institute of technology,2,Harbin Institute of Technology,45.741589,126.6255626,Lifeng Li; Bo Wang; Yi Yang; Chong Yan
forest products laboratory,2,forest products laboratory,,,Qiangu Yan; Zhiyong Cai
universidade federal de são carlos,2,Universidade Federal de São Carlos,-21.9834422,-47.8806644,Francisco Murilo Tavares de Luna; Antonio J G Cruz
escuela colombiana de ingeniería julio garavito,2,escuela colombiana de ingeniería julio garavito,,,Camilo Hernandez
university college london - torrington place,2,university college london - torrington place,,,Paola Lettieri
wake health,2,wake health,,,Emmanuel C. Opara; Sivanandane Sittadjody
university of missouri - columbia,2,university of missouri - columbia,,,Emma McDougal; Agustin Barcellona; Megan Schulte; Bret Ulery; August Hemmerla
the cooper union,2,the cooper union,,,Jennifer Weiser; Jared Sealy; Isha Dave; Emma Cohen
polykala technologies llc,2,polykala technologies llc,,,Maoqi Feng
aarhus university,2,Aarhus University,56.1670905,10.2026177,Raffaele Cheula; Mie Andersen
chevron energy technology company,2,chevron energy technology company,,,Stacey Zones; Christopher Lew
ruhr-university bochum,2,Ruhr-University Bochum,51.4441576,7.2609654,Justus Metternich; Philip Biessey; Meike Holtkamp; Darius Steegborn
international flavors and fragrances,2,International Flavors & Fragrances,40.4630253,-88.3841974,Keisha Wilson McDowell; Christian Lenges; Jure Zlopasa; Natnael Behabtu
sartorius stedim north america inc,2,sartorius stedim north america inc,,,Samin Akbari; Yuji Takeda; Fujun Wang; Xin Gu
amgen research  gmbh,2,amgen research  gmbh,,,William Heymann
amgen research munich,2,amgen research munich,,,Juliane Diedrich
iit ism dhanbad,2,IIT (ISM) Dhanbad,23.8148779,86.4425786,Ashok Das
c-sops  department of chemical and biochemical engineering  rutgers  the state university of new jersey,2,c-sops  department of chemical and biochemical engineering  rutgers  the state university of new jersey,,,James Scicolone
wpi,2,wpi,,,Aidin Panahi
njit,2,njit,,,Nicole Szponar; Mason Brown; Alexander Brogan
university of canterbury,2,University of Canterbury,-43.5240894,172.5803004,Matthew Watson; Cassidy van Vuuren; Kathryn Ford; Rebecca Newport; Aaron Marshall
brewer science  inc,2,brewer science  inc,,,Walter Barnes; Zhiqiang Fan; Qing Pu; Baxton Owen; Neal LaBanca
univeristy of texas at san antonio,2,univeristy of texas at san antonio,,,Guillermo Ramirez; Gabriel Garibaldi
clariant corporation,2,clariant corporation,,,Vladimir Fridman; Matthew Greaney; Rong Xing; Morgan Engelmeyer
clariant,2,clariant,,,Renqin Zhang; Teerawit Prasomsri; Junchen Liu; Ashten Molley; Brooke Ames
u s  army combat capabilities development command,2,u s  army combat capabilities development command,,,Pamela L. Sheehan
shell,2,Shell,-25.28323465,-57.6027746,Harsh Agarwal; Ryan Stephens
sintef energy research,2,sintef energy research,,,Sai Gokul Subraveti; Simon Roussanaly; Rahul Anantharaman
manchester university,2,Manchester University,41.0117756,-85.7600095,Diana Talia Alvarez Ruiz; Abdulfatai Faro; David Cheneler
earth university,2,EARTH University,10.2104447,-83.5914035,Bernardo Castro Dominguez; Dative Niyonizeye
continuus pharmaceuticals,2,continuus pharmaceuticals,,,Chuntian Hu; Keith Barbato; Rajshree Chakrabarti; Youhua Li; Anjana Ramnath
sartorius stedim north america,2,sartorius stedim north america,,,David Pollard
serán bioscience,2,serán bioscience,,,Mark Kastantin; Ryan Mowry; Tanner Corrado; Gabriella Dube
reservoir engineering research institute,2,reservoir engineering research institute,,,Tomás Chávez-Miyauchi; Abbas Firoozabadi
national fuel cell research center,2,national fuel cell research center,,,Iryna Zenyuk
illinois tech,2,illinois tech,,,Mohammad Asadi
feed energy,2,Feed Energy,42.4831747,-96.3847667,Alex Paulsen
waseda university,2,waseda university,,,Masahiko Matsukata; Motomu Sakai; Mahiro Matsushita; Tohru Kamo; Kyoka Tanaka
university of illinois at urbana-champain,2,university of illinois at urbana-champain,,,Ziqiu Chen
hiroshima university,2,hiroshima university,,,Ryouhei Izumi; Norihiro Moriyama; Hiroki Nagasawa; Toshinori Tsuru; Masakoto Kanezashi
kuwait university,2,Kuwait University,29.344252,48.0833926,Osamah Alomair; Nyeso Azubuike; Fahad Al-Fadhli
janssen pharmaceuticals,2,Janssen pharmaceuticals,40.5771027,-74.6501363,Bruna Minatovicz
center for environmentally beneficial catalysis,2,center for environmentally beneficial catalysis,,,Bala Subramaniam; Nigel Twi-Yeboah
southern university of science and technology,2,Southern University of Science and Technology,22.603603,113.9968497,Guangfu Luo; Yang-Gang Wang
cnrs,2,cnrs,,,Teseer Bahry; Francois Jerome; Sabine Valange; Prince N. Amaniampong
the college of wooster,2,the college of wooster,,,Paul Edmiston
utsunomiya university,2,Utsunomiya University,36.5487554,139.9130866,Xiaonan Xie
university of bremen,2,University of Bremen,53.1079646,8.8556646,Carolina Krebs de Souza; Fei Du
hampton university,2,Hampton University,37.0210096,-76.3386255,Juan Sebastian Yakisich; Brian Aufderheide; Katie Chong; Röder Mirjam; Thornley Patricia
ucb pharma s.a.,2,UCB Pharma S.A.,50.6918016,4.3405796,Efty Hadjittofis; Jerome Mantanus; Sélim Douieb; Ugo Cocchini; Oleksii Shemchuk
universidad de carabobo,2,Universidad de Carabobo,10.2743683,-67.999855,Edwars Naranjo; Inés Hernández-Guerra
snapdragon chemistry inc,2,snapdragon chemistry inc,,,Yuan-Qing Fang; Ali Hasan; M. Grace Russell; Sean F. Breen; Purnima Barua
merck and co   inc   rahway  nj  usa,2,merck and co   inc   rahway  nj  usa,,,Kyle Devenney; Venkata S. Tayi
the chemours company,2,the chemours company,,,Christian Jungong
chevron research,2,Chevron Research,30.4619848,-97.7934639,Elizabeth Jensen; Michael Girgis
gilead sciences,2,Gilead Sciences,48.85183275,2.2433118,Elizabeth Horstman; Chiajen Lai; Darren Bykowski; Vijay Dhand; Apoorva Nisal
fda,2,FDA,6.0819016,-8.1441751,Kanny Wan; Huiquan Wu; Daniel Obrzut
hovione farmaciencia  s a,2,hovione farmaciencia  s a,,,Nuno Lousa
american university of beirut,2,American University of Beirut,33.9000264,35.4823838,Karen Hannouche; Walid Saad
uconn,2,uconn,,,Venkatraman Nagarajan
università degli studi di padova,2,Università degli Studi di Padova,45.4066496,11.8774407,Silvia Pelucchi; Paolo Mocellin; Filippo Carretta; Chiara Vianello
purdue university institute of cancer research,1,purdue university institute of cancer research,,,Sung-Ho Shin; You-Yeon Won
process consultant,1,Process Consultant,-6.7749378,39.2403722,Subhabrata Ray
institute for sustainability and circular economy  texas tech university,1,institute for sustainability and circular economy  texas tech university,,,Alamgir M Haque; Christian E Alvarez-Pugliese
shell global solutions international bv,1,shell global solutions international bv,,,Iosif Pappas; Xiao Fu
shell international exploration and production inc,1,shell international exploration and production inc,,,C. Doga Demirhan; Mete Mutlu
hiroshima university at japan,1,hiroshima university at japan,,,Yukihiko Matsumura
toyo koatsu co  ltd,1,toyo koatsu co  ltd,,,Takashi Noguchi
universiti teknologi petronas,1,universiti teknologi petronas,,,Fon Yee Han
ho chi minh city university of industry and trade,1,ho chi minh city university of industry and trade,,,Thanh Hoai Trinh
yamaguchi university,1,yamaguchi university,,,Yoshinobu Yokogawa; Hajime Kida; Kenichiro Tanoue
phytochem product inc,1,phytochem product inc,,,Makiko Kato
university of nebraska medical center,1,university of nebraska medical center,,,Vinai Chittezham Thomas
memorial sloan-kettering cancer center,1,memorial sloan-kettering cancer center,,,Yangjingyi Ruan; Yueming Li
center for tuberculosis  ucsf,1,center for tuberculosis  ucsf,,,Adithya Cattamanchi
swisstopo,1,swisstopo,,,Christophe Nussbaum; Senecio Schefer
u s dept  of energy,1,u s dept  of energy,,,William Aljoe
aecom,1,aecom,,,Rosa Gwinn
rutgers  the state university of new jersey- new brunswick,1,rutgers  the state university of new jersey- new brunswick,,,Ali Ahmad; Yalin Li
mit energy initiative  massachusetts institute of technology,1,mit energy initiative  massachusetts institute of technology,,,Jun Wen Law
school of chemical engineering  dalian university of technology,1,school of chemical engineering  dalian university of technology,,,Shiya Gu
institute of chemical process systems engineering  school of chemical engineering,1,institute of chemical process systems engineering  school of chemical engineering,,,Yachao Dong
department of science  technology and society  university school for advanced studies iuss pavia  pavia  italy,1,department of science  technology and society  university school for advanced studies iuss pavia  pavia  italy,,,Fabio Sporchia
ecodynamics group  department of physical sciences  earth and environment  university of siena  italy,1,ecodynamics group  department of physical sciences  earth and environment  university of siena  italy,,,Federico Pulselli
texas a and m,1,texas a and m,,,Hesan Elfaki
university of twente,1,university of twente,,,Natalia Cano; Laura Franco-García; Rebecca Saive
oldendorff carriers,1,oldendorff carriers,,,Ievgenii Petrunia; Torsten Barenthin; Paul Jeffrey; Christopher Fee; Scott Bergeron
naias labs,1,naias labs,,,George Gotsis; Marios Tsezos
dtu,1,dtu,,,Eleonora Passuto
123zero d o o,1,123zero d o o,,,Martin Leban; Anja Pajntar
towson university,1,towson university,,,Brian D. Fath
ima life north america,1,ima life north america,,,Petr Kazarin; Frank Paolini; Francis DeMarco
pfizer  inc,1,pfizer  inc,,,Sheetal Pai-Wechsung
georgia institute of technology college of engineering,1,georgia institute of technology college of engineering,,,Emad Renfroe
hovione farmaciencia s a,1,hovione farmaciencia s a,,,Patricia Cruz; Inês Ramos; Clara Sá Couto
astrazeneca uk,1,AstraZeneca UK,51.8652311,-0.4067176,William Hicks; Giulio Perini
sanofi us services inc,1,sanofi us services inc,,,Abhishek Paul
syntegon technology gmbh,1,Syntegon Technology GmbH,48.823336,9.2939815,Thomas Brinz
hovione farmaciencia sa,1,hovione farmaciencia sa,,,Paulo Francisco
gsk randd,1,gsk randd,,,Aarti Gidh
veranova,1,veranova,,,Ankur Kapil; Subhodh Karkala; Michael Hamlin
pjp tech,1,pjp tech,,,Bum-Ho Choi
budapest university of technology and economics,1,budapest university of technology and economics,,,Botond Szilagyi
biohaven pharmaceuticals,1,biohaven pharmaceuticals,,,David Leahy
snapdragon chemistry-cambrex,1,snapdragon chemistry-cambrex,,,Jillian Sheeran
eli lilly services india pvt  ltd,1,eli lilly services india pvt  ltd,,,Bhoja Kandela
ucl school of pharmacy,1,ucl school of pharmacy,,,Zoe Whiteley; Duncan Craig
institute of automation and control  tu graz,1,institute of automation and control  tu graz,,,Hazem Damiri
microinnova engineering gmbh,1,microinnova engineering gmbh,,,Dirk Kirschneck
experic,1,experic,,,Daniel Kestyus; Justin Lacombe
harro höfliger,1,Harro Höfliger,48.9730439,9.3866196,Daniel Jakub Wilhelm
meltprep,1,meltprep,,,Daniel Treffer; Andreas Bramböck; Martin Genshofer
university of puerto rico rio piedras campus,1,university of puerto rico rio piedras campus,,,José Hernández Espinell
boehringer ingelheim pharma gmbh and co  kg,1,boehringer ingelheim pharma gmbh and co  kg,,,Simone Blattner; Michael Braun
gsk medicines research centre,1,gsk medicines research centre,,,Chris Davey
unal-med student chapter in colombia,1,unal-med student chapter in colombia,,,Aura Ramirez
university of iowa aiche student chapter,1,university of iowa aiche student chapter,,,Riley Coulter; Anna Blobaum
university of florida student chapter,1,university of florida student chapter,,,Flynn Baliton
bms,1,BMS,42.7675202,12.7515343,Rachel Janes
poznan university of technology,1,Poznan University of Technology,52.3942702,16.9181304,Oliwia Degorska
university of ljubljana,1,University of Ljubljana,46.05860735,14.503831,Nina Grilc
boehringer ingelheim pharma gmbh and co kg,1,boehringer ingelheim pharma gmbh and co kg,,,Robert Moeckel
biopharm services,1,biopharm services,,,Aditi Holey; Yuki Abe; Andrew Sinclair
zoetis,1,zoetis,,,Marko Ukrainczyk
siemens industry software limited,1,siemens industry software limited,,,Pedro De Azevedo Delou
university of pretoria,1,University of Pretoria,-25.73856225,28.1983628,John Unuofin; Luke Invernizzi; Michael Daramola; Samuel Iwarere; Kylah Dalgleish
ssl,1,SSL,38.95224,-7.67603,Howard Stamato
environmental division,1,environmental division,,,David Russell
celanese,1,Celanese,34.2834261,-85.1607836,Adam Gottlieb
evonik,1,Evonik,51.4477493,7.0143636,Lucianna Moos; Eugenia Ndieze
evonik corporation,1,Evonik Corporation,39.5447547,-76.0986196,Ryan Morrison
pd2m,1,pd2m,,,Dana Alhasson
licensing and professional development,1,licensing and professional development,,,William Parrish; Linda Bergeron
coanda,1,Coanda,47.5054136,8.7476545,Tanja Tomkovic
coanda research and development corporation,1,coanda research and development corporation,,,Clara Gomez
dps group global,1,dps group global,,,Jeffrey Heil
pfizer worldwide research and development  445 eastern point road  groton  connecticut 06340  usa,1,pfizer worldwide research and development  445 eastern point road  groton  connecticut 06340  usa,,,Kakasaheb Nandiwale; Eric Hansen
worldwide research and development  pfizer inc,1,worldwide research and development  pfizer inc,,,Marta Moreno Benito; Peiyuan Liu; Mark Pinto; Jenna Pasko; Kai Lee
evon gmbh,1,evon GmbH,47.1396314,15.679928,Martin Kureck
friedrich schiller university,1,friedrich schiller university,,,Dimitri Nowack
loughborough university,1,Loughborough university,52.763845,-1.2372582,Xuming Yuan; Brahim Benyahia
digital medicines manufacturing  loughborough university,1,digital medicines manufacturing  loughborough university,,,Jiaxu Liu
georgia tech and emory university,1,georgia tech and emory university,,,Alyssa Panitch
weldon school of biomedical engineering  purdue university,1,weldon school of biomedical engineering  purdue university,,,Mazin Hakim
pittsburg state university,1,Pittsburg State University,37.3904299,-94.6953939,Pranabesh Sahu; Tim Dawsey; Ram Gupta
kumamoto university,1,Kumamoto University,32.8164178,130.7270397,Armando Quitain; Sumire Ichimaru; Taisei Nagamine; Kota Nishimure; Jonas Karl N. Agutaya
valladolid university,1,Valladolid University,41.6629651,-4.7050172,Maria Jose Cocero
rowland institute at harvard  harvard university,1,rowland institute at harvard  harvard university,,,Christopher O'Connor; Christian Reece
cnrs create,1,cnrs create,,,Roberto Batista Da Silva Junior
university of minnesota - duluth,1,University of Minnesota - Duluth,46.8203898,-92.0852741,Richard Davis
fau,1,FAU,26.3743445,-80.1027236,Alexander Ditter; Oliver Friedrich
verdetek,1,verdetek,,,John Cirucci
aveva,1,Aveva,51.1031262,16.9450607,Bruna Giron; Jesse Williamson; Mike Donahue
cadfem india,1,cadfem india,,,Karthik Chittepu
poznań university of medical sciences,1,poznań university of medical sciences,,,Emilia Jakubowska; Tomasz Koczorowski
université grenoble alpes,1,Université Grenoble Alpes,45.1907263,5.7213189,Anass Benayad
western kentucky university,1,Western Kentucky University,36.984529,-86.457647,Asa Ashley
university of california santa cruz,1,University of California Santa Cruz,36.9550719,-122.050364,Qiu Ren; Yat Li
river otter,1,River Otter,50.791191,-3.2268388,Amelia Thomas
clariant corp,1,clariant corp,,,Danielle Covelli
chemical sciences and engineering division  argonne national laboratory,1,chemical sciences and engineering division  argonne national laboratory,,,Keunsoo Kim
css inc,1,CSS Inc,41.0487475,-76.2723621,William Preston
jacobs technology inc,1,jacobs technology inc,,,R. Preston Burnette; Matthew R. Allen
easyxafs,1,easyxafs,,,Paul Aronstein; William Holden; Zachary Lebens-Higgins; Devon Mortensen
hochschule rosenheim,1,Hochschule Rosenheim,48.2436043,12.5272539,Patrick Preuster
dsm-firmenich science and research,1,dsm-firmenich science and research,,,Ben Johnson
school of chemical and biomolecular engineering  georgia institute of technology,1,school of chemical and biomolecular engineering  georgia institute of technology,,,Jacob Sweet
north carolina state university  chemical and biomolecular engineering department,1,north carolina state university  chemical and biomolecular engineering department,,,Fazel Bateni
sartorius stedim fmt s a s,1,sartorius stedim fmt s a s,,,Nina Perier; Lucie Delaunay
university hospital cologne,1,university hospital cologne,,,Sebastian Walter
nanoparticle systems engineering laboratory  institute of energy and process engineering  department of mechanical and process engineering  eth zurich,1,nanoparticle systems engineering laboratory  institute of energy and process engineering  department of mechanical and process engineering  eth zurich,,,Alexander Gogos
karolinska institutet,1,karolinska institutet,,,Georgios A. Sotiriou
global manufacturing engineer iff,1,global manufacturing engineer iff,,,Erik Gommeren
ingredion incorporated,1,ingredion incorporated,,,Karsten Keller
johnson matthey,1,Johnson Matthey,53.0436493,-2.1973036,Jack I'Anson; E. Hugh Stitt; Robert Gallen
shell internatinal eandp,1,shell internatinal eandp,,,Guoqiang Yang
sinopec research institute of petroleum processing,1,sinopec research institute of petroleum processing,,,Wenming Liu; Jianhong Gong; Jinquan Zhu
kpv lab edinburgh ltd,1,kpv lab edinburgh ltd,,,Callum Bruce
massachusets institute of technology,1,massachusets institute of technology,,,Shashank Venkat Muddu
strategic energy analysis center  national renewable energy laboratory,1,strategic energy analysis center  national renewable energy laboratory,,,Jason DesVeaux
department of industrial and computer engineering and economics  university of l aquila,1,department of industrial and computer engineering and economics  university of l aquila,,,Francesco Ferella
qatar environment and energy research institute  hamad bin khalifa university  qatar foundation  p o  box 34110,1,qatar environment and energy research institute  hamad bin khalifa university  qatar foundation  p o  box 34110,,,Ahmed Abotaleb; Nada Abounahia; Mabkhout Al Yarabah; Alessandro Sinopoli
hbku core labs  hamad bin khalifa university,1,hbku core labs  hamad bin khalifa university,,,Janarthanan Ponraj
department of chemistry and earth sciences  college of arts and sciences  qatar university,1,department of chemistry and earth sciences  college of arts and sciences  qatar university,,,Sjood Makeen
the scripps research institute,1,the scripps research institute,,,Yu Kawamata; Phil Baran
koreatech,1,KOREATECH,36.7635507,127.281751,Taeyong Kim
université de lyon,1,université de lyon,,,Abdulrahman Isah; Yahaya Nasiru; Kai Szeto; Pierre-Yves Dugas; Aimery De Mallmann
institute of chemical research of catalonia,1,institute of chemical research of catalonia,,,Ranga Rohit Seemakurthi; Pavle Nikačević; Núria López
universitat rovira i virgili,1,Universitat Rovira i Virgili,41.1226832,1.2501587,Santiago Morandi
liquid sunlight alliance,1,liquid sunlight alliance,,,Adam Z. Weber
western university,1,Western University,32.7139413,-117.0372503,Dongmin Yun; Wei Tian; Jose Herrera
forge nano inc,1,forge nano inc,,,Matthew Weimer; Sara Harris
csir - indian institute of chemical technology,1,csir - indian institute of chemical technology,,,Venugopal Akula; Kalpana Manda
naieel technology,1,naieel technology,,,Jaewoo Kim
university of zurich,1,university of zurich,,,Nanchen Dongfang; Marcella Iannuzzi
maastricht university,1,Maastricht University,50.8472117,5.6859518,Martijn Ruijzendaal; Maria Moreira de Azevedo; Tom Butterworth; Gerard van Rooij
groningen university,1,Groningen University,53.2194415,6.5629863,Taha Mana
netherlands organisation for applied scientific research  tno,1,netherlands organisation for applied scientific research  tno,,,Shahriar Mirpour; Yves Creyghton; Hans Linden; Dirk van den Bekerom
basf se  group research,1,basf se  group research,,,Michael Bender; Benjamin Frank; Johannes Bode
bascat - unicat basf jointlab - tu berlin,1,bascat - unicat basf jointlab - tu berlin,,,Emre Turan; Robert Dieckmann; Michael Geske; Raoul Naumann D'Alnoncourt; Frank Rosowski
mork family department of chemical engineering and materials science  university of southern california  los angeles  ca,1,mork family department of chemical engineering and materials science  university of southern california  los angeles  ca,,,Jingwen Gong
loyola university chicago,1,loyola university chicago,,,Mausumi Mahapatra
fundamental ai research   meta,1,fundamental ai research   meta,,,Muhammed Shuaibi; Zachary Ulissi; C. Lawrence Zitnick
dave c  swalm school of chemical engineering  mississippi state university,1,dave c  swalm school of chemical engineering  mississippi state university,,,Jiachun Wu
newcastle university,1,newcastle university,,,Leonidas Bekris; Evangelos I. Papaioannou
samsung advanced institute of technology,1,samsung advanced institute of technology,,,Su Keun Kuk; Jun Kyu Kim; Jong-Min Lee
w  l  gore and associates  inc,1,w  l  gore and associates  inc,,,John D. Holcombe
w l  gore and associates  inc,1,w l  gore and associates  inc,,,Vladimiros Nikolakis
casale sa,1,CASALE SA,40.6854091,14.8295531,Cristina Pizzolitto; Pierdomenico Biasi
natural resources canada  canmetenergy,1,natural resources canada  canmetenergy,,,Hamid Radfarnia; Kourosh Zanganeh
exxonmobil chemical company,1,exxonmobil chemical company,,,Andrea Wight
consejo superior de investigaciones científicas,1,Consejo Superior de Investigaciones Científicas,40.4407145,-3.6874014,Alicia Bayon
it power australia,1,it power australia,,,José Zapata
redoxblox inc,1,redoxblox inc,,,Joerg Petrasch; Kelvin Randhir
redoxblox,1,redoxblox,,,James F. Klausner
msu,1,msu,,,Philipp Schimmels
illinois state university,1,Illinois State University,40.5179938,-89.0084607,Nesrin Ozalp
en-ramps llc,1,en-ramps llc,,,Priyanka G Singh
engineering science,1,engineering science,,,Yihao Huang
iit roorkee,1,iit roorkee,,,Rajeev Ranjan
national institute of technology  numazu college,1,national institute of technology  numazu college,,,Shoichi Tsuda; Koji Inazu
gea,1,GEA,41.4768249,-81.1850459,Ivan Bogaerts; James Holman
anton paar gmbh,1,anton paar gmbh,,,Denis Schütz; Helena Weingrill; Natali Unterberger
laboratoire réactions et génie des procédés  université de lorraine  cnrs,1,laboratoire réactions et génie des procédés  université de lorraine  cnrs,,,Alex Lemarinel
ampère sas,1,ampère sas,,,Thomas Philippe
université de lorraine  cnrs,1,université de lorraine  cnrs,,,Graciela Cares; Philippe Marchal; Veronique Falk
arkema,1,Arkema,45.8436061,5.0970802,Clément Paul; Lauréline Marchal
barrington community high school,1,barrington community high school,,,Anika Harishachandra Shinde
particles in motion,1,particles in motion,,,Ray Cocco
susteon inc,1,susteon inc,,,Vasudev Haribal
university of texas rio grande valley,1,University of Texas Rio Grande Valley,26.3071534,-98.1728187,Jikai Zhao; Juhee Lee
the joint bioenergy institute,1,the joint bioenergy institute,,,Blake Simmons
natural resources canada,1,Natural Resources Canada,45.4247194,-75.6372981,Anh-Duong Vo; Peter Gogolek
coolbrook oy,1,coolbrook oy,,,Elina Nauha
department of chemical and biomolecular engineering,1,department of chemical and biomolecular engineering,,,Auden Jones
university of north carolina charlotte,1,university of north carolina charlotte,,,Gabriel Terejanu
department of environment  alborz campus  university of tehran,1,department of environment  alborz campus  university of tehran,,,Sadaf Kahedi
u s  doe national energy technology laboratory,1,u s  doe national energy technology laboratory,,,Sally Homsy; Timothy Fout
nestlé product technology centre,1,nestlé product technology centre,,,Annabel Bozon
nestlé research,1,nestlé research,,,Michael K. Hausmann; Gerhard Niederreiter
hacettepe university,1,Hacettepe University,39.8714778,32.7604575,Alper Toprak; Deniz Altun; Okay Altun
national lab,1,National Lab,11.6647793,75.5606026,Wyatt Casey LaMarche
psri,1,psri,,,Lauren Endress; S. B. Reddy Karri
yantai university,1,Yantai University,37.4335887,121.5165087,Yupeng Du; Yuchao Zhao
federal university of santa catarina,1,Federal University of Santa Catarina,-27.6034134,-48.5224425,Emilio E. Paladino
zhengzhou university,1,Zhengzhou University,34.8214567,113.5297412,Nan Zhang
imed ulisboa  faculty of pharmacy  university of lisbon,1,imed ulisboa  faculty of pharmacy  university of lisbon,,,João F. Pinto
joint school of nanoscience and nanoengineering  nc aandt state university,1,joint school of nanoscience and nanoengineering  nc aandt state university,,,Nafeezuddin Mohammad
middle east technical university,1,middle east technical university,,,Isik Onal
research and innovation center on co2 and hydrogen   chemical and petroleum engineering department  khalifa university  abu dhabi  united arab emirates,1,research and innovation center on co2 and hydrogen   chemical and petroleum engineering department  khalifa university  abu dhabi  united arab emirates,,,Maryam Khaleel
university of engineering and technology lahore,1,University of Engineering and Technology Lahore,31.4631818,73.2543186,Sadiya Mushtaq
particulate solid research  inc,1,particulate solid research  inc,,,Allan Issangya; Surya Karri; Francisco Sanchez Careaga
shell global solutions,1,shell global solutions,,,Benjamin M. Comer; Shibin Thundiyil; Ganesh Iyer
shell technical center bangalore,1,shell technical center bangalore,,,Sajanikumari Sadasivan; Kuldeep B. Mamtani
eth zurich and university of zurich,1,eth zurich and university of zurich,,,Christian Guenthner; Klaas P. Pruessmann
curtin university  malaysis,1,curtin university  malaysis,,,Kumar Perumal
csir-indian institute of petroleum,1,csir-indian institute of petroleum,,,Tuhin Suvra Khan
institute for the development of energy for african sustainability,1,institute for the development of energy for african sustainability,,,Joshua Gorimbo
department of chemistry  abdul wali khan university  mardan  khyber pakhtunkhwa  23200  pakistan,1,department of chemistry  abdul wali khan university  mardan  khyber pakhtunkhwa  23200  pakistan,,,Muhammad Shayan
chool of materials science and engineering  henan university of technology  zhengzhou city  450001  pr china,1,chool of materials science and engineering  henan university of technology  zhengzhou city  450001  pr china,,,Imran Khan
key laboratory of functional inorganic materials chemistry   ministry of education  school of chemistry and materials science  international joint research center and lab for catalytic technology  harbin 150080  pr china,1,key laboratory of functional inorganic materials chemistry   ministry of education  school of chemistry and materials science  international joint research center and lab for catalytic technology  harbin 150080  pr china,,,Salman Khan
tamuq,1,tamuq,,,Suhde Makki
boeing,1,Boeing,30.2029768,-81.7451249,Sadra Hemmati
uin sunan kalijaga yogyakarta,1,UIN sunan kalijaga yogyakarta,-7.7857048,110.3942909,Dewi Rahmawati; Didik Krisdiyanto
robert bosch gmbh,1,robert bosch gmbh,,,Antje Seitz; Stefanie Wahl
hamad bin khalifa university,1,hamad bin khalifa university,,,Mamoun Al-Rawashdeh
krict,1,krict,,,Jinju Lee
itq,1,itq,,,Manuel Moliner
cardiff university,1,Cardiff University,51.4887426,-3.1795999,Isaac Daniel; Mark Douthwaite; Samuel Pattisson; Graham J. Hutchings
sinopec shanghai research institute of petrochemical technology,1,sinopec shanghai research institute of petrochemical technology,,,Bozhao Chu; Siqing Zhong
university of hohenheim,1,university of hohenheim,,,Moritz Kuehnel
iith,1,iith,,,Akshay Tikoo
shell india markets private limited,1,shell india markets private limited,,,Shauvik De
technical university berlin,1,technical university berlin,,,Nico Jurtz; Matthias Kraume
tu berlin,1,TU Berlin,52.5110159,13.3269541,Mona al-Mqbas
university of munster,1,University of Munster,51.9673422,7.5992433,Hubert Koller
instituto de química de são carlos universidade de são paulo,1,instituto de química de são carlos universidade de são paulo,,,Elisabete Assaf
escola politécnica da universidade de são paulo,1,escola politécnica da universidade de são paulo,,,Heloisa Bortolini
national university of technology,1,National University of Technology,33.6632271,73.0065016,Lei Wang
wichita state university,1,Wichita State University,37.7193429,-97.2898878,Shuang Gu
higher collages of technology,1,higher collages of technology,,,Abdelsalam Efhaima
uofa,1,uofa,,,Shang Jiang
department of mechanical engineering  university of michigan,1,department of mechanical engineering  university of michigan,,,Jesse Capecelatro
david a  rockstraw  ph  d   p  e   inc,1,david a  rockstraw  ph  d   p  e   inc,,,David Rockstraw
institute of science tokyo,1,Institute of Science Tokyo,35.514711,139.4840416,Peipei Xiao; Kengo Nakamura
université de lorraine,1,université de lorraine,,,Maria Cares
freeman technology,1,Freeman Technology,40.5206252,-111.9448791,Amalia Thomas
merck sharp and dohme,1,Merck Sharp & Dohme,44.8116348,20.3982426,Yingzhen Ma; Pavithra Sundararajan
varda space industries,1,varda space industries,,,Adrian Radocea
bloomage biotechnology corporation limited,1,bloomage biotechnology corporation limited,,,Zhe Liu
origin materials,1,origin materials,,,Ben Freireich
consolidated nuclear security  llc,1,consolidated nuclear security  llc,,,Joseph F. Birdwell; Matthew Francis
lawrence livermore national lab,1,lawrence livermore national lab,,,Jeremy Scher
srnl,1,srnl,,,Wiersma Bruce
cal poly pomona,1,cal poly pomona,,,Chantal Stieber
corporate research and development  sabic,1,corporate research and development  sabic,,,Abdulrahman Alzailaie; Ibraheam Al-Shankiti; Mohammed Babkoor; Robert Schucker
siemens process systems enterprise ltd,1,siemens process systems enterprise ltd,,,Thomas Lafitte
basf environmental catalyst and metal solutions,1,basf environmental catalyst and metal solutions,,,Ahmad Moini
instituto de tecnología química  universitat politècnica de valència-consejo superior de investigaciones científicas,1,instituto de tecnología química  universitat politècnica de valència-consejo superior de investigaciones científicas,,,Cecilia Paris
university of nebraska-lincoln  ne  usa,1,university of nebraska-lincoln  ne  usa,,,Vitaly Alexandrov
jsol corporation,1,jsol corporation,,,Teppei Fukuya; Takayuki Nishio; Hiroya Nitta; Taku Ozawa
doe ne,1,doe ne,,,James L. Willit
savannah river nuclear solutions,1,savannah river nuclear solutions,,,Jacob Mellon
university of omaha,1,University of Omaha,41.2577933,-96.0104971,Kyleigh Murray
defense center for public health - dayton,1,defense center for public health - dayton,,,Adam Boey
2  spx flow mixing solutions,1,2  spx flow mixing solutions,,,Jason J. Giacomelli
kaneka corporation,1,kaneka corporation,,,Yasuhiro Sumi; Kunihiko Matsumura
port sunlight laboratory,1,port sunlight laboratory,,,Waldo Rosales Trujillo
leidos research support team - us doe netl,1,leidos research support team - us doe netl,,,Robert Thompson
university of tartu,1,University of Tartu,58.381014,26.7195598,Ivari Kaljurand; Sofja Tshepelevitsh; Ivo Leito
cic nanogune,1,CIC nanoGUNE,43.3048187,-2.0073381,Pablo M. Piaggi
preferred computational chemistry,1,preferred computational chemistry,,,Taku Watanabe; Akihiro Nagoya
schrödinger,1,Schrödinger,1.35336195,103.9273249,Alex Chew; Anand Chandrasekaran
sabic specialties,1,sabic specialties,,,Jan Henk Kamps; Ramakrishnan Vaidyanathan
software for chemistry and materials,1,software for chemistry and materials,,,Nestor Aguirre
école normale superieure de lyon,1,École Normale Superieure de Lyon,45.7297811,4.8265819,Sarit Dutta; Benjamin Abécassis
brigham and women s hospital,1,brigham and women s hospital,,,Daniel A. Wollin; Mark Preston
laboratoire de génie chimique,1,Laboratoire de Génie Chimique,43.5745403,1.47556405,Joelle Aubin
unilever randd,1,Unilever R&D,18.7248972,-69.7652092,Waldo Rosales
pfizer global supply,1,pfizer global supply,,,Amarnath Reddy Ganji; Swarali Sandeep Kadam; V Selvakumari; Srichakravarthy Narasimharaghavan; Atul Awasthi
nov chemineer,1,nov chemineer,,,Panagiotis Athanasiou
r e  mason,1,r e  mason,,,Richard Kehn
sulzer pump solutions ireland ltd,1,sulzer pump solutions ireland ltd,,,Sudarshan Srinivasan
pacific biolab,1,pacific biolab,,,Yicheng Zhou
citrine informatics,1,citrine informatics,,,Mark Sullivan
mines paristech,1,Mines ParisTech,48.6117414,2.4390437,Celine Houriez
total s e,1,total s e,,,Eric Cloarec
ibm almaden research center,1,IBM Almaden Research Center,37.2113478,-121.8083246,Jed W. Pitera
ibm research uk,1,IBM Research UK,53.3446566,-2.6380317,Clyde Fare; Edward Pyzer-Knapp
ventus therapeutics,1,ventus therapeutics,,,Prerna Gera; Nate Abraham; Vibhas Aravamuthan; Sarah Williams; Jason Burch
lehman college  the city university of new york,1,lehman college  the city university of new york,,,Mossa Ghattas; Tom Kurtzman
university of tennessee institute of agriculture,1,university of tennessee institute of agriculture,,,David Harper
rowan-virtua school of translational biomedical engineering and sciences,1,rowan-virtua school of translational biomedical engineering and sciences,,,Camila Vardar
chair of applied mathematics,1,chair of applied mathematics,,,Lukas Pflug
ifce,1,ifce,,,Marcilio Maximo
universidade estadual de campinas,1,Universidade Estadual de Campinas,-22.822656,-47.0627959,Aline Veronese da Silva
research center for gas innovation,1,research center for gas innovation,,,Pedro Gerber Machado
university of alberta  edmonton  canada,1,university of alberta  edmonton  canada,,,Karthik Srinivasan
gs engineering and construction corp,1,gs engineering and construction corp,,,Nohjin Park
institute for a sustainable hydrogen economy   forschungszentrum jülich,1,institute for a sustainable hydrogen economy   forschungszentrum jülich,,,Regina Palkovits
institute of technical and macromolecular chemistry   rwth aachen university,1,institute of technical and macromolecular chemistry   rwth aachen university,,,Sonja Mürtz
ccdc army research laboratory,1,ccdc army research laboratory,,,Alexander Winton; Matthew Coppock
u s  army devcom soldier center,1,u s  army devcom soldier center,,,Joseph M. Palomba
exponent,1,Exponent,33.6996887,-112.0914977,Charles Lhermitte
toyota motor europe,1,toyota motor europe,,,Hannah Johnson
pontificia universidad catolica de chile,1,Pontificia Universidad Catolica de Chile,-33.4517715,-70.6185639,Enrique Munoz
école polytechnique,1,École Polytechnique,48.7127874,2.2107453,Doron Grossman
suny-buffalo,1,SUNY-Buffalo,42.9336675,-78.8839422,Wanyi Nie
university of wisconsin-milwaukee,1,University of Wisconsin-Milwaukee,43.0742429,-87.8896416,Junjie Niu
roosense llc,1,roosense llc,,,Michael Fulmer; Shelby Daniels
universidad autónoma de san luis potosí,1,Universidad Autónoma de San Luis Potosí,22.1443382,-101.0155732,Yazael R. Morales-Flores; Otilio E. Rodriguez-Lopez; Jose A. Martinez-Gonzalez
toyota research institute,1,toyota research institute,,,Weike Ye; Santosh Suram
orlando utilities commission,1,Orlando Utilities Commission,28.53629,-81.3796475,Paul Brooker
helical energy,1,helical energy,,,James Fox
texas aandm energy institute,1,texas aandm energy institute,,,Dimitrios Voulanas
air gas,1,Air Gas,45.4448972,9.1432237,Mukesh Rungta
intec,1,intec,,,Diego Cafaro
facultad de ingeniería química  universidad nacional del litoral,1,facultad de ingeniería química  universidad nacional del litoral,,,Demian Presser
california energy commission,1,California Energy Commission,38.5747434,-121.4978954,Christopher D. McLean
yuhan corp,1,yuhan corp,,,Hyeri Sim
institute for biomedical engineering and institute of pharmacology and toxicology,1,institute for biomedical engineering and institute of pharmacology and toxicology,,,Daniel Razansky; Xosé Luís Deán-Ben
ues  inc,1,ues  inc,,,Robert Waelder
national academies,1,national academies,,,John Bulmer
iit-jammu,1,iit-jammu,,,Monika Kumari
doe joint genome institute,1,doe joint genome institute,,,Jan-Fang Cheng
schlumberger  genvia,1,schlumberger  genvia,,,Nurlan Azizli; Romuald Coupan
indian institute of technology roorkee  uttarakhand  india,1,indian institute of technology roorkee  uttarakhand  india,,,Salma Khatoon
burapha university,1,Burapha University,13.2765891,100.9256197,Wachira Daosud
naresuan university,1,Naresuan University,16.746551,100.195528,Weerawun Weerachaipichasgul
signature science,1,Signature Science,3.1494724,101.568823,Krista Ternus; Vernon Mclntosh
zju-hangzhou global scientific and technological innovation center,1,zju-hangzhou global scientific and technological innovation center,,,Xiaodong Hong
google,1,google,,,Utkarsh Shah
gurobi optimization,1,gurobi optimization,,,Hassan L. Hijazi
"faculdade de engenharia, universidade do porto",1,"Faculdade de Engenharia, Universidade do Porto",41.1784933,-8.5961974,Diogo Rodrigues
universidade de lisboa,1,Universidade De Lisboa,38.7672092,-9.16304826,Pedro Castro
electric power research institute,1,electric power research institute,,,Joseph A. Swisher; Phillip de Mello; Abhoyjit Bhown
andlinger center for energy and the environment,1,andlinger center for energy and the environment,,,Julia Granacher
max planck institute for dynamics of complex technical systems  process systems engineering,1,max planck institute for dynamics of complex technical systems  process systems engineering,,,Danial Hamedi Jamali
cuny advanced science research center,1,cuny advanced science research center,,,Denize Favaro
institute for protein design,1,institute for protein design,,,Linna An
national institutes of health,1,National Institutes of Health,39.0000142,-77.1040039,Zack Jarin; Chiara Laura Battistelli; Cecilia Bossa
noritake co limited,1,noritake co limited,,,Gopinathan M. Anilkumar
kanagawa academy of science and technology,1,kanagawa academy of science and technology,,,Hidenori Kuroki
carnegie institution for science,1,carnegie institution for science,,,Neda Fakhimi; Arthur Grossman
arba minch university,1,Arba Minch University,6.0659447,37.5600365,Haftu Alemayehu
ndiana university bloomington,1,ndiana university bloomington,,,Xingchen Ye
ming chi university of technology,1,ming chi university of technology,,,Thanh LONG Nguyen; Huy HOA Dang; Chao-Lin Liu
independent researcher,1,independent researcher,,,Eitaro Yamatsuta
riken,1,Riken,47.2760208,7.8491956,Itsushi Sakata
"procter and gamble, mason, oh",1,"Procter & Gamble, Mason, OH",39.3145401,-84.3085419,Peter Koenig
aalborg university,1,Aalborg University,57.0159071,9.9753082,Tanmay Chaturvedi; Maciej Zychowski; Mohammad Ostadi; Dennis S. Hansen; Mads V. Bram
hyundai motor company,1,Hyundai Motor Company,36.8452544,126.858137,Se-Kyu Oh; Daeki Hong; Jaewoong Kim
china university of petroleum,1,China University of Petroleum,35.9453575,120.1670032,Meng Qi
kookmin university,1,kookmin university,,,Chan Woo Lee
planta piloto de ingeniería química  plapiqui   universidad nacional del sur,1,planta piloto de ingeniería química  plapiqui   universidad nacional del sur,,,Amira Siniscalchi
terasaki institute,1,terasaki institute,,,Alireza Hassani Najafabadi
noritake co  ltd,1,noritake co  ltd,,,Gopinathannair Madhavikutty Anilkumar
the university of queensland  australia,1,the university of queensland  australia,,,Deepti Mishra
georgia institute of technology and emory university,1,georgia institute of technology and emory university,,,Jennifer H. Deng
universitat pompeu fabra,1,Universitat Pompeu Fabra,41.3892781,2.1911055,Raul P. Pelaez
university of nebraska-lincoln  lincoln,1,university of nebraska-lincoln  lincoln,,,Anil Chandran
johns hopkins school of medicine,1,johns hopkins school of medicine,,,Sarah R. Amend; Kenneth J. Pienta
moffitt cancer center,1,moffitt cancer center,,,Joel S. Brown; Robert A. Gatenby
university of lisbon,1,university of lisbon,,,Wanting Zhang
repsol polímeros s.a.,1,Repsol Polímeros S.A.,37.9835629,-8.8285023,André Vilelas
haleon plc,1,haleon plc,,,Daniel Castro-Rodriguez
colombian petroleum institute   ecopetrol s a,1,colombian petroleum institute   ecopetrol s a,,,Ariel Uribe-Rodriguez
tip,1,tip,,,Javier Oswaldo Lizcano Prada
universidad autónoma de sinaloa,1,Universidad Autónoma de Sinaloa,25.8140349,-108.9817245,Eusiel Rubio-Castro
broad institute of mit and harvard,1,broad institute of mit and harvard,,,Allen Jiang
exactmer limited,1,exactmer limited,,,Zhiwei Jiang
university of massachusetts medical school,1,university of massachusetts medical school,,,Shun Liang; Guangping Gao; Wen Xue
international institute for nanotechnology,1,international institute for nanotechnology,,,Jin Huang
national institute of standards and technology center for neutron research,1,national institute of standards and technology center for neutron research,,,Kelsi M. Rehmann
arla foods,1,Arla Foods,58.4252024,15.5988321,Behnaz Razi Parjikolaei
john house consulting services,1,john house consulting services,,,John House
f. hoffmann-la roche,1,F. Hoffmann-La Roche,47.536045,7.7399516,Christian Schmid; Stephanie Knüppel
shell international exploration and production,1,shell international exploration and production,,,Elizabeth Endler; Monica Heredia; Vesna Bojovic; Pejman Pajand
cj cheiljedang,1,cj cheiljedang,,,Jaehoon Cho
department of chemical engineering  ku leuven  celestijnenlaan 200f  leuven  belgium,1,department of chemical engineering  ku leuven  celestijnenlaan 200f  leuven  belgium,,,Giuseppe Granata
terra teaching and research centre  biosystems dynamics and exchanges  gembloux agro-bio tech- université de liège  gembloux  belgium,1,terra teaching and research centre  biosystems dynamics and exchanges  gembloux agro-bio tech- université de liège  gembloux  belgium,,,Andrea Di Maria
universidad industrial de santander,1,Universidad Industrial de Santander,7.1409311,-73.1198652,Giovanni Morales Medina
em ai technology,1,EM AI Technology,14.4760697,75.8849723,Oscar Martinez
honeywell fmandt,1,honeywell fmandt,,,Dakota Even
chartered process engineer,1,chartered process engineer,,,Ahmed Hamed
facilis ai,1,facilis ai,,,Yousef Mohassab
dell medical school  the university of texas at austin,1,dell medical school  the university of texas at austin,,,Matthew F. Mikulski; Daniel Stromberg; Richard P. Lion
lanl,1,LANL,35.6577468,-105.9583865,Mingfei Zhao
lparadis lbl gov,1,lparadis lbl gov,,,Laura Paradis-Fortin
rhode island school of design,1,rhode island school of design,,,Natalie Paik
florida aandm university-florida state university college of engineering,1,florida aandm university-florida state university college of engineering,,,Daniel Hallinan
infineum uk ltd,1,infineum uk ltd,,,Beatrice Cattoz; Colin Willis; Peter J. Dowding
2  isis neutron and muon source,1,2  isis neutron and muon source,,,Alexander Armstrong; Rebecca Welbourn
georg-august universitat,1,Georg-August Universitat,51.5592251,9.9524442,Marcus Mueller
ntnu,1,ntnu,,,Marta Zagorowska
spartan controls ltd,1,spartan controls ltd,,,Abhinav Garg
gsk glaxo wellcome manufacturing pte ltd  1 pioneer  sector 1  singapore,1,gsk glaxo wellcome manufacturing pte ltd  1 pioneer  sector 1  singapore,,,Krishna Gudena
covai corporation,1,covai corporation,,,Steven Schilling
university of luxembourg,1,University of Luxembourg,49.5036259,5.9487155,Eleni Koronaki
mitsubishi electric research laboratories,1,mitsubishi electric research laboratories,,,Ye Wang; Rien Quirynen; Christopher Laughman; Ankush Chakrabarty
procter and gamble technical centre,1,procter and gamble technical centre,,,Carlos Amador
usra research institute for advanced computer science,1,usra research institute for advanced computer science,,,Erik J. Gustafson
columbia,1,Columbia,4.099917,-72.9088133,Diana Chamaki
massachusetts institue of technology,1,massachusetts institue of technology,,,Sarah Av-Ron
cedars-sinai medical center,1,cedars-sinai medical center,,,Nunzio Bottini
university of colorado denver,1,University of Colorado Denver,39.7460707,-105.001771,Farhad Pourkamali-Anaraki
army research laboratory,1,army research laboratory,,,Robert Jensen
u s  army research laboratory,1,u s  army research laboratory,,,Eric D. Wetzel
swiss federal institute of materials and technology  empa,1,swiss federal institute of materials and technology  empa,,,Pavan Kumar Vudisi
totalenergies cstjf,1,totalenergies cstjf,,,Lingfei Xu; Arthur Moncorgé
umass amherst,1,umass amherst,,,Henning Winter
d  e  shaw research,1,d  e  shaw research,,,Daniel Kozuch
chevron technical center,1,chevron technical center,,,Hariprasad J. Subramani
instituto polite cnico nacional,1,instituto polite cnico nacional,,,Cristofher A. Arroyo-Hernández; Luis Galicia-Luna
afton chemical corporation,1,afton chemical corporation,,,Mark Devlin
u  chicago,1,u  chicago,,,Hongbo Feng
paris-lodron university salzburg,1,Paris-Lodron University Salzburg,47.7984448,13.0503867,Christian Prehal
kanazawa university,1,Kanazawa University,36.6575095,136.6473669,Kenji Yoshimoto
university of north texas,1,University of North Texas,33.2098926,-97.1514762,Marco Buongiorno Nardelli
mantisonix ltd,1,mantisonix ltd,,,Mehrdad Zare
tuskegee university,1,Tuskegee University,32.4301095,-85.7067335,Nyla Metcalf; Kyra Anderson; Shahryar Jafarinejad
king saud bin abdulaziz university for health sciences  and king abdullah international medical research center  ministry of national guard health affairs,1,king saud bin abdulaziz university for health sciences  and king abdullah international medical research center  ministry of national guard health affairs,,,Rabih Al-Kaysi
harvard college,1,harvard college,,,Naphtal O. Haya; John P. Deneen; Cliffton Wang
emmanuel college  university of cambridge,1,emmanuel college  university of cambridge,,,Isabelle C. Thomas
temasek life sciences laboratory,1,temasek life sciences laboratory,,,Vaishnavi Reddy; Jolly Saju; Daisuke Urano; Rajani Sarojam
stealth mode startup,1,stealth mode startup,,,Qianhong Zhu
kbr inc,1,kbr inc,,,Joakim Halldin Stenlid
tecmasters  inc,1,tecmasters  inc,,,Scott Gilley; Jim McClellan
malaysia-japan international institute of technology  universiti teknologi malaysia,1,malaysia-japan international institute of technology  universiti teknologi malaysia,,,Tomoya Tsuji
tata institute of fundamental research,1,Tata Institute of Fundamental Research,18.9071237,72.8049637,Tapomoy Bhattacharjee
iitm,1,iitm,,,Anubhab Roy
espci paris  cnrs  psl university,1,espci paris  cnrs  psl university,,,Michel Cloitre
swinburne univ of technology,1,swinburne univ of technology,,,Richard Sadus
sheffield university,1,sheffield university,,,Karl P. Travis
army research lab,1,Army Research Lab,35.90017975,-78.868206,Frederick Beyer
us army combat capabilities development command chemical biological center,1,us army combat capabilities development command chemical biological center,,,Matthew A. Browe
sivananthan laboratories  inc,1,sivananthan laboratories  inc,,,Rich Pimpinella
sivananthan laboratories inc,1,sivananthan laboratories inc,,,Jamie Howell
institute of macromolecular compounds of the russian academy of sciences,1,institute of macromolecular compounds of the russian academy of sciences,,,Ekaterina B. Zhulina
mondelez international,1,mondelez international,,,Michael Boehm
aqua cultured foods,1,aqua cultured foods,,,Stefan Baier
ppg industries,1,PPG Industries,51.6755488,17.7940944,Steven V. Barancyk; Reza Rock
institute for carbon management,1,institute for carbon management,,,Gaurav Sant
university of warwick,1,University of Warwick,52.3813073,-1.5639569,Samuel Wilson-Whitford
nasa ames research center - kbr  inc,1,nasa ames research center - kbr  inc,,,Ashwin Ravichandran
exxonmobil research and engineering company,1,exxonmobil research and engineering company,,,Pavel Kortunov
augsburg college,1,Augsburg College,48.3651329,10.9053352,Ben Stottrup
wageningen university and research,1,wageningen university and research,,,Ahmed Jarray; Elke Scholten
bits pilani k k birla goa campus,1,bits pilani k k birla goa campus,,,Shubham Lanjewar; Sundari Ramji
dokuz eylul university,1,Dokuz Eylul University,38.3943741,27.0303419,Evrim Umut
joint center for energy storage research,1,joint center for energy storage research,,,Christopher Takacs
alkermes,1,alkermes,,,Renato Chiarella
alkermes  inc,1,alkermes  inc,,,Eric Hukkanen
universite de toulouse,1,universite de toulouse,,,Micheline Abbas
state univ of new york-buffalo,1,state univ of new york-buffalo,,,Paschalis Alexandridis
suny brockport,1,SUNY Brockport,43.209853,-77.9513391,Mark P. Heitz
university of texas at san antonio  usa,1,university of texas at san antonio  usa,,,Mohamed Shahid
leibniz institute of polymer research and tu dresden,1,leibniz institute of polymer research and tu dresden,,,Arash Nikoubashman
chapman university,1,chapman university,,,E. Daniel Cárdenas-Vásquez; L. Andrew Lyon
national chemical laboratory,1,National Chemical Laboratory,18.5414362,73.8107557,Muzammilanwar Khan; Amol Kulkarni
stf technologies llc,1,stf technologies llc,,,Alicia Platchek; Richard Dombrowski
tiny bright things,1,tiny bright things,,,Christopher Bolton; Tanweepriya Das
nsf s chemmatcars  university of chicago,1,nsf s chemmatcars  university of chicago,,,Mrinal Bera
strategic analysis  inc,1,strategic analysis  inc,,,Yaset Acevedo; Mark Jensen; Max Graham; Zachary Watts; Jacob Prosser
university of tennessee oak ridge national lab,1,university of tennessee oak ridge national lab,,,Thomas Zawodzinski
nottingham trent university,1,nottingham trent university,,,Maria Chiara Roffin
singapore-mit alliance for research and technology,1,singapore-mit alliance for research and technology,,,Song Wang; Yangyang Han; Mervin Ang; Duc-Thinh Khong; Praveen Kumar Jayapal
oak ridge associated universities  us environmental protection agency,1,oak ridge associated universities  us environmental protection agency,,,Ashton Collins
lakehead university,1,Lakehead University,48.4203116,-89.2623395,Pedram Fatehi
bentley university,1,bentley university,,,Ryan Bouldin
us army devcom soldier center,1,us army devcom soldier center,,,Ravi Mosurkal
national yang ming chiao tung university,1,National Yang Ming Chiao Tung University,24.7842182,121.01173493333332,Hao-Chun Chang; Chia-Chih Chang
department of microbiology  new york university grossman school of medicine  new york  new york  10016  usa,1,department of microbiology  new york university grossman school of medicine  new york  new york  10016  usa,,,Olga Katsara
department of radiation oncology  new york university grossman school of medicine  new york  new york  10016  usa,1,department of radiation oncology  new york university grossman school of medicine  new york  new york  10016  usa,,,Robert Schneider
university of trinidad and tobago,1,University of Trinidad and Tobago,10.6083043,-61.2765359,Adrian Lutchman
the university of trinidad and tobago o meara camp,1,the university of trinidad and tobago o meara camp,,,Festus Addo-Yobo
physical sciences inc.,1,Physical Sciences Inc.,42.695935,-71.2056261,Emily Gonzales; Dorin Preda; Caitlin Bien; David Gamliel; Michael Dworzak
st josephs college of engineering,1,st josephs college of engineering,,,Swetha .
figure 8 environmental,1,figure 8 environmental,,,Ken Tasaki
embry-riddle aeronautical university,1,embry-riddle aeronautical university,,,Marwa El-Sayed
dalhousie university,1,Dalhousie University,44.636201,-63.5919961,Sarah Martell; Mita Dasog
south ural state university,1,South Ural State University,55.1609128,61.3701652,Sergey Morozov
bristol-myers squibb  inc,1,bristol-myers squibb  inc,,,Madhushree Gokhale
southern arkansas university,1,Southern Arkansas University,33.2898495,-93.2360008,Abbas Azarpour
saint louis university,1,saint louis university,,,Clayton Stout
saint louis university main campus - parks college of engineering  aviation and technology,1,saint louis university main campus - parks college of engineering  aviation and technology,,,Kevin Noonan; Danahe Marmolejo
us army engineer research and development center,1,us army engineer research and development center,,,Jesse Roberts
institución universitaria colegio mayor de antioquia,1,Institución Universitaria Colegio Mayor de Antioquia,6.2732225,-75.5912113,Julián López; Julián E. López
cotierra ag,1,cotierra ag,,,Thomas Käslin
tecnologico nacional de mexico campus aguascalientes,1,tecnologico nacional de mexico campus aguascalientes,,,Sinue Arnulfo Tovar-Ortiz; Rigoberto Tovar-Gomez
tecnologico na campus aguascalientescional de mexico,1,tecnologico na campus aguascalientescional de mexico,,,Pablo Tenoch Rodriguez-Gonzalez
zhejiang gongshang university,1,Zhejiang Gongshang University,30.2874377,120.1319505,Xin Zhang
california institute of technology - pasadena  ca,1,california institute of technology - pasadena  ca,,,Paresh Samantaray
hoseo university,1,Hoseo University,36.7352819,127.0757053,InSoung Chang
university of western australia,1,University of Western Australia,-31.9504044,115.7979016,Behzad Shiroud Heidari
bu-ali sina university,1,Bu-Ali Sina University,34.7965122,48.4847717,Pegah Mohammad-Ali Dastjerdi
university of isfahan,1,University of Isfahan,32.617484700000006,51.66130245,Miaad Dastjerdi
university of sayyed jamaleddin asadabadi,1,university of sayyed jamaleddin asadabadi,,,Arman Mohammad-Ali Dastjerdi
cnrs  université de pau et des pays de l adour umr 5254  institut des sciences analytiques et de physico-chimie pour l environnement et les matériaux,1,cnrs  université de pau et des pays de l adour umr 5254  institut des sciences analytiques et de physico-chimie pour l environnement et les matériaux,,,Oleg V. Borisov
braskem america,1,Braskem America,29.7077186,-95.0784345,Rajarshi Bandyopadhyay; Akash Patil
chonnam national university,1,chonnam national university,,,Jinsu Kim
corresponding authors,1,corresponding authors,,,Youssef Wadghiri
department of chemical and biomolecular engineering  new york university tandon school of engineering  brooklyn  new york  11201  usa,1,department of chemical and biomolecular engineering  new york university tandon school of engineering  brooklyn  new york  11201  usa,,,Dustin Britton; Jakub Legocki; Yingxin Xiao
bernard and irene schwartz center for biomedical imaging  department of radiology  new york university grossman school of medicine  new york  new york  10016  usa,1,bernard and irene schwartz center for biomedical imaging  department of radiology  new york university grossman school of medicine  new york  new york  10016  usa,,,Orlando Aristizabal; Orin Mishkit; Neelam Pandya
new york university langone health,1,new york university langone health,,,Michael Cammer
national institute of standards and technology  brookhaven national laboratory,1,national institute of standards and technology  brookhaven national laboratory,,,Eliot H. Gann
ben-gurion university of the negev,1,Ben-Gurion University of the Negev,31.2631254,34.8022385,Osnat Gillor
pvamu,1,pvamu,,,Jorge Gabitto
energy and environmental research center university of north dakota,1,energy and environmental research center university of north dakota,,,Trevor Richards; John Hunt; Cesar Barajas-Olalde; Justin Kovacevich; Kyle McBride
texas aandm university - corpus christi,1,Texas A&M University - Corpus Christi,27.7127513,-97.3233877,Richard Coffin; Maria Vasilyeva; Hussain Abdulla
isgs,1,isgs,,,Mansour Khosravi; Zohreh Askari
us doe netl,1,us doe netl,,,Igor Haljasmaa
department of energy netl,1,department of energy netl,,,Yee Soong
national energy technology lab,1,national energy technology lab,,,Paul Holcomb; Alex Sun; Chung Shih; Hema Siriwardane
agency for defence development,1,agency for defence development,,,Heesook Roh
chemistry and biochemistry,1,chemistry and biochemistry,,,Yu Chen
guanajuato university,1,Guanajuato University,21.060753,-101.5711841,Beatriz Durán; Germán C. Rodríguez
merlyn emergence,1,merlyn emergence,,,Shom Ponoth; Satya Nitta
century therapeutics,1,century therapeutics,,,Gregory Rusotti
university college dublin  ireland,1,university college dublin  ireland,,,Mriganka Mondal; Tony Keene
national laboratory astana  nazarbayev university,1,national laboratory astana  nazarbayev university,,,Munziya Abutalip
fau erlangen-nürnberg,1,FAU Erlangen-Nürnberg,49.6015012,11.0176956,Pierre Cautaerts
qatar environment and energy research institute,1,qatar environment and energy research institute,,,Mosab Subeh; Jaber Al-Marri; Huda Al-Sulaiti
hamad bin khalifa university  qatar foundation,1,hamad bin khalifa university  qatar foundation,,,Yehia Manawi
wrps,1,WRPS,42.1287118,-70.9164328,Michael Zabel; Eugene Morrey
universidad autonoma de mexico,1,universidad autonoma de mexico,,,Gabriel Contreras-Zarazúa
macdiarmid institute for advanced materials and nanotechnology,1,macdiarmid institute for advanced materials and nanotechnology,,,Catherine Bishop
florida aandm university-florida state university,1,florida aandm university-florida state university,,,Tarek Abichou
széchenyi istván university,1,Széchenyi István University,47.6941936,17.6273964,Jean Pimentel; Heriberto Cabezas; Ferenc Friedler
university of pannonia,1,University of Pannonia,47.0883929,17.9084885,Akos Orosz
tellus,1,tellus,,,Nathan Page
university college cork,1,University College Cork,51.8947384,-8.4903073,Daniel Casaban Padrino; Elena Tsalaporta
university of bayreuth,1,University of Bayreuth,49.9270796,11.5872266,Dennis Schroeder
naval research labratory,1,naval research labratory,,,Steve Policastro; Rachel Anderson
center of excellence for aerospace particulate emissions reduction research missouri sandt  65409,1,center of excellence for aerospace particulate emissions reduction research missouri sandt  65409,,,Godwin Ogbuehi
instituto de desarrollo tecnológico para la industria química  intec,1,instituto de desarrollo tecnológico para la industria química  intec,,,Diana Estenoz
university of connecticut health center,1,University of Connecticut Health Center,41.7334454,-72.7923453,Pejman Ghelich; Mohamadmahdi Samandari; Alireza Hassani Najafabadi; Ali Tamayol
iitb,1,iitb,,,Madhulika Narayan
tunghai university,1,Tunghai University,24.1788982,120.6045034,Jo-Shu Chang
uc riverside,1,uc riverside,,,Chase Lenert-Mondou; Stephanie Carrera; Yuna Aguilar
university of wisconsin,1,University of Wisconsin,44.7987719,-91.5069963,Mai Ngo
posgrado en ciencias bioquímicas  unam,1,posgrado en ciencias bioquímicas  unam,,,Fernando Montalvo-Sandoval
instituto de investigaciones biomédicas  unam,1,instituto de investigaciones biomédicas  unam,,,Norma A. Valdez Cruz
wadsworth center  new york state dept health,1,wadsworth center  new york state dept health,,,Nicholas Mantis
probiomed s a  de c v,1,probiomed s a  de c v,,,Nestor Perez
harvard medical school - massachusetts general hospital,1,harvard medical school - massachusetts general hospital,,,Aron Gyorgypal
allegrow biotech,1,allegrow biotech,,,Fariza Zhorabek; Chi Ming Laurence Lau
henkel,1,Henkel,31.1851856,121.59436205,Bevan Harbinson
ibb university,1,Ibb University,13.9607115,44.1724817,Waheeba Al-Amrani
exxonmobil research qatar,1,exxonmobil research qatar,,,Suhur Saeed
iran university of medical science,1,iran university of medical science,,,Alaa Moeinzadeh
iran university of medical sciences,1,iran university of medical sciences,,,Zohreh Bagher; Ronak Shabani
department of biochemistry  university of illinois at urbana-champaign,1,department of biochemistry  university of illinois at urbana-champaign,,,Yuwei Pan
dana-farber cancer institute,1,dana-farber cancer institute,,,David Barbie
institut cochin  inserm,1,institut cochin  inserm,,,Lene Vimeux; Thomas Guilbert; Imane Benhammou; Emmanuel Donnadieu
umass,1,umass,,,Auden Balouch
university of colorado denver anschutz medical campus,1,university of colorado denver anschutz medical campus,,,Daewon Park
mcgill university,1,McGill University,45.506875,-73.5790704,Christopher Moraes
national tsing hua university,1,national tsing hua university,,,Yu-Chen Hu; Nam Pham; Yi-Hsiu Wu
sutro biopharma,1,sutro biopharma,,,Vikas Patil; Robert Hoffman; Christian Cisneros; Qing Wong; Ee-Been Goh
southwest university,1,Southwest University,29.8232371,106.4195884,Xiang Zou
matmerize,1,matmerize,,,Rampi Ramprasad
pukyong national university,1,Pukyong National University,35.1342725,129.1052466,Hye Joo Lee; Dae Seok Kim
und,1,UND,47.488157,16.6940316,Jenna Sjoerdsma; Emily Bromley; Jaeho Shin; Caitlin Horgan; Gyoyeon Hwang
arkansas state university,1,Arkansas State University,35.8447472,-90.6726256,Jianfeng Xu
ocean college zhejiang university,1,ocean college zhejiang university,,,Jiwei Chen; Weiqi Fu; Mengsheng Xia; Yixi Su
department of chemical and biomolecular engineering  university of california  irvine,1,department of chemical and biomolecular engineering  university of california  irvine,,,Tharini Siddappa
centro regional de estudios en alimentos saludables  creas,1,centro regional de estudios en alimentos saludables  creas,,,Araceli Olivares
va ann arbor health system,1,va ann arbor health system,,,Scott L. Hummel
university of north carolina at chapel hill and north carolina state university,1,university of north carolina at chapel hill and north carolina state university,,,Frances Ligler
department of chemistry  north carolina state university  raleigh  nc 27695  usa,1,department of chemistry  north carolina state university  raleigh  nc 27695  usa,,,Evgeny Danilov
millipore sigma,1,millipore sigma,,,Agnieszka Lass-Napiorkowska; Henry George
merck kgaa,1,Merck KGaA,49.91527725,8.6637737,Oliver Rammo
biostealth  inc,1,biostealth  inc,,,Stella Marinakos; Angus Hucknall
pando bioscience,1,pando bioscience,,,Will Cao
ucsd  nanoengineering department,1,ucsd  nanoengineering department,,,Kaibiao Wang
department of microbiology  faculty of medicine  university of chile,1,department of microbiology  faculty of medicine  university of chile,,,Alhejandra Alvarez; Roberto Vidal
chemical and biological engineering  iowa state university,1,chemical and biological engineering  iowa state university,,,Onyeka Onyenemezu; Jetendra Roy
vaccine production program  nih niaid,1,vaccine production program  nih niaid,,,Sean Mack; Atul Agrawal; Rojin Najmabadi; Peifeng Chen; Daniel Gowetski
lysis consulting p c,1,lysis consulting p c,,,Panagiotis Manoudis
department of chemical engineering tsinghua university,1,department of chemical engineering tsinghua university,,,Cui Shitong
ulca,1,ULCA,45.7017972,13.7333143,Ping He
xi an jiaotong uni,1,xi an jiaotong uni,,,Dong Liu
umass lowell,1,umass lowell,,,Jayant Kumar
pakistan institute of engineering and applied sciences,1,Pakistan Institute of Engineering and Applied Sciences,33.6531627,73.2669373,Syed Asad Raza Kazmi; Abdul Rehman Khan
pakistan institute of nuclear science and technology,1,pakistan institute of nuclear science and technology,,,Syed Muhammad Husnain; Tariq Mehmood
institute for lasers  photonics and biophotonics  university at buffalo,1,institute for lasers  photonics and biophotonics  university at buffalo,,,Avisek Dutta
university of blumenau - furb,1,university of blumenau - furb,,,Caroline Meinert; André Freitas
military university nueva granada,1,military university nueva granada,,,William Aperador
zhejiang huakang pharmaceutical co   ltd,1,zhejiang huakang pharmaceutical co   ltd,,,Mian LI
university rennes  inserm  ehesp  irset    umr_s1085  f-35000,1,university rennes  inserm  ehesp  irset    umr_s1085  f-35000,,,Charbel Touma; Sophie Langouet
clexbio,1,clexbio,,,Armend Håti
6786963773,1,6786963773,,,Dina Gadalla
iff,1,IFF,-29.6934704,-53.7929766,Jin Zhao; Becca Putans; Ian Gillespie; Michael Evangelista; Thomas Watson
state university of new york at buffalo,1,state university of new york at buffalo,,,Justin Bassett; Manmeet Bhalla; Miles Stefko; Elena Lopez; Elsa Bou Ghanem
ials consulting,1,ials consulting,,,Irene Legiec
iso iec joint technical committee - quantum technologies,1,iso iec joint technical committee - quantum technologies,,,Austin Lin
institut charles sadron,1,Institut Charles Sadron,48.58642735,7.7464308,Albert Johner
university college hospital,1,university college hospital,,,Shanom Ali
synt solutions,1,Synt Solutions,59.9379332,30.3202084,Neha Tiwari
jiangnan university,1,Jiangnan University,31.4851218,120.2673352,Qiang Wang
universiti teknologi malaysia utm,1,Universiti Teknologi Malaysia (UTM),1.5585223,103.6399138,Vasantha Nayagam; Daniel Joe Dailin; Solleh Ramli; Hesham El Enshasy
"university of the peloponnese,",1,"University of the Peloponnese,",37.5271168,22.3716537,Theodoros Varzakas
qingyuan innovation laboratory,1,qingyuan innovation laboratory,,,Li-Hai Fan
donald danforth plant science center,1,donald danforth plant science center,,,Kong Wong; Keith E. Duncan; Kenan Oestreich; Clara Lebow; Christopher N. Topp
valent biosciences llc,1,valent biosciences llc,,,Dierdra Daniels; Daniela S. Floss
institute of chemical technology mumbai,1,Institute of Chemical Technology Mumbai,19.0239129,72.8587665,Aniruddha Kulkarni; Aniruddha Pandit
sub-zero group  inc,1,sub-zero group  inc,,,Anderson Bortoletto; Terry Hardesty
mcketta department of chemical engineering  the university of texas at austin,1,mcketta department of chemical engineering  the university of texas at austin,,,Mostafa Nassr
semmelweis university,1,Semmelweis University,47.4810691,19.06978395,Kristof Molnar
johannes gutenberg university mainz,1,Johannes Gutenberg University Mainz,49.9920396,8.2371107,Verena Muller; Holger Frey
university of oklahoma health sciences center,1,university of oklahoma health sciences center,,,Wajeeha Raqaq
university of texas medical branch,1,University of Texas Medical Branch,29.29696405,-94.82142955,Aaron Bailey
kyoto institute of technology,1,Kyoto Institute of Technology,35.00920706666667,135.77106473333333,Yoichi Kumada; Jun Ichi Horiuchi
doe center for advanced bioenergy and bioproducts innovation,1,doe center for advanced bioenergy and bioproducts innovation,,,Yuyao Jia
uiuc,1,uiuc,,,Chandan Mahata
armi biofab usa,1,armi biofab usa,,,Jennifer Macdonald
national science foundation,1,National Science Foundation,6.9049547,79.8701128,Steven Peretti; Jeanne VanBriesen
biological systems and engineering division  lawrence berkeley national laboratory,1,biological systems and engineering division  lawrence berkeley national laboratory,,,Hector Garcia Martin
beth israel deaconess medical center  boston,1,beth israel deaconess medical center  boston,,,John Asara
university of illinois laboratory high school,1,university of illinois laboratory high school,,,Ankita Bhargava
wyss institute for biologically inspired engineering at harvard university,1,wyss institute for biologically inspired engineering at harvard university,,,Bogdan Budnik; George M Church
genscript usa inc,1,genscript usa inc,,,Qinmei Zheng; Weicheng Fan
weill cornell medical college,1,weill cornell medical college,,,Shuibing Chen
department of biology and entomology  pennsylvania state university,1,department of biology and entomology  pennsylvania state university,,,Landon vom Steeg; Andrew Read
department of internal medicine  university of michigan,1,department of internal medicine  university of michigan,,,Robert Woods
vub,1,VUB,49.971006,16.3904667,Ghadi Saab
dastur energy  inc,1,dastur energy  inc,,,Soukarsa Das; Arunava Maity; Pratyush Kumar; Abhijit Sarkar; Atanu Mukherjee
mid-atlantic technology  research and innovation center,1,mid-atlantic technology  research and innovation center,,,John Dever
united cleanup oak ridge llc,1,united cleanup oak ridge llc,,,Brad Russell; Ethan Garland
lyten,1,Lyten,47.7747446,8.5758347,Kumar Bugga
exxon mobil research and engineering,1,exxon mobil research and engineering,,,Jason McMullan
nexight group,1,nexight group,,,Jack Tinsley
deep origin,1,deep origin,,,Akash Guru
children s hospital of philadelphia,1,children s hospital of philadelphia,,,Misun Hwang
duquesne university,1,Duquesne University,40.44162456666667,-79.96522063333333,Devicka Manickam
massachusetts general hospital,1,massachusetts general hospital,,,Jin-Ho Park; Young Kwan Cho; Hakho Lee
department of biology,1,department of biology,,,Jing-Ke Weng; Ankur Jain
department of biological engineering,1,department of biological engineering,,,Colin Y. Kim
4  clayton high school  1 mark twain cir,1,4  clayton high school  1 mark twain cir,,,Hannah Moon
university of tennessee knoxville,1,university of tennessee knoxville,,,Brian Mendoza; Xianliang Zheng; Jared Clements; Christopher Cotter
universidad autónoma metropolitana -iztapalapa,1,universidad autónoma metropolitana -iztapalapa,,,Francisco J. Valdés-Parada
crysalis biosciences  inc,1,crysalis biosciences  inc,,,Andrew Borchert
engineers india limited,1,engineers india limited,,,Sirshendu Guha
powercell,1,powercell,,,Zhao Wang
iit mumbai,1,iit mumbai,,,Venkata Subrahmanyam Nistala; Sharad Bhartiya
institute for sustainable materials and manufacturing,1,institute for sustainable materials and manufacturing,,,Gyu Leem
asr innovation center  tellus products,1,asr innovation center  tellus products,,,Hasan Sadeghifar
whitehead institute for biomedical research,1,whitehead institute for biomedical research,,,Pulin Li
whitehead institute,1,whitehead institute,,,Nicholas Hutchins
medical college of wisconsin,1,Medical College of Wisconsin,43.0438671,-88.0224532,Michael B. Dwinell
liangzhu laboratory  zhejiang university,1,liangzhu laboratory  zhejiang university,,,Jin Zhang
kansas university medical center,1,kansas university medical center,,,Yan Hong; Fariba Behbod
lewis-sigler institute for integrative genomics,1,lewis-sigler institute for integrative genomics,,,Carolina Trenado-Yuste
king mongkuts institute of technology ladkrabang,1,King Mongkut's Institute of Technology Ladkrabang,13.7299068,100.7829827,Bunyarit Meksiriporn
jhu,1,jhu,,,Sangmoo Jeong
science history institute,1,science history institute,,,Roger Turner
oxy low carbon ventures,1,oxy low carbon ventures,,,Robert Zeller
evonik nutrition and care gmbh,1,evonik nutrition and care gmbh,,,Owen P. Jappen
uw madison,1,uw madison,,,Prajakta Dongre
sao paulo state university,1,sao paulo state university,,,Samilla de Almeida
swedish environmental research institute,1,swedish environmental research institute,,,Tomas Rydberg; Maja Halling; Milena Brouwer-Milovanovic; Therese Kärnman; Jenny Lindén
university of california  riverside and center for environmental research and technology,1,university of california  riverside and center for environmental research and technology,,,Charles M. Cai
clark atlanta university,1,clark atlanta university,,,Eric A. Mintz
the university of tennessee knoxville,1,the university of tennessee knoxville,,,Arthur Ragauskas
queensland university of technology,1,queensland university of technology,,,Andreia Abadia Borges Carneiro; Morteza Hassanpour; Soumitra Patekar; Mansi Goyal; Julia Bally
center for bioenergy innovation  oak ridge national laboratory,1,center for bioenergy innovation  oak ridge national laboratory,,,Brian H. Davison
eastern regional research center  usda-ars,1,eastern regional research center  usda-ars,,,Helen Ngo; Karen Wagner; Xuetong Fan; Majher Sarker; Victor Ryu
usda-ars,1,usda-ars,,,Yaseen Elkasabi
geocircular consulting group,1,geocircular consulting group,,,Javier Guerrón-Orejuela
institute for energy and materials  universidad san francisco de quito usfq,1,institute for energy and materials  universidad san francisco de quito usfq,,,Alfredo Valarezo
lakril technologies corporation,1,lakril technologies corporation,,,Christopher Nicholas
materials science and engineering  georgia institute of technology,1,materials science and engineering  georgia institute of technology,,,Yong Ding
worfolk consulting,1,worfolk consulting,,,Brian Worfolk
inga group,1,Inga Group,-4.3516961,15.2829802,Juan Inga
carnegie mellon univeristy,1,carnegie mellon univeristy,,,Arsh Bhatia
oli systems  inc,1,oli systems  inc,,,David Miller
texas transportation institute,1,texas transportation institute,,,Fujie Zhou
max-planck institute of colloids and interfaces,1,max-planck institute of colloids and interfaces,,,Peter H. Seeberger; José Danglad-Flores
univ lille  centrale lille  enscl  univ artois  umr 8181 - uccs- unité de catalyse et chimie du solide,1,univ lille  centrale lille  enscl  univ artois  umr 8181 - uccs- unité de catalyse et chimie du solide,,,Benjamin Katryniok; Marcia Araque Marin
national university of colombia or purdue university,1,national university of colombia or purdue university,,,Maria Camila Castro
vtt technical research centre of finland,1,VTT Technical Research Centre of Finland,61.446334,23.8612472,Arpa Ghosh; Anna Kalliola
fortum waste solutions oy,1,fortum waste solutions oy,,,Olesya Fearon
forest concepts,1,forest concepts,,,Jim Dooley
guangzhou institute of energy conversion,1,guangzhou institute of energy conversion,,,Yuhe Liao
fuels  engines and emissions research center  oak ridge national laboratory,1,fuels  engines and emissions research center  oak ridge national laboratory,,,James E. Parks
center for bioenergy innovation,1,center for bioenergy innovation,,,Yining Zeng
joint bioenergy institute  emeryville  ca 94608 and sandia national laboratories  livermore  ca,1,joint bioenergy institute  emeryville  ca 94608 and sandia national laboratories  livermore  ca,,,Kenneth Sale
biosystem and agricultural engineering  university of kentucky,1,biosystem and agricultural engineering  university of kentucky,,,Gary Lopez
greenpack technologies,1,greenpack technologies,,,Jeff Shook
sustainable bio-based materials lab,1,sustainable bio-based materials lab,,,Yufei Nan; Maria Soledad Peresin
tu darmstadt,1,tu darmstadt,,,Tim Kircher; Maximilian Hungsberg; Martin Votsmeier
lam research corporation,1,lam research corporation,,,Anh Tran
national institute of chemistry,1,national institute of chemistry,,,Blaž Likozar
wake forest school of medicine,1,Wake Forest School of Medicine,36.0905029,-80.2665306,Shay Soker
institute for regenerative medicine  wake forest school of medicine,1,institute for regenerative medicine  wake forest school of medicine,,,Nicholas Edenhoffer
us army engineer research and development center  environmental laboratory  vicksburg  ms 39180  united states,1,us army engineer research and development center  environmental laboratory  vicksburg  ms 39180  united states,,,Allan Kennedy
school of chemical and biomolecular engineering,1,school of chemical and biomolecular engineering,,,Javaz Rolle
university of north carolina at greensboro,1,university of north carolina at greensboro,,,Amitabha Dey
department of chemical engineering  university of california-santa barbara,1,department of chemical engineering  university of california-santa barbara,,,Matthew Helgeson
uga,1,uga,,,Arunachalam Ramanathan
visvesvaraya national institute of technology nagpur,1,Visvesvaraya National Institute of Technology Nagpur,21.1260842,79.0497523,Diwakar Shende; Kailas L. Wasewar
gharda institute of technology lavel,1,gharda institute of technology lavel,,,Shyam P. Tekade
ionomr innovations inc,1,ionomr innovations inc,,,Marta Moreno-González; Benjamin Britton
xprize,1,xprize,,,Lauren F. Greenlee
shell technology center,1,Shell Technology Center,29.7236777,-95.6397497,Rahul Gandhi
novelis,1,Novelis,44.2504745,-76.5089101,Reginald Germanier
etech ethanol engineering and technology,1,etech ethanol engineering and technology,,,Paulo S. Barci
robinson research institute,1,robinson research institute,,,Bavinesh Maisuria; Sigit Prabowo; James T. Hinkley; Chris Bumby
university of wollongong,1,University of Wollongong,-34.4050554,150.8783465,Raymond Longbottom; Brian Monaghan
callaghan innovation,1,Callaghan Innovation,-36.8504492,174.7832208,Diego Del Puerto
ansto,1,ANSTO,-34.0499891,150.9839291,Mark Reid
eco carbon,1,eco carbon,,,Hippolyte Grappe
institute of sustainability for chemicals  energy and environment,1,institute of sustainability for chemicals  energy and environment,,,Lili Zhang
singapore university of technology and design,1,singapore university of technology and design,,,Mei Chee Tan
reaction engineering international,1,reaction engineering international,,,Zhonghua Zhan; Xiaolong Li; Marc Cremer; Andrew Chiodo
national energy technology laboratory netl support contractor,1,national energy technology laboratory netl support contractor,,,Daejin Kim; Alexander J. Shumski
colorado school of mines - cbe,1,colorado school of mines - cbe,,,Kevin Cash
"bit mesra, ranchi - 835215",1,"BIT Mesra, Ranchi - 835215",23.4175695,85.4394094,Dr. Aniruddha Deb
iit guwahati,1,iit guwahati,,,Dr. Partho S.G. Pattader
maynooth university,1,Maynooth University,53.3846374,-6.6030523,Rupa Kasturi Palanisamy; Yiran Luo; Carmel Breslin; Eithne Dempsey
u s  doe agile biofoundry,1,u s  doe agile biofoundry,,,Bruno Klein
edf randd,1,EDF R&D,18.5015934,-69.9266509,Sibo Cheng
sinopec,1,SINOPEC,-0.3476216,-77.0107652,Xiaoqiao Zhang
mezzo technologies,1,mezzo technologies,,,Paul Rodriguez; Kevin Kelly
university of natural resources and life sciences,1,university of natural resources and life sciences,,,Tobias Pröll
bcsir-central scientific instruments organisation,1,bcsir-central scientific instruments organisation,,,Amol Bhondekar
bcsir-central scientific instruments organisation  sector 30-c  160030  india,1,bcsir-central scientific instruments organisation  sector 30-c  160030  india,,,Sudeshna Bagchi
general motors corporation,1,general motors corporation,,,Jingxin Zhang; Nagappan Ramaswamy; Swami Kumaraguru
georgia tech university,1,georgia tech university,,,Xiaoxuan Yang
plug power inc,1,plug power inc,,,Fan Yang; Qiang Sun; Connor Buek; Irene Mahoney; Cortney Mittelsteadt
ucr,1,ucr,,,Xiaoyang Zhao
alterra,1,Alterra,20.573732,-101.2167056,Sheldon Cotts
center for plastics innovation  university of delaware,1,center for plastics innovation  university of delaware,,,Pavel Kots; Zachary Hinton
universidade federal do rio grande do sul,1,Universidade Federal do Rio Grande do Sul,-30.033315,-51.219944,Raquel S. Mauler
u s  doe ames laboratory,1,u s  doe ames laboratory,,,Aaron Sadow
asu,1,asu,,,Jared Nettles
csir - central salt and marine chemicals research institute,1,csir - central salt and marine chemicals research institute,,,Parul Sahu
university of ribeirão preto,1,university of ribeirão preto,,,Gianpaolo Barci; Murilo Innocentini
noaa pmel,1,noaa pmel,,,Cheryl Reuben
phosphorus wastewater treatment project,1,phosphorus wastewater treatment project,,,Ria Patel; Morwan Osman; Arturo Coronel; Milena Zeru; Sebastian Oakes
the university of north carolina at charlotte,1,the university of north carolina at charlotte,,,Jeanette Jarvis
universidad nacional de ingeniería,1,universidad nacional de ingeniería,,,Gustavo Perez; Josue Loro; Max Dueñas; Odell Liñan; Osvaldo Carrion
novo nordisk,1,novo nordisk,,,Ethan Eschbach
johns hopkins applied physics laboratory,1,johns hopkins applied physics laboratory,,,Eddie Gienger
california baptist university,1,california baptist university,,,Priscilla Lee
drury university,1,drury university,,,Briella Riley
rose-hulman institute of technology,1,rose-hulman institute of technology,,,Andrew Sander; Gregory Neumann
espe,1,espe,,,Karla Vizuete; Alexis Debut
university of california technical institute,1,university of california technical institute,,,Melanie Rodriguez
plug power,1,plug power,,,Qingying Jia
george w  woodruff school of mechanical engineering  georgia institute of technology,1,george w  woodruff school of mechanical engineering  georgia institute of technology,,,Madeline Morrell; Erik Barbosa
universite de pau et des pays de l adour  latep,1,universite de pau et des pays de l adour  latep,,,Jean-Michel Reneaume
universite de pau et des pays de l adour  e2s uppa  latep,1,universite de pau et des pays de l adour  e2s uppa  latep,,,Alix Untrau; Frédéric Marias; Sylvain Serra; Sabine Sochard
central south university,1,central south university,,,Ge Li
houston methodist,1,houston methodist,,,Mailin Li; Jenny Chang
university of maryland-baltimore county,1,university of maryland-baltimore county,,,Govind Rao
university of colorado anschutz medical campus,1,university of colorado anschutz medical campus,,,Peter Dempsey
rapid city christian school,1,rapid city christian school,,,Isabel Grinager
seven lakes high school,1,seven lakes high school,,,Arushi Thatola
the university of texas at san antonio,1,the university of texas at san antonio,,,Pearl Martisek; Gabriela Romero Uribe
nc state,1,nc state,,,Riley Basinger; Luke Abbott
university of pittsburgh school of medicine,1,university of pittsburgh school of medicine,,,Stephen C. Balmert
icahn school of medicine at mount sinai,1,icahn school of medicine at mount sinai,,,Deborah Marshall; Woojin Han
east carolina university,1,east carolina university,,,Johanna Hannan
barnard college,1,barnard college,,,Megan Jen
texas tech university health sciences center,1,texas tech university health sciences center,,,Sharilyn Almodovar
memorial sloan kettering cancer center,1,memorial sloan kettering cancer center,,,Michael R. McDevitt; Ekaterina Revskaya
uniformed services university of the health sciences,1,uniformed services university of the health sciences,,,Robert Volpe; Andres Londono-Barbaran; Michael Daly; John Dumler
uconn health,1,uconn health,,,Juliet González; Patricia Hare; Wendy W.K. Mok
dr vishwanath karad mit world peace university,1,dr vishwanath karad mit world peace university,,,Ruchi Mathad; Vivek Chakraborty; Mehwish Ali
center for synthetic biology,1,center for synthetic biology,,,Margaret Guilarte-Silva
basque center for applied mathematics,1,basque center for applied mathematics,,,Hector Garcia Martin
south asian university,1,south asian university,,,Akanksha Jain; Eshaan Agarwal; Gobinath Rajagopalan
ge aerospace,1,GE Aerospace,42.9035512,-85.5459779,Seung-Hyuck (John) Hong
university of southern maine,1,University of Southern Maine,43.6832708,-70.4496829,Scott Eaton
mit department of mechanical engineering,1,mit department of mechanical engineering,,,Santosh Shanbhogue
mit energy initiative,1,mit energy initiative,,,Christopher Douglas
city university of hong kong,1,city university of hong kong,,,Duu-Jong Lee
dlr,1,DLR,33.80123545,-117.88532445,Hasan Mashni; Benedict T. Enderle; Uwe Bauder; Georg Eckel
howard hughes medical institute,1,howard hughes medical institute,,,Yukiko Yamashita
nemours alfred i  dupont hospital for children,1,nemours alfred i  dupont hospital for children,,,Jenna W. Briddell
harris lab at purdue university,1,harris lab at purdue university,,,Jad Khansa
the university of texas aandm,1,the university of texas aandm,,,Jordan Morrow; Crysthal Alvarez; Carla Berrospe-Rodriguez; Guillermo Aguilar
oregon health and science university,1,oregon health and science university,,,Alexander Melrose; Helena Ventosa-Capell; Jiaqing Pang; Joseph E. Aslan
rollins college,1,rollins college,,,Michael Webb
ccny grove school of engineering,1,ccny grove school of engineering,,,Sistine Angela Padon
university of kentucky accelerator laboratory,1,university of kentucky accelerator laboratory,,,Erin E Peters
the webb schools,1,the webb schools,,,Ruotong Gao
harvey mudd college,1,harvey mudd college,,,Ananya Venkatachalam; Bilin Zhuang
chemical and biomolecular engineering  university of delaware,1,chemical and biomolecular engineering  university of delaware,,,Charlotte Gottilla
polymat and department of applied chemistry  university of the basque country upv ehu,1,polymat and department of applied chemistry  university of the basque country upv ehu,,,Elena Romero-Ben; Ana Beloqui; Marcelo Calderón
pct ebeam and integration  llc,1,pct ebeam and integration  llc,,,Dr. Sage M. Schissel
laboratory for laser energetics,1,laboratory for laser energetics,,,Kenneth L. Marshall; Abigail Bonino; Prathiksha Mangalasubaskaran
cooper union for the advancement of science and art,1,cooper union for the advancement of science and art,,,Rachel Lee
lelantos inc,1,lelantos inc,,,Jose Bahamonde; Stylianos Siontas; Sean McSherry
rice,1,rice,,,Sam Nance; Omran Taqi
universidad de ingeniería y tecnología,1,universidad de ingeniería y tecnología,,,Piero Enrique Varela García
universidad nacional mayor de san marcos,1,universidad nacional mayor de san marcos,,,Claudia N. Sierra Huallpayunca
universidad nacional de ingenieria,1,universidad nacional de ingenieria,,,Denis Cristian Alfonte Lupaca
the city college of new york cuny,1,the city college of new york cuny,,,George John
rajiv gandhi institute of petroleum technology,1,rajiv gandhi institute of petroleum technology,,,Aditya Kashyap
johns hopkins bloomberg school of public health,1,johns hopkins bloomberg school of public health,,,Meihan Wei; Vito Rebecca
king khalid university,1,king khalid university,,,Mohammed Almesfer; Mohd Danish; Mumtaj Shah
agency for science  technology and research,1,agency for science  technology and research,,,Iskandar Halim; Jie Chang
h quest vanguard  inc,1,h quest vanguard  inc,,,George Skoptsov
hiden isochema,1,hiden isochema,,,Darren Broom; Mark Roper; Mike Benham
brookhaven laboratory,1,brookhaven laboratory,,,Fernando Camino
florida agricultural and mechanical university,1,florida agricultural and mechanical university,,,Simeon Newman
aramco americas,1,aramco americas,,,Liz Haddad; John Yang; Patrick Wright
babol noshirvani university of technology,1,babol noshirvani university of technology,,,Saeed Khoshhal Salestan
federal university of agriculture,1,federal university of agriculture,,,Enock Dare
city of santa monica,1,city of santa monica,,,Alex Waite; Sunny Wang
pontifical catholic university of rio grande do sul,1,pontifical catholic university of rio grande do sul,,,Leonardo Barbosa Martins; Gerti Weber Brun; Allan Morcelli; Laura Rocca Ribeiro
vale,1,vale,,,Eduardo Francisco
ourobio,1,ourobio,,,Kobe Rogers
nrel,1,nrel,,,John Mangum; Kae Fink
polymat institute - university of the basque country upv ehu,1,polymat institute - university of the basque country upv ehu,,,Matias Picchio; Elena Romero-Ben; Ana Beloqui; Marcelo Calderón
butler university,1,butler university,,,Shea Bailey
andrews university,1,Andrews University,41.9696627,-86.3633155,Hyun Kwon; Elmer Ccopa Rivera
ypf,1,YPF,-33.2634577,-66.2293384,Carlos Rosell
warsaw university of technology,1,Warsaw University of Technology,52.2297165,21.0127888,Sabina Wilkanowicz
retired,1,retired,,,David Judbarovski
universidad de chile,1,universidad de chile,,,Felipe Díaz-Alvarado
interdisciplinary research center for membranes and water security  king fahd university of petroleum and minerals,1,interdisciplinary research center for membranes and water security  king fahd university of petroleum and minerals,,,Umer Zahid
universidade federal de minas gerais,1,universidade federal de minas gerais,,,Cássia R. Souza; Carolina N. da Silva; Sônia D. F. Rocha
padova university,1,padova university,,,Valentina Prigiobbe; Abdullah Abdulghany
osaka gas chemicals  co   ltd,1,osaka gas chemicals  co   ltd,,,Yasuyuki Yamane
indian institute of science education and research  bhopal,1,indian institute of science education and research  bhopal,,,Akshay Modi
indian   institute of science education and research  bhopal,1,indian   institute of science education and research  bhopal,,,Mahesh Manikantan Sandhya; Animesh Jana
institut des matériaux poreux de paris  espci paris  ecole normale supérieure  cnrs  psl university  75005,1,institut des matériaux poreux de paris  espci paris  ecole normale supérieure  cnrs  psl university  75005,,,Christian Serre
laboratório associado para a sustentabilidade e tecnologia em regiões de montanha   instituto politécnico de bragança  campus de santa apolónia  5300-253,1,laboratório associado para a sustentabilidade e tecnologia em regiões de montanha   instituto politécnico de bragança  campus de santa apolónia  5300-253,,,Adriano Henrique
abu dhabi ports,1,abu dhabi ports,,,Yasser Fowad AlWahedi
innovation center - orlando  siemens energy inc,1,innovation center - orlando  siemens energy inc,,,Susanne Jamison; Dominick Calabria; David Meek; Jan Marsh; Clifford Hatcher
innovation center - abu dhabi  siemens energy llc,1,innovation center - abu dhabi  siemens energy llc,,,Ali A. Alnajjar; Thomas Soulas
national institute for communicable diseases,1,national institute for communicable diseases,,,Sandrama Nadan
university of the western cape,1,university of the western cape,,,Leslie Petrik
ukurhuleni water care company,1,ukurhuleni water care company,,,James Topkin
instituto de ciencias aplicadas y tecnología,1,instituto de ciencias aplicadas y tecnología,,,Gabriel Ascanio
facultad de química,1,facultad de química,,,David Posadas Navarro
university of east london,1,university of east london,,,Richard P. Matthews
power environmental energy research institute,1,power environmental energy research institute,,,Fei Meng; Yongchun Tang
universidade estadual do maranhao,1,universidade estadual do maranhao,,,Paulo Roberto C. F. Ribeiro Filho
univ fed ceara,1,univ fed ceara,,,Marliete Melo Neta; Igor Figueredo
ufc - universidade federal do ceara,1,ufc - universidade federal do ceara,,,Celio Cavalcante
ewha womens university,1,ewha womens university,,,Yewon Kim
doe great lakes bioenergy research center,1,doe great lakes bioenergy research center,,,Samuel Scholz; Bumkyu Kim; Canan Sener
department of civil and environmental engineering  university of wisconsin-madison,1,department of civil and environmental engineering  university of wisconsin-madison,,,Anna Qualls
department of art  faculty of science and new technologies  islamic azad university e-campus,1,department of art  faculty of science and new technologies  islamic azad university e-campus,,,Sahar Fereidoni
orion engineered carbons,1,orion engineered carbons,,,Andreas Widjaja; Guido Waidmann
long beach city college,1,long beach city college,,,Uduak-Joe Ntuk
international maritime college oman  curtin uni,1,international maritime college oman  curtin uni,,,Anteneh Yeneneh
laboratory for chemical technology,1,laboratory for chemical technology,,,Yi Ouyang
laboratory for chemical technology  ghent university,1,laboratory for chemical technology  ghent university,,,Siyuan Chen
alexandria university and egyptian russian university,1,alexandria university and egyptian russian university,,,E. Khamis
badr university in cairo,1,badr university in cairo,,,Mohamed Mostafa
genetic engineering and biotechnology research division  national research centre,1,genetic engineering and biotechnology research division  national research centre,,,Shimaa R. Hamed
arish university and egyptian russian university,1,arish university and egyptian russian university,,,Ahmed Mahmoud
battelle,1,battelle,,,Jonathan Picking; Brad Heater; Kate Kucharzyk
accenture,1,accenture,,,Aonullahi Adebayo
univeristy of cape town,1,univeristy of cape town,,,Klaus Moller
lamar university university of louisville,1,lamar university university of louisville,,,Waliul Islam Khan
valgotech llc,1,valgotech llc,,,MSA Bhuyan; Omena Okpowe; David Olawale
parthian battery solutions,1,parthian battery solutions,,,Auggie Chico; Greg Lusk; John Kolar
mdn,1,mdn,,,Youcef Serhane
tu delft  the netherlands,1,tu delft  the netherlands,,,Aleksander van Zanten; Jan de Jonge
university of kwazulu-natal,1,university of kwazulu-natal,,,Michael Kidd
borsodchem ltd,1,borsodchem ltd,,,Benjámin Csorba; László Farkas; Andrea Mihalkó; Renáta Zsanett Boros
sandp global,1,sandp global,,,Tianyu Chen
kyung hee university,1,kyung hee university,,,Jinsoo Kim
kangwon national university  samcheok campus,1,kangwon national university  samcheok campus,,,Jae-Rak Jeon; Syarif Hidayat
department of chemical engineering  technion,1,department of chemical engineering  technion,,,Alon Grinberg Dana*; Kfir Kaplan
department of chemical engineering  massachusetts institute of technology,1,department of chemical engineering  massachusetts institute of technology,,,Chuangchuang Cao; William H. Green*
the better meat co,1,the better meat co,,,Paul Shapiro
biofine technology llc,1,biofine technology llc,,,Stephen Fitzpatrick
telescope innovations corp,1,telescope innovations corp,,,Junliang Liu; Lars Yunker; Shad Grunert; Paloma Prieto
rapid manufacturing institute,1,rapid manufacturing institute,,,Patricia Gillenwater
doe center for advanced bioenergy and bioproducts innovation  university of illinois at urbana-champaign,1,doe center for advanced bioenergy and bioproducts innovation  university of illinois at urbana-champaign,,,Christopher V. Rao
doe center for advanced bioenergy and bioproducts innovation  university of illinois urbana-champaign,1,doe center for advanced bioenergy and bioproducts innovation  university of illinois urbana-champaign,,,Jeremy Guest
national institute of advanced industrial science and technology,1,national institute of advanced industrial science and technology,,,Thuy Nguyen; Satoshi Taniguchi; Takehiro Yamaki; Nobuo Hara; Sho Kataoka
avgi bv,1,avgi bv,,,David Brown
advanced cooling technologies  inc,1,advanced cooling technologies  inc,,,Robin Pham
international maritime college oman,1,international maritime college oman,,,Jimoh Adewole
aspentech de mexico,1,aspentech de mexico,,,Cristopher Arvizu
independent consultant,1,Independent Consultant,-34.4437431,147.5365095,Xiangwei Liu
indian institute of technology guwahati,1,Indian Institute of Technology Guwahati,26.1924787,91.6946357,Janaki Komandur; Kaustubha Mohanty
kbc advanced technologies inc,1,kbc advanced technologies inc,,,Wajid Shaik; Ghoncheh Rasouli
ciatec,1,ciatec,,,Juan José Quiroz-Ramírez
universidad autónoma metropolitana unidad iztapalapa,1,universidad autónoma metropolitana unidad iztapalapa,,,Gabriel Contreras-Zarazúa
arizona geological survey,1,arizona geological survey,,,Lisa A. Thompson
u.s. army,1,U.S. Army,40.6009249,-74.0599166,Alexa Lynch
kenexis,1,kenexis,,,Edward Marszal
pluspetrol,1,pluspetrol,,,Ramiro Canchucaja
soluciones energéticas y de automatización s a s,1,soluciones energéticas y de automatización s a s,,,Luis H. Copete
universidad nacional de colombia   sede medellín  facultad de minas,1,universidad nacional de colombia   sede medellín  facultad de minas,,,Luis F. Vallejo-Molina; Sebastian López; David Soto; Jorge Martin Molina; Alejandro Molina
jfe steel corporation,1,jfe steel corporation,,,Yuta Nishikawa; Kohei Yoshikawa; Nobuyuki Shigaki
samsung electronics,1,samsung electronics,,,Dong-Wook Kim; Jinwoo Kim; Jaehee Chang; Jun Kyu Kim; Jong-Min Lee
department of chemical and environmental process engineering  faculty of chemical technology and biotechnology  budapest university of technology and economics,1,department of chemical and environmental process engineering  faculty of chemical technology and biotechnology  budapest university of technology and economics,,,Iván László Gresits
borsodchem ltd   bolyai tér 1   h-3700 kazincbarcika  hungary,1,borsodchem ltd   bolyai tér 1   h-3700 kazincbarcika  hungary,,,Péter Bazsányi; Zsolt Martin Martinkó
fondazione istituto di ricerca città della speranza,1,fondazione istituto di ricerca città della speranza,,,Caterina Piunti
health research institute,1,health research institute,,,Taravat Sarvari
amyris,1,amyris,,,Stanley Herrmann
gyeongsang national university,1,gyeongsang national university,,,Hiluf Tekle Fissaha
schlumberger-doll research,1,schlumberger-doll research,,,Richa Sharma
syensqo,1,syensqo,,,Claudio Oldani
eskisehir osmangazi university,1,eskisehir osmangazi university,,,Aysegül Askin
commonwealth scientific and industrial research organization,1,commonwealth scientific and industrial research organization,,,Cara M. Doherty; Anita J. Hill
ardent process technologies,1,ardent process technologies,,,Robert DeJaco; Brandon Burghardt; Christine Parrish
matrix sensors  inc,1,matrix sensors  inc,,,Jessica Moreton; Thomas Carr
alphane labs  inc,1,alphane labs  inc,,,Steve Yamamoto
isis neutron and muon source,1,isis neutron and muon source,,,James Le Houx
curtin university,1,curtin university,,,Paria Sadeghi; Matthew Myers; Arash Arami-Niya
guild associates,1,guild associates,,,Joe Rossin
leidos inc,1,leidos inc,,,Melissa Olert
teich process development llc,1,teich process development llc,,,Cheryl Teich
orbillion bio  inc,1,orbillion bio  inc,,,Patricia Bubner
hax,1,HAX,35.7461408,-95.4110305,Susan Schofer
new jersey center for microchemical systems  stevens institute of technology,1,new jersey center for microchemical systems  stevens institute of technology,,,Adeniyi Lawal
division of energy and environment technology  kist school  university of science and technology,1,division of energy and environment technology  kist school  university of science and technology,,,Nurul Fuadi Pratiwi Sulaiman
nexceris,1,nexceris,,,Cody Lockhart; Matthew Seabaugh
jara-energy,1,JARA-ENERGY,39.6821529,45.4864777,Alexander Mitsos
adam mickiewicz university  poznan  poland,1,adam mickiewicz university  poznan  poland,,,Malgorzata Sliwinska-Bartkowiak
air products and chemicals,1,air products and chemicals,,,William Casteel; Timothy C. Golden; Garret Lau
technische universitat dresden,1,technische universitat dresden,,,Stefan Kaskel
chalmers university,1,chalmers university,,,Lars Öhrström
air products and chemicals inc,1,air products and chemicals inc,,,Libardo Estupinan
climeworks,1,climeworks,,,Aaron Moran; Olivier Dubé
universität leipzig,1,universität leipzig,,,Joerg Kaerger; Dieter Freude
ifpen,1,ifpen,,,Charles-Philippe Lienemann
université claude bernard lyon i,1,université claude bernard lyon i,,,Melaz Tayakout-Fayolle; Rita Fayad; Francoise Couenne; Christian Jallut
ifp energies nouvelles,1,ifp energies nouvelles,,,Loïc Sorbier; Elsa Jolimaitre
aix marseille univ,1,aix marseille univ,,,Benjamin Claessens
nl chemical technology  inc,1,nl chemical technology  inc,,,Norman Li; Richard Q. Song; Jane Li
school of engineering  university of edinburgh,1,school of engineering  university of edinburgh,,,Anton Tavitian
ben gurion university,1,ben gurion university,,,Gabriel Yazbek Grobman; Netta Vidavsky
cameron  a schlumberger company,1,cameron  a schlumberger company,,,Atsushi Morisato; Ed Mahley
johns hopkins university applied physics laboratory,1,johns hopkins university applied physics laboratory,,,Hunter B. Vibbert
technology innovation institute,1,technology innovation institute,,,Suresh Kumar Reddy Kuppireddy
corning gmbh,1,corning gmbh,,,Florian Kunath; Roberto Mennitto; Thorsten Boger
corning incorporated,1,corning incorporated,,,Sandeep Viswanathan; Seth Nickerson
ensic - école nationale supérieure des industries chimiques,1,ensic - école nationale supérieure des industries chimiques,,,Daniel Lourenço
fractionation research inc,1,fractionation research inc,,,"Izak Nieuwoudt, PhD.Eng, D.Eng; Tony Cai; Sayeed Mohammad"
mohammed vi polytechnic university,1,mohammed vi polytechnic university,,,Youssef Belmabkhout; Ayalew Assen; Achraf Delhali; Ali Yimer
nist center for neutron research  national institute of standards and technology,1,nist center for neutron research  national institute of standards and technology,,,Taner Yildirim
university of toulouse  imt mines albi  umr cnrs 5302  rapsodee centre  campus jarlard  albi cedex 09 f-81013,1,university of toulouse  imt mines albi  umr cnrs 5302  rapsodee centre  campus jarlard  albi cedex 09 f-81013,,,Fabienne Espitalier; Christophe Coquelet; Thomas Deleau
prony resources new caledonia  usine du grand sud route de kwa neie  prony bp 218,1,prony resources new caledonia  usine du grand sud route de kwa neie  prony bp 218,,,Okechukwu Dickson; Julien Lombart; Antoine Tardy; Fatima Lachaize
twelve,1,Twelve,-33.9808333,18.3852778,Kendra Kuhl
sandia national labs,1,sandia national labs,,,R Eric Sikma
tcs research  trddc  tata consultancy services,1,tcs research  trddc  tata consultancy services,,,Raviraju Vysyaraju
kinga abdullah university of science and technology,1,kinga abdullah university of science and technology,,,Johannes Vrouwenvelder
polytechnic institute of bragança,1,polytechnic institute of bragança,,,Lucas Zafanelli
sintef,1,sintef,,,Luca Riboldi
media and process technology inc,1,media and process technology inc,,,Doug Parsley; Richard J. Ciora
us doe national energy technology laboratory,1,us doe national energy technology laboratory,,,Ali Sekizkardes
max-planck-institut fur dynamik komplexer technischer systeme,1,max-planck-institut fur dynamik komplexer technischer systeme,,,Somayeh Zarei
max-planck-institute for dynamics of complex technical systems,1,max-planck-institute for dynamics of complex technical systems,,,Ju Weon Lee
otto von guericke university magdeburg,1,otto von guericke university magdeburg,,,Achim Kienle
reelement technologies llc,1,reelement technologies llc,,,Yi Ding
u  s  steel,1,u  s  steel,,,Neil Pergar; Brenda Petrilena
institute of separation science and technology  university erlangen-nürnberg  de,1,institute of separation science and technology  university erlangen-nürnberg  de,,,Lukas Sandner; Jincheng Xu
bielefeld university,1,bielefeld university,,,Niklas Biere; Dario Anselmetti
queenmary university of london,1,queenmary university of london,,,Andrew Livingston
vito,1,vito,,,Anita Buekenhoudt
micromeritics instrument corp,1,micromeritics instrument corp,,,Julian Hungerford
rescale,1,rescale,,,Tara Madhyastha
reri,1,RERI,31.8721724,77.148006,Taniya Kar
kuwait oil company,1,Kuwait Oil Company,29.3166361,47.944563,Fatemah Al-Shareedah; Abdulaziz Al-Dhwaihi
taiyo nippon sanso corporation,1,taiyo nippon sanso corporation,,,Kazutoshi Ishizaki
remora carbon,1,remora carbon,,,Kasturi Nagesh Pai
institut des matériaux poreux de paris  ecole normale supérieure de paris  espci paris  cnrs  psl university,1,institut des matériaux poreux de paris  ecole normale supérieure de paris  espci paris  cnrs  psl university,,,Georges Mouchaham
honeywell uop,1,honeywell uop,,,Rajasi Shukre
honeywell connected enterprise,1,honeywell connected enterprise,,,Bhargav Sharma
honeywell,1,honeywell,,,Shubhra J Bhadra
indian institute of technology kharagpur kharagpur,1,indian institute of technology kharagpur kharagpur,,,Puspendu Sardar
aix marseille university,1,aix marseille university,,,Isabelle Beurroies
psu,1,psu,,,Aylin Mohammadzadehmarandi
asahi kasei biomedical,1,asahi kasei biomedical,,,Hironobu Shirataki
university college of london,1,university college of london,,,Luiza C Campos
argonne national labs,1,argonne national labs,,,Feng Gao
division of pediatric infectious diseases  ucsf,1,division of pediatric infectious diseases  ucsf,,,Devan Jaganath
department of surgery  faculty of medicine in pilsen  charles university  prague  czech republic,1,department of surgery  faculty of medicine in pilsen  charles university  prague  czech republic,,,Jachym Rosendorf; Vaclav Liska
ankara university,1,ankara university,,,Ceren Atila Dincer
complutense university of madrid,1,complutense university of madrid,,,Juan Carlos Dominguez
brimstone energy,1,brimstone energy,,,Joshua W. Allen; James Bresson; Jason L. Bronkema; Janny Cai; Eric Liu
s p college,1,s p college,,,Siddhi Manjarekar
king s college london,1,king s college london,,,Miao Guo
lbnl,1,lbnl,,,Donald DePaolo; Bhavna Arora; Pramod Bhuvankar; John Christensen
rite,1,rite,,,Ziqiu Xue; Saeko Mito
battelle memorial institute,1,battelle memorial institute,,,Neeraj Gupta; Mark Kelley; Joel Sminchak; Jared Hawkins; Joy Frank-Collins
instituto politecnico nacional-esiqie,1,instituto politecnico nacional-esiqie,,,Octavio Elizalde-Solis
instituto politecnico nacional,1,instituto politecnico nacional,,,Edgar Ramirez-Jimenez
foth infrastructure and environment,1,foth infrastructure and environment,,,Travis C. McGrath; Mark C. Ciardelli
energy and environmental research center,1,energy and environmental research center,,,Zahra Finnigan
université côte d azur,1,université côte d azur,,,Frederic Cappa
fracture systems ltd,1,fracture systems ltd,,,G W Lanyon
university of capet town,1,university of capet town,,,David Ikumi
izmir institute of technology,1,Izmir Institute of Technology,38.3226588,26.6377295,Abhishek Dutta
university of aberdeen,1,University of Aberdeen,57.1645247,-2.1018364,Aniruddha Majumder
ege university,1,Ege University,38.4556928,27.2281857,Meltem Turan
siemens process systems engineering,1,siemens process systems engineering,,,Filipe Calado; Niall Mitchell
crystalgrower,1,crystalgrower,,,Nathan de Bruyn
recibiopharm,1,recibiopharm,,,Busuyi Adebayo; Marianna Sofman; Kaschif Ahmed; Edita Botonjic-Sehic
faculty of pharmacy of the university of lisbon,1,faculty of pharmacy of the university of lisbon,,,João Lopes
vlp therapeutics,1,vlp therapeutics,,,Jonathan Smith
crystallization design institute  molecular sciences research center  university of puerto rico,1,crystallization design institute  molecular sciences research center  university of puerto rico,,,Torsten Stelzer
catholic university of louvain,1,catholic university of louvain,,,Sara Chergaoui
siemens pse,1,siemens pse,,,Stefan Bellinghausen; Lok Hang Wong
vertex pharmaceuticals inc,1,vertex pharmaceuticals inc,,,Tharanga Wijethunga
institute of applied biosciences  centre for research and technology hellas  thessaloniki  greece,1,institute of applied biosciences  centre for research and technology hellas  thessaloniki  greece,,,Kostas Stamatopoulos
department of gastroenterology and hepatology  mayo clinic  scottsdale,1,department of gastroenterology and hepatology  mayo clinic  scottsdale,,,Rahul Pannala
brigham and women s hospital  harvard medical school  harvard stem cell institute,1,brigham and women s hospital  harvard medical school  harvard stem cell institute,,,Jeffrey M. Karp
