affil_norm,mapped_to,label,latitude,longitude,match_type,score,suggestions
123zero d o o,,123zero d o o,,,unmapped,,[]
2  isis neutron and muon source,,2  isis neutron and muon source,,,unmapped,,[]
2  spx flow mixing solutions,,2  spx flow mixing solutions,,,unmapped,,[]
4  clayton high school  1 mark twain cir,,4  clayton high school  1 mark twain cir,,,unmapped,,[]
6786963773,,6786963773,,,unmapped,,[]
a star,,a star,,,unmapped,,[]
aaas nsf,,aaas nsf,,,unmapped,,[]
abbvie inc,,abbvie inc,,,suggested,,"[('abbvie', 0.75)]"
abu dhabi ports,,abu dhabi ports,,,suggested,,"[('abu dhabi university', 0.6857142857142857)]"
accenture,,accenture,,,unmapped,,[]
adam mickiewicz university  poznan  poland,,adam mickiewicz university  poznan  poland,,,unmapped,,[]
advanced cooling technologies  inc,,advanced cooling technologies  inc,,,suggested,,"[('aspen technology inc.', 0.5818181818181818)]"
advanced energy materials,,advanced energy materials,,,suggested,,"[('lubrizol advanced materials', 0.6923076923076923)]"
advanced science research center at the cuny graduate center,,advanced science research center at the cuny graduate center,,,unmapped,,[]
aecom,,aecom,,,unmapped,,[]
afton chemical corporation,,afton chemical corporation,,,suggested,,"[('eaton corporation', 0.7441860465116279), ('national chemical laboratory', 0.7037037037037037), ('dow chemical company', 0.6956521739130435), ('evonik corporation', 0.6818181818181818), ('the dow chemical company', 0.68)]"
agency for defence development,,agency for defence development,,,suggested,,"[('ministry of development', 0.6037735849056604)]"
agency for science  technology and research,,agency for science  technology and research,,,suggested,,"[('university of science and technology of china', 0.6363636363636364), ('university of science and technology', 0.6075949367088608)]"
agilent technologies,,agilent technologies,,,suggested,,"[('aspen technology inc.', 0.6829268292682927), ('freeman technology', 0.631578947368421), ('em ai technology', 0.6666666666666666)]"
ahmedabad univeristy,,ahmedabad univeristy,,,suggested,,"[('harvard university', 0.6842105263157895), ('lamar university', 0.7222222222222222), ('lakehead university', 0.7692307692307693), ('inha university', 0.6285714285714286), ('oakland university', 0.6842105263157895)]"
air force research laboratory,,air force research laboratory,,,suggested,,"[('army research lab', 0.6521739130434783), ('national renewable energy laboratory', 0.6153846153846154)]"
air products and chemicals,,air products and chemicals,,,suggested,,"[('air products', 0.631578947368421)]"
air products and chemicals  inc,,air products and chemicals  inc,,,unmapped,,[]
air products and chemicals inc,,air products and chemicals inc,,,unmapped,,[]
aix marseille univ,,aix marseille univ,,,unmapped,,[]
aix marseille university,,aix marseille university,,,suggested,,"[('lamar university', 0.75), ('mcgill university', 0.7317073170731707), ('aarhus university', 0.7317073170731707), ('cornell university', 0.7142857142857143), ('trine university', 0.65)]"
alexandria university,,alexandria university,,,suggested,,"[('oakland university', 0.8205128205128205), ('lund university', 0.7777777777777778), ('khalifa university', 0.7692307692307693), ('indiana university', 0.717948717948718), ('andrews university', 0.7692307692307693)]"
alexandria university and egyptian russian university,,alexandria university and egyptian russian university,,,unmapped,,[]
alice - associate laboratory in chemical engineering  faculty of engineering  university of porto,,alice - associate laboratory in chemical engineering  faculty of engineering  university of porto,,,unmapped,,[]
alkermes,,alkermes,,,unmapped,,[]
alkermes  inc,,alkermes  inc,,,unmapped,,[]
allegrow biotech,,allegrow biotech,,,unmapped,,[]
alma mater studiorum - university of bologna,,alma mater studiorum - university of bologna,,,suggested,,"[('university of bologna', 0.6461538461538462), ('hamburg university of technology', 0.5789473684210527)]"
alphane labs  inc,,alphane labs  inc,,,unmapped,,[]
amgen research  gmbh,,amgen research  gmbh,,,suggested,,"[('army research lab', 0.7027027027027027), ('ibm research uk', 0.6285714285714286), ('chevron research', 0.6111111111111112), ('nasa glenn research center', 0.6086956521739131)]"
amgen research munich,,amgen research munich,,,suggested,,"[('ibm research uk', 0.6666666666666666), ('nasa glenn research center', 0.6382978723404256), ('army research lab', 0.631578947368421)]"
amofor gmbh,,amofor gmbh,,,suggested,,"[('evon gmbh', 0.6)]"
ampère sas,,ampère sas,,,unmapped,,[]
amyris,,amyris,,,unmapped,,[]
andlinger center for energy and the environment,,andlinger center for energy and the environment,,,suggested,,"[('national institute for public health and the environment', 0.6407766990291263)]"
ankara university,,ankara university,,,suggested,,"[('qatar university', 0.8484848484848485), ('lamar university', 0.8484848484848485), ('korea university', 0.8484848484848485), ('naresuan university', 0.7222222222222222), ('yantai university', 0.8235294117647058)]"
ansys,,ansys,,,suggested,,"[('avnos', 0.6), ('ansto', 0.6)]"
ansys inc,,ansys inc,,,suggested,,"[('css inc', 0.75), ('mars, inc.', 0.631578947368421), ('mayo clinic', 0.6), ('amgen, inc.', 0.6)]"
anton paar gmbh,,anton paar gmbh,,,suggested,,"[('anton paar', 0.8)]"
aopia biosciences  inc,,aopia biosciences  inc,,,suggested,,"[('physical sciences inc.', 0.6363636363636364)]"
applied circular engineering and simulation group   universidad san francisco de quito usfq,,applied circular engineering and simulation group   universidad san francisco de quito usfq,,,unmapped,,[]
aqua cultured foods,,aqua cultured foods,,,unmapped,,[]
aramco americas,,aramco americas,,,suggested,,"[('braskem america', 0.7333333333333333)]"
ardent process technologies,,ardent process technologies,,,unmapped,,[]
argonne national labs,,argonne national labs,,,suggested,,"[('argonne national laboratory', 0.8333333333333334), ('national lab', 0.7272727272727273), ('sandia national laboratories', 0.6530612244897959), ('idaho national laboratory', 0.6521739130434783), ('brookhaven national laboratory', 0.5882352941176471)]"
arish university and egyptian russian university,,arish university and egyptian russian university,,,unmapped,,[]
aristosys  llc  contractor to national energy technology laboratory,,aristosys  llc  contractor to national energy technology laboratory,,,unmapped,,[]
arizona geological survey,,arizona geological survey,,,unmapped,,[]
armi biofab usa,,armi biofab usa,,,unmapped,,[]
army research laboratory,,army research laboratory,,,suggested,,"[('army research lab', 0.8292682926829268), ('oak ridge national laboratory', 0.6037735849056604), ('national renewable energy laboratory', 0.6)]"
artie mcferrin department of chemical engineering  texas aandm university,,artie mcferrin department of chemical engineering  texas aandm university,,,unmapped,,[]
asahi kasei biomedical,,asahi kasei biomedical,,,unmapped,,[]
aspentech de mexico,,aspentech de mexico,,,unmapped,,[]
asr innovation center  tellus products,,asr innovation center  tellus products,,,unmapped,,[]
asu,,asu,,,suggested,,"[('fau', 0.6666666666666666)]"
avgi bv,,avgi bv,,,unmapped,,[]
avnos  inc,,avnos  inc,,,suggested,,"[('avnos', 0.6666666666666666), ('mars, inc.', 0.6)]"
babol noshirvani university of technology,,babol noshirvani university of technology,,,suggested,,"[('dalian university of technology', 0.8333333333333334), ('poznan university of technology', 0.8055555555555556), ('amirkabir university of technology', 0.7733333333333333), ('warsaw university of technology', 0.7777777777777778), ('graz university of technology', 0.7428571428571429)]"
badr university in cairo,,badr university in cairo,,,suggested,,"[('baylor university', 0.6829268292682927), ('the university of akron', 0.6808510638297872), ('university of calgary', 0.6666666666666666), ('andrews university', 0.6666666666666666), ('university of maine', 0.6046511627906976)]"
barnard college,,barnard college,,,suggested,,"[('augsburg college', 0.6451612903225806), ('lafayette college', 0.625), ('dartmouth college', 0.625)]"
barrington community high school,,barrington community high school,,,unmapped,,[]
bascat - unicat basf jointlab - tu berlin,,bascat - unicat basf jointlab - tu berlin,,,unmapped,,[]
basf environmental catalyst and metal solutions,,basf environmental catalyst and metal solutions,,,unmapped,,[]
basf se  group research,,basf se  group research,,,suggested,,"[('chevron research', 0.6153846153846154)]"
basque center for applied mathematics,,basque center for applied mathematics,,,unmapped,,[]
battelle,,battelle,,,unmapped,,[]
battelle memorial institute,,battelle memorial institute,,,suggested,,"[('paul scherrer institute', 0.56)]"
battelle netl,,battelle netl,,,unmapped,,[]
bcsir-central scientific instruments organisation,,bcsir-central scientific instruments organisation,,,unmapped,,[]
bcsir-central scientific instruments organisation  sector 30-c  160030  india,,bcsir-central scientific instruments organisation  sector 30-c  160030  india,,,unmapped,,[]
ben gurion university,,ben gurion university,,,suggested,,"[('nihon university', 0.8108108108108109), ('brown university', 0.8108108108108109), ('auburn university', 0.7894736842105263), ('chang gung university', 0.7619047619047619), ('trine university', 0.7567567567567568)]"
bentley university,,bentley university,,,suggested,,"[('liberty university', 0.8333333333333334), ('ghent university', 0.8235294117647058), ('ege university', 0.8125), ('tulane university', 0.6857142857142857), ('widener university', 0.7777777777777778)]"
bernal institute  university of limerick,,bernal institute  university of limerick,,,suggested,,"[('university of limerick', 0.7096774193548387), ('soka university of america', 0.6363636363636364), ('aristotle university of thessaloniki', 0.631578947368421), ('american university of beirut', 0.5797101449275363), ('the university of maine', 0.5714285714285714)]"
bernard and irene schwartz center for biomedical imaging  department of radiology  new york university grossman school of medicine  new york  new york  10016  usa,,bernard and irene schwartz center for biomedical imaging  department of radiology  new york university grossman school of medicine  new york  new york  10016  usa,,,unmapped,,[]
beth israel deaconess medical center  boston,,beth israel deaconess medical center  boston,,,unmapped,,[]
bielefeld university,,bielefeld university,,,suggested,,"[('lakehead university', 0.717948717948718), ('bucknell university', 0.7692307692307693), ('ege university', 0.7647058823529411), ('mcgill university', 0.7567567567567568), ('lund university', 0.7428571428571429)]"
biofine technology llc,,biofine technology llc,,,suggested,,"[('aspen technology inc.', 0.6511627906976745), ('freeman technology', 0.65), ('em ai technology', 0.631578947368421), ('shell technology center', 0.6222222222222222), ('harbin institute of technology', 0.5769230769230769)]"
biohaven pharmaceuticals,,biohaven pharmaceuticals,,,suggested,,"[('janssen pharmaceuticals', 0.8085106382978723)]"
biological systems and engineering division  lawrence berkeley national laboratory,,biological systems and engineering division  lawrence berkeley national laboratory,,,unmapped,,[]
biomade,,biomade,,,unmapped,,[]
bionanonet,,bionanonet,,,suggested,,"[('cic nanogune', 0.6363636363636364)]"
biopharm services,,biopharm services,,,unmapped,,[]
biostealth  inc,,biostealth  inc,,,unmapped,,[]
biosystem and agricultural engineering  university of kentucky,,biosystem and agricultural engineering  university of kentucky,,,unmapped,,[]
bits pilani k k birla goa campus,,bits pilani k k birla goa campus,,,unmapped,,[]
bloomage biotechnology corporation limited,,bloomage biotechnology corporation limited,,,unmapped,,[]
boehringer ingelheim pharma gmbh and co  kg,,boehringer ingelheim pharma gmbh and co  kg,,,suggested,,"[('boehringer ingelheim', 0.6349206349206349)]"
boehringer ingelheim pharma gmbh and co kg,,boehringer ingelheim pharma gmbh and co kg,,,suggested,,"[('boehringer ingelheim', 0.6451612903225806)]"
boehringer ingelheim pharmaceuticals  inc,,boehringer ingelheim pharmaceuticals  inc,,,suggested,,"[('boehringer ingelheim', 0.6557377049180327)]"
boehringer ingelheim pharmaceuticals inc,,boehringer ingelheim pharmaceuticals inc,,,suggested,,"[('boehringer ingelheim', 0.6666666666666666), ('janssen pharmaceuticals', 0.5714285714285714)]"
boehringer-ingelheim pharm  inc,,boehringer-ingelheim pharm  inc,,,suggested,,"[('boehringer ingelheim', 0.7450980392156863)]"
borsodchem ltd,,borsodchem ltd,,,unmapped,,[]
borsodchem ltd   bolyai tér 1   h-3700 kazincbarcika  hungary,,borsodchem ltd   bolyai tér 1   h-3700 kazincbarcika  hungary,,,unmapped,,[]
boston university,,boston university,,,suggested,,"[('hoseo university', 0.8484848484848485), ('brown university', 0.8484848484848485), ('ohio university', 0.8125), ('western university', 0.8), ('hampton university', 0.8)]"
brewer science  inc,,brewer science  inc,,,unmapped,,[]
brigham and women s hospital,,brigham and women s hospital,,,unmapped,,[]
brigham and women s hospital  harvard medical school  harvard stem cell institute,,brigham and women s hospital  harvard medical school  harvard stem cell institute,,,unmapped,,[]
brimstone energy,,brimstone energy,,,unmapped,,[]
bristol-myers squibb  inc,,bristol-myers squibb  inc,,,suggested,,"[('bristol myers squibb', 0.8444444444444444)]"
broad institute,,broad institute,,,suggested,,"[('the cyprus institute', 0.6285714285714286), ('institution', 0.6153846153846154)]"
broad institute of harvard and massachusetts institute of technology,,broad institute of harvard and massachusetts institute of technology,,,unmapped,,[]
broad institute of mit and harvard,,broad institute of mit and harvard,,,suggested,,"[('srm institute of science and technology', 0.6027397260273972)]"
brookhaven laboratory,,brookhaven laboratory,,,suggested,,"[('brookhaven national laboratory', 0.8235294117647058), ('oak ridge national laboratory', 0.56)]"
budapest university of technology and economics,,budapest university of technology and economics,,,suggested,,"[('warsaw university of technology', 0.6923076923076923), ('dalian university of technology', 0.6923076923076923), ('clausthal university of technology', 0.691358024691358), ('graz university of technology', 0.6842105263157895), ('hamburg university of technology', 0.6835443037974683)]"
butler university,,butler university,,,suggested,,"[('tulane university', 0.8235294117647058), ('baylor university', 0.8235294117647058), ('auburn university', 0.8235294117647058), ('duke university', 0.8125), ('western university', 0.8)]"
c-sops  department of chemical and biochemical engineering  rutgers  the state university of new jersey,,c-sops  department of chemical and biochemical engineering  rutgers  the state university of new jersey,,,unmapped,,[]
cadfem india,,cadfem india,,,unmapped,,[]
cal poly pomona,,cal poly pomona,,,unmapped,,[]
california baptist university,,california baptist university,,,suggested,,"[('california state university long beach', 0.7164179104477612), ('florida atlantic university', 0.7142857142857143), ('california state university-bakersfield', 0.7058823529411765), ('colorado state university', 0.7037037037037037), ('khalifa university', 0.6808510638297872)]"
california inst of technology,,california inst of technology,,,suggested,,"[('florida institute of technology', 0.8), ('georgia institute of technology', 0.7666666666666667), ('chiba institute of technology', 0.7586206896551724), ('harbin institute of technology', 0.7457627118644068), ('vellore institute of technology', 0.7333333333333333)]"
california institute of technology - pasadena  ca,,california institute of technology - pasadena  ca,,,suggested,,"[('indian institute of technology bhu varanasi', 0.6956521739130435), ('indian institute of technology ropar', 0.7294117647058823), ('indian institute of technology delhi', 0.7294117647058823), ('florida institute of technology', 0.725), ('indian institute of technology jammu', 0.7058823529411765)]"
cambridge centre for advanced research and education in singapore,,cambridge centre for advanced research and education in singapore,,,unmapped,,[]
cambridge simulation solutions ltd,,cambridge simulation solutions ltd,,,unmapped,,[]
cameron  a schlumberger company,,cameron  a schlumberger company,,,unmapped,,[]
canmetenergy,,canmetenergy,,,suggested,,"[('jara-energy', 0.6086956521739131), ('feed energy', 0.6086956521739131)]"
carbon america,,carbon america,,,suggested,,"[('braskem america', 0.6206896551724138)]"
carbotech ac gmbh,,carbotech ac gmbh,,,unmapped,,[]
carleton college,,carleton college,,,suggested,,"[('dartmouth college', 0.7272727272727273), ('lafayette college', 0.6666666666666666), ('augsburg college', 0.625)]"
carnegie institution for science,,carnegie institution for science,,,suggested,,"[('indian institute of science', 0.711864406779661), ('institute of science tokyo', 0.6206896551724138)]"
carnegie mellon univeristy,,carnegie mellon univeristy,,,suggested,,"[('cornell university', 0.7272727272727273), ('cape breton university', 0.7083333333333334), ('mcgill university', 0.6976744186046512), ('chang gung university', 0.6808510638297872), ('nihon university', 0.6666666666666666)]"
carnegie mellon university,,carnegie mellon university,,,suggested,,"[('cornell university', 0.7727272727272727), ('cape breton university', 0.75), ('mcgill university', 0.7441860465116279), ('chang gung university', 0.723404255319149), ('nihon university', 0.7142857142857143)]"
cascade designs inc,,cascade designs inc,,,unmapped,,[]
catholic university of louvain,,catholic university of louvain,,,suggested,,"[('the university of maine', 0.7547169811320755), ('the university of melbourne', 0.7368421052631579), ('the university of utah', 0.7307692307692307), ('the university of akron', 0.7169811320754716), ('the university of kansas', 0.7037037037037037)]"
ccdc army research laboratory,,ccdc army research laboratory,,,suggested,,"[('army research lab', 0.7391304347826086)]"
ccny grove school of engineering,,ccny grove school of engineering,,,suggested,,"[('famu-fsu college of engineering', 0.5714285714285714)]"
cedars-sinai medical center,,cedars-sinai medical center,,,suggested,,"[('university of mississippi medical center', 0.6268656716417911)]"
center for bioenergy innovation,,center for bioenergy innovation,,,unmapped,,[]
center for bioenergy innovation  oak ridge national laboratory,,center for bioenergy innovation  oak ridge national laboratory,,,suggested,,"[('oak ridge national laboratory', 0.6373626373626373)]"
center for biofilm engineering,,center for biofilm engineering,,,unmapped,,[]
center for environmentally beneficial catalysis,,center for environmentally beneficial catalysis,,,unmapped,,[]
center for interdisciplinary research and innovation of aristotle university of thessaloniki,,center for interdisciplinary research and innovation of aristotle university of thessaloniki,,,unmapped,,[]
center for plastics innovation  university of delaware,,center for plastics innovation  university of delaware,,,unmapped,,[]
center for structural molecular biology  oak ridge national laboratory,,center for structural molecular biology  oak ridge national laboratory,,,unmapped,,[]
center for synthetic biology,,center for synthetic biology,,,unmapped,,[]
center for tuberculosis  ucsf,,center for tuberculosis  ucsf,,,unmapped,,[]
center of excellence for aerospace particulate emissions reduction research missouri sandt  65409,,center of excellence for aerospace particulate emissions reduction research missouri sandt  65409,,,unmapped,,[]
central south university,,central south university,,,suggested,,"[('georgia southern university', 0.7843137254901961), ('central michigan university', 0.7843137254901961), ('kent state university', 0.7555555555555555), ('earth university', 0.75), ('southwest university', 0.7272727272727273)]"
centro de investigação de montanha   instituto politécnico de bragança  campus de santa apolónia  5300-253,,centro de investigação de montanha   instituto politécnico de bragança  campus de santa apolónia  5300-253,,,unmapped,,[]
centro regional de estudios en alimentos saludables  creas,,centro regional de estudios en alimentos saludables  creas,,,unmapped,,[]
century therapeutics,,century therapeutics,,,unmapped,,[]
chair of applied mathematics,,chair of applied mathematics,,,unmapped,,[]
chalmers university,,chalmers university,,,suggested,,"[('clemson university', 0.8108108108108109), ('lamar university', 0.8), ('clarkson university', 0.7894736842105263), ('baylor university', 0.7777777777777778), ('aarhus university', 0.7222222222222222)]"
chapman university,,chapman university,,,suggested,,"[('hampton university', 0.8333333333333334), ('lamar university', 0.8235294117647058), ('inha university', 0.7878787878787878), ('oakland university', 0.7777777777777778), ('khalifa university', 0.7777777777777778)]"
charles university,,charles university,,,suggested,,"[('clemson university', 0.8333333333333334), ('andrews university', 0.8333333333333334), ('naresuan university', 0.8108108108108109), ('clarkson university', 0.8108108108108109), ('aarhus university', 0.8)]"
chartered process engineer,,chartered process engineer,,,unmapped,,[]
chemical and biological engineering  iowa state university,,chemical and biological engineering  iowa state university,,,unmapped,,[]
chemical and biomolecular engineering  university of delaware,,chemical and biomolecular engineering  university of delaware,,,unmapped,,[]
chemical engineering department  faculty of engineering  cairo university,,chemical engineering department  faculty of engineering  cairo university,,,unmapped,,[]
chemical engineering department  universidad michoacana de san nicolás de hidalgo,,chemical engineering department  universidad michoacana de san nicolás de hidalgo,,,suggested,,"[('universidad michoacana de san nicolás de hidalgo', 0.7441860465116279)]"
chemical sciences and engineering division  argonne national laboratory,,chemical sciences and engineering division  argonne national laboratory,,,unmapped,,[]
chemistry and biochemistry,,chemistry and biochemistry,,,unmapped,,[]
chevron energy technology company,,chevron energy technology company,,,unmapped,,[]
chevron technical center,,chevron technical center,,,suggested,,"[('shell technology center', 0.6808510638297872)]"
children s hospital of philadelphia,,children s hospital of philadelphia,,,unmapped,,[]
chonnam national university,,chonnam national university,,,suggested,,"[('yokohama national university', 0.8363636363636363), ('hankyong national university', 0.8363636363636363), ('kongju national university', 0.8301886792452831), ('pukyong national university', 0.8148148148148148), ('kangwon national university', 0.8148148148148148)]"
chool of materials science and engineering  henan university of technology  zhengzhou city  450001  pr china,,chool of materials science and engineering  henan university of technology  zhengzhou city  450001  pr china,,,unmapped,,[]
chung-ang university,,chung-ang university,,,suggested,,"[('chang gung university', 0.8292682926829268), ('tunghai university', 0.7894736842105263), ('chulalongkorn university', 0.7727272727272727), ('zhejiang university', 0.7692307692307693), ('yeungnam university', 0.7692307692307693)]"
ciatec,,ciatec,,,suggested,,"[('imec', 0.6)]"
citrine informatics,,citrine informatics,,,unmapped,,[]
city college of new york,,city college of new york,,,suggested,,"[('university college cork', 0.6382978723404256)]"
city college of new york  cuny,,city college of new york  cuny,,,unmapped,,[]
city of santa monica,,city of santa monica,,,suggested,,"[('university of salamanca', 0.5581395348837209), ('university of pannonia', 0.6190476190476191), ('university of cantabria', 0.6046511627906976)]"
city university of hong kong,,city university of hong kong,,,suggested,,"[('university of wollongong', 0.7692307692307693), ('the university of tokyo', 0.7450980392156863), ('university of houston', 0.7346938775510204), ('university of washington', 0.6538461538461539), ('the university of akron', 0.7058823529411765)]"
cj cheiljedang,,cj cheiljedang,,,unmapped,,[]
clariant,,clariant,,,unmapped,,[]
clariant corp,,clariant corp,,,unmapped,,[]
clariant corporation,,clariant corporation,,,suggested,,"[('eaton corporation', 0.7567567567567568), ('basf corporation', 0.7222222222222222), ('evonik corporation', 0.6842105263157895), ('callaghan innovation', 0.6)]"
clark atlanta university,,clark atlanta university,,,suggested,,"[('clarkson university', 0.7906976744186046), ('florida atlantic university', 0.7843137254901961), ('oakland university', 0.7619047619047619), ('arkansas state university', 0.6938775510204082), ('yantai university', 0.7317073170731707)]"
cleveland state university,,cleveland state university,,,suggested,,"[('colorado state university', 0.8235294117647058), ('kent state university', 0.8085106382978723), ('wayne state university', 0.75), ('michigan state university', 0.7843137254901961), ('illinois state university', 0.7843137254901961)]"
clexbio,,clexbio,,,unmapped,,[]
climeworks,,climeworks,,,suggested,,"[('mathworks', 0.631578947368421)]"
cnrs,,cnrs,,,unmapped,,[]
cnrs  université de pau et des pays de l adour umr 5254  institut des sciences analytiques et de physico-chimie pour l environnement et les matériaux,,cnrs  université de pau et des pays de l adour umr 5254  institut des sciences analytiques et de physico-chimie pour l environnement et les matériaux,,,unmapped,,[]
cnrs create,,cnrs create,,,unmapped,,[]
coanda research and development corporation,,coanda research and development corporation,,,unmapped,,[]
colombian petroleum institute   ecopetrol s a,,colombian petroleum institute   ecopetrol s a,,,unmapped,,[]
colorado school of mines,,colorado school of mines,,,suggested,,"[('wake forest school of medicine', 0.6296296296296297)]"
colorado school of mines - cbe,,colorado school of mines - cbe,,,unmapped,,[]
columbia univeresity,,columbia univeresity,,,suggested,,"[('northumbria university', 0.8095238095238095), ('miami university', 0.7777777777777778), ('stockholm university', 0.75), ('ohio university', 0.7428571428571429), ('lund university', 0.7428571428571429)]"
commonwealth scientific and industrial research organization,,commonwealth scientific and industrial research organization,,,unmapped,,[]
complutense university of madrid,,complutense university of madrid,,,suggested,,"[('the university of maine', 0.7272727272727273), ('the university of akron', 0.6909090909090909), ('university of maribor', 0.6792452830188679), ('university of maine', 0.6666666666666666), ('university of ar', 0.6666666666666666)]"
consolidated nuclear security  llc,,consolidated nuclear security  llc,,,unmapped,,[]
continuus pharmaceuticals,,continuus pharmaceuticals,,,suggested,,"[('janssen pharmaceuticals', 0.75)]"
coolbrook oy,,coolbrook oy,,,unmapped,,[]
cooper union for the advancement of science and art,,cooper union for the advancement of science and art,,,unmapped,,[]
corning gmbh,,corning gmbh,,,suggested,,"[('evon gmbh', 0.6666666666666666)]"
corning incorporated,,corning incorporated,,,suggested,,"[('evonik corporation', 0.631578947368421)]"
corporate research and development  sabic,,corporate research and development  sabic,,,unmapped,,[]
corresponding authors,,corresponding authors,,,unmapped,,[]
cotierra ag,,cotierra ag,,,unmapped,,[]
covai corporation,,covai corporation,,,suggested,,"[('evonik corporation', 0.8), ('basf corporation', 0.7878787878787878), ('eaton corporation', 0.7647058823529411)]"
crysalis biosciences  inc,,crysalis biosciences  inc,,,suggested,,"[('physical sciences inc.', 0.723404255319149)]"
crystalgrower,,crystalgrower,,,unmapped,,[]
crystallization design institute  molecular sciences research center  university of puerto rico,,crystallization design institute  molecular sciences research center  university of puerto rico,,,unmapped,,[]
csir - central salt and marine chemicals research institute,,csir - central salt and marine chemicals research institute,,,unmapped,,[]
csir - indian institute of chemical technology,,csir - indian institute of chemical technology,,,suggested,,"[('institute of chemical technology mumbai', 0.7529411764705882), ('indian institute of technology ropar', 0.7317073170731707), ('indian institute of technology jammu', 0.7317073170731707), ('indian institute of technology delhi', 0.7317073170731707), ('srm institute of science and technology', 0.7294117647058823)]"
csir-indian institute of petroleum,,csir-indian institute of petroleum,,,suggested,,"[('indian institute of science', 0.7213114754098361), ('china university of petroleum', 0.5396825396825397), ('indian institute of technology jammu', 0.6857142857142857), ('indian institute of technology delhi', 0.6857142857142857), ('indian institute of technology bombay', 0.676056338028169)]"
csiro,,csiro,,,unmapped,,[]
csu- long beasch and fresno city college,,csu- long beasch and fresno city college,,,unmapped,,[]
cu boulder,,cu boulder,,,unmapped,,[]
cuny advanced science research center,,cuny advanced science research center,,,suggested,,"[('ibm almaden research center', 0.65625), ('nasa glenn research center', 0.6349206349206349)]"
curtin university,,curtin university,,,suggested,,"[('trine university', 0.8484848484848485), ('auburn university', 0.8235294117647058), ('lund university', 0.8125), ('inha university', 0.8125), ('tianjin university', 0.8)]"
curtin university  malaysis,,curtin university  malaysis,,,suggested,,"[('the university of maine', 0.68), ('university of calgary', 0.6666666666666666), ('the university of kansas', 0.6666666666666666), ('university of omaha', 0.6521739130434783), ('university of maine', 0.6521739130434783)]"
d  e  shaw research,,d  e  shaw research,,,unmapped,,[]
dana-farber cancer institute,,dana-farber cancer institute,,,unmapped,,[]
dastur energy  inc,,dastur energy  inc,,,unmapped,,[]
dave c  swalm school of chemical engineering  mississippi state university,,dave c  swalm school of chemical engineering  mississippi state university,,,unmapped,,[]
david a  rockstraw  ph  d   p  e   inc,,david a  rockstraw  ph  d   p  e   inc,,,unmapped,,[]
deep origin,,deep origin,,,unmapped,,[]
defense center for public health - dayton,,defense center for public health - dayton,,,unmapped,,[]
dell medical school  the university of texas at austin,,dell medical school  the university of texas at austin,,,suggested,,"[('university of texas at austin', 0.6987951807228916), ('the university of texas at el paso', 0.6590909090909091), ('the university of texas at tyler', 0.6511627906976745)]"
department of art  faculty of science and new technologies  islamic azad university e-campus,,department of art  faculty of science and new technologies  islamic azad university e-campus,,,unmapped,,[]
department of biochemistry  university of illinois at urbana-champaign,,department of biochemistry  university of illinois at urbana-champaign,,,unmapped,,[]
department of bioengineering and san diego supercomputer center  university of california  san diego,,department of bioengineering and san diego supercomputer center  university of california  san diego,,,unmapped,,[]
department of biological engineering,,department of biological engineering,,,suggested,,"[('u.s. department of energy', 0.6229508196721312)]"
department of biology,,department of biology,,,suggested,,"[('u.s. department of energy', 0.6956521739130435)]"
department of biology and entomology  pennsylvania state university,,department of biology and entomology  pennsylvania state university,,,suggested,,"[('pennsylvania state university', 0.6041666666666666)]"
department of chemical and biomolecular engineering,,department of chemical and biomolecular engineering,,,unmapped,,[]
department of chemical and biomolecular engineering  lehigh university,,department of chemical and biomolecular engineering  lehigh university,,,unmapped,,[]
department of chemical and biomolecular engineering  new york university tandon school of engineering  brooklyn  new york  11201  usa,,department of chemical and biomolecular engineering  new york university tandon school of engineering  brooklyn  new york  11201  usa,,,unmapped,,[]
department of chemical and biomolecular engineering  university of california  irvine,,department of chemical and biomolecular engineering  university of california  irvine,,,unmapped,,[]
department of chemical and biomolecular engineering  university of delaware  newark,,department of chemical and biomolecular engineering  university of delaware  newark,,,unmapped,,[]
department of chemical and environmental process engineering  faculty of chemical technology and biotechnology  budapest university of technology and economics,,department of chemical and environmental process engineering  faculty of chemical technology and biotechnology  budapest university of technology and economics,,,unmapped,,[]
department of chemical and petroleum engineering  university of kansas,,department of chemical and petroleum engineering  university of kansas,,,unmapped,,[]
department of chemical engineering  biotechnology and materials  centre for biotechnology and bioengineering  cebib  university of chile,,department of chemical engineering  biotechnology and materials  centre for biotechnology and bioengineering  cebib  university of chile,,,unmapped,,[]
department of chemical engineering  college of engineering  king khalid university  abha 61411  saudi arabia,,department of chemical engineering  college of engineering  king khalid university  abha 61411  saudi arabia,,,unmapped,,[]
department of chemical engineering  ku leuven  celestijnenlaan 200f  leuven  belgium,,department of chemical engineering  ku leuven  celestijnenlaan 200f  leuven  belgium,,,unmapped,,[]
department of chemical engineering  massachusetts institute of technology,,department of chemical engineering  massachusetts institute of technology,,,suggested,,"[('technion israel institute of technology', 0.5178571428571429)]"
department of chemical engineering  technion,,department of chemical engineering  technion,,,unmapped,,[]
department of chemical engineering  texas aandm university at qatar p  o  box 23874,,department of chemical engineering  texas aandm university at qatar p  o  box 23874,,,unmapped,,[]
department of chemical engineering  university of california-santa barbara,,department of chemical engineering  university of california-santa barbara,,,suggested,,"[('university of california santa barbara', 0.6607142857142857)]"
department of chemical engineering  university of michigan,,department of chemical engineering  university of michigan,,,suggested,,"[('technical university of munich', 0.5909090909090909)]"
department of chemical engineering tsinghua university,,department of chemical engineering tsinghua university,,,unmapped,,[]
department of chemistry  abdul wali khan university  mardan  khyber pakhtunkhwa  23200  pakistan,,department of chemistry  abdul wali khan university  mardan  khyber pakhtunkhwa  23200  pakistan,,,unmapped,,[]
department of chemistry  north carolina state university  raleigh  nc 27695  usa,,department of chemistry  north carolina state university  raleigh  nc 27695  usa,,,unmapped,,[]
department of chemistry and earth sciences  college of arts and sciences  qatar university,,department of chemistry and earth sciences  college of arts and sciences  qatar university,,,unmapped,,[]
department of civil and environmental engineering  university of wisconsin-madison,,department of civil and environmental engineering  university of wisconsin-madison,,,unmapped,,[]
department of energy netl,,department of energy netl,,,suggested,,"[('u.s. department of energy', 0.8)]"
department of environment  alborz campus  university of tehran,,department of environment  alborz campus  university of tehran,,,unmapped,,[]
department of forest biomaterials  college of natural resources  north carolina state university,,department of forest biomaterials  college of natural resources  north carolina state university,,,unmapped,,[]
department of gastroenterology and hepatology  mayo clinic  scottsdale,,department of gastroenterology and hepatology  mayo clinic  scottsdale,,,unmapped,,[]
department of industrial and computer engineering and economics  university of l aquila,,department of industrial and computer engineering and economics  university of l aquila,,,unmapped,,[]
department of internal medicine  university of michigan,,department of internal medicine  university of michigan,,,unmapped,,[]
department of mechanical engineering  university of michigan,,department of mechanical engineering  university of michigan,,,suggested,,"[('technical university of munich', 0.6222222222222222)]"
department of microbiology  faculty of medicine  university of chile,,department of microbiology  faculty of medicine  university of chile,,,unmapped,,[]
department of microbiology  new york university grossman school of medicine  new york  new york  10016  usa,,department of microbiology  new york university grossman school of medicine  new york  new york  10016  usa,,,unmapped,,[]
department of radiation oncology  new york university grossman school of medicine  new york  new york  10016  usa,,department of radiation oncology  new york university grossman school of medicine  new york  new york  10016  usa,,,unmapped,,[]
department of science  technology and society  university school for advanced studies iuss pavia  pavia  italy,,department of science  technology and society  university school for advanced studies iuss pavia  pavia  italy,,,unmapped,,[]
department of surgery  faculty of medicine in pilsen  charles university  prague  czech republic,,department of surgery  faculty of medicine in pilsen  charles university  prague  czech republic,,,unmapped,,[]
digital medicines manufacturing  loughborough university,,digital medicines manufacturing  loughborough university,,,unmapped,,[]
division of energy and environment technology  kist school  university of science and technology,,division of energy and environment technology  kist school  university of science and technology,,,suggested,,"[('east china university of science and technology', 0.6153846153846154)]"
division of pediatric infectious diseases  ucsf,,division of pediatric infectious diseases  ucsf,,,unmapped,,[]
doe center for advanced bioenergy and bioproducts innovation,,doe center for advanced bioenergy and bioproducts innovation,,,unmapped,,[]
doe center for advanced bioenergy and bioproducts innovation  university of illinois at urbana-champaign,,doe center for advanced bioenergy and bioproducts innovation  university of illinois at urbana-champaign,,,unmapped,,[]
doe center for advanced bioenergy and bioproducts innovation  university of illinois urbana-champaign,,doe center for advanced bioenergy and bioproducts innovation  university of illinois urbana-champaign,,,unmapped,,[]
doe great lakes bioenergy research center,,doe great lakes bioenergy research center,,,suggested,,"[('nasa glenn research center', 0.6268656716417911)]"
doe great lakes bioenergy research center  university of wisconsin-madison,,doe great lakes bioenergy research center  university of wisconsin-madison,,,unmapped,,[]
doe joint genome institute,,doe joint genome institute,,,unmapped,,[]
doe ne,,doe ne,,,unmapped,,[]
doe netl,,doe netl,,,suggested,,"[('netl', 0.6666666666666666)]"
donald danforth plant science center,,donald danforth plant science center,,,unmapped,,[]
dps group global,,dps group global,,,unmapped,,[]
dr  vishwanath karad mit world peace university,,dr  vishwanath karad mit world peace university,,,unmapped,,[]
dr vishwanath karad mit world peace university,,dr vishwanath karad mit world peace university,,,unmapped,,[]
drexel university,,drexel university,,,suggested,,"[('ege university', 0.8387096774193549), ('duke university', 0.8125), ('widener university', 0.7428571428571429), ('cornell university', 0.8), ('andrews university', 0.8)]"
drury university,,drury university,,,suggested,,"[('duke university', 0.8387096774193549), ('purdue university', 0.7878787878787878), ('auburn university', 0.7878787878787878), ('aarhus university', 0.7878787878787878), ('lund university', 0.7741935483870968)]"
dsm-firmenich science and research,,dsm-firmenich science and research,,,unmapped,,[]
dtu,,dtu,,,unmapped,,[]
e2h2nano  llc,,e2h2nano  llc,,,unmapped,,[]
east carolina university,,east carolina university,,,suggested,,"[('west virginia university', 0.7916666666666666), ('north carolina state university', 0.7636363636363637), ('western university', 0.7619047619047619), ('trine university', 0.75), ('qatar university', 0.75)]"
eastern regional research center  usda-ars,,eastern regional research center  usda-ars,,,unmapped,,[]
eastman chemical co,,eastman chemical co,,,suggested,,"[('dow chemical company', 0.6153846153846154), ('the dow chemical company', 0.6046511627906976)]"
easyxafs,,easyxafs,,,unmapped,,[]
eco carbon,,eco carbon,,,unmapped,,[]
ecodynamics group  department of physical sciences  earth and environment  university of siena  italy,,ecodynamics group  department of physical sciences  earth and environment  university of siena  italy,,,unmapped,,[]
electric power research institute,,electric power research institute,,,unmapped,,[]
eli lilly services india pvt  ltd,,eli lilly services india pvt  ltd,,,unmapped,,[]
embry-riddle aeronautical university,,embry-riddle aeronautical university,,,suggested,,"[('florida atlantic university', 0.6349206349206349), ('memorial university', 0.6181818181818182), ('texas aandm international university', 0.5555555555555556), ('yantai university', 0.49056603773584906), ('pukyong national university', 0.6031746031746031)]"
emmanuel college  university of cambridge,,emmanuel college  university of cambridge,,,suggested,,"[('university of cambridge', 0.71875)]"
en-ramps llc,,en-ramps llc,,,unmapped,,[]
energy and environmental research center,,energy and environmental research center,,,suggested,,"[('ibm almaden research center', 0.5373134328358209), ('state university of new york environmental science', 0.4888888888888889)]"
energy and environmental research center university of north dakota,,energy and environmental research center university of north dakota,,,unmapped,,[]
engineering and process science  core randd  the dow chemical company,,engineering and process science  core randd  the dow chemical company,,,unmapped,,[]
engineering science,,engineering science,,,suggested,,"[('gilead sciences', 0.6470588235294118)]"
engineers india limited,,engineers india limited,,,unmapped,,[]
ensic - école nationale supérieure des industries chimiques,,ensic - école nationale supérieure des industries chimiques,,,unmapped,,[]
environmental division,,environmental division,,,unmapped,,[]
epixc,,epixc,,,unmapped,,[]
epsrc future manufacturing research hub for continuous manufacturing and advanced crystallization,,epsrc future manufacturing research hub for continuous manufacturing and advanced crystallization,,,unmapped,,[]
escola politécnica da universidade de são paulo,,escola politécnica da universidade de são paulo,,,unmapped,,[]
escuela colombiana de ingeniería julio garavito,,escuela colombiana de ingeniería julio garavito,,,unmapped,,[]
eskisehir osmangazi university,,eskisehir osmangazi university,,,suggested,,"[('hongik university', 0.6808510638297872), ('western university', 0.6666666666666666), ('shiv nadar university', 0.5882352941176471), ('indiana university', 0.6666666666666666), ('boise state university', 0.6538461538461539)]"
espci paris  cnrs  psl university,,espci paris  cnrs  psl university,,,suggested,,"[('clarkson university', 0.6153846153846154), ('széchenyi istván university', 0.5666666666666667)]"
espe,,espe,,,unmapped,,[]
etech ethanol engineering and technology,,etech ethanol engineering and technology,,,suggested,,"[('university of engineering and technology lahore', 0.7126436781609196), ('clausthal university of technology', 0.6216216216216216)]"
eth zurich and university of zurich,,eth zurich and university of zurich,,,suggested,,"[('technical university of munich', 0.7384615384615385), ('american university of beirut', 0.6875), ('the university of utah', 0.6666666666666666), ('south china university of technology', 0.647887323943662), ('soka university of america', 0.6229508196721312)]"
european environmental agency,,european environmental agency,,,unmapped,,[]
evonik nutrition and care gmbh,,evonik nutrition and care gmbh,,,unmapped,,[]
ewha womans university,,ewha womans university,,,suggested,,"[('hampton university', 0.75), ('rowan university', 0.7368421052631579), ('lamar university', 0.7368421052631579), ('hoseo university', 0.6842105263157895), ('texas aandm university', 0.7272727272727273)]"
ewha womens university,,ewha womens university,,,suggested,,"[('queens university', 0.7692307692307693), ('hampton university', 0.75), ('hoseo university', 0.6842105263157895), ('ghent university', 0.7368421052631579), ('rwth aachen university', 0.7272727272727273)]"
exactmer limited,,exactmer limited,,,unmapped,,[]
exhalix  llc,,exhalix  llc,,,unmapped,,[]
experic,,experic,,,unmapped,,[]
exxon mobil research and engineering,,exxon mobil research and engineering,,,unmapped,,[]
exxonmobil chemical company,,exxonmobil chemical company,,,suggested,,"[('dow chemical company', 0.7659574468085106), ('the dow chemical company', 0.7450980392156863)]"
exxonmobil research and engineering company,,exxonmobil research and engineering company,,,unmapped,,[]
exxonmobil research qatar,,exxonmobil research qatar,,,unmapped,,[]
exxonmobil technology and engineering,,exxonmobil technology and engineering,,,suggested,,"[('shell technology center', 0.6)]"
exxonmobil technology and engineering company,,exxonmobil technology and engineering company,,,unmapped,,[]
facilis ai,,facilis ai,,,unmapped,,[]
facultad de ingeniería química  universidad nacional del litoral,,facultad de ingeniería química  universidad nacional del litoral,,,suggested,,"[('faculdade de engenharia, universidade do porto', 0.6181818181818182)]"
facultad de química,,facultad de química,,,unmapped,,[]
faculty of new sciences and technologies  university of tehran,,faculty of new sciences and technologies  university of tehran,,,unmapped,,[]
faculty of pharmacy of the university of lisbon,,faculty of pharmacy of the university of lisbon,,,unmapped,,[]
famu-fsu college of engineering  florida state university,,famu-fsu college of engineering  florida state university,,,suggested,,"[('famu-fsu college of engineering', 0.7045454545454546)]"
federal university of agriculture,,federal university of agriculture,,,suggested,,"[('federal university of santa catarina', 0.7246376811594203), ('university of tartu', 0.6923076923076923), ('the university of maine', 0.6785714285714286), ('soka university of america', 0.6779661016949152), ('university of warwick', 0.6666666666666666)]"
federal university of bahia,,federal university of bahia,,,suggested,,"[('federal university of santa catarina', 0.7936507936507936), ('university of pavia', 0.7391304347826086), ('university of omaha', 0.7391304347826086), ('the university of utah', 0.7346938775510204), ('the university of maine', 0.72)]"
federal university of campina grande,,federal university of campina grande,,,suggested,,"[('federal university of santa catarina', 0.75), ('university of california san diego', 0.6857142857142857), ('university of cantabria', 0.6101694915254238), ('university of cambridge', 0.6779661016949152), ('the university of maine', 0.6779661016949152)]"
figure 8 environmental,,figure 8 environmental,,,unmapped,,[]
florida aandm university-florida state university,,florida aandm university-florida state university,,,suggested,,"[('louisiana state university', 0.6133333333333333), ('north carolina aandt state university', 0.627906976744186), ('colorado state university', 0.5945945945945946)]"
florida aandm university-florida state university college of engineering,,florida aandm university-florida state university college of engineering,,,suggested,,"[('famu-fsu college of engineering', 0.6019417475728155)]"
florida agricultural and mechanical university,,florida agricultural and mechanical university,,,suggested,,"[('north carolina agricultural and technical state university', 0.7884615384615384), ('florida atlantic university', 0.6027397260273972), ('australian national university', 0.631578947368421), ('michigan technological university', 0.6075949367088608)]"
fondazione istituto di ricerca città della speranza,,fondazione istituto di ricerca città della speranza,,,unmapped,,[]
forest concepts,,forest concepts,,,unmapped,,[]
forest products laboratory,,forest products laboratory,,,suggested,,"[('pacific northwest national laboratory', 0.6031746031746031)]"
forge nano,,forge nano,,,unmapped,,[]
forge nano inc,,forge nano inc,,,unmapped,,[]
forschungszentrum jülich gmbh,,forschungszentrum jülich gmbh,,,unmapped,,[]
fortum waste solutions oy,,fortum waste solutions oy,,,suggested,,"[('synt solutions', 0.5641025641025641)]"
foth infrastructure and environment,,foth infrastructure and environment,,,unmapped,,[]
fractionation research inc,,fractionation research inc,,,suggested,,"[('national research council cnr', 0.6545454545454545)]"
fracture systems ltd,,fracture systems ltd,,,unmapped,,[]
fraunhofer imte,,fraunhofer imte,,,unmapped,,[]
friedrich schiller university,,friedrich schiller university,,,suggested,,"[('georgia southern university', 0.6428571428571429), ('rwth aachen university', 0.5882352941176471), ('mcgill university', 0.6521739130434783), ('wichita state university', 0.6415094339622641), ('manchester university', 0.64)]"
fuels  engines and emissions research center  oak ridge national laboratory,,fuels  engines and emissions research center  oak ridge national laboratory,,,unmapped,,[]
fundamental ai research   meta,,fundamental ai research   meta,,,unmapped,,[]
general motors corporation,,general motors corporation,,,suggested,,"[('eaton corporation', 0.7441860465116279), ('basf corporation', 0.6666666666666666), ('evonik corporation', 0.6363636363636364)]"
genetic engineering and biotechnology research division  national research centre,,genetic engineering and biotechnology research division  national research centre,,,unmapped,,[]
genscript usa inc,,genscript usa inc,,,unmapped,,[]
geocircular consulting group,,geocircular consulting group,,,unmapped,,[]
george w  woodruff school of mechanical engineering  georgia institute of technology,,george w  woodruff school of mechanical engineering  georgia institute of technology,,,unmapped,,[]
georgetown university,,georgetown university,,,suggested,,"[('rowan university', 0.8108108108108109), ('brown university', 0.8108108108108109), ('cape breton university', 0.7906976744186046), ('princeton university', 0.7804878048780488), ('korea university', 0.7567567567567568)]"
georgia institute of technology and emory university,,georgia institute of technology and emory university,,,suggested,,"[('georgia institute of technology', 0.7469879518072289), ('indian institute of technology jammu', 0.6818181818181818), ('indian institute of technology delhi', 0.6818181818181818), ('florida institute of technology', 0.6746987951807228), ('indian institute of technology roorkee', 0.6666666666666666)]"
georgia institute of technology college of engineering,,georgia institute of technology college of engineering,,,suggested,,"[('georgia institute of technology', 0.7294117647058823), ('indian institute of technology roorkee', 0.6739130434782609), ('florida institute of technology', 0.6588235294117647), ('indian institute of technology delhi', 0.6444444444444445), ('vellore institute of technology', 0.6352941176470588)]"
georgia tech and emory university,,georgia tech and emory university,,,suggested,,"[('georgia southern university', 0.7333333333333333), ('texas tech university', 0.6666666666666666), ('louisiana tech university', 0.6551724137931034), ('texas aandm university', 0.6545454545454545), ('florida atlantic university', 0.6333333333333333)]"
georgia tech university,,georgia tech university,,,suggested,,"[('georgia southern university', 0.84), ('texas tech university', 0.8181818181818182), ('louisiana tech university', 0.7916666666666666), ('earth university', 0.7692307692307693), ('memorial university', 0.7619047619047619)]"
gharda institute of technology lavel,,gharda institute of technology lavel,,,suggested,,"[('harbin institute of technology', 0.8181818181818182), ('georgia institute of technology', 0.8059701492537313), ('florida institute of technology', 0.8059701492537313), ('indian institute of technology delhi', 0.7777777777777778), ('chiba institute of technology', 0.8)]"
giv group,,giv group,,,suggested,,"[('inga group', 0.7368421052631579)]"
glaxosmithkline,,glaxosmithkline,,,unmapped,,[]
global manufacturing engineer iff,,global manufacturing engineer iff,,,unmapped,,[]
glycosyn llc,,glycosyn llc,,,unmapped,,[]
goeppert llc,,goeppert llc,,,unmapped,,[]
google,,google,,,unmapped,,[]
granutools,,granutools,,,unmapped,,[]
greenpack technologies,,greenpack technologies,,,suggested,,"[('freeman technology', 0.7), ('em ai technology', 0.631578947368421), ('aspen technology inc.', 0.6046511627906976)]"
gs engineering and construction corp,,gs engineering and construction corp,,,unmapped,,[]
gsk glaxo wellcome manufacturing pte ltd  1 pioneer  sector 1  singapore,,gsk glaxo wellcome manufacturing pte ltd  1 pioneer  sector 1  singapore,,,unmapped,,[]
gsk medicines research centre,,gsk medicines research centre,,,suggested,,"[('nasa glenn research center', 0.6545454545454545), ('ibm almaden research center', 0.6785714285714286)]"
gsk randd,,gsk randd,,,suggested,,"[('edf randd', 0.6666666666666666)]"
gti energy,,gti energy,,,suggested,,"[('feed energy', 0.6666666666666666)]"
guangzhou institute of energy conversion,,guangzhou institute of energy conversion,,,suggested,,"[('korea institute of energy technology', 0.6578947368421053), ('indian institute of technology ropar', 0.6052631578947368), ('indian institute of technology delhi', 0.6052631578947368), ('indian institute of technology bhu varanasi', 0.5783132530120482)]"
guangzhou institute of energy conversion  chinese academy of sciences,,guangzhou institute of energy conversion  chinese academy of sciences,,,unmapped,,[]
guild associates,,guild associates,,,suggested,,"[('gilead sciences', 0.6451612903225806)]"
gurobi optimization,,gurobi optimization,,,unmapped,,[]
gyeongsang national university,,gyeongsang national university,,,suggested,,"[('pukyong national university', 0.8421052631578947), ('pusan national university', 0.8363636363636363), ('kongju national university', 0.8214285714285714), ('kangwon national university', 0.8070175438596491), ('yokohama national university', 0.7931034482758621)]"
h quest vanguard  inc,,h quest vanguard  inc,,,unmapped,,[]
haleon plc,,haleon plc,,,unmapped,,[]
hamad bin khalifa university,,hamad bin khalifa university,,,suggested,,"[('khalifa university', 0.782608695652174), ('inha university', 0.6976744186046512), ('yokohama national university', 0.7142857142857143), ('yantai university', 0.6222222222222222), ('vanderbilt university', 0.6530612244897959)]"
hamad bin khalifa university  qatar foundation,,hamad bin khalifa university  qatar foundation,,,unmapped,,[]
hanyang university,,hanyang university,,,suggested,,"[('chang gung university', 0.8205128205128205), ('zhejiang university', 0.8108108108108109), ('yantai university', 0.8), ('nagoya university', 0.8), ('hongik university', 0.8)]"
harris lab at purdue university,,harris lab at purdue university,,,suggested,,"[('purdue university', 0.7083333333333334), ('harvard university', 0.6938775510204082), ('arizona state university', 0.6545454545454545), ('iowa state university', 0.6153846153846154), ('north carolina state university', 0.6129032258064516)]"
harvard college,,harvard college,,,suggested,,"[('augsburg college', 0.6451612903225806), ('lafayette college', 0.625), ('dartmouth college', 0.625)]"
harvard medical school,,harvard medical school,,,unmapped,,[]
harvard medical school - massachusetts general hospital,,harvard medical school - massachusetts general hospital,,,unmapped,,[]
harvard medical school brigham and women s hospital,,harvard medical school brigham and women s hospital,,,unmapped,,[]
harvey mudd college,,harvey mudd college,,,suggested,,"[('dartmouth college', 0.6666666666666666)]"
hbku core labs  hamad bin khalifa university,,hbku core labs  hamad bin khalifa university,,,unmapped,,[]
health research institute,,health research institute,,,suggested,,"[('paul scherrer institute', 0.625), ('rensselaer polytechnic institute', 0.631578947368421), ('the cyprus institute', 0.6666666666666666)]"
helical energy,,helical energy,,,suggested,,"[('feed energy', 0.64)]"
hemocleanse technologies  llc,,hemocleanse technologies  llc,,,suggested,,"[('aspen technology inc.', 0.56)]"
hiden isochema,,hiden isochema,,,unmapped,,[]
high performance materials institute  florida state university,,high performance materials institute  florida state university,,,suggested,,"[('virginia polytechnic institute and state university', 0.6548672566371682)]"
higher collages of technology,,higher collages of technology,,,suggested,,"[('vellore institute of technology', 0.6333333333333333), ('hamburg university of technology', 0.6229508196721312), ('em ai technology', 0.5333333333333333), ('izmir institute of technology', 0.6206896551724138), ('graz university of technology', 0.6206896551724138)]"
hiroshima university,,hiroshima university,,,suggested,,"[('ohio university', 0.8), ('inha university', 0.7428571428571429), ('rowan university', 0.7777777777777778), ('hoseo university', 0.7777777777777778), ('lehigh university', 0.7567567567567568)]"
hiroshima university at japan,,hiroshima university at japan,,,suggested,,"[('ohio university', 0.6363636363636364), ('inha university', 0.5909090909090909), ('rowan university', 0.6222222222222222), ('hoseo university', 0.6222222222222222), ('soka university of america', 0.5818181818181818)]"
hitachi energy germany ag,,hitachi energy germany ag,,,unmapped,,[]
hkust,,hkust,,,suggested,,"[('kaust', 0.8), ('kist', 0.6666666666666666), ('unist', 0.6)]"
ho chi minh city university of industry and trade,,ho chi minh city university of industry and trade,,,unmapped,,[]
honeywell,,honeywell,,,suggested,,"[('cornell', 0.625)]"
honeywell connected enterprise,,honeywell connected enterprise,,,unmapped,,[]
honeywell fmandt,,honeywell fmandt,,,unmapped,,[]
honeywell uop,,honeywell uop,,,unmapped,,[]
hope college,,hope college,,,suggested,,"[('lafayette college', 0.6206896551724138), ('dartmouth college', 0.6206896551724138)]"
houston methodist,,houston methodist,,,unmapped,,[]
hovione,,hovione,,,unmapped,,[]
hovione farmaciencia  s a,,hovione farmaciencia  s a,,,unmapped,,[]
hovione farmaciencia s a,,hovione farmaciencia s a,,,unmapped,,[]
hovione farmaciencia sa,,hovione farmaciencia sa,,,unmapped,,[]
hovione farmaciência,,hovione farmaciência,,,unmapped,,[]
hovione farmaciência s a,,hovione farmaciência s a,,,unmapped,,[]
hovione farmaciência sa,,hovione farmaciência sa,,,unmapped,,[]
howard hughes medical institute,,howard hughes medical institute,,,unmapped,,[]
human-centered sensing laboratory  eth zurich,,human-centered sensing laboratory  eth zurich,,,unmapped,,[]
ials consulting,,ials consulting,,,suggested,,"[('process consultant', 0.6060606060606061)]"
icahn school of medicine at mount sinai,,icahn school of medicine at mount sinai,,,unmapped,,[]
ifce,,ifce,,,suggested,,"[('aiche', 0.6666666666666666)]"
ifp energies nouvelles,,ifp energies nouvelles,,,unmapped,,[]
ifpen,,ifpen,,,suggested,,"[('riken', 0.6)]"
iit guwahati,,iit guwahati,,,unmapped,,[]
iit mumbai,,iit mumbai,,,suggested,,"[('iit madras', 0.6)]"
iit roorkee,,iit roorkee,,,unmapped,,[]
iit-jammu,,iit-jammu,,,unmapped,,[]
iitb,,iitb,,,unmapped,,[]
iith,,iith,,,unmapped,,[]
iitm,,iitm,,,suggested,,"[('instm', 0.6666666666666666)]"
illinois state geological survey,,illinois state geological survey,,,suggested,,"[('illinois state university', 0.6666666666666666)]"
illinois tech,,illinois tech,,,unmapped,,[]
ima life north america,,ima life north america,,,unmapped,,[]
imed ulisboa  faculty of pharmacy  university of lisbon,,imed ulisboa  faculty of pharmacy  university of lisbon,,,unmapped,,[]
imperial college london  south kensington,,imperial college london  south kensington,,,suggested,,"[('imperial college london', 0.71875), ('medical college of wisconsin', 0.5217391304347826)]"
independent researcher,,independent researcher,,,suggested,,"[('nasa glenn research center', 0.625), ('ibm almaden research center', 0.6122448979591837)]"
indian   institute of science education and research  bhopal,,indian   institute of science education and research  bhopal,,,suggested,,"[('srm institute of science and technology', 0.6262626262626263), ('indian institute of science', 0.6206896551724138), ('korea advanced institute of science and technology', 0.6181818181818182), ('korean institute science and technology', 0.6060606060606061)]"
indian institute of science education and research  bhopal,,indian institute of science education and research  bhopal,,,suggested,,"[('srm institute of science and technology', 0.6391752577319587), ('indian institute of science', 0.6352941176470588), ('korea advanced institute of science and technology', 0.6296296296296297), ('korean institute science and technology', 0.6185567010309279)]"
indian institute of technology kharagpur kharagpur,,indian institute of technology kharagpur kharagpur,,,suggested,,"[('indian institute of technology bhu varanasi', 0.7741935483870968), ('indian institute of technology roorkee', 0.7272727272727273), ('indian institute of technology ropar', 0.7674418604651163), ('indian institute of technology jammu', 0.7674418604651163), ('indian institute of technology delhi', 0.7441860465116279)]"
indian institute of technology roorkee  uttarakhand  india,,indian institute of technology roorkee  uttarakhand  india,,,suggested,,"[('indian institute of technology roorkee', 0.7916666666666666), ('indian institute of technology ropar', 0.7446808510638298), ('indian institute of technology guwahati', 0.7422680412371134), ('indian institute of technology bhu varanasi', 0.7326732673267327), ('indian institute of technology delhi', 0.723404255319149)]"
indian oil corporation ltd  randd centre,,indian oil corporation ltd  randd centre,,,unmapped,,[]
industrial technology research institute,,industrial technology research institute,,,unmapped,,[]
infineum uk ltd,,infineum uk ltd,,,unmapped,,[]
ingredion incorporated,,ingredion incorporated,,,suggested,,"[('eaton corporation', 0.6153846153846154), ('evonik corporation', 0.6)]"
innovation center - abu dhabi  siemens energy llc,,innovation center - abu dhabi  siemens energy llc,,,unmapped,,[]
innovation center - orlando  siemens energy inc,,innovation center - orlando  siemens energy inc,,,unmapped,,[]
institut charles gerhardt montpellier  université de montpellier  cnrs  enscm 34293,,institut charles gerhardt montpellier  université de montpellier  cnrs  enscm 34293,,,unmapped,,[]
institut cochin  inserm,,institut cochin  inserm,,,unmapped,,[]
institut des matériaux poreux de paris  ecole normale supérieure de paris  espci paris  cnrs  psl university,,institut des matériaux poreux de paris  ecole normale supérieure de paris  espci paris  cnrs  psl university,,,unmapped,,[]
institut des matériaux poreux de paris  espci paris  ecole normale supérieure  cnrs  psl university  75005,,institut des matériaux poreux de paris  espci paris  ecole normale supérieure  cnrs  psl university  75005,,,unmapped,,[]
institute for a sustainable hydrogen economy   forschungszentrum jülich,,institute for a sustainable hydrogen economy   forschungszentrum jülich,,,unmapped,,[]
institute for basic science,,institute for basic science,,,suggested,,"[('institute of science tokyo', 0.7169811320754716), ('indian institute of science', 0.7037037037037037)]"
institute for biomedical engineering and institute of pharmacology and toxicology,,institute for biomedical engineering and institute of pharmacology and toxicology,,,unmapped,,[]
institute for carbon management,,institute for carbon management,,,unmapped,,[]
institute for chemical technology and polymer chemistry  karlsruhe institute of technology,,institute for chemical technology and polymer chemistry  karlsruhe institute of technology,,,unmapped,,[]
institute for energy and materials  universidad san francisco de quito usfq,,institute for energy and materials  universidad san francisco de quito usfq,,,suggested,,"[('universidad san francisco de quito', 0.6238532110091743)]"
institute for lasers  photonics and biophotonics  university at buffalo,,institute for lasers  photonics and biophotonics  university at buffalo,,,unmapped,,[]
institute for protein design,,institute for protein design,,,unmapped,,[]
institute for regenerative medicine  wake forest school of medicine,,institute for regenerative medicine  wake forest school of medicine,,,suggested,,"[('wake forest school of medicine', 0.6185567010309279)]"
institute for sustainability and circular economy  texas tech university,,institute for sustainability and circular economy  texas tech university,,,unmapped,,[]
institute for sustainable materials and manufacturing,,institute for sustainable materials and manufacturing,,,unmapped,,[]
institute for the development of energy for african sustainability,,institute for the development of energy for african sustainability,,,unmapped,,[]
institute of applied biosciences  centre for research and technology hellas  thessaloniki  greece,,institute of applied biosciences  centre for research and technology hellas  thessaloniki  greece,,,unmapped,,[]
institute of automation and control  graz university of technology,,institute of automation and control  graz university of technology,,,suggested,,"[('national university of technology', 0.6666666666666666), ('south china university of technology', 0.5490196078431373), ('graz university of technology', 0.6105263157894737), ('eindhoven university of technology', 0.58), ('clausthal university of technology', 0.58)]"
institute of automation and control  tu graz,,institute of automation and control  tu graz,,,unmapped,,[]
institute of biotechnology and genetic engineering  chulalongkorn university,,institute of biotechnology and genetic engineering  chulalongkorn university,,,unmapped,,[]
institute of chemical process systems engineering  school of chemical engineering,,institute of chemical process systems engineering  school of chemical engineering,,,unmapped,,[]
institute of chemical research of catalonia,,institute of chemical research of catalonia,,,suggested,,"[('institute of chemical technology mumbai', 0.7073170731707317), ('tata institute of fundamental research', 0.6172839506172839), ('vtt technical research centre of finland', 0.6024096385542169)]"
institute of hydrodynamics of the cas,,institute of hydrodynamics of the cas,,,unmapped,,[]
institute of macromolecular compounds of the russian academy of sciences,,institute of macromolecular compounds of the russian academy of sciences,,,unmapped,,[]
institute of particle technology,,institute of particle technology,,,suggested,,"[('institute of chemical technology mumbai', 0.7605633802816901), ('tokyo institute of technology', 0.7540983606557377), ('kyoto institute of technology', 0.7540983606557377), ('izmir institute of technology', 0.7540983606557377), ('chiba institute of technology', 0.7540983606557377)]"
institute of separation science and technology  friedrich-alexander-university erlangen-nürnberg,,institute of separation science and technology  friedrich-alexander-university erlangen-nürnberg,,,suggested,,"[('friedrich-alexander-universität erlangen-nürnberg', 0.6482758620689655)]"
institute of separation science and technology  university erlangen-nürnberg  de,,institute of separation science and technology  university erlangen-nürnberg  de,,,unmapped,,[]
institute of sustainability for chemicals  energy and environment,,institute of sustainability for chemicals  energy and environment,,,unmapped,,[]
institute of technical and macromolecular chemistry   rwth aachen university,,institute of technical and macromolecular chemistry   rwth aachen university,,,unmapped,,[]
institute of zhejiang university-quzhou,,institute of zhejiang university-quzhou,,,suggested,,"[('zhejiang university', 0.6551724137931034), ('xian jiaotong university', 0.6031746031746031)]"
institution los alamos national laboratory,,institution los alamos national laboratory,,,suggested,,"[('los alamos national laboratory', 0.8333333333333334), ('idaho national laboratory', 0.6567164179104478), ('brookhaven national laboratory', 0.5833333333333334), ('argonne national laboratory', 0.6376811594202898), ('sandia national laboratories', 0.6)]"
instituto de ciencias aplicadas y tecnología,,instituto de ciencias aplicadas y tecnología,,,suggested,,"[('srm institute of science and technology', 0.6506024096385542), ('korean institute science and technology', 0.6506024096385542)]"
instituto de desarrollo tecnológico para la industria química  intec,,instituto de desarrollo tecnológico para la industria química  intec,,,unmapped,,[]
instituto de investigaciones biomédicas  unam,,instituto de investigaciones biomédicas  unam,,,suggested,,"[('consejo superior de investigaciones científicas', 0.6304347826086957)]"
instituto de investigaciones biomédicas  universidad nacional autónoma de méxico,,instituto de investigaciones biomédicas  universidad nacional autónoma de méxico,,,unmapped,,[]
instituto de química de são carlos universidade de são paulo,,instituto de química de são carlos universidade de são paulo,,,unmapped,,[]
instituto de tecnología química  universitat politècnica de valència-consejo superior de investigaciones científicas,,instituto de tecnología química  universitat politècnica de valència-consejo superior de investigaciones científicas,,,unmapped,,[]
instituto polite cnico nacional,,instituto polite cnico nacional,,,unmapped,,[]
instituto politecnico nacional,,instituto politecnico nacional,,,unmapped,,[]
instituto politecnico nacional-esiqie,,instituto politecnico nacional-esiqie,,,unmapped,,[]
instituto politécnico nacional,,instituto politécnico nacional,,,unmapped,,[]
instituto superior técnico  universidade de lisboa,,instituto superior técnico  universidade de lisboa,,,suggested,,"[('universidade de lisboa', 0.6111111111111112)]"
instituto tecnológico de aguascalientes,,instituto tecnológico de aguascalientes,,,unmapped,,[]
intec,,intec,,,suggested,,"[('sinopec', 0.6666666666666666), ('imec', 0.6666666666666666), ('linde', 0.6), ('instm', 0.6)]"
interdisciplinary research center for membranes and water security  king fahd university of petroleum and minerals,,interdisciplinary research center for membranes and water security  king fahd university of petroleum and minerals,,,unmapped,,[]
international institute for nanotechnology,,international institute for nanotechnology,,,suggested,,"[('technion israel institute of technology', 0.7654320987654321), ('national institute of standards and technology', 0.75), ('kth royal institute of technology', 0.7466666666666667), ('visvesvaraya national institute of technology nagpur', 0.723404255319149), ('georgia institute of technology', 0.684931506849315)]"
international maritime college oman,,international maritime college oman,,,unmapped,,[]
international maritime college oman  curtin uni,,international maritime college oman  curtin uni,,,unmapped,,[]
ionomr innovations inc,,ionomr innovations inc,,,unmapped,,[]
iran university of medical science,,iran university of medical science,,,suggested,,"[('university of maine', 0.6037735849056604), ('university of texas medical branch', 0.7058823529411765), ('the university of maine', 0.5964912280701754), ('soka university of america', 0.7), ('university of miami', 0.6792452830188679)]"
iran university of medical sciences,,iran university of medical sciences,,,suggested,,"[('university of maine', 0.5925925925925926), ('university of texas medical branch', 0.6956521739130435), ('the university of maine', 0.5862068965517241), ('soka university of america', 0.6885245901639344), ('washington university school of medicine', 0.64)]"
isgs,,isgs,,,unmapped,,[]
isis neutron and muon source,,isis neutron and muon source,,,unmapped,,[]
iso iec joint technical committee - quantum technologies,,iso iec joint technical committee - quantum technologies,,,unmapped,,[]
israel institute of technology technion,,israel institute of technology technion,,,suggested,,"[('indian institute of technology delhi', 0.8), ('technion israel institute of technology', 0.7692307692307693), ('izmir institute of technology', 0.7647058823529411), ('chiba institute of technology', 0.7647058823529411), ('kth royal institute of technology', 0.75)]"
it power australia,,it power australia,,,unmapped,,[]
itq,,itq,,,unmapped,,[]
jacobs technology inc,,jacobs technology inc,,,suggested,,"[('aspen technology inc.', 0.8095238095238095), ('em ai technology', 0.6486486486486487), ('shell technology center', 0.6363636363636364), ('freeman technology', 0.6153846153846154)]"
jfe steel corporation,,jfe steel corporation,,,suggested,,"[('eaton corporation', 0.7368421052631579), ('basf corporation', 0.7027027027027027), ('evonik corporation', 0.6666666666666666)]"
jhu,,jhu,,,unmapped,,[]
john house consulting services,,john house consulting services,,,unmapped,,[]
johns hopkins applied physics laboratory,,johns hopkins applied physics laboratory,,,suggested,,"[('johns hopkins university', 0.625)]"
johns hopkins bloomberg school of public health,,johns hopkins bloomberg school of public health,,,unmapped,,[]
johns hopkins school of medicine,,johns hopkins school of medicine,,,suggested,,"[('wake forest school of medicine', 0.6774193548387096), ('washington university school of medicine', 0.6388888888888888), ('penn state college of medicine', 0.6129032258064516)]"
johns hopkins university applied physics laboratory,,johns hopkins university applied physics laboratory,,,suggested,,"[('johns hopkins university', 0.64)]"
johns hopkins university school of medicine,,johns hopkins university school of medicine,,,suggested,,"[('washington university school of medicine', 0.7951807228915663), ('johns hopkins university', 0.7164179104477612), ('wake forest school of medicine', 0.6027397260273972), ('soka university of america', 0.6086956521739131), ('the university of maine', 0.6060606060606061)]"
johnson matthey technology centre,,johnson matthey technology centre,,,suggested,,"[('shell technology center', 0.7142857142857143), ('johnson matthey', 0.625)]"
johnson screens  inc,,johnson screens  inc,,,unmapped,,[]
joint bioenergy institute,,joint bioenergy institute,,,unmapped,,[]
joint bioenergy institute  emeryville  ca 94608 and sandia national laboratories  livermore  ca,,joint bioenergy institute  emeryville  ca 94608 and sandia national laboratories  livermore  ca,,,unmapped,,[]
joint center for energy storage research,,joint center for energy storage research,,,unmapped,,[]
joint school of nanoscience and nanoengineering  nc aandt state university,,joint school of nanoscience and nanoengineering  nc aandt state university,,,unmapped,,[]
jsol corporation,,jsol corporation,,,suggested,,"[('basf corporation', 0.8125), ('eaton corporation', 0.7878787878787878), ('evonik corporation', 0.7647058823529411)]"
kanagawa academy of science and technology,,kanagawa academy of science and technology,,,suggested,,"[('pohang university of science and technology', 0.7529411764705882), ('university of science and technology', 0.7435897435897436), ('east china university of science and technology', 0.7191011235955056), ('norwegian university of science and technology', 0.7045454545454546), ('hong kong university of science and technology', 0.7272727272727273)]"
kaneka corporation,,kaneka corporation,,,suggested,,"[('eaton corporation', 0.8), ('evonik corporation', 0.7222222222222222), ('basf corporation', 0.7647058823529411)]"
kangwon national university  samcheok campus,,kangwon national university  samcheok campus,,,suggested,,"[('kangwon national university', 0.7605633802816901), ('hankyong national university', 0.6666666666666666), ('kyungpook national university', 0.6575342465753424), ('kongju national university', 0.6571428571428571), ('pukyong national university', 0.647887323943662)]"
kansas university medical center,,kansas university medical center,,,suggested,,"[('university of mississippi medical center', 0.6944444444444444), ('soka university of america', 0.6551724137931034), ('university of connecticut health center', 0.647887323943662), ('university of rochester', 0.5454545454545454), ('kansas state university', 0.6181818181818182)]"
karolinska institutet,,karolinska institutet,,,unmapped,,[]
kbc advanced technologies inc,,kbc advanced technologies inc,,,suggested,,"[('aspen technology inc.', 0.64)]"
kbr inc,,kbr inc,,,unmapped,,[]
kenexis,,kenexis,,,unmapped,,[]
key laboratory of coal gasification and energy chemical engineering of ministry of education  shanghai engineering research center of coal gasification  east china university of science and technology,,key laboratory of coal gasification and energy chemical engineering of ministry of education  shanghai engineering research center of coal gasification  east china university of science and technology,,,unmapped,,[]
key laboratory of functional inorganic materials chemistry   ministry of education  school of chemistry and materials science  international joint research center and lab for catalytic technology  harbin 150080  pr china,,key laboratory of functional inorganic materials chemistry   ministry of education  school of chemistry and materials science  international joint research center and lab for catalytic technology  harbin 150080  pr china,,,unmapped,,[]
kfupm,,kfupm,,,unmapped,,[]
king abdullah university of science and technology,,king abdullah university of science and technology,,,suggested,,"[('pohang university of science and technology', 0.8387096774193549), ('university of science and technology', 0.8372093023255814), ('norwegian university of science and technology', 0.8125), ('hong kong university of science and technology', 0.8333333333333334), ('hebei university of science and technology', 0.8260869565217391)]"
king khalid university,,king khalid university,,,suggested,,"[('inha university', 0.8108108108108109), ('tunghai university', 0.8), ('khalifa university', 0.8), ('tsinghua university', 0.7804878048780488), ('miami university', 0.7368421052631579)]"
king s college london,,king s college london,,,suggested,,"[('imperial college london', 0.7272727272727273)]"
king saud bin abdulaziz university for health sciences  and king abdullah international medical research center  ministry of national guard health affairs,,king saud bin abdulaziz university for health sciences  and king abdullah international medical research center  ministry of national guard health affairs,,,unmapped,,[]
kinga abdullah university of science and technology,,kinga abdullah university of science and technology,,,suggested,,"[('pohang university of science and technology', 0.8297872340425532), ('university of science and technology', 0.8275862068965517), ('norwegian university of science and technology', 0.8041237113402062), ('hong kong university of science and technology', 0.8247422680412371), ('hebei university of science and technology', 0.8172043010752689)]"
kitech,,kitech,,,suggested,,"[('koreatech', 0.6666666666666666), ('kist', 0.6), ('imec', 0.6)]"
koch institute for integrative cancer research,,koch institute for integrative cancer research,,,unmapped,,[]
kookmin university,,kookmin university,,,suggested,,"[('koc university', 0.8125), ('tohoku university', 0.8), ('ohio university', 0.7878787878787878), ('inha university', 0.7878787878787878), ('old dominion university', 0.7804878048780488)]"
korea institute of energy research,,korea institute of energy research,,,suggested,,"[('korea institute of energy technology', 0.8285714285714286), ('tata institute of fundamental research', 0.7222222222222222), ('indian institute of technology ropar', 0.6571428571428571), ('korea institute of industrial technology', 0.6216216216216216), ('korean institute science and technology', 0.5753424657534246)]"
korea institute of science and technology  korea university,,korea institute of science and technology  korea university,,,suggested,,"[('korean institute science and technology', 0.7755102040816326), ('srm institute of science and technology', 0.7551020408163265), ('korea advanced institute of science and technology', 0.7522935779816514), ('korea institute of energy technology', 0.6947368421052632), ('korea institute of industrial technology', 0.6666666666666666)]"
korea research institute of chemical technology,,korea research institute of chemical technology,,,suggested,,"[('korea advanced institute of science and technology', 0.7422680412371134), ('korea institute of industrial technology', 0.7586206896551724), ('korea institute of energy technology', 0.7469879518072289), ('institute of chemical technology mumbai', 0.7441860465116279), ('srm institute of science and technology', 0.6976744186046512)]"
kpv lab edinburgh ltd,,kpv lab edinburgh ltd,,,unmapped,,[]
krict,,krict,,,suggested,,"[('kist', 0.6666666666666666)]"
kwangwoon university,,kwangwoon university,,,suggested,,"[('kangwon national university', 0.8085106382978723), ('rowan university', 0.7777777777777778), ('nihon university', 0.7777777777777778), ('maynooth university', 0.7692307692307693), ('kumamoto university', 0.7692307692307693)]"
kyung hee university,,kyung hee university,,,suggested,,"[('kyushu university', 0.8108108108108109), ('tunghai university', 0.7894736842105263), ('ghent university', 0.7777777777777778), ('yeungnam university', 0.7692307692307693), ('tuskegee university', 0.7692307692307693)]"
laboratoire réactions et génie des procédés  université de lorraine  cnrs,,laboratoire réactions et génie des procédés  université de lorraine  cnrs,,,unmapped,,[]
laboratory for chemical technology,,laboratory for chemical technology,,,suggested,,"[('beijing university of chemical technology', 0.6933333333333334), ('institute of chemical technology mumbai', 0.6027397260273972), ('freeman technology', 0.5769230769230769), ('university of science and technology', 0.6)]"
laboratory for chemical technology  ghent university,,laboratory for chemical technology  ghent university,,,unmapped,,[]
laboratory for laser energetics,,laboratory for laser energetics,,,unmapped,,[]
laboratório associado para a sustentabilidade e tecnologia em regiões de montanha   instituto politécnico de bragança  campus de santa apolónia  5300-253,,laboratório associado para a sustentabilidade e tecnologia em regiões de montanha   instituto politécnico de bragança  campus de santa apolónia  5300-253,,,unmapped,,[]
lakril technologies corporation,,lakril technologies corporation,,,suggested,,"[('evonik corporation', 0.5306122448979592)]"
lam research corporation,,lam research corporation,,,suggested,,"[('basf corporation', 0.7), ('eaton corporation', 0.6829268292682927), ('army research lab', 0.6341463414634146), ('evonik corporation', 0.6190476190476191)]"
lamar university university of louisville,,lamar university university of louisville,,,suggested,,"[('university of louisville', 0.7384615384615385), ('aristotle university of thessaloniki', 0.5974025974025974), ('american university of beirut', 0.6)]"
lawrence berkeley national lab,,lawrence berkeley national lab,,,unmapped,,[]
lawrence berkeley national laboratory,,lawrence berkeley national laboratory,,,suggested,,"[('argonne national laboratory', 0.71875), ('savannah river national laboratory', 0.676056338028169), ('oak ridge national laboratory', 0.696969696969697), ('brookhaven national laboratory', 0.6865671641791045), ('idaho national laboratory', 0.6774193548387096)]"
lawrence livermore national lab,,lawrence livermore national lab,,,suggested,,"[('savannah river national laboratory', 0.5846153846153846)]"
lawrence livermore national laboratory,,lawrence livermore national laboratory,,,suggested,,"[('savannah river national laboratory', 0.7222222222222222), ('argonne national laboratory', 0.7384615384615385), ('los alamos national laboratory', 0.7058823529411765), ('idaho national laboratory', 0.6984126984126984), ('pacific northwest national laboratory', 0.6666666666666666)]"
lbnl,,lbnl,,,suggested,,"[('lanl', 0.75)]"
lehman college  the city university of new york,,lehman college  the city university of new york,,,suggested,,"[('columbia university in the city of new york', 0.6)]"
leibniz institute of polymer research and tu dresden,,leibniz institute of polymer research and tu dresden,,,unmapped,,[]
leidos inc,,leidos inc,,,suggested,,"[('dow inc.', 0.6666666666666666)]"
leidos research support team,,leidos research support team,,,unmapped,,[]
leidos research support team - us doe netl,,leidos research support team - us doe netl,,,unmapped,,[]
lelantos inc,,lelantos inc,,,unmapped,,[]
levich institute  city college of new york,,levich institute  city college of new york,,,unmapped,,[]
lewis-sigler institute for integrative genomics,,lewis-sigler institute for integrative genomics,,,unmapped,,[]
liangzhu laboratory  zhejiang university,,liangzhu laboratory  zhejiang university,,,suggested,,"[('zhejiang university', 0.6440677966101694), ('xian jiaotong university', 0.625)]"
licensing and professional development,,licensing and professional development,,,unmapped,,[]
linde gmbh  linde engineering,,linde gmbh  linde engineering,,,unmapped,,[]
linde plc,,linde plc,,,suggested,,"[('linde', 0.7142857142857143)]"
liquid sunlight alliance,,liquid sunlight alliance,,,unmapped,,[]
lisn cnrs,,lisn cnrs,,,unmapped,,[]
long beach city college,,long beach city college,,,unmapped,,[]
loyola university chicago,,loyola university chicago,,,suggested,,"[('soka university of america', 0.6666666666666666), ('nagoya university', 0.6666666666666666), ('university of illinois chicago', 0.6545454545454545), ('oakland university', 0.6511627906976745), ('ohio university', 0.65)]"
lparadis lbl gov,,lparadis lbl gov,,,unmapped,,[]
lsre-lcm - faculty of engineering of university of porto,,lsre-lcm - faculty of engineering of university of porto,,,unmapped,,[]
lubrizol advanced materials europe bvba,,lubrizol advanced materials europe bvba,,,suggested,,"[('lubrizol advanced materials', 0.8181818181818182)]"
lysis consulting p c,,lysis consulting p c,,,unmapped,,[]
m-star cfd,,m-star cfd,,,unmapped,,[]
m-star simulations,,m-star simulations,,,suggested,,"[('synt solutions', 0.625)]"
macdiarmid institute for advanced materials and nanotechnology,,macdiarmid institute for advanced materials and nanotechnology,,,suggested,,"[('national institute of standards and technology', 0.6851851851851852), ('srm institute of science and technology', 0.6534653465346535), ('korea institute of industrial technology', 0.6078431372549019)]"
mainstream engineering corporation,,mainstream engineering corporation,,,unmapped,,[]
malaysia-japan international institute of technology  universiti teknologi malaysia,,malaysia-japan international institute of technology  universiti teknologi malaysia,,,unmapped,,[]
mantisonix ltd,,mantisonix ltd,,,unmapped,,[]
mario negri institute for pharmacological research,,mario negri institute for pharmacological research,,,suggested,,"[('tata institute of fundamental research', 0.6136363636363636)]"
mars  inc,,mars  inc,,,suggested,,"[('mars, inc.', 0.8421052631578947), ('css inc', 0.625), ('mayo clinic', 0.6)]"
massachusets institute of technology,,massachusets institute of technology,,,suggested,,"[('karlsruhe institute of technology', 0.8115942028985508), ('caltech institute of technology', 0.8059701492537313), ('chiba institute of technology', 0.8), ('tokyo institute of technology', 0.7692307692307693), ('kyoto institute of technology', 0.7692307692307693)]"
massachusetts general hospital,,massachusetts general hospital,,,unmapped,,[]
massachusetts institue of technology,,massachusetts institue of technology,,,suggested,,"[('karlsruhe institute of technology', 0.782608695652174), ('caltech institute of technology', 0.7761194029850746), ('chiba institute of technology', 0.7692307692307693), ('tokyo institute of technology', 0.7384615384615385), ('kyoto institute of technology', 0.7384615384615385)]"
massachusetts institute of technology,,massachusetts institute of technology,,,suggested,,"[('karlsruhe institute of technology', 0.8), ('caltech institute of technology', 0.7941176470588235), ('chiba institute of technology', 0.7878787878787878), ('tokyo institute of technology', 0.7575757575757576), ('kyoto institute of technology', 0.7575757575757576)]"
massachusetts institute of technology and arizona,,massachusetts institute of technology and arizona,,,suggested,,"[('karlsruhe institute of technology', 0.6829268292682927), ('caltech institute of technology', 0.675), ('indian institute of technology bhu varanasi', 0.6521739130434783), ('chiba institute of technology', 0.6666666666666666), ('indian institute of technology guwahati', 0.6590909090909091)]"
massachusetts institute of thechnology,,massachusetts institute of thechnology,,,suggested,,"[('karlsruhe institute of technology', 0.7887323943661971), ('caltech institute of technology', 0.782608695652174), ('chiba institute of technology', 0.7761194029850746), ('tokyo institute of technology', 0.746268656716418), ('kyoto institute of technology', 0.746268656716418)]"
material flow solutions  inc,,material flow solutions  inc,,,unmapped,,[]
materials science and engineering  georgia institute of technology,,materials science and engineering  georgia institute of technology,,,suggested,,"[('georgia institute of technology', 0.6391752577319587), ('technion israel institute of technology', 0.5523809523809524), ('karlsruhe institute of technology', 0.5858585858585859), ('siddaganga institute of technology', 0.58)]"
matmerize,,matmerize,,,unmapped,,[]
matrix sensors  inc,,matrix sensors  inc,,,unmapped,,[]
max planck institute for dynamics of complex technical system,,max planck institute for dynamics of complex technical system,,,unmapped,,[]
max planck institute for dynamics of complex technical systems,,max planck institute for dynamics of complex technical systems,,,unmapped,,[]
max planck institute for dynamics of complex technical systems  process systems engineering,,max planck institute for dynamics of complex technical systems  process systems engineering,,,unmapped,,[]
max-planck institute of colloids and interfaces,,max-planck institute of colloids and interfaces,,,unmapped,,[]
max-planck-institut fur dynamik komplexer technischer systeme,,max-planck-institut fur dynamik komplexer technischer systeme,,,unmapped,,[]
max-planck-institute for dynamics of complex technical systems,,max-planck-institute for dynamics of complex technical systems,,,unmapped,,[]
mcketta department of chemical engineering  the university of texas at austin,,mcketta department of chemical engineering  the university of texas at austin,,,unmapped,,[]
md anderson cancer center,,md anderson cancer center,,,unmapped,,[]
mdn,,mdn,,,unmapped,,[]
media and process technology inc,,media and process technology inc,,,suggested,,"[('aspen technology inc.', 0.6415094339622641)]"
meltprep,,meltprep,,,unmapped,,[]
memorial sloan kettering cancer center,,memorial sloan kettering cancer center,,,unmapped,,[]
memorial sloan-kettering cancer center,,memorial sloan-kettering cancer center,,,unmapped,,[]
merck and co   inc   rahway  nj  usa,,merck and co   inc   rahway  nj  usa,,,unmapped,,[]
merlyn emergence,,merlyn emergence,,,unmapped,,[]
mexican institute of petroleum,,mexican institute of petroleum,,,suggested,,"[('indian institute of science', 0.6666666666666666), ('georgia institute of technology', 0.6557377049180327), ('china university of petroleum', 0.6440677966101694), ('chiba institute of technology', 0.6440677966101694), ('indian institute of technology jammu', 0.6363636363636364)]"
mezzo technologies,,mezzo technologies,,,suggested,,"[('em ai technology', 0.6470588235294118), ('aspen technology inc.', 0.6153846153846154), ('freeman technology', 0.6111111111111112)]"
mic monitor  llc,,mic monitor  llc,,,unmapped,,[]
microinnova engineering gmbh,,microinnova engineering gmbh,,,unmapped,,[]
micromeritics instrument corp,,micromeritics instrument corp,,,unmapped,,[]
microsoft research,,microsoft research,,,suggested,,"[('chevron research', 0.7058823529411765), ('ibm research uk', 0.6060606060606061)]"
mid-atlantic technology  research and innovation center,,mid-atlantic technology  research and innovation center,,,unmapped,,[]
middle east technical university,,middle east technical university,,,suggested,,"[('michigan technological university', 0.7384615384615385), ('texas tech university', 0.7169811320754716), ('nanyang technological university', 0.6875), ('boise state university', 0.6666666666666666), ('national technical university of athens', 0.647887323943662)]"
military university nueva granada,,military university nueva granada,,,unmapped,,[]
millipore sigma,,millipore sigma,,,unmapped,,[]
milliporesigma,,milliporesigma,,,unmapped,,[]
ming chi university of technology,,ming chi university of technology,,,suggested,,"[('dalian university of technology', 0.84375), ('south china university of technology', 0.8405797101449275), ('graz university of technology', 0.8387096774193549), ('eindhoven university of technology', 0.835820895522388), ('amirkabir university of technology', 0.835820895522388)]"
minnesota state university at mankato,,minnesota state university at mankato,,,suggested,,"[('iowa state university', 0.6896551724137931), ('montana state university', 0.6885245901639344), ('montana state university-northern', 0.6571428571428571), ('south ural state university', 0.65625), ('wichita state university', 0.6557377049180327)]"
mission possible partnership,,mission possible partnership,,,unmapped,,[]
mit department of mechanical engineering,,mit department of mechanical engineering,,,suggested,,"[('u.s. department of energy', 0.6153846153846154)]"
mit energy initiative,,mit energy initiative,,,unmapped,,[]
mit energy initiative  massachusetts institute of technology,,mit energy initiative  massachusetts institute of technology,,,suggested,,"[('new jersey institute of technology', 0.6170212765957447), ('georgia institute of technology', 0.6373626373626373), ('caltech institute of technology', 0.6153846153846154), ('visvesvaraya national institute of technology nagpur', 0.5535714285714286), ('izmir institute of technology', 0.6067415730337079)]"
mitsubishi electric research laboratories,,mitsubishi electric research laboratories,,,unmapped,,[]
moffitt cancer center,,moffitt cancer center,,,unmapped,,[]
mohammed vi polytechnic university,,mohammed vi polytechnic university,,,suggested,,"[('hampton university', 0.6538461538461539), ('michigan technological university', 0.6567164179104478), ('texas tech university', 0.6181818181818182), ('semmelweis university', 0.5454545454545454), ('california state polytechnic university, pomona', 0.6419753086419753)]"
monash university,,monash university,,,suggested,,"[('ohio university', 0.8125), ('inha university', 0.8125), ('masaryk university', 0.8), ('hampton university', 0.8), ('clemson university', 0.8)]"
mondelez international,,mondelez international,,,unmapped,,[]
mork family department of chemical engineering and materials science  university of southern california,,mork family department of chemical engineering and materials science  university of southern california,,,unmapped,,[]
mork family department of chemical engineering and materials science  university of southern california  los angeles  ca,,mork family department of chemical engineering and materials science  university of southern california  los angeles  ca,,,unmapped,,[]
msd czech republic,,msd czech republic,,,unmapped,,[]
mstar cfd,,mstar cfd,,,unmapped,,[]
msu,,msu,,,suggested,,"[('bms', 0.6666666666666666)]"
naias labs,,naias labs,,,suggested,,"[('national lab', 0.7272727272727273)]"
naieel technology,,naieel technology,,,suggested,,"[('em ai technology', 0.7878787878787878), ('freeman technology', 0.7428571428571429), ('aspen technology inc.', 0.631578947368421), ('shell technology center', 0.65), ('syntegon technology gmbh', 0.6341463414634146)]"
nanoparticle systems engineering laboratory,,nanoparticle systems engineering laboratory,,,unmapped,,[]
nanoparticle systems engineering laboratory  institute of energy and process engineering  department of mechanical and process engineering  eth zurich,,nanoparticle systems engineering laboratory  institute of energy and process engineering  department of mechanical and process engineering  eth zurich,,,unmapped,,[]
nasa ames research center - kbr  inc,,nasa ames research center - kbr  inc,,,suggested,,"[('nasa glenn research center', 0.7096774193548387), ('ibm almaden research center', 0.6349206349206349)]"
nasa marshall space flight center,,nasa marshall space flight center,,,unmapped,,[]
national academies,,national academies,,,suggested,,"[('national lab', 0.6666666666666666), ('national academy of sciences of ukraine', 0.631578947368421), ('sandia national laboratories', 0.6086956521739131)]"
national energy technology lab,,national energy technology lab,,,suggested,,"[('national university of technology', 0.7619047619047619), ('korea institute of energy technology', 0.6666666666666666), ('syntegon technology gmbh', 0.6296296296296297), ('clausthal university of technology', 0.625), ('poznan university of technology', 0.5573770491803278)]"
national energy technology laboratory,,national energy technology laboratory,,,suggested,,"[('national renewable energy laboratory', 0.7123287671232876), ('national chemical laboratory', 0.7076923076923077), ('national university of technology', 0.6857142857142857), ('idaho national laboratory', 0.6129032258064516), ('korea institute of energy technology', 0.6027397260273972)]"
national energy technology laboratory  u s  department of energy,,national energy technology laboratory  u s  department of energy,,,unmapped,,[]
national energy technology laboratory lrst,,national energy technology laboratory lrst,,,suggested,,"[('national renewable energy laboratory', 0.6666666666666666), ('national chemical laboratory', 0.6571428571428571), ('national university of technology', 0.64)]"
national energy technology laboratory netl support contractor,,national energy technology laboratory netl support contractor,,,unmapped,,[]
national energy technology laboratory support contractor,,national energy technology laboratory support contractor,,,unmapped,,[]
national fuel cell research center,,national fuel cell research center,,,suggested,,"[('nasa glenn research center', 0.6333333333333333), ('national research council cnr', 0.6666666666666666), ('ibm almaden research center', 0.6557377049180327)]"
national institute for communicable diseases,,national institute for communicable diseases,,,suggested,,"[('national institute for public health and the environment', 0.64)]"
national institute of advanced industrial science and technology,,national institute of advanced industrial science and technology,,,suggested,,"[('national institute of standards and technology', 0.7636363636363637), ('korea institute of industrial technology', 0.6923076923076923), ('srm institute of science and technology', 0.6990291262135923), ('korean institute science and technology', 0.6601941747572816), ('korea advanced institute of science and technology', 0.6491228070175439)]"
national institute of chemistry,,national institute of chemistry,,,suggested,,"[('national institutes of health', 0.8333333333333334), ('national institute of standards and technology', 0.6493506493506493), ('technion israel institute of technology', 0.6571428571428571), ('kth royal institute of technology', 0.65625), ('harbin institute of technology', 0.5901639344262295)]"
national institute of safety and health at work,,national institute of safety and health at work,,,suggested,,"[('national institutes of health', 0.7368421052631579), ('national institute of standards and technology', 0.6881720430107527), ('national institute for public health and the environment', 0.6407766990291263)]"
national institute of standards and technology  brookhaven national laboratory,,national institute of standards and technology  brookhaven national laboratory,,,suggested,,"[('national institute of standards and technology', 0.7419354838709677)]"
national institute of standards and technology center for neutron research,,national institute of standards and technology center for neutron research,,,suggested,,"[('national institute of standards and technology', 0.7666666666666667)]"
national institute of technology  numazu college,,national institute of technology  numazu college,,,suggested,,"[('indian institute of technology roorkee', 0.7209302325581395), ('visvesvaraya national institute of technology nagpur', 0.7), ('indian institute of technology jammu', 0.6904761904761905), ('harbin institute of technology', 0.6410256410256411), ('kth royal institute of technology', 0.691358024691358)]"
national laboratory astana  nazarbayev university,,national laboratory astana  nazarbayev university,,,suggested,,"[('national taiwan university', 0.6133333333333333)]"
national tsing hua university,,national tsing hua university,,,suggested,,"[('national cheng kung university', 0.8135593220338984), ('national taiwan university', 0.8363636363636363), ('tsinghua university', 0.7916666666666666), ('national yang ming chiao tung university', 0.7536231884057971), ('arizona state university', 0.7169811320754716)]"
national university of colombia or purdue university,,national university of colombia or purdue university,,,suggested,,"[('national university of technology', 0.6588235294117647), ('university of colorado denver', 0.6419753086419753)]"
national university of science and technology politehnica,,national university of science and technology politehnica,,,suggested,,"[('university of science and technology of china', 0.803921568627451), ('pohang university of science and technology', 0.76), ('norwegian university of science and technology', 0.7766990291262136), ('university of science and technology', 0.7741935483870968), ('hebei university of science and technology', 0.7676767676767676)]"
natural resources canada  canmetenergy,,natural resources canada  canmetenergy,,,suggested,,"[('natural resources canada', 0.7741935483870968)]"
naval research laboratory,,naval research laboratory,,,suggested,,"[('national renewable energy laboratory', 0.6885245901639344), ('national chemical laboratory', 0.6792452830188679), ('army research lab', 0.6666666666666666), ('nasa glenn research center', 0.5882352941176471), ('savannah river national laboratory', 0.6101694915254238)]"
naval research labratory,,naval research labratory,,,suggested,,"[('army research lab', 0.6829268292682927), ('national renewable energy laboratory', 0.6666666666666666), ('national chemical laboratory', 0.6538461538461539), ('nasa glenn research center', 0.6), ('national research council cnr', 0.6037735849056604)]"
nc state,,nc state,,,unmapped,,[]
ncsu,,ncsu,,,unmapped,,[]
ndiana university bloomington,,ndiana university bloomington,,,suggested,,"[('indiana university', 0.723404255319149), ('university of wyoming', 0.68), ('university of washington', 0.6792452830188679), ('brunel university london', 0.6792452830188679), ('university of oregon', 0.6530612244897959)]"
nemours alfred i  dupont hospital for children,,nemours alfred i  dupont hospital for children,,,unmapped,,[]
nestlé product technology centre,,nestlé product technology centre,,,suggested,,"[('shell technology center', 0.6909090909090909)]"
nestlé research,,nestlé research,,,suggested,,"[('chevron research', 0.6451612903225806), ('ibm research uk', 0.6)]"
netherlands organisation for applied scientific research  tno,,netherlands organisation for applied scientific research  tno,,,unmapped,,[]
netl support contractor,,netl support contractor,,,unmapped,,[]
new jersey center for microchemical systems  stevens institute of technology,,new jersey center for microchemical systems  stevens institute of technology,,,suggested,,"[('new jersey institute of technology', 0.6181818181818182)]"
new mexico institute of mining and technology,,new mexico institute of mining and technology,,,suggested,,"[('srm institute of science and technology', 0.7619047619047619), ('new jersey institute of technology', 0.7341772151898734), ('national institute of standards and technology', 0.7252747252747253), ('korea institute of energy technology', 0.691358024691358), ('korean institute science and technology', 0.6904761904761905)]"
new york university,,new york university,,,suggested,,"[('baylor university', 0.7777777777777778), ('widener university', 0.7567567567567568), ('andrews university', 0.7567567567567568), ('trine university', 0.7428571428571429), ('nihon university', 0.7428571428571429)]"
new york university  tandon school of engineering,,new york university  tandon school of engineering,,,suggested,,"[('washington university school of medicine', 0.6292134831460674)]"
new york university langone health,,new york university langone health,,,suggested,,"[('the university of utah', 0.5357142857142857)]"
new york university tandon school of engineering,,new york university tandon school of engineering,,,suggested,,"[('washington university school of medicine', 0.6363636363636364)]"
newcastle university,,newcastle university,,,suggested,,"[('mcmaster university', 0.8205128205128205), ('western university', 0.7894736842105263), ('andrews university', 0.7894736842105263), ('texas tech university', 0.7804878048780488), ('iowa state university', 0.7804878048780488)]"
nexceris,,nexceris,,,unmapped,,[]
nexight group,,nexight group,,,suggested,,"[('inga group', 0.6956521739130435)]"
ningbo tech university,,ningbo tech university,,,suggested,,"[('tennessee tech university', 0.7659574468085106), ('groningen university', 0.7619047619047619), ('inha university', 0.7567567567567568), ('texas tech university', 0.7441860465116279), ('iowa state university', 0.7441860465116279)]"
nist center for neutron research  national institute of standards and technology,,nist center for neutron research  national institute of standards and technology,,,suggested,,"[('national institute of standards and technology', 0.7301587301587301)]"
njit,,njit,,,suggested,,"[('unist', 0.6666666666666666)]"
njit dept of chemical and materials engineering,,njit dept of chemical and materials engineering,,,unmapped,,[]
nl chemical technology  inc,,nl chemical technology  inc,,,suggested,,"[('institute of chemical technology mumbai', 0.696969696969697), ('aspen technology inc.', 0.6666666666666666), ('em ai technology', 0.6511627906976745), ('shell technology center', 0.64), ('freeman technology', 0.6222222222222222)]"
noaa pmel,,noaa pmel,,,unmapped,,[]
noritake co  ltd,,noritake co  ltd,,,unmapped,,[]
noritake co limited,,noritake co limited,,,unmapped,,[]
north carolina state university  chemical and biomolecular engineering department,,north carolina state university  chemical and biomolecular engineering department,,,unmapped,,[]
northern arizona university,,northern arizona university,,,suggested,,"[('northumbria university', 0.7755102040816326), ('southern arkansas university', 0.8), ('northwestern university', 0.76), ('north carolina state university', 0.7586206896551724), ('kangwon national university', 0.7407407407407407)]"
norwegian institute for air research,,norwegian institute for air research,,,suggested,,"[('tata institute of fundamental research', 0.6486486486486487), ('georgia institute of technology', 0.6268656716417911), ('korea institute of energy technology', 0.5833333333333334), ('indian institute of science', 0.6349206349206349)]"
not found,,not found,,,unmapped,,[]
nottingham trent university,,nottingham trent university,,,suggested,,"[('ghent university', 0.7441860465116279), ('tsinghua university', 0.7391304347826086), ('groningen university', 0.723404255319149), ('national taiwan university', 0.7169811320754716), ('inha university', 0.7142857142857143)]"
nov chemineer,,nov chemineer,,,unmapped,,[]
novo nordisk,,novo nordisk,,,unmapped,,[]
nrel,,nrel,,,suggested,,"[('netl', 0.75), ('henkel', 0.6)]"
nsf s chemmatcars  university of chicago,,nsf s chemmatcars  university of chicago,,,suggested,,"[('national university of singapore', 0.6111111111111112), ('soka university of america', 0.6060606060606061), ('south china university of technology', 0.6052631578947368), ('the university of akron', 0.6031746031746031), ('national university of technology', 0.6027397260273972)]"
ntnu,,ntnu,,,unmapped,,[]
nyu college of dentistry,,nyu college of dentistry,,,suggested,,"[('famu-fsu college of engineering', 0.6181818181818182)]"
nyu tandon school of engineering,,nyu tandon school of engineering,,,suggested,,"[('famu-fsu college of engineering', 0.6349206349206349)]"
oak ridge associated universities  us environmental protection agency,,oak ridge associated universities  us environmental protection agency,,,suggested,,"[('state university of new york environmental science', 0.6050420168067226)]"
oak ridge institure of science and education,,oak ridge institure of science and education,,,suggested,,"[('srm institute of science and technology', 0.6987951807228916), ('korean institute science and technology', 0.6506024096385542), ('korea advanced institute of science and technology', 0.7021276595744681), ('institute of science tokyo', 0.6285714285714286), ('indian institute of science', 0.5915492957746479)]"
oak ridge national lab - oak ridge  tn,,oak ridge national lab - oak ridge  tn,,,suggested,,"[('oak ridge national laboratory', 0.746268656716418), ('argonne national laboratory', 0.5538461538461539), ('sandia national laboratories', 0.6060606060606061)]"
ocean college zhejiang university,,ocean college zhejiang university,,,suggested,,"[('zhejiang university', 0.7307692307692307), ('xian jiaotong university', 0.6666666666666666), ('chang gung university', 0.6666666666666666), ('shenzhen university', 0.6538461538461539), ('lehigh university', 0.6)]"
oldendorff carriers,,oldendorff carriers,,,unmapped,,[]
oli systems  inc,,oli systems  inc,,,unmapped,,[]
oli systems inc,,oli systems inc,,,unmapped,,[]
orbillion bio  inc,,orbillion bio  inc,,,unmapped,,[]
ore catapult,,ore catapult,,,unmapped,,[]
oregon health and science university,,oregon health and science university,,,suggested,,"[('oregon state university', 0.711864406779661), ('rwth aachen university', 0.6551724137931034), ('montana state university', 0.6333333333333333), ('oakland university', 0.6296296296296297), ('north carolina state university', 0.6268656716417911)]"
origin materials,,origin materials,,,suggested,,"[('iit madras', 0.6153846153846154), ('lubrizol advanced materials', 0.6046511627906976)]"
orion engineered carbons,,orion engineered carbons,,,unmapped,,[]
osaka gas chemicals  co   ltd,,osaka gas chemicals  co   ltd,,,unmapped,,[]
otto von guericke university magdeburg,,otto von guericke university magdeburg,,,suggested,,"[('otto von guericke university', 0.8484848484848485)]"
ourobio,,ourobio,,,unmapped,,[]
oxy low carbon ventures,,oxy low carbon ventures,,,unmapped,,[]
pacific biolab,,pacific biolab,,,unmapped,,[]
pacific northwest national laboratory  richland  wa,,pacific northwest national laboratory  richland  wa,,,suggested,,"[('pacific northwest national laboratory', 0.8409090909090909)]"
padova university,,padova university,,,suggested,,"[('nagoya university', 0.8235294117647058), ('villanova university', 0.8108108108108109), ('uppsala university', 0.8), ('harvard university', 0.8), ('rowan university', 0.7272727272727273)]"
pakistan institute of nuclear science and technology,,pakistan institute of nuclear science and technology,,,suggested,,"[('srm institute of science and technology', 0.8131868131868132), ('korean institute science and technology', 0.7912087912087912), ('korea advanced institute of science and technology', 0.7647058823529411), ('pohang university of science and technology', 0.7157894736842105), ('east china university of science and technology', 0.7070707070707071)]"
pando bioscience,,pando bioscience,,,unmapped,,[]
parthian battery solutions,,parthian battery solutions,,,unmapped,,[]
particles in motion,,particles in motion,,,unmapped,,[]
particulate solid research  inc,,particulate solid research  inc,,,unmapped,,[]
pct ebeam and integration  llc,,pct ebeam and integration  llc,,,unmapped,,[]
pd2m,,pd2m,,,unmapped,,[]
penn state health milton s  hershey medical center,,penn state health milton s  hershey medical center,,,unmapped,,[]
pfizer  inc,,pfizer  inc,,,suggested,,"[('pfizer', 0.7058823529411765), ('pfizer canada', 0.6666666666666666)]"
pfizer global supply,,pfizer global supply,,,unmapped,,[]
pfizer healthcare india pvt ltd,,pfizer healthcare india pvt ltd,,,unmapped,,[]
pfizer inc,,pfizer inc,,,suggested,,"[('pfizer', 0.75), ('pfizer canada', 0.6956521739130435)]"
pfizer worldwide research and development  445 eastern point road  groton  connecticut 06340  usa,,pfizer worldwide research and development  445 eastern point road  groton  connecticut 06340  usa,,,unmapped,,[]
phosphorus wastewater treatment project,,phosphorus wastewater treatment project,,,unmapped,,[]
phytochem product inc,,phytochem product inc,,,unmapped,,[]
pjp tech,,pjp tech,,,unmapped,,[]
planta piloto de ingenieria quimica,,planta piloto de ingenieria quimica,,,unmapped,,[]
planta piloto de ingeniería química  plapiqui   universidad nacional del sur,,planta piloto de ingeniería química  plapiqui   universidad nacional del sur,,,unmapped,,[]
plug power,,plug power,,,unmapped,,[]
plug power inc,,plug power inc,,,unmapped,,[]
pluspetrol,,pluspetrol,,,unmapped,,[]
pnnl,,pnnl,,,unmapped,,[]
polish academy of sciences,,polish academy of sciences,,,suggested,,"[('national academy of sciences of ukraine', 0.676923076923077)]"
polykala technologies llc,,polykala technologies llc,,,unmapped,,[]
polymat and department of applied chemistry  university of the basque country upv ehu,,polymat and department of applied chemistry  university of the basque country upv ehu,,,unmapped,,[]
polymat institute - university of the basque country upv ehu,,polymat institute - university of the basque country upv ehu,,,unmapped,,[]
polytechnic institute of bragança,,polytechnic institute of bragança,,,suggested,,"[('worcester polytechnic institute', 0.65625), ('rensselaer polytechnic institute', 0.6461538461538462), ('caltech institute of technology', 0.625)]"
polytechnic university of puerto rico,,polytechnic university of puerto rico,,,suggested,,"[('technical university of munich', 0.746268656716418), ('technical university of denmark', 0.7058823529411765), ('china university of petroleum', 0.6060606060606061), ('university of puerto rico, mayaguez', 0.6944444444444444), ('university of pretoria', 0.6779661016949152)]"
pontifical catholic university of rio grande do sul,,pontifical catholic university of rio grande do sul,,,suggested,,"[('universidade federal do rio grande do sul', 0.6086956521739131)]"
port sunlight laboratory,,port sunlight laboratory,,,suggested,,"[('oak ridge national laboratory', 0.6037735849056604)]"
porton usa,,porton usa,,,unmapped,,[]
posco holdings,,posco holdings,,,unmapped,,[]
posgrado en ciencias bioquímicas  unam,,posgrado en ciencias bioquímicas  unam,,,unmapped,,[]
postech,,postech,,,suggested,,"[('koreatech', 0.625)]"
power environmental energy research institute,,power environmental energy research institute,,,unmapped,,[]
powercell,,powercell,,,unmapped,,[]
poznań university of medical sciences,,poznań university of medical sciences,,,suggested,,"[('soka university of america', 0.6984126984126984), ('university of maine', 0.5714285714285714), ('poznan university of technology', 0.6764705882352942), ('university of texas medical branch', 0.676056338028169), ('the university of maine', 0.5666666666666667)]"
precision combustion  inc,,precision combustion  inc,,,unmapped,,[]
preferred computational chemistry,,preferred computational chemistry,,,unmapped,,[]
probiomed s a  de c v,,probiomed s a  de c v,,,unmapped,,[]
procegence,,procegence,,,unmapped,,[]
process systems engineering   rwth aachen university,,process systems engineering   rwth aachen university,,,unmapped,,[]
procter and gamble technical centre,,procter and gamble technical centre,,,suggested,,"[('procter and gamble co.', 0.7017543859649122), ('procter and gamble', 0.6792452830188679), ('procter and gamble, mason, oh', 0.625)]"
prony resources new caledonia  usine du grand sud route de kwa neie  prony bp 218,,prony resources new caledonia  usine du grand sud route de kwa neie  prony bp 218,,,unmapped,,[]
pse for speed company ltd,,pse for speed company ltd,,,unmapped,,[]
psri,,psri,,,unmapped,,[]
psu,,psu,,,unmapped,,[]
purdue university institute of cancer research,,purdue university institute of cancer research,,,suggested,,"[('the university of manchester', 0.5675675675675675), ('tata institute of fundamental research', 0.6190476190476191)]"
pvamu,,pvamu,,,unmapped,,[]
qatar environment and energy research institute,,qatar environment and energy research institute,,,unmapped,,[]
qatar environment and energy research institute  hamad bin khalifa university  qatar foundation  p o  box 34110,,qatar environment and energy research institute  hamad bin khalifa university  qatar foundation  p o  box 34110,,,unmapped,,[]
qingyuan innovation laboratory,,qingyuan innovation laboratory,,,suggested,,"[('idaho national laboratory', 0.6545454545454545), ('brookhaven national laboratory', 0.6666666666666666), ('argonne national laboratory', 0.6666666666666666), ('sandia national laboratories', 0.6551724137931034), ('savannah river national laboratory', 0.65625)]"
queenmary university of london,,queenmary university of london,,,suggested,,"[('university of wollongong', 0.7037037037037037), ('the university of toledo', 0.7037037037037037), ('brunel university london', 0.7407407407407407), ('queens university', 0.6808510638297872), ('the university of tokyo', 0.6792452830188679)]"
queensland university of technology,,queensland university of technology,,,suggested,,"[('poznan university of technology', 0.8484848484848485), ('dalian university of technology', 0.8484848484848485), ('national university of technology', 0.7941176470588235), ('graz university of technology', 0.8125), ('eindhoven university of technology', 0.8115942028985508)]"
r e  mason,,r e  mason,,,unmapped,,[]
rajiv gandhi institute of petroleum technology,,rajiv gandhi institute of petroleum technology,,,suggested,,"[('korea institute of energy technology', 0.7073170731707317), ('florida institute of technology', 0.6753246753246753), ('siddaganga institute of technology', 0.7), ('korea institute of industrial technology', 0.6976744186046512), ('izmir institute of technology', 0.6666666666666666)]"
randic netl,,randic netl,,,unmapped,,[]
rapid city christian school,,rapid city christian school,,,unmapped,,[]
rapid manufacturing institute,,rapid manufacturing institute,,,unmapped,,[]
rcpe gmbh,,rcpe gmbh,,,suggested,,"[('evon gmbh', 0.6666666666666666)]"
reaction engineering international,,reaction engineering international,,,unmapped,,[]
recibiopharm,,recibiopharm,,,unmapped,,[]
redoxblox,,redoxblox,,,unmapped,,[]
redoxblox inc,,redoxblox inc,,,unmapped,,[]
reelement technologies llc,,reelement technologies llc,,,suggested,,"[('freeman technology', 0.6818181818181818)]"
remora carbon,,remora carbon,,,unmapped,,[]
renewable and sustainable energy institute  university of colorado,,renewable and sustainable energy institute  university of colorado,,,unmapped,,[]
renewable resources and enabling sciences center  national renewable energy laboratory,,renewable resources and enabling sciences center  national renewable energy laboratory,,,unmapped,,[]
rescale,,rescale,,,unmapped,,[]
research and innovation center on co2 and hydrogen   chemical and petroleum engineering department  khalifa university  abu dhabi  united arab emirates,,research and innovation center on co2 and hydrogen   chemical and petroleum engineering department  khalifa university  abu dhabi  united arab emirates,,,unmapped,,[]
research center for gas innovation,,research center for gas innovation,,,unmapped,,[]
research center pharmaceutical engineering gmbh,,research center pharmaceutical engineering gmbh,,,unmapped,,[]
reservoir engineering research institute,,reservoir engineering research institute,,,unmapped,,[]
retired,,retired,,,unmapped,,[]
rhode island school of design,,rhode island school of design,,,unmapped,,[]
rice,,rice,,,suggested,,"[('riken', 0.6666666666666666), ('aiche', 0.6666666666666666)]"
rite,,rite,,,suggested,,"[('riken', 0.6666666666666666)]"
rkgmixes llc,,rkgmixes llc,,,unmapped,,[]
robert bosch gmbh,,robert bosch gmbh,,,unmapped,,[]
robinson research institute,,robinson research institute,,,suggested,,"[('rensselaer polytechnic institute', 0.6440677966101694), ('nasa glenn research center', 0.6037735849056604)]"
rochester institute of technology,,rochester institute of technology,,,suggested,,"[('caltech institute of technology', 0.8125), ('kyoto institute of technology', 0.8387096774193549), ('chiba institute of technology', 0.8387096774193549), ('harbin institute of technology', 0.7936507936507936), ('karlsruhe institute of technology', 0.8181818181818182)]"
rollins college,,rollins college,,,suggested,,"[('dartmouth college', 0.625)]"
roosense llc,,roosense llc,,,unmapped,,[]
rose-hulman institute of technology,,rose-hulman institute of technology,,,suggested,,"[('harbin institute of technology', 0.8), ('chiba institute of technology', 0.8125), ('kth royal institute of technology', 0.7941176470588235), ('vellore institute of technology', 0.7878787878787878), ('georgia institute of technology', 0.7878787878787878)]"
rowan-virtua school of translational biomedical engineering and sciences,,rowan-virtua school of translational biomedical engineering and sciences,,,unmapped,,[]
rowland institute at harvard  harvard university,,rowland institute at harvard  harvard university,,,unmapped,,[]
rti international,,rti international,,,unmapped,,[]
rutgers  the state university of new jersey,,rutgers  the state university of new jersey,,,suggested,,"[('utah state university', 0.625), ('the university of manchester', 0.6197183098591549), ('the university of maine', 0.6060606060606061)]"
rutgers  the state university of new jersey- new brunswick,,rutgers  the state university of new jersey- new brunswick,,,unmapped,,[]
rutgers  the state university of nj,,rutgers  the state university of nj,,,suggested,,"[('utah state university', 0.7142857142857143), ('kent state university', 0.6428571428571429), ('the ohio state university', 0.6666666666666666), ('boise state university', 0.6666666666666666), ('the university of maine', 0.6551724137931034)]"
rutgers university,,rutgers university,,,suggested,,"[('ege university', 0.8125), ('queens university', 0.8), ('aarhus university', 0.8), ('southwest university', 0.7894736842105263), ('duke university', 0.7878787878787878)]"
s p college,,s p college,,,suggested,,"[('augsburg college', 0.6666666666666666)]"
sabic specialties,,sabic specialties,,,unmapped,,[]
sachem inc,,sachem inc,,,unmapped,,[]
saint louis university,,saint louis university,,,suggested,,"[('yantai university', 0.6666666666666666), ('dalhousie university', 0.7619047619047619), ('tsinghua university', 0.7317073170731707), ('tohoku university', 0.717948717948718), ('kuwait university', 0.717948717948718)]"
saint louis university main campus - parks college of engineering  aviation and technology,,saint louis university main campus - parks college of engineering  aviation and technology,,,unmapped,,[]
salvador garcia munoz eli lilly and company,,salvador garcia munoz eli lilly and company,,,suggested,,"[('eli lilly and company', 0.65625)]"
samsung advanced institute of technology,,samsung advanced institute of technology,,,suggested,,"[('karlsruhe institute of technology', 0.7397260273972602), ('siddaganga institute of technology', 0.7837837837837838), ('korea advanced institute of science and technology', 0.7555555555555555), ('harbin institute of technology', 0.7428571428571429), ('indian institute of technology ropar', 0.7368421052631579)]"
samsung electronics,,samsung electronics,,,unmapped,,[]
sandia national labs,,sandia national labs,,,suggested,,"[('sandia national laboratories', 0.8333333333333334), ('national lab', 0.75), ('idaho national laboratory', 0.6222222222222222), ('los alamos national laboratory', 0.64), ('argonne national laboratory', 0.6382978723404256)]"
sandp global,,sandp global,,,unmapped,,[]
sanofi us services inc,,sanofi us services inc,,,unmapped,,[]
sao paulo state university,,sao paulo state university,,,suggested,,"[('iowa state university', 0.7659574468085106), ('arizona state university', 0.8), ('south ural state university', 0.7547169811320755), ('oklahoma state university', 0.7843137254901961), ('colorado state university', 0.7450980392156863)]"
sapienza university of rome,,sapienza university of rome,,,suggested,,"[('china university of petroleum', 0.75), ('university of bremen', 0.723404255319149), ('the university of maine', 0.72), ('the university of akron', 0.72), ('soka university of america', 0.7169811320754716)]"
sarepta therapeutics,,sarepta therapeutics,,,unmapped,,[]
sartorius,,sartorius,,,unmapped,,[]
sartorius stedim fmt s a s,,sartorius stedim fmt s a s,,,unmapped,,[]
sartorius stedim north america,,sartorius stedim north america,,,unmapped,,[]
sartorius stedim north america inc,,sartorius stedim north america inc,,,unmapped,,[]
saudi aramco oil company,,saudi aramco oil company,,,suggested,,"[('saudi aramco', 0.6666666666666666), ('kuwait oil company', 0.6666666666666666), ('hyundai motor company', 0.5333333333333333)]"
savannah river nuclear solutions,,savannah river nuclear solutions,,,suggested,,"[('savannah river national laboratory', 0.6363636363636364)]"
schepens eye research institute of mass  eye and ear,,schepens eye research institute of mass  eye and ear,,,unmapped,,[]
schlumberger  genvia,,schlumberger  genvia,,,unmapped,,[]
schlumberger-doll research,,schlumberger-doll research,,,suggested,,"[('chevron research', 0.6666666666666666)]"
school for engineering of matter  transport  and energy  arizona state university,,school for engineering of matter  transport  and energy  arizona state university,,,unmapped,,[]
school of chemical and biomolecular engineering,,school of chemical and biomolecular engineering,,,unmapped,,[]
school of chemical and biomolecular engineering  georgia institute of technology,,school of chemical and biomolecular engineering  georgia institute of technology,,,unmapped,,[]
school of chemical engineering  dalian university of technology,,school of chemical engineering  dalian university of technology,,,suggested,,"[('south china university of technology', 0.6666666666666666), ('dalian university of technology', 0.6595744680851063), ('eindhoven university of technology', 0.5979381443298969), ('clausthal university of technology', 0.5979381443298969), ('amirkabir university of technology', 0.6185567010309279)]"
school of chemistry  chemical engineering and biotechnology  nanyang technological university,,school of chemistry  chemical engineering and biotechnology  nanyang technological university,,,unmapped,,[]
school of engineering  university of edinburgh,,school of engineering  university of edinburgh,,,unmapped,,[]
schrödinger  inc,,schrödinger  inc,,,suggested,,"[('schrödinger', 0.8148148148148148)]"
science history institute,,science history institute,,,unmapped,,[]
serán bioscience,,serán bioscience,,,unmapped,,[]
seven lakes high school,,seven lakes high school,,,unmapped,,[]
shanghaitech university,,shanghaitech university,,,suggested,,"[('louisiana tech university', 0.7916666666666666), ('tunghai university', 0.7804878048780488), ('tsinghua university', 0.7619047619047619), ('yantai university', 0.75), ('hongik university', 0.75)]"
shaoguan university,,shaoguan university,,,suggested,,"[('hampton university', 0.8108108108108109), ('rowan university', 0.8), ('nihon university', 0.8), ('chang gung university', 0.8), ('tsinghua university', 0.7894736842105263)]"
sheffield university,,sheffield university,,,suggested,,"[('shenzhen university', 0.7692307692307693), ('ege university', 0.7647058823529411), ('ohio university', 0.7428571428571429), ('lund university', 0.7428571428571429), ('shiv nadar university', 0.7317073170731707)]"
shell global solutions,,shell global solutions,,,suggested,,"[('synt solutions', 0.6111111111111112)]"
shell global solutions international b v,,shell global solutions international b v,,,unmapped,,[]
shell global solutions international bv,,shell global solutions international bv,,,unmapped,,[]
shell india market private limited,,shell india market private limited,,,unmapped,,[]
shell india markets private limited,,shell india markets private limited,,,unmapped,,[]
shell internatinal eandp,,shell internatinal eandp,,,unmapped,,[]
shell international eandp,,shell international eandp,,,unmapped,,[]
shell international exploration and production,,shell international exploration and production,,,unmapped,,[]
shell international exploration and production  inc,,shell international exploration and production  inc,,,unmapped,,[]
shell international exploration and production inc,,shell international exploration and production inc,,,unmapped,,[]
shell technical center bangalore,,shell technical center bangalore,,,suggested,,"[('shell technology center', 0.6909090909090909)]"
siemens digital industries software,,siemens digital industries software,,,unmapped,,[]
siemens industry software inc,,siemens industry software inc,,,unmapped,,[]
siemens industry software limited,,siemens industry software limited,,,unmapped,,[]
siemens process systems engineering,,siemens process systems engineering,,,unmapped,,[]
siemens process systems enterprise ltd,,siemens process systems enterprise ltd,,,unmapped,,[]
siemens pse,,siemens pse,,,suggested,,"[('siemens', 0.7777777777777778)]"
simons foundation,,simons foundation,,,suggested,,"[('national science foundation', 0.6818181818181818)]"
singapore university of technology and design,,singapore university of technology and design,,,suggested,,"[('eindhoven university of technology', 0.7341772151898734), ('graz university of technology', 0.7297297297297297), ('national university of technology', 0.717948717948718), ('south china university of technology', 0.7160493827160493), ('warsaw university of technology', 0.7105263157894737)]"
singapore-mit alliance for research and technology,,singapore-mit alliance for research and technology,,,suggested,,"[('national institute of standards and technology', 0.5)]"
singapore-mit alliance for research and technology  centre,,singapore-mit alliance for research and technology  centre,,,unmapped,,[]
sinopec research institute of petroleum processing,,sinopec research institute of petroleum processing,,,unmapped,,[]
sinopec shanghai research institute of petrochemical technology,,sinopec shanghai research institute of petrochemical technology,,,suggested,,"[('korea institute of industrial technology', 0.6601941747572816), ('technion israel institute of technology', 0.5882352941176471), ('institute of chemical technology mumbai', 0.6274509803921569), ('korea institute of energy technology', 0.6262626262626263), ('siddaganga institute of technology', 0.6185567010309279)]"
sintef,,sintef,,,suggested,,"[('sinopec', 0.6153846153846154)]"
sintef energy research,,sintef energy research,,,unmapped,,[]
sintef industry,,sintef industry,,,unmapped,,[]
sivananthan laboratories  inc,,sivananthan laboratories  inc,,,suggested,,"[('sandia national laboratories', 0.7017543859649122)]"
sivananthan laboratories inc,,sivananthan laboratories inc,,,suggested,,"[('sandia national laboratories', 0.7142857142857143), ('idaho national laboratory', 0.6037735849056604)]"
slac national accelerator laboratory,,slac national accelerator laboratory,,,suggested,,"[('national chemical laboratory', 0.6875), ('los alamos national laboratory', 0.696969696969697), ('idaho national laboratory', 0.6885245901639344), ('national renewable energy laboratory', 0.6666666666666666), ('argonne national laboratory', 0.6666666666666666)]"
slb,,slb,,,suggested,,"[('ssl', 0.6666666666666666)]"
snapdragon chemistry inc,,snapdragon chemistry inc,,,unmapped,,[]
snapdragon chemistry-cambrex,,snapdragon chemistry-cambrex,,,unmapped,,[]
software for chemistry and materials,,software for chemistry and materials,,,unmapped,,[]
soluciones energéticas y de automatización s a s,,soluciones energéticas y de automatización s a s,,,unmapped,,[]
soochow university,,soochow university,,,suggested,,"[('ohio university', 0.7878787878787878), ('stockholm university', 0.8421052631578947), ('koc university', 0.8125), ('tohoku university', 0.8), ('southwest university', 0.7894736842105263)]"
soongsil university,,soongsil university,,,suggested,,"[('hongik university', 0.8333333333333334), ('mcgill university', 0.7777777777777778), ('stockholm university', 0.7692307692307693), ('ohio university', 0.7647058823529411), ('tunghai university', 0.7567567567567568)]"
south asian university,,south asian university,,,suggested,,"[('south ural state university', 0.8163265306122449), ('southwest university', 0.8095238095238095), ('southern arkansas university', 0.8), ('utah state university', 0.7441860465116279), ('rwth aachen university', 0.7727272727272727)]"
south dakota school of mines and technology,,south dakota school of mines and technology,,,suggested,,"[('southern university of science and technology', 0.6590909090909091)]"
south dakota school of mines andtechnology,,south dakota school of mines andtechnology,,,suggested,,"[('south dakota mines', 0.6)]"
spartan controls ltd,,spartan controls ltd,,,unmapped,,[]
spx flow mixing solutions,,spx flow mixing solutions,,,suggested,,"[('synt solutions', 0.6153846153846154)]"
srnl,,srnl,,,suggested,,"[('ornl', 0.75)]"
st josephs college of engineering,,st josephs college of engineering,,,suggested,,"[('famu-fsu college of engineering', 0.75), ('penn state college of medicine', 0.6031746031746031)]"
stanford synchrotron radiation lightsource  slac national accelerator laboratory,,stanford synchrotron radiation lightsource  slac national accelerator laboratory,,,unmapped,,[]
state univ of new york-buffalo,,state univ of new york-buffalo,,,suggested,,"[('state university of new york environmental science', 0.6)]"
state university of new york at buffalo,,state university of new york at buffalo,,,suggested,,"[('state university of new york environmental science', 0.7191011235955056), ('university at buffalo', 0.7), ('the university of texas at el paso', 0.6575342465753424), ('the university of texas at tyler', 0.647887323943662), ('university of north dakota', 0.5846153846153846)]"
state university of new york college of environmental science and forestry,,state university of new york college of environmental science and forestry,,,suggested,,"[('state university of new york environmental science', 0.8064516129032258)]"
stealth mode startup,,stealth mode startup,,,unmapped,,[]
stevens institute of technology,,stevens institute of technology,,,suggested,,"[('vellore institute of technology', 0.8387096774193549), ('caltech institute of technology', 0.8387096774193549), ('tokyo institute of technology', 0.8333333333333334), ('kyoto institute of technology', 0.8333333333333334), ('harbin institute of technology', 0.819672131147541)]"
stf technologies llc,,stf technologies llc,,,suggested,,"[('aspen technology inc.', 0.6341463414634146), ('shell technology center', 0.5581395348837209)]"
strategic analysis  inc,,strategic analysis  inc,,,unmapped,,[]
strategic energy analysis center  national renewable energy laboratory,,strategic energy analysis center  national renewable energy laboratory,,,suggested,,"[('national renewable energy laboratory', 0.6792452830188679)]"
sub-zero group  inc,,sub-zero group  inc,,,unmapped,,[]
sulzer pump solutions ireland ltd,,sulzer pump solutions ireland ltd,,,unmapped,,[]
suncat center for interface science and catalysis  department of chemical engineering  stanford university,,suncat center for interface science and catalysis  department of chemical engineering  stanford university,,,unmapped,,[]
suncat center for interface science and catalysis  slac national accelerator laboratory,,suncat center for interface science and catalysis  slac national accelerator laboratory,,,unmapped,,[]
sunthetics,,sunthetics,,,unmapped,,[]
suny   buffalo,,suny   buffalo,,,suggested,,"[('suny-buffalo', 0.8461538461538461), ('university at buffalo', 0.6857142857142857)]"
suny college of environmental science and forestry,,suny college of environmental science and forestry,,,unmapped,,[]
suny esf,,suny esf,,,unmapped,,[]
surface measurement system,,surface measurement system,,,unmapped,,[]
surface measurement systems,,surface measurement systems,,,unmapped,,[]
sustainable bio-based materials lab,,sustainable bio-based materials lab,,,unmapped,,[]
susteon inc,,susteon inc,,,suggested,,"[('css inc', 0.6666666666666666)]"
sutro biopharma,,sutro biopharma,,,unmapped,,[]
svante inc,,svante inc,,,unmapped,,[]
swedish environmental research institute,,swedish environmental research institute,,,unmapped,,[]
swinburne univ of technology,,swinburne univ of technology,,,suggested,,"[('hamburg university of technology', 0.7333333333333333), ('warsaw university of technology', 0.711864406779661), ('poznan university of technology', 0.711864406779661), ('dalian university of technology', 0.711864406779661), ('eindhoven university of technology', 0.7096774193548387)]"
swiss federal institute of materials and technology  empa,,swiss federal institute of materials and technology  empa,,,suggested,,"[('national institute of standards and technology', 0.6796116504854369), ('srm institute of science and technology', 0.6666666666666666), ('korea institute of industrial technology', 0.6597938144329897), ('institute of chemical technology mumbai', 0.6458333333333334), ('indian institute of technology ropar', 0.6451612903225806)]"
swiss federal laboratories for materials science and technology,,swiss federal laboratories for materials science and technology,,,suggested,,"[('missouri university of science and technology', 0.5925925925925926)]"
swisstopo,,swisstopo,,,unmapped,,[]
syensqo,,syensqo,,,unmapped,,[]
syracuse university,,syracuse university,,,suggested,,"[('kyushu university', 0.7777777777777778), ('aarhus university', 0.7777777777777778), ('dalhousie university', 0.7692307692307693), ('duke university', 0.7647058823529411), ('trine university', 0.7428571428571429)]"
taiyo nippon sanso corporation,,taiyo nippon sanso corporation,,,suggested,,"[('eaton corporation', 0.6382978723404256), ('basf corporation', 0.6086956521739131)]"
takeda,,takeda,,,suggested,,"[('arkema', 0.6666666666666666)]"
takeda development center americas  inc,,takeda development center americas  inc,,,unmapped,,[]
takeda pharmaceutical company limited,,takeda pharmaceutical company limited,,,unmapped,,[]
takeda pharmaceuticals,,takeda pharmaceuticals,,,suggested,,"[('janssen pharmaceuticals', 0.8)]"
takeda pharmaceuticals international co,,takeda pharmaceuticals international co,,,unmapped,,[]
tamuq,,tamuq,,,unmapped,,[]
tcs research  trddc  tata consultancy services,,tcs research  trddc  tata consultancy services,,,unmapped,,[]
technical university berlin,,technical university berlin,,,suggested,,"[('technical university of denmark', 0.7931034482758621), ('technical university of munich', 0.7719298245614035), ('national technical university of athens', 0.696969696969697), ('china university of petroleum', 0.6785714285714286), ('american university of beirut', 0.6785714285714286)]"
technical university of darmstadt,,technical university of darmstadt,,,suggested,,"[('technical university of denmark', 0.84375), ('technical university of munich', 0.7936507936507936), ('national technical university of athens', 0.7222222222222222), ('the university of kansas', 0.7017543859649122), ('the university of utah', 0.6909090909090909)]"
technische universitat dresden,,technische universitat dresden,,,suggested,,"[('technical university of denmark', 0.6885245901639344), ('technical university of munich', 0.6333333333333333), ('national technical university of athens', 0.6086956521739131), ('the university of akron', 0.6037735849056604), ('stellenbosch university', 0.6037735849056604)]"
technische universiteit delft,,technische universiteit delft,,,suggested,,"[('technical university of denmark', 0.6666666666666666), ('technical university of munich', 0.6101694915254238), ('the university of utah', 0.5490196078431373), ('the university of tokyo', 0.5384615384615384), ('stellenbosch university', 0.6153846153846154)]"
technology innovation institute,,technology innovation institute,,,unmapped,,[]
tecmasters  inc,,tecmasters  inc,,,suggested,,"[('mars, inc.', 0.64), ('css inc', 0.6363636363636364)]"
tecnologico na campus aguascalientescional de mexico,,tecnologico na campus aguascalientescional de mexico,,,unmapped,,[]
tecnologico nacional de mexico campus aguascalientes,,tecnologico nacional de mexico campus aguascalientes,,,unmapped,,[]
teich process development llc,,teich process development llc,,,unmapped,,[]
telescope innovations corp,,telescope innovations corp,,,unmapped,,[]
tellus,,tellus,,,unmapped,,[]
temasek life sciences laboratory,,temasek life sciences laboratory,,,unmapped,,[]
tennessee technological university,,tennessee technological university,,,suggested,,"[('tennessee tech university', 0.847457627118644), ('nanyang technological university', 0.8181818181818182), ('michigan technological university', 0.7761194029850746), ('texas tech university', 0.6909090909090909), ('national technical university of athens', 0.6301369863013698)]"
terasaki institute,,terasaki institute,,,suggested,,"[('the cyprus institute', 0.7368421052631579)]"
terra teaching and research centre  biosystems dynamics and exchanges  gembloux agro-bio tech- université de liège  gembloux  belgium,,terra teaching and research centre  biosystems dynamics and exchanges  gembloux agro-bio tech- université de liège  gembloux  belgium,,,unmapped,,[]
texas a and m,,texas a and m,,,suggested,,"[('texas aandm university', 0.6285714285714286)]"
texas aandm energy institute,,texas aandm energy institute,,,suggested,,"[('texas aandm university', 0.72), ('texas aandm university - corpus christi', 0.6268656716417911), ('texas aandm university-kingsville', 0.6885245901639344)]"
texas aandm energy institute  texas aandm university,,texas aandm energy institute  texas aandm university,,,suggested,,"[('texas aandm international university', 0.6818181818181818)]"
texas aandm university at qatar,,texas aandm university at qatar,,,suggested,,"[('texas aandm university', 0.8301886792452831), ('texas aandm university - corpus christi', 0.6857142857142857), ('texas aandm university-kingsville', 0.6875), ('texas aandm international university', 0.6567164179104478), ('texas tech university', 0.6538461538461539)]"
texas tech university health sciences center,,texas tech university health sciences center,,,suggested,,"[('east china university of science and technology', 0.6593406593406593), ('texas tech university', 0.6461538461538462), ('the university of manchester', 0.5555555555555556), ('southern university of science and technology', 0.5842696629213483)]"
texas transportation institute,,texas transportation institute,,,suggested,,"[('the cyprus institute', 0.52)]"
the better meat co,,the better meat co,,,unmapped,,[]
the chemours company,,the chemours company,,,suggested,,"[('the dow chemical company', 0.7272727272727273), ('dow chemical company', 0.65), ('hyundai motor company', 0.6341463414634146), ('3m company', 0.6)]"
the city college of new york,,the city college of new york,,,suggested,,"[('university college cork', 0.6274509803921569)]"
the city college of new york cuny,,the city college of new york cuny,,,unmapped,,[]
the college of wooster,,the college of wooster,,,suggested,,"[('medical college of wisconsin', 0.64)]"
the cooper union,,the cooper union,,,unmapped,,[]
the cooper union for the advancement of science and art,,the cooper union for the advancement of science and art,,,unmapped,,[]
the hong kong polytechnic university,,the hong kong polytechnic university,,,suggested,,"[('the ohio state university', 0.6557377049180327), ('zhejiang gongshang university', 0.5846153846153846), ('michigan technological university', 0.5797101449275363), ('texas tech university', 0.631578947368421), ('california state polytechnic university, pomona', 0.6024096385542169)]"
the joint bioenergy institute,,the joint bioenergy institute,,,suggested,,"[('the cyprus institute', 0.6122448979591837)]"
the lubrizol corporation,,the lubrizol corporation,,,suggested,,"[('eaton corporation', 0.6829268292682927), ('evonik corporation', 0.6666666666666666), ('basf corporation', 0.65)]"
the ohio state university wexner medical center,,the ohio state university wexner medical center,,,suggested,,"[('the ohio state university', 0.6944444444444444)]"
the scripps research institute,,the scripps research institute,,,suggested,,"[('the cyprus institute', 0.6), ('paul scherrer institute', 0.6415094339622641)]"
the university of chicago,,the university of chicago,,,suggested,,"[('the university of akron', 0.8333333333333334), ('the university of utah', 0.8085106382978723), ('the university of tokyo', 0.7916666666666666), ('the university of maine', 0.7916666666666666), ('the university of toledo', 0.7755102040816326)]"
the university of north carolina at charlotte,,the university of north carolina at charlotte,,,suggested,,"[('university of north carolina at chapel hill', 0.8181818181818182), ('university of south carolina', 0.7123287671232876), ('the university of texas at tyler', 0.6493506493506493), ('the university of manchester', 0.6301369863013698), ('university of california santa cruz', 0.5)]"
the university of queensland  australia,,the university of queensland  australia,,,suggested,,"[('university of western australia', 0.7714285714285715), ('university of queensland', 0.7619047619047619), ('the university of kansas', 0.6984126984126984), ('the university of utah', 0.6557377049180327), ('the university of manchester', 0.6865671641791045)]"
the university of tennessee knoxville,,the university of tennessee knoxville,,,suggested,,"[('university of tennessee', 0.7666666666666667), ('the university of toledo', 0.7213114754098361), ('the university of sheffield', 0.65625), ('the university of manchester', 0.6153846153846154), ('the university of tokyo', 0.7)]"
the university of texas aandm,,the university of texas aandm,,,suggested,,"[('the university of texas at el paso', 0.8253968253968254), ('the university of texas at tyler', 0.819672131147541), ('university of texas at austin', 0.7931034482758621), ('the university of toledo', 0.7924528301886793), ('the university of utah', 0.7843137254901961)]"
the university of texas at san antonio,,the university of texas at san antonio,,,suggested,,"[('the university of texas at el paso', 0.8055555555555556), ('the university of texas at tyler', 0.8), ('university of texas at austin', 0.746268656716418), ('the university of tokyo', 0.6885245901639344), ('the university of akron', 0.6885245901639344)]"
the university of trinidad and tobago o meara camp,,the university of trinidad and tobago o meara camp,,,suggested,,"[('university of trinidad and tobago', 0.7951807228915663), ('the university of texas at el paso', 0.5714285714285714), ('the university of texas at tyler', 0.6341463414634146), ('university of california santa barbara', 0.6136363636363636), ('university of science and technology of china', 0.6105263157894737)]"
the webb schools,,the webb schools,,,unmapped,,[]
tiny bright things,,tiny bright things,,,unmapped,,[]
tip,,tip,,,unmapped,,[]
tonkomo llc,,tonkomo llc,,,unmapped,,[]
total s e,,total s e,,,suggested,,"[('total s.e.', 0.8421052631578947)]"
totalenergies cstjf,,totalenergies cstjf,,,suggested,,"[('totalenergies', 0.8125)]"
towson university,,towson university,,,suggested,,"[('rowan university', 0.8484848484848485), ('hoseo university', 0.8484848484848485), ('brown university', 0.8484848484848485), ('tohoku university', 0.8235294117647058), ('ohio university', 0.8125)]"
toyo koatsu co  ltd,,toyo koatsu co  ltd,,,unmapped,,[]
toyota motor europe,,toyota motor europe,,,unmapped,,[]
toyota research institute,,toyota research institute,,,suggested,,"[('rensselaer polytechnic institute', 0.631578947368421), ('paul scherrer institute', 0.625)]"
trinity college dublin,,trinity college dublin,,,suggested,,"[('university college dublin', 0.8085106382978723)]"
tsinghua university  p r china,,tsinghua university  p r china,,,suggested,,"[('tsinghua university', 0.7755102040816326), ('tunghai university', 0.6666666666666666), ('inha university', 0.6666666666666666), ('the university of maine', 0.6415094339622641), ('university of arizona', 0.6274509803921569)]"
tu darmstadt,,tu darmstadt,,,unmapped,,[]
tu delft  the netherlands,,tu delft  the netherlands,,,unmapped,,[]
tu graz,,tu graz,,,unmapped,,[]
tufts university,,tufts university,,,suggested,,"[('tuskegee university', 0.8), ('tulane university', 0.7878787878787878), ('tohoku university', 0.7878787878787878), ('queens university', 0.7878787878787878), ('kyushu university', 0.7878787878787878)]"
u  chicago,,u  chicago,,,unmapped,,[]
u  s  steel,,u  s  steel,,,unmapped,,[]
u s  army,,u s  army,,,suggested,,"[('u.s. army', 0.7777777777777778)]"
u s  army combat capabilities development command,,u s  army combat capabilities development command,,,unmapped,,[]
u s  army devcom chemical biological center,,u s  army devcom chemical biological center,,,unmapped,,[]
u s  army devcom soldier center,,u s  army devcom soldier center,,,unmapped,,[]
u s  army engineer research and development center,,u s  army engineer research and development center,,,unmapped,,[]
u s  army research laboratory,,u s  army research laboratory,,,suggested,,"[('army research lab', 0.7391304347826086)]"
u s  dept  of energy,,u s  dept  of energy,,,suggested,,"[('u.s. department of energy', 0.7555555555555555)]"
u s  doe agile biofoundry,,u s  doe agile biofoundry,,,unmapped,,[]
u s  doe ames laboratory,,u s  doe ames laboratory,,,unmapped,,[]
u s  doe national energy technology laboratory,,u s  doe national energy technology laboratory,,,suggested,,"[('national renewable energy laboratory', 0.6341463414634146), ('national chemical laboratory', 0.6216216216216216), ('idaho national laboratory', 0.6197183098591549), ('national university of technology', 0.6075949367088608), ('los alamos national laboratory', 0.6052631578947368)]"
u s  environmental protection agency,,u s  environmental protection agency,,,unmapped,,[]
u s dept  of energy,,u s dept  of energy,,,suggested,,"[('u.s. department of energy', 0.7727272727272727)]"
uc davis,,uc davis,,,unmapped,,[]
uc riverside,,uc riverside,,,suggested,,"[('uc irvine', 0.5714285714285714), ('koc university', 0.6153846153846154)]"
ucl,,ucl,,,unmapped,,[]
ucl school of pharmacy,,ucl school of pharmacy,,,unmapped,,[]
ucla henry samueli school of engineering and applied science,,ucla henry samueli school of engineering and applied science,,,suggested,,"[('pakistan institute of engineering and applied sciences', 0.6491228070175439)]"
uconn,,uconn,,,unmapped,,[]
uconn health,,uconn health,,,unmapped,,[]
ucr,,ucr,,,unmapped,,[]
ucsd  nanoengineering department,,ucsd  nanoengineering department,,,unmapped,,[]
ues  inc,,ues  inc,,,suggested,,"[('css inc', 0.6666666666666666)]"
ufc - universidade federal do ceara,,ufc - universidade federal do ceara,,,suggested,,"[('universidade federal de são carlos', 0.782608695652174), ('universidade federal do rio grande do sul', 0.6842105263157895), ('universidade estadual de campinas', 0.6764705882352942), ('universidade de lisboa', 0.5614035087719298), ('universidad de carabobo', 0.5862068965517241)]"
uga,,uga,,,suggested,,"[('gea', 0.6666666666666666)]"
uiuc,,uiuc,,,unmapped,,[]
ukurhuleni water care company,,ukurhuleni water care company,,,suggested,,"[('hyundai motor company', 0.56)]"
ulsan national institute of science and technology,,ulsan national institute of science and technology,,,suggested,,"[('srm institute of science and technology', 0.8314606741573034), ('national institute of standards and technology', 0.8125), ('korean institute science and technology', 0.7865168539325843), ('korea advanced institute of science and technology', 0.76), ('university of science and technology', 0.6976744186046512)]"
umass,,umass,,,unmapped,,[]
umass amherst,,umass amherst,,,unmapped,,[]
umass amherst  department of chemical engineering,,umass amherst  department of chemical engineering,,,unmapped,,[]
umass lowell,,umass lowell,,,unmapped,,[]
umbc,,umbc,,,unmapped,,[]
unal-med student chapter in colombia,,unal-med student chapter in colombia,,,unmapped,,[]
unam,,unam,,,unmapped,,[]
uniformed services university of the health sciences,,uniformed services university of the health sciences,,,suggested,,"[('american university of the middle east', 0.6)]"
united cleanup oak ridge llc,,united cleanup oak ridge llc,,,unmapped,,[]
univ  of patras and abu dhabi university,,univ  of patras and abu dhabi university,,,suggested,,"[('abu dhabi university', 0.6666666666666666)]"
univ fed ceara,,univ fed ceara,,,unmapped,,[]
univ lille  centrale lille  enscl  univ artois  umr 8181 - uccs- unité de catalyse et chimie du solide,,univ lille  centrale lille  enscl  univ artois  umr 8181 - uccs- unité de catalyse et chimie du solide,,,unmapped,,[]
univ of ar,,univ of ar,,,suggested,,"[('university of ar', 0.7692307692307693), ('university of tartu', 0.6896551724137931), ('university of pau', 0.6666666666666666), ('university of patras', 0.6666666666666666), ('university of warwick', 0.6451612903225806)]"
univeristy of cape town,,univeristy of cape town,,,suggested,,"[('university of dayton', 0.7906976744186046), ('university of pretoria', 0.7555555555555555), ('university of iowa', 0.7317073170731707), ('university of vermont', 0.6818181818181818), ('university of toronto', 0.7272727272727273)]"
univeristy of texas at san antonio,,univeristy of texas at san antonio,,,suggested,,"[('university of texas at austin', 0.7619047619047619), ('the university of texas at el paso', 0.7058823529411765), ('the university of texas at tyler', 0.696969696969697), ('university of pannonia', 0.6785714285714286), ('university of texas medical branch', 0.6764705882352942)]"
universidad autonoma de mexico,,universidad autonoma de mexico,,,suggested,,"[('universidad autónoma de sinaloa', 0.819672131147541), ('universidad autónoma de san luis potosí', 0.7246376811594203), ('universidad nacional de colombia', 0.7096774193548387), ('university of new mexico', 0.7037037037037037), ('universidad san francisco de quito', 0.625)]"
universidad autónoma metropolitana -iztapalapa,,universidad autónoma metropolitana -iztapalapa,,,suggested,,"[('universidad autónoma de sinaloa', 0.6753246753246753), ('universidad autónoma de san luis potosí', 0.5882352941176471)]"
universidad autónoma metropolitana unidad iztapalapa,,universidad autónoma metropolitana unidad iztapalapa,,,suggested,,"[('universidad autónoma de sinaloa', 0.6265060240963856), ('universidad mariana de pasto', 0.6)]"
universidad de chile,,universidad de chile,,,suggested,,"[('universidade de lisboa', 0.7619047619047619), ('universidad de carabobo', 0.7441860465116279), ('universidad del atlántico', 0.7111111111111111), ('universidad de guanajuato', 0.6666666666666666), ('universidad autónoma de sinaloa', 0.6666666666666666)]"
universidad de ingeniería y tecnología,,universidad de ingeniería y tecnología,,,suggested,,"[('universidad autónoma de sinaloa', 0.6086956521739131), ('universidad de guanajuato', 0.6031746031746031), ('universidade de lisboa', 0.5666666666666667)]"
universidad de los andes,,universidad de los andes,,,suggested,,"[('universidade de lisboa', 0.782608695652174), ('universidad del atlántico', 0.7346938775510204), ('universidad de las americas puebla', 0.7241379310344828), ('universidad de guanajuato', 0.6938775510204082), ('universidad de carabobo', 0.6808510638297872)]"
universidad de los andes  carrera,,universidad de los andes  carrera,,,suggested,,"[('universidad de carabobo', 0.6785714285714286), ('universidad de las americas puebla', 0.6865671641791045), ('universidad del atlántico', 0.6551724137931034), ('universidad de guanajuato', 0.6551724137931034), ('universidade de lisboa', 0.6545454545454545)]"
universidad nacional autónoma de méxico,,universidad nacional autónoma de méxico,,,suggested,,"[('universidad autónoma de sinaloa', 0.7428571428571429), ('universidad nacional de colombia', 0.7323943661971831), ('universidad autónoma de san luis potosí', 0.6666666666666666), ('universidad del atlántico', 0.625), ('universidad san francisco de quito', 0.6301369863013698)]"
universidad nacional de colombia   sede medellín  facultad de minas,,universidad nacional de colombia   sede medellín  facultad de minas,,,suggested,,"[('universidad nacional de colombia', 0.6464646464646465)]"
universidad nacional de ingenieria,,universidad nacional de ingenieria,,,suggested,,"[('universidad nacional de colombia', 0.7878787878787878), ('universidad industrial de santander', 0.6956521739130435), ('universidad autónoma de sinaloa', 0.6461538461538462), ('universidade estadual de campinas', 0.6567164179104478), ('universidad michoacana de san nicolás de hidalgo', 0.5853658536585366)]"
universidad nacional de ingeniería,,universidad nacional de ingeniería,,,suggested,,"[('universidad nacional de colombia', 0.7878787878787878), ('universidad industrial de santander', 0.6956521739130435), ('universidad autónoma de sinaloa', 0.6461538461538462), ('universidade estadual de campinas', 0.6567164179104478), ('universidad san francisco de quito', 0.6470588235294118)]"
universidad nacional mayor de san marcos,,universidad nacional mayor de san marcos,,,suggested,,"[('universidad nacional de colombia', 0.7222222222222222), ('universidad autónoma de sinaloa', 0.647887323943662), ('universidad industrial de santander', 0.6666666666666666), ('universidad autónoma de san luis potosí', 0.6582278481012658), ('universidade federal de são carlos', 0.6486486486486487)]"
universidade de são paulo,,universidade de são paulo,,,suggested,,"[('university of são paulo', 0.7916666666666666), ('universidade federal de são carlos', 0.7796610169491526), ('universidade de lisboa', 0.8085106382978723), ('universidad de carabobo', 0.7083333333333334), ('universidad de guanajuato', 0.64)]"
universidade estadual do maranhao,,universidade estadual do maranhao,,,suggested,,"[('universidade estadual de campinas', 0.7878787878787878), ('universidade federal de são carlos', 0.7164179104477612), ('universidade federal do rio grande do sul', 0.6756756756756757), ('universidad industrial de santander', 0.6470588235294118), ('universidad de carabobo', 0.6071428571428571)]"
universidade federal de minas gerais,,universidade federal de minas gerais,,,suggested,,"[('universidade federal de são carlos', 0.7428571428571429), ('universidade estadual de campinas', 0.7536231884057971), ('universidade federal do rio grande do sul', 0.6493506493506493), ('universidad industrial de santander', 0.676056338028169), ('universidad de las americas puebla', 0.6285714285714286)]"
universiry college london,,universiry college london,,,suggested,,"[('university college dublin', 0.8), ('university college cork', 0.7916666666666666), ('imperial college london', 0.7916666666666666), ('university of wollongong', 0.6938775510204082), ('university of liege', 0.6818181818181818)]"
universite de pau et des pays de l adour  e2s uppa  latep,,universite de pau et des pays de l adour  e2s uppa  latep,,,unmapped,,[]
universite de pau et des pays de l adour  latep,,universite de pau et des pays de l adour  latep,,,unmapped,,[]
universite de toulouse,,universite de toulouse,,,suggested,,"[('university of tulsa', 0.7317073170731707), ('university of louisville', 0.6956521739130435), ('university of turku', 0.6829268292682927), ('universidade de lisboa', 0.6363636363636364), ('université de sherbrooke', 0.6956521739130435)]"
universiti teknologi petronas,,universiti teknologi petronas,,,suggested,,"[('universiti teknologi malaysia utm', 0.7096774193548387), ('university of patras', 0.6938775510204082), ('université grenoble alpes', 0.6666666666666666), ('university of pretoria', 0.6666666666666666), ('university of vermont', 0.56)]"
university at buffalo  state university of new york,,university at buffalo  state university of new york,,,suggested,,"[('columbia university in the city of new york', 0.6170212765957447)]"
university at buffalo  the state university of new york,,university at buffalo  the state university of new york,,,suggested,,"[('columbia university in the city of new york', 0.6326530612244898)]"
university college dublin  ireland,,university college dublin  ireland,,,suggested,,"[('university college dublin', 0.847457627118644), ('university college cork', 0.7017543859649122), ('university of queensland', 0.6551724137931034), ('university of rhode island', 0.6333333333333333), ('university of ljubljana', 0.631578947368421)]"
university college hospital,,university college hospital,,,suggested,,"[('university college cork', 0.8), ('university college dublin', 0.7692307692307693), ('university of houston', 0.7083333333333334), ('university of georgia', 0.7083333333333334), ('university of liege', 0.6956521739130435)]"
university college london,,university college london,,,suggested,,"[('university college dublin', 0.84), ('university college cork', 0.8333333333333334), ('imperial college london', 0.7916666666666666), ('university of wollongong', 0.7346938775510204), ('university of liege', 0.7272727272727273)]"
university college london - torrington place,,university college london - torrington place,,,suggested,,"[('university college dublin', 0.6376811594202898), ('university college cork', 0.6268656716417911)]"
university college of london,,university college of london,,,suggested,,"[('university college dublin', 0.7924528301886793), ('university college cork', 0.7843137254901961), ('imperial college london', 0.7450980392156863), ('university of wollongong', 0.6923076923076923), ('university of toronto', 0.6938775510204082)]"
university hospital cologne,,university hospital cologne,,,suggested,,"[('university of bologna', 0.75), ('university of houston', 0.7083333333333334), ('university of south carolina', 0.6181818181818182), ('university of wollongong', 0.7058823529411765), ('university of toronto', 0.6666666666666666)]"
university of alberta  edmonton  canada,,university of alberta  edmonton  canada,,,suggested,,"[('university of alberta', 0.7), ('university of salamanca', 0.6774193548387096), ('university of vermont', 0.6666666666666666), ('university of aberdeen', 0.6557377049180327), ('university of bremen', 0.6101694915254238)]"
university of blumenau - furb,,university of blumenau - furb,,,suggested,,"[('university of bremen', 0.7346938775510204), ('university of maribor', 0.64), ('university of bologna', 0.72), ('university of luxembourg', 0.7169811320754716), ('university of ar', 0.7111111111111111)]"
university of california  riverside and center for environmental research and technology,,university of california  riverside and center for environmental research and technology,,,unmapped,,[]
university of california technical institute,,university of california technical institute,,,suggested,,"[('university of california davis', 0.7297297297297297), ('university of california, merced', 0.7368421052631579), ('university of california, irvine', 0.7368421052631579), ('university of california san diego', 0.6666666666666666), ('university of california santa cruz', 0.7088607594936709)]"
university of capet town,,university of capet town,,,suggested,,"[('university of dayton', 0.8181818181818182), ('university of pretoria', 0.782608695652174), ('university of iowa', 0.7619047619047619), ('university of vermont', 0.7111111111111111), ('university of toronto', 0.7555555555555555)]"
university of chemical technology and metallurgy,,university of chemical technology and metallurgy,,,suggested,,"[('university of chemistry and technology in prague', 0.7083333333333334), ('beijing university of chemical technology', 0.7415730337078652), ('university of science and technology', 0.6904761904761905), ('institute of chemical technology mumbai', 0.6666666666666666), ('university of science and technology of china', 0.6666666666666666)]"
university of chicago,,university of chicago,,,suggested,,"[('university of michigan', 0.8372093023255814), ('university of illinois chicago', 0.8235294117647058), ('university of iowa', 0.8205128205128205), ('university of ar', 0.8108108108108109), ('university of calgary', 0.8095238095238095)]"
university of chile,,university of chile,,,suggested,,"[('university of maine', 0.8421052631578947), ('university of liege', 0.8421052631578947), ('university of leeds', 0.8421052631578947), ('university of michigan', 0.8292682926829268), ('university of hawaii', 0.8205128205128205)]"
university of colorado anschutz medical campus,,university of colorado anschutz medical campus,,,suggested,,"[('university of colorado boulder', 0.6578947368421053), ('university of colorado denver', 0.6666666666666666), ('university of california los angeles', 0.5365853658536586), ('university of texas medical branch', 0.65), ('the university of texas at el paso', 0.6)]"
university of colorado denver - anschutz medical campus,,university of colorado denver - anschutz medical campus,,,suggested,,"[('university of colorado denver', 0.6904761904761905), ('university of colorado boulder', 0.611764705882353)]"
university of colorado denver anschutz medical campus,,university of colorado denver anschutz medical campus,,,suggested,,"[('university of colorado denver', 0.7073170731707317), ('university of colorado boulder', 0.6265060240963856)]"
university of colorado school of medicine,,university of colorado school of medicine,,,suggested,,"[('university of colorado boulder', 0.7323943661971831), ('washington university school of medicine', 0.7160493827160493), ('university of colorado denver', 0.7428571428571429), ('wake forest school of medicine', 0.676056338028169), ('university of california san diego', 0.6666666666666666)]"
university of east london,,university of east london,,,suggested,,"[('university of waterloo', 0.7659574468085106), ('university of dayton', 0.8), ('university of toronto', 0.782608695652174), ('university of houston', 0.782608695652174), ('university of wollongong', 0.7755102040816326)]"
university of erlangen-nuremberg,,university of erlangen-nuremberg,,,suggested,,"[('university of luxembourg', 0.75), ('university of gothenburg', 0.7142857142857143), ('university of delaware', 0.7037037037037037), ('university of bremen', 0.6923076923076923), ('university of tennessee', 0.6909090909090909)]"
university of florida student chapter,,university of florida student chapter,,,suggested,,"[('university of colorado denver', 0.7272727272727273), ('university of florida', 0.7241379310344828), ('university of california santa cruz', 0.7222222222222222), ('university of colorado boulder', 0.6865671641791045), ('university of rochester', 0.6666666666666666)]"
university of hohenheim,,university of hohenheim,,,suggested,,"[('university of copenhagen', 0.8085106382978723), ('university of oregon', 0.7906976744186046), ('university of rochester', 0.782608695652174), ('university of houston', 0.7727272727272727), ('university of gothenburg', 0.7659574468085106)]"
university of illinois  urbana-champaign,,university of illinois  urbana-champaign,,,suggested,,"[('university of illinois chicago', 0.7714285714285715), ('university of illinois', 0.7096774193548387), ('university of nottingham', 0.59375), ('university of isfahan', 0.5901639344262295), ('university of michigan', 0.5806451612903226)]"
university of illinois at urbana champaign,,university of illinois at urbana champaign,,,suggested,,"[('university of illinois chicago', 0.75), ('university of illinois', 0.6875), ('university of california davis', 0.5277777777777778), ('university of nottingham', 0.5757575757575758), ('university of notre dame', 0.5757575757575758)]"
university of illinois at urbana-champaign,,university of illinois at urbana-champaign,,,suggested,,"[('university of illinois chicago', 0.75), ('university of illinois', 0.6875), ('university of nottingham', 0.5757575757575758), ('university of isfahan', 0.6031746031746031), ('university of michigan', 0.5625)]"
university of illinois at urbana-champain,,university of illinois at urbana-champain,,,suggested,,"[('university of illinois chicago', 0.7323943661971831), ('university of illinois', 0.6984126984126984), ('university of nottingham', 0.5846153846153846), ('university of isfahan', 0.6129032258064516), ('university of texas at austin', 0.6285714285714286)]"
university of illinois laboratory high school,,university of illinois laboratory high school,,,suggested,,"[('university of illinois chicago', 0.72), ('university of illinois', 0.6567164179104478), ('university of colorado boulder', 0.5333333333333333), ('university of strathclyde', 0.5428571428571428), ('university of north texas', 0.6)]"
university of illinois urbana champaign,,university of illinois urbana champaign,,,suggested,,"[('university of illinois chicago', 0.782608695652174), ('university of illinois', 0.7213114754098361), ('university of nottingham', 0.6031746031746031), ('university of isfahan', 0.6), ('university of california davis', 0.5507246376811594)]"
university of illinois urbana-champaign,,university of illinois urbana-champaign,,,suggested,,"[('university of illinois chicago', 0.782608695652174), ('university of illinois', 0.7213114754098361), ('university of nottingham', 0.6031746031746031), ('university of isfahan', 0.6), ('university of michigan', 0.5901639344262295)]"
university of iowa aiche student chapter,,university of iowa aiche student chapter,,,suggested,,"[('university of rochester', 0.6984126984126984), ('the university of manchester', 0.6470588235294118), ('university of minnesota twin cities', 0.64), ('university of massachusetts amherst', 0.56), ('university of california santa cruz', 0.64)]"
university of kentucky accelerator laboratory,,university of kentucky accelerator laboratory,,,suggested,,"[('university of kentucky', 0.6567164179104478), ('university of canterbury', 0.6086956521739131), ('university of toronto', 0.6060606060606061), ('university of calgary', 0.6060606060606061), ('university of alberta', 0.5757575757575758)]"
university of kwazulu-natal,,university of kwazulu-natal,,,suggested,,"[('university of kansas', 0.7659574468085106), ('university of utah', 0.7555555555555555), ('university of arizona', 0.75), ('university of tulsa', 0.7391304347826086), ('university of waterloo', 0.6938775510204082)]"
university of lisbon,,university of lisbon,,,suggested,,"[('university of iowa', 0.8421052631578947), ('university of wisconsin', 0.8372093023255814), ('university of maribor', 0.8292682926829268), ('university of isfahan', 0.8292682926829268), ('university of houston', 0.8292682926829268)]"
university of maryland  baltimore county,,university of maryland  baltimore county,,,suggested,,"[('university of toronto', 0.6557377049180327), ('university of maribor', 0.6557377049180327), ('university of bayreuth', 0.6451612903225806), ('university of maryland-college park', 0.6666666666666666), ('university of oregon', 0.6333333333333333)]"
university of maryland baltimore,,university of maryland baltimore,,,suggested,,"[('university of maribor', 0.7547169811320755), ('university of maryland-college park', 0.746268656716418), ('university of maine', 0.7058823529411765), ('university of delaware', 0.6296296296296297), ('university of dayton', 0.6538461538461539)]"
university of maryland baltimore county,,university of maryland baltimore county,,,suggested,,"[('university of toronto', 0.6666666666666666), ('university of maribor', 0.6666666666666666), ('university of bayreuth', 0.6557377049180327), ('university of maryland-college park', 0.6756756756756757), ('university of oregon', 0.6440677966101694)]"
university of maryland school of medicine,,university of maryland school of medicine,,,suggested,,"[('washington university school of medicine', 0.7160493827160493), ('university of maryland-college park', 0.6842105263157895), ('university of science and technology of china', 0.6744186046511628), ('university of chemistry and technology in prague', 0.651685393258427), ('university of maine', 0.6333333333333333)]"
university of maryland-baltimore county,,university of maryland-baltimore county,,,suggested,,"[('university of maryland-college park', 0.7027027027027027), ('university of toronto', 0.6666666666666666), ('university of maribor', 0.6666666666666666), ('university of bayreuth', 0.6557377049180327), ('university of oregon', 0.6440677966101694)]"
university of massachusetts medical school,,university of massachusetts medical school,,,suggested,,"[('university of massachusetts lowell', 0.8157894736842105), ('university of massachusetts amherst', 0.8051948051948052), ('university of texas medical branch', 0.7105263157894737), ('university of mississippi medical center', 0.7073170731707317), ('beijing university of chemical technology', 0.6506024096385542)]"
university of michigan ann arbor,,university of michigan ann arbor,,,suggested,,"[('university of michigan', 0.8148148148148148), ('university of maribor', 0.7547169811320755), ('university of cantabria', 0.6909090909090909), ('university of cincinnati', 0.7142857142857143), ('university of canterbury', 0.7142857142857143)]"
university of missouri - columbia,,university of missouri - columbia,,,suggested,,"[('university of missouri', 0.8), ('university of british columbia', 0.7936507936507936), ('university of south carolina', 0.7540983606557377), ('university of minnesota - duluth', 0.7076923076923077), ('university of southern california', 0.696969696969697)]"
university of missouri columbia,,university of missouri columbia,,,suggested,,"[('university of missouri', 0.8301886792452831), ('university of british columbia', 0.819672131147541), ('university of south carolina', 0.7796610169491526), ('university of southern california', 0.71875), ('university of virginia', 0.7169811320754716)]"
university of missouri-columbia,,university of missouri-columbia,,,suggested,,"[('university of missouri', 0.8301886792452831), ('university of british columbia', 0.7868852459016393), ('university of south carolina', 0.7457627118644068), ('university of virginia', 0.7169811320754716), ('university of michigan', 0.6792452830188679)]"
university of naples federico i,,university of naples federico i,,,suggested,,"[('university of new mexico', 0.7636363636363637), ('university of leeds', 0.72), ('university of limerick', 0.7169811320754716), ('university of tennessee', 0.7037037037037037), ('university of warwick', 0.6923076923076923)]"
university of naples federico ii,,university of naples federico ii,,,suggested,,"[('university of new mexico', 0.75), ('university of leeds', 0.7058823529411765), ('university of limerick', 0.7037037037037037), ('university of tennessee', 0.6909090909090909), ('university of warwick', 0.6792452830188679)]"
university of natural resources and life sciences,,university of natural resources and life sciences,,,suggested,,"[('university of minnesota twin cities', 0.5)]"
university of nebraska - lincoln,,university of nebraska - lincoln,,,suggested,,"[('university of nebraska', 0.8148148148148148), ('university of nevada, reno', 0.6551724137931034), ('university of washington', 0.7142857142857143), ('university of new mexico', 0.7142857142857143), ('university of salamanca', 0.6545454545454545)]"
university of nebraska lincoln,,university of nebraska lincoln,,,suggested,,"[('university of nebraska', 0.8461538461538461), ('university of nevada, reno', 0.6785714285714286), ('university of washington', 0.7407407407407407), ('university of new mexico', 0.7407407407407407), ('university of salamanca', 0.6792452830188679)]"
university of nebraska medical center,,university of nebraska medical center,,,suggested,,"[('university of mississippi medical center', 0.7792207792207793), ('university of texas medical branch', 0.7605633802816901), ('university of nebraska', 0.7457627118644068), ('university of connecticut health center', 0.7105263157894737), ('university of nevada, reno', 0.6031746031746031)]"
university of nebraska-lincoln,,university of nebraska-lincoln,,,suggested,,"[('university of nebraska', 0.8461538461538461), ('university of washington', 0.7407407407407407), ('university of salamanca', 0.6792452830188679), ('university of nevada, reno', 0.6785714285714286), ('university of vermont', 0.5882352941176471)]"
university of nebraska-lincoln  lincoln,,university of nebraska-lincoln  lincoln,,,suggested,,"[('university of nebraska', 0.7213114754098361), ('university of nevada, reno', 0.5846153846153846), ('university of wisconsin', 0.5806451612903226), ('university of washington', 0.6349206349206349), ('university of cincinnati', 0.6349206349206349)]"
university of nebraska-lincoln  ne  usa,,university of nebraska-lincoln  ne  usa,,,suggested,,"[('university of nebraska', 0.7213114754098361), ('university of kansas', 0.576271186440678), ('university of british columbia', 0.6376811594202898), ('university of washington', 0.6349206349206349), ('university of cincinnati', 0.6349206349206349)]"
university of new mexico school of medicine,,university of new mexico school of medicine,,,suggested,,"[('university of new mexico', 0.7164179104477612), ('washington university school of medicine', 0.6987951807228916), ('university of wisconsin', 0.6363636363636364), ('university of new haven', 0.6060606060606061), ('university of new hampshire', 0.5714285714285714)]"
university of north carolina at chapel hill and north carolina state university,,university of north carolina at chapel hill and north carolina state university,,,suggested,,"[('university of north carolina at chapel hill', 0.7049180327868853), ('north carolina agricultural and technical state university', 0.656934306569343), ('north carolina aandt state university', 0.6379310344827587)]"
university of north carolina at greensboro,,university of north carolina at greensboro,,,suggested,,"[('university of north carolina at chapel hill', 0.7764705882352941), ('university of south carolina', 0.7428571428571429), ('university of north texas', 0.6567164179104478), ('university of north dakota', 0.6764705882352942), ('university of nevada, reno', 0.5882352941176471)]"
university of north carolina charlotte,,university of north carolina charlotte,,,suggested,,"[('university of north carolina at chapel hill', 0.8148148148148148), ('university of south carolina', 0.7878787878787878), ('university of north dakota', 0.71875), ('university of north texas', 0.6984126984126984), ('university of british columbia', 0.6764705882352942)]"
university of notredame southbend,,university of notredame southbend,,,suggested,,"[('university of notre dame', 0.8070175438596491), ('university of oregon', 0.7169811320754716), ('university of bremen', 0.7169811320754716), ('university of new haven', 0.6785714285714286), ('university of rhode island', 0.711864406779661)]"
university of oklahoma health sciences center,,university of oklahoma health sciences center,,,suggested,,"[('university of connecticut health center', 0.6904761904761905), ('university of oklahoma', 0.6567164179104478), ('the university of manchester', 0.6027397260273972), ('university of alabama in huntsville', 0.575), ('the university of oklahoma', 0.6197183098591549)]"
university of pittsburgh school of medicine,,university of pittsburgh school of medicine,,,suggested,,"[('washington university school of medicine', 0.6987951807228916), ('university of pittsburgh, johnstown', 0.717948717948718), ('university of british columbia', 0.6575342465753424), ('university of south carolina', 0.6197183098591549), ('wake forest school of medicine', 0.6301369863013698)]"
university of puerto rico medical science campus,,university of puerto rico medical science campus,,,suggested,,"[('university of puerto rico, mayaguez', 0.6746987951807228), ('university of texas medical branch', 0.6341463414634146), ('state university of new york environmental science', 0.5918367346938775), ('university of southern maine', 0.5263157894736842), ('university of pretoria', 0.6)]"
university of puerto rico rio piedras campus,,university of puerto rico rio piedras campus,,,suggested,,"[('university of puerto rico, mayaguez', 0.6835443037974683), ('university of pretoria', 0.6363636363636364), ('university of texas at austin', 0.5753424657534246)]"
university of ribeirão preto,,university of ribeirão preto,,,suggested,,"[('university of maribor', 0.7346938775510204), ('university of pretoria', 0.76), ('university of fribourg', 0.72), ('university of oregon', 0.75), ('university of são paulo', 0.7450980392156863)]"
university of rochester medical center,,university of rochester medical center,,,suggested,,"[('university of mississippi medical center', 0.7692307692307693), ('university of rochester', 0.7540983606557377), ('university of connecticut health center', 0.7012987012987013), ('university of texas medical branch', 0.7222222222222222), ('university of southern maine', 0.6363636363636364)]"
university of san diego,,university of san diego,,,suggested,,"[('university of maine', 0.8095238095238095), ('university of liege', 0.8095238095238095), ('university of california san diego', 0.8070175438596491), ('university of sydney', 0.7906976744186046), ('university of oregon', 0.7906976744186046)]"
university of sayyed jamaleddin asadabadi,,university of sayyed jamaleddin asadabadi,,,suggested,,"[('university of salamanca', 0.65625), ('university of california davis', 0.6197183098591549), ('university of queensland', 0.5230769230769231), ('university of california san diego', 0.5066666666666667), ('university of alabama', 0.5806451612903226)]"
university of tennessee  knoxville,,university of tennessee  knoxville,,,suggested,,"[('university of tennessee', 0.8070175438596491), ('university of louisville', 0.6896551724137931), ('university of new haven', 0.5614035087719298), ('university of the peloponnese,', 0.65625), ('university of texas rio grande valley', 0.647887323943662)]"
university of tennessee institute of agriculture,,university of tennessee institute of agriculture,,,suggested,,"[('university of tennessee', 0.647887323943662), ('university of connecticut', 0.6027397260273972), ('university of minnesota twin cities', 0.5783132530120482)]"
university of tennessee knoxville,,university of tennessee knoxville,,,suggested,,"[('university of tennessee', 0.8214285714285714), ('university of louisville', 0.7017543859649122), ('university of new haven', 0.5714285714285714), ('university of the peloponnese,', 0.6666666666666666), ('university of texas rio grande valley', 0.6571428571428571)]"
university of tennessee oak ridge national lab,,university of tennessee oak ridge national lab,,,suggested,,"[('university of tennessee', 0.6666666666666666), ('university of texas rio grande valley', 0.6265060240963856), ('university of minnesota twin cities', 0.5679012345679012), ('university of nevada, reno', 0.4722222222222222), ('university of engineering and technology lahore', 0.4731182795698925)]"
university of tennessee-knoxville,,university of tennessee-knoxville,,,suggested,,"[('university of tennessee', 0.8214285714285714), ('university of louisville', 0.7017543859649122), ('university of the peloponnese,', 0.6666666666666666), ('university of new mexico', 0.631578947368421), ('university of pannonia', 0.6545454545454545)]"
university of tennessee-oak ridge innovation institute,,university of tennessee-oak ridge innovation institute,,,suggested,,"[('university of minnesota twin cities', 0.5842696629213483)]"
university of texas at san antonio,,university of texas at san antonio,,,suggested,,"[('university of texas at austin', 0.7936507936507936), ('the university of texas at el paso', 0.7352941176470589), ('the university of texas at tyler', 0.7272727272727273), ('university of pannonia', 0.7142857142857143), ('university of texas medical branch', 0.7058823529411765)]"
university of texas at san antonio  usa,,university of texas at san antonio  usa,,,suggested,,"[('university of texas at austin', 0.7647058823529411), ('the university of texas at el paso', 0.684931506849315), ('university of pannonia', 0.6885245901639344), ('the university of texas at tyler', 0.676056338028169), ('university of texas medical branch', 0.6575342465753424)]"
university of the western cape,,university of the western cape,,,suggested,,"[('university of southern maine', 0.7586206896551724), ('university of tennessee', 0.7547169811320755), ('university of rochester', 0.7547169811320755), ('university of western australia', 0.7540983606557377), ('university of the witwatersrand', 0.7540983606557377)]"
university of the witwatersrand  johannesburg,,university of the witwatersrand  johannesburg,,,suggested,,"[('university of the witwatersrand', 0.8157894736842105), ('university of the peloponnese,', 0.64), ('university of gothenburg', 0.6376811594202898), ('university of southern maine', 0.5753424657534246), ('university of rhode island', 0.6197183098591549)]"
university of toulouse  imt mines albi  umr cnrs 5302  rapsodee centre  campus jarlard  albi cedex 09 f-81013,,university of toulouse  imt mines albi  umr cnrs 5302  rapsodee centre  campus jarlard  albi cedex 09 f-81013,,,unmapped,,[]
university of twente,,university of twente,,,suggested,,"[('university of tennessee', 0.8372093023255814), ('university of vermont', 0.8292682926829268), ('university of toronto', 0.8292682926829268), ('university of munster', 0.8292682926829268), ('university of tartu', 0.8205128205128205)]"
university of utah  assistant professor,,university of utah  assistant professor,,,suggested,,"[('university of washington', 0.6031746031746031), ('university of munster', 0.6), ('university of utah', 0.631578947368421), ('university of southern mississippi', 0.6301369863013698), ('the university of texas at el paso', 0.6301369863013698)]"
university of wisconsin   madison,,university of wisconsin   madison,,,suggested,,"[('university of wisconsin-madison, madison', 0.8493150684931506), ('university of wisconsin', 0.8214285714285714), ('university of wisconsin-milwaukee', 0.7575757575757576), ('university of southern maine', 0.7213114754098361), ('university of washington', 0.631578947368421)]"
university of zurich,,university of zurich,,,suggested,,"[('university of utah', 0.8421052631578947), ('university of ar', 0.8333333333333334), ('university of warwick', 0.8292682926829268), ('university of turku', 0.8205128205128205), ('university of pau', 0.8108108108108109)]"
university rennes  inserm  ehesp  irset    umr_s1085  f-35000,,university rennes  inserm  ehesp  irset    umr_s1085  f-35000,,,unmapped,,[]
universität leipzig,,universität leipzig,,,suggested,,"[('university of liege', 0.6842105263157895), ('university of michigan', 0.6341463414634146), ('university of limerick', 0.6341463414634146), ('university of pavia', 0.5789473684210527), ('university of miami', 0.631578947368421)]"
université catholique de louvain   place l  pasteur 1,,université catholique de louvain   place l  pasteur 1,,,suggested,,"[('universite catholique de louvain', 0.7294117647058823)]"
université catholique de louvain  place l  pasteur 1,,université catholique de louvain  place l  pasteur 1,,,suggested,,"[('universite catholique de louvain', 0.7380952380952381)]"
université claude bernard lyon i,,université claude bernard lyon i,,,suggested,,"[('université de sherbrooke', 0.6428571428571429), ('university at buffalo', 0.6037735849056604)]"
université côte d azur,,université côte d azur,,,suggested,,"[('university of ar', 0.6842105263157895), ('university of pau', 0.6666666666666666), ('university of notre dame', 0.6521739130434783), ('university of canterbury', 0.6521739130434783), ('university college dublin', 0.6382978723404256)]"
université de lorraine,,université de lorraine,,,suggested,,"[('university of maine', 0.7317073170731707), ('university of florida', 0.6976744186046512), ('university of liege', 0.6829268292682927), ('university of delaware', 0.6818181818181818), ('university of surrey', 0.6666666666666666)]"
université de lorraine  cnrs,,université de lorraine  cnrs,,,suggested,,"[('university of maine', 0.6382978723404256), ('university of colorado denver', 0.45614035087719296), ('university of oregon', 0.5833333333333334), ('university of florida', 0.6122448979591837), ('université grenoble alpes', 0.6037735849056604)]"
université de lyon,,université de lyon,,,suggested,,"[('university of dayton', 0.7368421052631579), ('university of wyoming', 0.717948717948718), ('université de sherbrooke', 0.7142857142857143), ('universidade de lisboa', 0.7), ('university of rhode island', 0.6818181818181818)]"
uofa,,uofa,,,unmapped,,[]
upmc surgery department,,upmc surgery department,,,unmapped,,[]
us army combat capabilities development command chemical biological center,,us army combat capabilities development command chemical biological center,,,unmapped,,[]
us army devcom chemical biological center,,us army devcom chemical biological center,,,unmapped,,[]
us army devcom soldier center,,us army devcom soldier center,,,unmapped,,[]
us army engineer research and development center,,us army engineer research and development center,,,unmapped,,[]
us army engineer research and development center  environmental laboratory  vicksburg  ms 39180  united states,,us army engineer research and development center  environmental laboratory  vicksburg  ms 39180  united states,,,unmapped,,[]
us doe national energy technology laboratory,,us doe national energy technology laboratory,,,suggested,,"[('national renewable energy laboratory', 0.65), ('national chemical laboratory', 0.6388888888888888), ('idaho national laboratory', 0.6376811594202898), ('national university of technology', 0.6233766233766234), ('los alamos national laboratory', 0.6216216216216216)]"
us doe netl,,us doe netl,,,unmapped,,[]
us environmental protection agency,,us environmental protection agency,,,unmapped,,[]
usda,,usda,,,unmapped,,[]
usda forest products laboratory,,usda forest products laboratory,,,unmapped,,[]
usda-ars,,usda-ars,,,unmapped,,[]
usra research institute for advanced computer science,,usra research institute for advanced computer science,,,unmapped,,[]
utrecht university,,utrecht university,,,suggested,,"[('trine university', 0.8235294117647058), ('maastricht university', 0.8205128205128205), ('purdue university', 0.8), ('southwest university', 0.7894736842105263), ('duke university', 0.7878787878787878)]"
uw madison,,uw madison,,,unmapped,,[]
uw-madison,,uw-madison,,,unmapped,,[]
va ann arbor health system,,va ann arbor health system,,,unmapped,,[]
vaccine production program  nih niaid,,vaccine production program  nih niaid,,,unmapped,,[]
vale,,vale,,,unmapped,,[]
valent biosciences llc,,valent biosciences llc,,,unmapped,,[]
valgotech llc,,valgotech llc,,,unmapped,,[]
varda space industries,,varda space industries,,,suggested,,"[('ppg industries', 0.6666666666666666)]"
ventus therapeutics,,ventus therapeutics,,,unmapped,,[]
veranova,,veranova,,,suggested,,"[('aveva', 0.6153846153846154)]"
verdetek,,verdetek,,,unmapped,,[]
vertex pharmaceuticals,,vertex pharmaceuticals,,,suggested,,"[('janssen pharmaceuticals', 0.7555555555555555)]"
vertex pharmaceuticals inc,,vertex pharmaceuticals inc,,,suggested,,"[('janssen pharmaceuticals', 0.6938775510204082)]"
virginia tech,,virginia tech,,,unmapped,,[]
vishwamitra research institute,,vishwamitra research institute,,,unmapped,,[]
vito,,vito,,,unmapped,,[]
vivodyne  inc,,vivodyne  inc,,,unmapped,,[]
vlp therapeutics,,vlp therapeutics,,,unmapped,,[]
volkswagen group of america,,volkswagen group of america,,,unmapped,,[]
vrije universiteit brussel,,vrije universiteit brussel,,,suggested,,"[('trine university', 0.6190476190476191)]"
w  l  gore and associates  inc,,w  l  gore and associates  inc,,,unmapped,,[]
w l  gore and associates  inc,,w l  gore and associates  inc,,,unmapped,,[]
wadsworth center  new york state dept health,,wadsworth center  new york state dept health,,,unmapped,,[]
wageningen university and research,,wageningen university and research,,,suggested,,"[('groningen university', 0.6666666666666666), ('washington university in st louis', 0.6268656716417911), ('eindhoven university of technology', 0.6176470588235294), ('california state university long beach', 0.6111111111111112), ('american university of beirut', 0.5714285714285714)]"
wake health,,wake health,,,unmapped,,[]
waseda university,,waseda university,,,suggested,,"[('masaryk university', 0.8), ('iowa state university', 0.7894736842105263), ('rowan university', 0.7878787878787878), ('qatar university', 0.7878787878787878), ('lamar university', 0.7878787878787878)]"
washington river protection solutions,,washington river protection solutions,,,suggested,,"[('washington university in st louis', 0.6857142857142857)]"
weill cornell medical college,,weill cornell medical college,,,unmapped,,[]
weldon school of biomedical engineering  purdue university,,weldon school of biomedical engineering  purdue university,,,unmapped,,[]
whitehead institute,,whitehead institute,,,suggested,,"[('the cyprus institute', 0.6666666666666666)]"
whitehead institute for biomedical research,,whitehead institute for biomedical research,,,suggested,,"[('tata institute of fundamental research', 0.691358024691358)]"
worfolk consulting,,worfolk consulting,,,suggested,,"[('process consultant', 0.5555555555555556)]"
worldwide research and development  pfizer healthcare india pvt ltd,,worldwide research and development  pfizer healthcare india pvt ltd,,,unmapped,,[]
worldwide research and development  pfizer inc,,worldwide research and development  pfizer inc,,,unmapped,,[]
worldwide research and development  pfizer products india pvt ltd,,worldwide research and development  pfizer products india pvt ltd,,,unmapped,,[]
worley group,,worley group,,,unmapped,,[]
wpi,,wpi,,,unmapped,,[]
wvurc,,wvurc,,,unmapped,,[]
wyss institute for biologically inspired engineering at harvard university,,wyss institute for biologically inspired engineering at harvard university,,,unmapped,,[]
xi an jiaotong uni,,xi an jiaotong uni,,,suggested,,"[('xian jiaotong university', 0.8095238095238095)]"
xprize,,xprize,,,suggested,,"[('pfizer', 0.6666666666666666)]"
yale university,,yale university,,,suggested,,"[('ege university', 0.8275862068965517), ('yantai university', 0.8125), ('tulane university', 0.8125), ('nagoya university', 0.8125), ('lehigh university', 0.8125)]"
yamaguchi university,,yamaguchi university,,,suggested,,"[('yantai university', 0.8108108108108109), ('miami university', 0.7777777777777778), ('lamar university', 0.7777777777777778), ('mcgill university', 0.7567567567567568), ('kyushu university', 0.7567567567567568)]"
yonsei university,,yonsei university,,,suggested,,"[('hoseo university', 0.8484848484848485), ('yantai university', 0.8235294117647058), ('hongik university', 0.8235294117647058), ('ohio university', 0.8125), ('cornell university', 0.8)]"
young professionals committee,,young professionals committee,,,unmapped,,[]
yuhan corp,,yuhan corp,,,unmapped,,[]
yusuf hamied department of chemistry  university of cambridge,,yusuf hamied department of chemistry  university of cambridge,,,unmapped,,[]
zaiput flow technologies,,zaiput flow technologies,,,suggested,,"[('em ai technology', 0.6)]"
zhejiang huakang pharmaceutical co   ltd,,zhejiang huakang pharmaceutical co   ltd,,,suggested,,"[('janssen pharmaceuticals', 0.6031746031746031)]"
zju-hangzhou global scientific and technological innovation center,,zju-hangzhou global scientific and technological innovation center,,,unmapped,,[]
zoetis,,zoetis,,,suggested,,"[('novelis', 0.6153846153846154)]"
